uai,nom,ep,ips,note_ecrit_dnb,nb_candidats_dnb,designe_ips,designe_note,verdict,designe_ips_academie,designe_note_academie,verdict_academie,frontiere_ips,frontiere_note,code_departement,departement,code_academie,academie
0010002X,Collège Saint-Exupéry,hors EP,94.9,9.4,167.0,False,False,accord : hors,False,True,note seule,False,False,01,AIN,10,LYON
0010005A,Collège Roger Poulnard,hors EP,112.3,12.3,119.0,False,False,accord : hors,False,False,accord : hors,False,False,01,AIN,10,LYON
0010008D,Collège Saint-Exupéry,hors EP,93.8,10.3,132.0,False,False,accord : hors,False,False,accord : hors,False,False,01,AIN,10,LYON
0010018P,Collège du Revermont,hors EP,96.7,10.6,121.0,False,False,accord : hors,False,False,accord : hors,False,False,01,AIN,10,LYON
0010022U,Collège Henri Dunant,hors EP,97.5,10.7,66.0,False,False,accord : hors,False,False,accord : hors,False,False,01,AIN,10,LYON
0010024W,Collège Georges Charpak,hors EP,108.2,11.3,165.0,False,False,accord : hors,False,False,accord : hors,False,False,01,AIN,10,LYON
0010025X,Collège Paul Sixdenier,hors EP,111.5,12.2,78.0,False,False,accord : hors,False,False,accord : hors,False,False,01,AIN,10,LYON
0010026Y,Collège Paul Claudel,hors EP,110.3,11.9,182.0,False,False,accord : hors,False,False,accord : hors,False,False,01,AIN,10,LYON
0010035H,Collège Louis Lumière,REP+,77.0,10.0,130.0,True,False,IPS seul,True,False,IPS seul,False,False,01,AIN,10,LYON
0010036J,Collège Roger Vailland,hors EP,108.7,11.3,105.0,False,False,accord : hors,False,False,accord : hors,False,False,01,AIN,10,LYON
0010037K,Collège Louise de Savoie,hors EP,110.0,11.6,127.0,False,False,accord : hors,False,False,accord : hors,False,False,01,AIN,10,LYON
0010039M,Collège de l'Albarine,REP,98.3,10.6,53.0,False,False,accord : hors,False,False,accord : hors,False,False,01,AIN,10,LYON
0010040N,Collège Louis Vuitton,hors EP,96.9,9.7,66.0,False,False,accord : hors,False,True,note seule,False,False,01,AIN,10,LYON
0010041P,Collège Vaugelas,hors EP,115.3,11.0,215.0,False,False,accord : hors,False,False,accord : hors,False,False,01,AIN,10,LYON
0010042R,Collège Bel Air,hors EP,103.2,11.4,112.0,False,False,accord : hors,False,False,accord : hors,False,False,01,AIN,10,LYON
0010046V,Collège du Renon,hors EP,102.4,10.8,96.0,False,False,accord : hors,False,False,accord : hors,False,False,01,AIN,10,LYON
0010066S,Collège Jean Moulin,hors EP,116.2,11.4,175.0,False,False,accord : hors,False,False,accord : hors,False,False,01,AIN,10,LYON
0010794H,Collège du Valromey,hors EP,101.4,11.7,61.0,False,False,accord : hors,False,False,accord : hors,False,False,01,AIN,10,LYON
0010796K,Collège Émile Cizain,hors EP,113.5,11.7,154.0,False,False,accord : hors,False,False,accord : hors,False,False,01,AIN,10,LYON
0010802S,Collège Ampère,REP+,72.7,8.6,146.0,True,True,accord : à classer,True,True,accord : à classer,False,False,01,AIN,10,LYON
0010820L,Collège George Sand,hors EP,106.6,11.3,81.0,False,False,accord : hors,False,False,accord : hors,False,False,01,AIN,10,LYON
0010821M,Collège Eugène Dubois,hors EP,106.1,9.3,148.0,False,True,note seule,False,True,note seule,False,True,01,AIN,10,LYON
0010823P,Collège de Brou,hors EP,96.6,11.4,87.0,False,False,accord : hors,False,False,accord : hors,False,False,01,AIN,10,LYON
0010895T,Collège de l'Huppe,hors EP,105.5,11.1,182.0,False,False,accord : hors,False,False,accord : hors,False,False,01,AIN,10,LYON
0010896U,Collège international,hors EP,123.7,12.3,252.0,False,False,accord : hors,False,False,accord : hors,False,False,01,AIN,10,LYON
0010938P,Collège les Côtes,hors EP,99.0,12.0,98.0,False,False,accord : hors,False,False,accord : hors,False,False,01,AIN,10,LYON
0010939R,Collège Léon Comas,hors EP,112.3,11.7,108.0,False,False,accord : hors,False,False,accord : hors,False,False,01,AIN,10,LYON
0010964T,Collège Anne Frank,hors EP,114.3,10.7,110.0,False,False,accord : hors,False,False,accord : hors,False,False,01,AIN,10,LYON
0010974D,Collège Victoire Daubié,hors EP,89.0,10.5,99.0,False,False,accord : hors,False,False,accord : hors,False,False,01,AIN,10,LYON
0010975E,Collège Jacques Prévert,hors EP,112.0,10.3,170.0,False,False,accord : hors,False,False,accord : hors,False,False,01,AIN,10,LYON
0010987T,Collège Jean Rostand,REP,86.7,10.4,170.0,True,False,IPS seul,True,False,IPS seul,False,False,01,AIN,10,LYON
0011011U,Collège Marcel Anthonioz,hors EP,124.7,11.1,112.0,False,False,accord : hors,False,False,accord : hors,False,False,01,AIN,10,LYON
0011066D,Collège Louis Dumont,hors EP,97.4,10.9,144.0,False,False,accord : hors,False,False,accord : hors,False,False,01,AIN,10,LYON
0011067E,Collège Sabine Zlatin,hors EP,97.4,9.5,165.0,False,False,accord : hors,False,True,note seule,False,False,01,AIN,10,LYON
0011068F,Collège Xavier Bichat,hors EP,93.4,10.2,79.0,False,False,accord : hors,False,False,accord : hors,False,False,01,AIN,10,LYON
0011070H,Collège Antoine Chintreuil,hors EP,102.2,10.7,84.0,False,False,accord : hors,False,False,accord : hors,False,False,01,AIN,10,LYON
0011071J,Collège le Grand Cèdre,hors EP,108.3,10.0,89.0,False,False,accord : hors,False,False,accord : hors,False,False,01,AIN,10,LYON
0011142L,Collège Marcel Aymé,hors EP,106.2,11.0,105.0,False,False,accord : hors,False,False,accord : hors,False,False,01,AIN,10,LYON
0011193S,Collège Léon-Marie Fournet,hors EP,107.7,11.6,98.0,False,False,accord : hors,False,False,accord : hors,False,False,01,AIN,10,LYON
0011257L,Collège de la Dombes,hors EP,125.2,11.7,136.0,False,False,accord : hors,False,False,accord : hors,False,False,01,AIN,10,LYON
0011275F,Collège Thomas Riboud,hors EP,103.9,11.2,110.0,False,False,accord : hors,False,False,accord : hors,False,False,01,AIN,10,LYON
0011300H,Collège de la Plaine de l'Ain,hors EP,115.3,12.0,148.0,False,False,accord : hors,False,False,accord : hors,False,False,01,AIN,10,LYON
0011301J,Collège le Joran,hors EP,116.8,11.9,173.0,False,False,accord : hors,False,False,accord : hors,False,False,01,AIN,10,LYON
0011325K,Collège Théodore Rosset,hors EP,93.7,11.1,152.0,False,False,accord : hors,False,False,accord : hors,False,False,01,AIN,10,LYON
0011333U,Collège Yvon Morandat,hors EP,99.4,10.3,144.0,False,False,accord : hors,False,False,accord : hors,False,False,01,AIN,10,LYON
0011338Z,Collège Jean Compagnon,hors EP,119.5,10.9,164.0,False,False,accord : hors,False,False,accord : hors,False,False,01,AIN,10,LYON
0011360Y,Collège Louis Armstrong,hors EP,115.6,12.4,116.0,False,False,accord : hors,False,False,accord : hors,False,False,01,AIN,10,LYON
0011387C,Collège Lucie Aubrac,hors EP,112.7,12.2,140.0,False,False,accord : hors,False,False,accord : hors,False,False,01,AIN,10,LYON
0011388D,Collège Le Paruthiol,hors EP,111.7,12.3,212.0,False,False,accord : hors,False,False,accord : hors,False,False,01,AIN,10,LYON
0011415H,Collège du Val de Saône,hors EP,116.1,11.1,180.0,False,False,accord : hors,False,False,accord : hors,False,False,01,AIN,10,LYON
0011429Y,Collège Chartreuse de Portes,hors EP,98.1,10.9,119.0,False,False,accord : hors,False,False,accord : hors,False,False,01,AIN,10,LYON
0020002S,Collège Louis Sandras,hors EP,97.4,10.9,106.0,False,False,accord : hors,False,False,accord : hors,False,False,02,AISNE,20,AMIENS
0020004U,Collège Josquin des Prés,hors EP,89.7,10.3,46.0,False,False,accord : hors,False,False,accord : hors,False,False,02,AISNE,20,AMIENS
0020007X,Collège Henri Matisse,REP+,70.0,7.7,79.0,True,True,accord : à classer,True,True,accord : à classer,False,False,02,AISNE,20,AMIENS
0020009Z,Collège Pierre et Marie Curie,hors EP,95.2,10.1,106.0,False,False,accord : hors,False,False,accord : hors,False,False,02,AISNE,20,AMIENS
0020011B,Collège François Truffaut,hors EP,100.4,9.8,168.0,False,False,accord : hors,False,False,accord : hors,False,False,02,AISNE,20,AMIENS
0020015F,Collège Jacques Cartier,hors EP,100.0,11.4,102.0,False,False,accord : hors,False,False,accord : hors,False,False,02,AISNE,20,AMIENS
0020016G,Collège de la Faye,hors EP,96.6,10.3,77.0,False,False,accord : hors,False,False,accord : hors,False,False,02,AISNE,20,AMIENS
0020017H,Collège Léopold Sédar Senghor,hors EP,96.1,10.2,89.0,False,False,accord : hors,False,False,accord : hors,False,False,02,AISNE,20,AMIENS
0020018J,Collège Léon Droussent,hors EP,88.9,9.1,70.0,False,True,note seule,False,True,note seule,False,False,02,AISNE,20,AMIENS
0020024R,Collège Anne de Montmorency,REP,92.2,10.5,92.0,False,False,accord : hors,False,False,accord : hors,False,False,02,AISNE,20,AMIENS
0020029W,Collège Alexandre Dumas,hors EP,106.8,12.0,82.0,False,False,accord : hors,False,False,accord : hors,False,False,02,AISNE,20,AMIENS
0020030X,Collège Camille Desmoulins,REP,73.5,8.8,66.0,True,True,accord : à classer,True,True,accord : à classer,False,False,02,AISNE,20,AMIENS
0020037E,Collège Suzanne Deutsch de la Meurthe,hors EP,104.1,12.2,87.0,False,False,accord : hors,False,False,accord : hors,False,False,02,AISNE,20,AMIENS
0020038F,Collège Joseph Boury,hors EP,98.6,9.0,93.0,False,True,note seule,False,True,note seule,False,False,02,AISNE,20,AMIENS
0020039G,Collège Colbert Quentin,REP,83.7,11.0,55.0,True,False,IPS seul,True,False,IPS seul,False,False,02,AISNE,20,AMIENS
0020043L,Collège Jules Ferry,hors EP,85.5,11.3,31.0,True,False,IPS seul,True,False,IPS seul,False,False,02,AISNE,20,AMIENS
0020044M,Collège Quentin de la Tour,hors EP,86.1,9.0,35.0,True,True,accord : à classer,True,True,accord : à classer,False,False,02,AISNE,20,AMIENS
0020046P,Collège de la Chesnoye,hors EP,104.5,10.9,64.0,False,False,accord : hors,False,False,accord : hors,False,False,02,AISNE,20,AMIENS
0020054Y,Collège Montaigne,REP+,65.5,7.9,80.0,True,True,accord : à classer,True,True,accord : à classer,False,False,02,AISNE,20,AMIENS
0020055Z,Collège Gabriel Hanotaux,REP,90.6,11.3,57.0,False,False,accord : hors,False,False,accord : hors,False,False,02,AISNE,20,AMIENS
0020056A,Collège Marthe Lefèvre,REP,72.1,9.4,73.0,True,False,IPS seul,True,True,accord : à classer,False,False,02,AISNE,20,AMIENS
0020063H,Collège Joliot-Curie,hors EP,82.1,9.6,148.0,True,False,IPS seul,True,False,IPS seul,False,False,02,AISNE,20,AMIENS
0020065K,Collège Alan Seeger,hors EP,93.2,10.3,54.0,False,False,accord : hors,False,False,accord : hors,False,False,02,AISNE,20,AMIENS
0020066L,Collège Marcel Pagnol,hors EP,103.2,10.6,91.0,False,False,accord : hors,False,False,accord : hors,False,False,02,AISNE,20,AMIENS
0020067M,Collège Condorcet,REP,84.7,11.6,69.0,True,False,IPS seul,True,False,IPS seul,False,False,02,AISNE,20,AMIENS
0020072T,Collège Simone Veil,REP,77.0,10.5,45.0,True,False,IPS seul,True,False,IPS seul,False,False,02,AISNE,20,AMIENS
0020075W,Collège Georges Cobast,REP,75.9,10.1,93.0,True,False,IPS seul,True,False,IPS seul,False,False,02,AISNE,20,AMIENS
0020076X,Collège Jean Moulin,REP,80.7,8.4,60.0,True,True,accord : à classer,True,True,accord : à classer,False,False,02,AISNE,20,AMIENS
0020080B,Collège Pierre de la Ramée,hors EP,98.7,10.4,111.0,False,False,accord : hors,False,False,accord : hors,False,False,02,AISNE,20,AMIENS
0020090M,Collège Charlemagne,REP+,79.2,9.8,136.0,True,False,IPS seul,True,False,IPS seul,False,False,02,AISNE,20,AMIENS
0021489H,Collège Charles de Gaulle,hors EP,80.4,10.1,42.0,True,False,IPS seul,True,False,IPS seul,False,False,02,AISNE,20,AMIENS
0021490J,Collège Louise Michel,hors EP,90.9,9.6,80.0,False,False,accord : hors,False,False,accord : hors,False,False,02,AISNE,20,AMIENS
0021491K,Collège Maurice Wajsfelner,hors EP,99.2,10.7,94.0,False,False,accord : hors,False,False,accord : hors,False,False,02,AISNE,20,AMIENS
0021492L,Collège Gérard Philipe,REP+,65.5,8.1,98.0,True,True,accord : à classer,True,True,accord : à classer,False,False,02,AISNE,20,AMIENS
0021493M,Collège Victor Hugo,hors EP,89.3,9.5,94.0,False,False,accord : hors,False,False,accord : hors,False,False,02,AISNE,20,AMIENS
0021494N,Collège Paul Éluard,hors EP,91.5,8.7,82.0,False,True,note seule,False,True,note seule,False,False,02,AISNE,20,AMIENS
0021518P,Collège Marie de Luxembourg,REP,84.1,10.1,90.0,True,False,IPS seul,True,False,IPS seul,False,False,02,AISNE,20,AMIENS
0021534G,Collège Anne Frank,hors EP,99.4,9.8,81.0,False,False,accord : hors,False,False,accord : hors,False,False,02,AISNE,20,AMIENS
0021535H,Collège Lamartine,hors EP,100.9,11.2,90.0,False,False,accord : hors,False,False,accord : hors,False,False,02,AISNE,20,AMIENS
0021593W,Collège Jacques Prévert,hors EP,97.3,11.2,116.0,False,False,accord : hors,False,False,accord : hors,False,False,02,AISNE,20,AMIENS
0021595Y,Collège Pierre Sellier,hors EP,91.9,9.4,87.0,False,False,accord : hors,False,True,note seule,False,False,02,AISNE,20,AMIENS
0021598B,Collège Jean Mermoz,hors EP,95.2,9.7,125.0,False,False,accord : hors,False,False,accord : hors,False,False,02,AISNE,20,AMIENS
0021659T,Collège Jean Mermoz,hors EP,97.7,10.9,127.0,False,False,accord : hors,False,False,accord : hors,False,False,02,AISNE,20,AMIENS
0021661V,Collège Villard de Honnecourt,hors EP,87.4,9.2,91.0,True,True,accord : à classer,False,True,note seule,False,False,02,AISNE,20,AMIENS
0021663X,Collège César Savart,hors EP,88.0,9.4,58.0,True,False,IPS seul,False,True,note seule,False,False,02,AISNE,20,AMIENS
0021685W,Collège Les Frères Le Nain,hors EP,102.6,11.3,135.0,False,False,accord : hors,False,False,accord : hors,False,False,02,AISNE,20,AMIENS
0021686X,Collège Froëhlicher,hors EP,89.2,10.4,85.0,False,False,accord : hors,False,False,accord : hors,False,False,02,AISNE,20,AMIENS
0021688Z,Collège Max Dussuchal,hors EP,91.7,9.6,96.0,False,False,accord : hors,False,False,accord : hors,False,False,02,AISNE,20,AMIENS
0021689A,Collège Antoine-Nicolas de Condorcet,hors EP,83.0,9.2,77.0,True,True,accord : à classer,True,True,accord : à classer,False,False,02,AISNE,20,AMIENS
0021691C,Collège Saint-Just,hors EP,90.5,10.8,115.0,False,False,accord : hors,False,False,accord : hors,False,False,02,AISNE,20,AMIENS
0021721K,Collège Charles Brazier,hors EP,96.3,10.2,95.0,False,False,accord : hors,False,False,accord : hors,False,False,02,AISNE,20,AMIENS
0021722L,Collège La Feuillade,hors EP,96.9,9.7,90.0,False,False,accord : hors,False,False,accord : hors,False,False,02,AISNE,20,AMIENS
0021724N,Collège Jean Racine,hors EP,103.3,9.9,160.0,False,False,accord : hors,False,False,accord : hors,False,False,02,AISNE,20,AMIENS
0021778X,Collège Jacques Prévert,hors EP,86.3,10.4,49.0,True,False,IPS seul,True,False,IPS seul,False,False,02,AISNE,20,AMIENS
0021823W,Collège Henri Martin,hors EP,85.2,8.8,81.0,True,True,accord : à classer,True,True,accord : à classer,False,False,02,AISNE,20,AMIENS
0021826Z,Collège Jean Rostand,REP,82.4,9.6,178.0,True,False,IPS seul,True,False,IPS seul,False,False,02,AISNE,20,AMIENS
0021989B,Collège François 1er,hors EP,99.2,10.9,71.0,False,False,accord : hors,False,False,accord : hors,False,False,02,AISNE,20,AMIENS
0030001K,Collège Jean Baptiste Desfilhes,hors EP,100.9,11.6,68.0,False,False,accord : hors,False,False,accord : hors,False,False,03,ALLIER,6,CLERMONT-FERRAND
0030002L,Collège Jean Rostand,hors EP,98.0,10.8,108.0,False,False,accord : hors,False,False,accord : hors,False,False,03,ALLIER,6,CLERMONT-FERRAND
0030004N,Collège Achille Allier,hors EP,104.3,11.4,67.0,False,False,accord : hors,False,False,accord : hors,False,False,03,ALLIER,6,CLERMONT-FERRAND
0030005P,Collège François Péron,hors EP,97.5,6.9,24.0,False,True,note seule,False,True,note seule,False,False,03,ALLIER,6,CLERMONT-FERRAND
0030009U,Collège Émile Guillaumin,hors EP,98.0,9.1,44.0,False,True,note seule,False,True,note seule,False,False,03,ALLIER,6,CLERMONT-FERRAND
0030010V,Collège Maurice Constantin Weyer,REP,93.4,10.4,147.0,False,False,accord : hors,False,False,accord : hors,False,False,03,ALLIER,6,CLERMONT-FERRAND
0030013Y,Collège Louis Pergaud,hors EP,97.2,10.5,91.0,False,False,accord : hors,False,False,accord : hors,False,False,03,ALLIER,6,CLERMONT-FERRAND
0030014Z,Collège Victor Hugo,hors EP,91.9,10.8,24.0,False,False,accord : hors,False,False,accord : hors,False,False,03,ALLIER,6,CLERMONT-FERRAND
0030015A,Collège Ferdinand Dubreuil,hors EP,93.4,10.1,41.0,False,False,accord : hors,False,False,accord : hors,False,False,03,ALLIER,6,CLERMONT-FERRAND
0030017C,Collège Joseph Hennequin,hors EP,102.9,9.6,73.0,False,False,accord : hors,False,False,accord : hors,False,False,03,ALLIER,6,CLERMONT-FERRAND
0030018D,Collège George Sand,hors EP,100.7,10.8,71.0,False,False,accord : hors,False,False,accord : hors,False,False,03,ALLIER,6,CLERMONT-FERRAND
0030019E,Collège des Chenevières,hors EP,95.7,11.5,27.0,False,False,accord : hors,False,False,accord : hors,False,False,03,ALLIER,6,CLERMONT-FERRAND
0030021G,Collège André Boutry,REP,91.4,9.5,46.0,False,False,accord : hors,False,False,accord : hors,False,False,03,ALLIER,6,CLERMONT-FERRAND
0030023J,Collège Jules Verne,hors EP,98.3,10.9,37.0,False,False,accord : hors,False,False,accord : hors,False,False,03,ALLIER,6,CLERMONT-FERRAND
0030030S,Collège Jean Zay,REP+,76.5,8.7,57.0,True,True,accord : à classer,True,True,accord : à classer,False,False,03,ALLIER,6,CLERMONT-FERRAND
0030035X,Collège Jeanne Cluzel,hors EP,96.8,11.5,30.0,False,False,accord : hors,False,False,accord : hors,False,False,03,ALLIER,6,CLERMONT-FERRAND
0030039B,Collège Charles Péguy,hors EP,107.1,10.3,120.0,False,False,accord : hors,False,False,accord : hors,False,False,03,ALLIER,6,CLERMONT-FERRAND
0030042E,Collège François Rabelais,hors EP,110.2,11.9,52.0,False,False,accord : hors,False,False,accord : hors,False,False,03,ALLIER,6,CLERMONT-FERRAND
0030043F,Collège Jean de la Fontaine,hors EP,93.6,10.3,74.0,False,False,accord : hors,False,False,accord : hors,False,False,03,ALLIER,6,CLERMONT-FERRAND
0030046J,Collège Charlotte Delbo,hors EP,96.2,10.4,34.0,False,False,accord : hors,False,False,accord : hors,False,False,03,ALLIER,6,CLERMONT-FERRAND
0030047K,Collège Alain Fournier,hors EP,91.8,10.5,39.0,False,False,accord : hors,False,False,accord : hors,False,False,03,ALLIER,6,CLERMONT-FERRAND
0030048L,Collège Antoine de Saint-Exupéry,hors EP,85.5,10.2,76.0,True,False,IPS seul,True,False,IPS seul,False,False,03,ALLIER,6,CLERMONT-FERRAND
0030049M,Collège Les Célestins,hors EP,97.3,10.9,84.0,False,False,accord : hors,False,False,accord : hors,False,False,03,ALLIER,6,CLERMONT-FERRAND
0030050N,Collège Jules Ferry,REP,95.8,9.3,111.0,False,True,note seule,False,False,accord : hors,False,True,03,ALLIER,6,CLERMONT-FERRAND
0030062B,Collège Anne de Beaujeu,hors EP,102.9,10.5,126.0,False,False,accord : hors,False,False,accord : hors,False,False,03,ALLIER,6,CLERMONT-FERRAND
0030091H,Collège Jean-Jacques Soulier,hors EP,97.1,10.1,129.0,False,False,accord : hors,False,False,accord : hors,False,False,03,ALLIER,6,CLERMONT-FERRAND
0030092J,Collège Lucien Colon,hors EP,93.7,10.7,89.0,False,False,accord : hors,False,False,accord : hors,False,False,03,ALLIER,6,CLERMONT-FERRAND
0030119N,Collège Jules Verne,REP+,91.4,12.8,33.0,False,False,accord : hors,False,False,accord : hors,False,False,03,ALLIER,6,CLERMONT-FERRAND
0030758H,Collège Jules Ferry,hors EP,100.8,10.1,111.0,False,False,accord : hors,False,False,accord : hors,False,False,03,ALLIER,6,CLERMONT-FERRAND
0030837U,Collège François Villon,hors EP,106.4,10.6,141.0,False,False,accord : hors,False,False,accord : hors,False,False,03,ALLIER,6,CLERMONT-FERRAND
0030838V,Collège Émile Guillaumin,REP,84.8,11.3,77.0,True,False,IPS seul,True,False,IPS seul,False,False,03,ALLIER,6,CLERMONT-FERRAND
0030860U,Collège Marie Curie,hors EP,100.8,10.7,98.0,False,False,accord : hors,False,False,accord : hors,False,False,03,ALLIER,6,CLERMONT-FERRAND
0030890B,Collège Émile Mâle,hors EP,93.7,10.8,63.0,False,False,accord : hors,False,False,accord : hors,False,False,03,ALLIER,6,CLERMONT-FERRAND
0030892D,Collège Blaise de Vigenère,hors EP,98.1,8.7,101.0,False,True,note seule,False,True,note seule,False,False,03,ALLIER,6,CLERMONT-FERRAND
0030956Y,Collège Louis Aragon,hors EP,96.4,10.3,84.0,False,False,accord : hors,False,False,accord : hors,False,False,03,ALLIER,6,CLERMONT-FERRAND
0031010G,Collège Victor Hugo,hors EP,101.2,12.0,68.0,False,False,accord : hors,False,False,accord : hors,False,False,03,ALLIER,6,CLERMONT-FERRAND
0040002F,Collège du Pays de Banon,hors EP,105.8,9.9,37.0,False,False,accord : hors,False,False,accord : hors,False,False,04,ALPES-DE-HAUTE-PROVENCE,2,AIX-MARSEILLE
0040004H,Collège du Verdon,hors EP,101.1,11.2,34.0,False,False,accord : hors,False,False,accord : hors,False,False,04,ALPES-DE-HAUTE-PROVENCE,2,AIX-MARSEILLE
0040013T,Collège Le Mont d'Or,hors EP,90.2,9.6,69.0,False,False,accord : hors,False,False,accord : hors,False,False,04,ALPES-DE-HAUTE-PROVENCE,2,AIX-MARSEILLE
0040014U,Collège Marcel Massot,hors EP,100.8,9.2,28.0,False,True,note seule,False,True,note seule,False,False,04,ALPES-DE-HAUTE-PROVENCE,2,AIX-MARSEILLE
0040017X,Collège Maxime Javelly,hors EP,100.7,10.4,63.0,False,False,accord : hors,False,False,accord : hors,False,False,04,ALPES-DE-HAUTE-PROVENCE,2,AIX-MARSEILLE
0040019Z,Collège René Cassin,hors EP,102.8,12.5,39.0,False,False,accord : hors,False,False,accord : hors,False,False,04,ALPES-DE-HAUTE-PROVENCE,2,AIX-MARSEILLE
0040021B,Collège Marcel André,hors EP,103.9,11.1,23.0,False,False,accord : hors,False,False,accord : hors,False,False,04,ALPES-DE-HAUTE-PROVENCE,2,AIX-MARSEILLE
0040022C,Collège Gassendi,hors EP,108.7,11.8,137.0,False,False,accord : hors,False,False,accord : hors,False,False,04,ALPES-DE-HAUTE-PROVENCE,2,AIX-MARSEILLE
0040044B,Collège Maria Borrély,hors EP,94.4,11.0,74.0,False,False,accord : hors,False,False,accord : hors,False,False,04,ALPES-DE-HAUTE-PROVENCE,2,AIX-MARSEILLE
0040051J,Collège Docteur JMG Itard,hors EP,105.4,10.3,84.0,False,False,accord : hors,False,False,accord : hors,False,False,04,ALPES-DE-HAUTE-PROVENCE,2,AIX-MARSEILLE
0040052K,Collège Camille Reymond,hors EP,100.3,9.1,134.0,False,True,note seule,False,True,note seule,False,False,04,ALPES-DE-HAUTE-PROVENCE,2,AIX-MARSEILLE
0040055N,Collège Jean Giono,REP,87.5,8.4,124.0,True,True,accord : à classer,True,True,accord : à classer,False,False,04,ALPES-DE-HAUTE-PROVENCE,2,AIX-MARSEILLE
0040382U,Collège Henri Laugier,hors EP,114.3,11.3,102.0,False,False,accord : hors,False,False,accord : hors,False,False,04,ALPES-DE-HAUTE-PROVENCE,2,AIX-MARSEILLE
0040419J,Collège André Honnorat,hors EP,106.2,10.8,72.0,False,False,accord : hors,False,False,accord : hors,False,False,04,ALPES-DE-HAUTE-PROVENCE,2,AIX-MARSEILLE
0040420K,Collège Paul Arène,hors EP,104.3,10.1,129.0,False,False,accord : hors,False,False,accord : hors,False,False,04,ALPES-DE-HAUTE-PROVENCE,2,AIX-MARSEILLE
0040524Y,Collège Pierre Girardot,hors EP,111.8,11.3,115.0,False,False,accord : hors,False,False,accord : hors,False,False,04,ALPES-DE-HAUTE-PROVENCE,2,AIX-MARSEILLE
0040535K,Collège André Ailhaud,hors EP,107.6,11.4,111.0,False,False,accord : hors,False,False,accord : hors,False,False,04,ALPES-DE-HAUTE-PROVENCE,2,AIX-MARSEILLE
0040587S,Collège international PACA,hors EP,149.2,14.4,50.0,False,False,accord : hors,False,False,accord : hors,False,False,04,ALPES-DE-HAUTE-PROVENCE,2,AIX-MARSEILLE
0050010J,Collège Centre,hors EP,107.5,11.3,127.0,False,False,accord : hors,False,False,accord : hors,False,False,05,HAUTES-ALPES,2,AIX-MARSEILLE
0050013M,Collège des Hautes Vallées,hors EP,112.2,12.8,75.0,False,False,accord : hors,False,False,accord : hors,False,False,05,HAUTES-ALPES,2,AIX-MARSEILLE
0050019U,Collège Vivian Maïer,hors EP,109.9,12.1,95.0,False,False,accord : hors,False,False,accord : hors,False,False,05,HAUTES-ALPES,2,AIX-MARSEILLE
0050022X,Collège François Mitterrand,hors EP,102.1,11.8,57.0,False,False,accord : hors,False,False,accord : hors,False,False,05,HAUTES-ALPES,2,AIX-MARSEILLE
0050023Y,Collège les Écrins,hors EP,114.1,11.1,113.0,False,False,accord : hors,False,False,accord : hors,False,False,05,HAUTES-ALPES,2,AIX-MARSEILLE
0050025A,Collège Achille Mauzan,hors EP,101.5,11.2,121.0,False,False,accord : hors,False,False,accord : hors,False,False,05,HAUTES-ALPES,2,AIX-MARSEILLE
0050043V,Collège climatique Vauban,hors EP,119.2,11.8,116.0,False,False,accord : hors,False,False,accord : hors,False,False,05,HAUTES-ALPES,2,AIX-MARSEILLE
0050409T,Collège Les Giraudes,hors EP,113.5,11.1,61.0,False,False,accord : hors,False,False,accord : hors,False,False,05,HAUTES-ALPES,2,AIX-MARSEILLE
0050452P,Collège Les Hauts de Plaine,REP,95.2,11.2,56.0,False,False,accord : hors,False,False,accord : hors,False,False,05,HAUTES-ALPES,2,AIX-MARSEILLE
0050480V,Collège Fontreyne,hors EP,107.7,12.2,143.0,False,False,accord : hors,False,False,accord : hors,False,False,05,HAUTES-ALPES,2,AIX-MARSEILLE
0050519M,Collège les Garcins,hors EP,108.9,11.6,119.0,False,False,accord : hors,False,False,accord : hors,False,False,05,HAUTES-ALPES,2,AIX-MARSEILLE
0050520N,Collège Alexandre Corréard,hors EP,107.9,10.7,42.0,False,False,accord : hors,False,False,accord : hors,False,False,05,HAUTES-ALPES,2,AIX-MARSEILLE
0050638S,Collège Marie Marvingt,hors EP,108.4,11.5,99.0,False,False,accord : hors,False,False,accord : hors,False,False,05,HAUTES-ALPES,2,AIX-MARSEILLE
0050639T,Collège Simone Veil,hors EP,110.6,12.1,74.0,False,False,accord : hors,False,False,accord : hors,False,False,05,HAUTES-ALPES,2,AIX-MARSEILLE
0060008B,Collège l'Eau vive,hors EP,99.9,7.9,30.0,False,True,note seule,False,True,note seule,False,False,06,ALPES-MARITIMES,23,NICE
0060019N,Collège Vallées du Paillon - Roger Carlès,hors EP,98.2,9.5,169.0,False,False,accord : hors,False,False,accord : hors,False,False,06,ALPES-MARITIMES,23,NICE
0060021R,Collège Saint-Hilaire,hors EP,91.7,9.4,88.0,False,False,accord : hors,False,False,accord : hors,False,False,06,ALPES-MARITIMES,23,NICE
0060032C,Collège Ségurane,hors EP,103.9,9.9,133.0,False,False,accord : hors,False,False,accord : hors,False,False,06,ALPES-MARITIMES,23,NICE
0060045S,Collège Antoine Risso,hors EP,77.9,10.2,100.0,True,False,IPS seul,True,False,IPS seul,False,False,06,ALPES-MARITIMES,23,NICE
0060048V,Collège Raoul Dufy,hors EP,113.6,10.9,228.0,False,False,accord : hors,False,False,accord : hors,False,False,06,ALPES-MARITIMES,23,NICE
0060050X,Collège Valéri,hors EP,102.0,10.5,184.0,False,False,accord : hors,False,False,accord : hors,False,False,06,ALPES-MARITIMES,23,NICE
0060061J,Collège Auguste Blanqui,hors EP,97.9,9.2,78.0,False,True,note seule,False,False,accord : hors,False,False,06,ALPES-MARITIMES,23,NICE
0060063L,Collège Jean Franco,hors EP,111.4,11.8,43.0,False,False,accord : hors,False,False,accord : hors,False,False,06,ALPES-MARITIMES,23,NICE
0060066P,Collège Saint-Blaise,hors EP,104.9,10.6,39.0,False,False,accord : hors,False,False,accord : hors,False,False,06,ALPES-MARITIMES,23,NICE
0060067R,Collège Jean Médecin,hors EP,104.9,10.4,39.0,False,False,accord : hors,False,False,accord : hors,False,False,06,ALPES-MARITIMES,23,NICE
0060068S,Collège René Cassin,hors EP,113.9,10.1,188.0,False,False,accord : hors,False,False,accord : hors,False,False,06,ALPES-MARITIMES,23,NICE
0060072W,Collège Jean-Baptiste Rusca,hors EP,107.2,9.8,21.0,False,False,accord : hors,False,False,accord : hors,False,False,06,ALPES-MARITIMES,23,NICE
0060076A,Collège Roustan,hors EP,92.7,9.9,74.0,False,False,accord : hors,False,False,accord : hors,False,False,06,ALPES-MARITIMES,23,NICE
0060083H,Collège Fersen,hors EP,107.2,10.7,137.0,False,False,accord : hors,False,False,accord : hors,False,False,06,ALPES-MARITIMES,23,NICE
0060084J,Collège Jean Giono,hors EP,84.1,8.8,126.0,True,True,accord : à classer,False,False,accord : hors,False,False,06,ALPES-MARITIMES,23,NICE
0060085K,Collège international Joseph Vernier,hors EP,86.9,9.0,118.0,True,True,accord : à classer,False,False,accord : hors,False,False,06,ALPES-MARITIMES,23,NICE
0060086L,Collège Roland Garros,hors EP,105.0,10.4,147.0,False,False,accord : hors,False,False,accord : hors,False,False,06,ALPES-MARITIMES,23,NICE
0060795G,Collège Sidney Bechet,hors EP,101.8,10.0,92.0,False,False,accord : hors,False,False,accord : hors,False,False,06,ALPES-MARITIMES,23,NICE
0060799L,Collège les Mûriers,REP,83.9,8.2,164.0,True,True,accord : à classer,True,True,accord : à classer,False,False,06,ALPES-MARITIMES,23,NICE
0060838D,Collège Simone Veil,REP,75.3,7.6,126.0,True,True,accord : à classer,True,True,accord : à classer,False,False,06,ALPES-MARITIMES,23,NICE
0060840F,Collège Frédéric Mistral,hors EP,86.1,8.4,195.0,True,True,accord : à classer,False,True,note seule,False,False,06,ALPES-MARITIMES,23,NICE
0060841G,Collège Jean-Henri Fabre,hors EP,88.4,9.7,111.0,True,False,IPS seul,False,False,accord : hors,False,False,06,ALPES-MARITIMES,23,NICE
0060842H,Collège Pierre Bertone,hors EP,106.5,10.2,186.0,False,False,accord : hors,False,False,accord : hors,False,False,06,ALPES-MARITIMES,23,NICE
0060910G,Collège La Bourgade,hors EP,88.7,8.8,136.0,True,True,accord : à classer,False,False,accord : hors,False,False,06,ALPES-MARITIMES,23,NICE
0060911H,Collège les Bréguières,hors EP,101.5,11.2,135.0,False,False,accord : hors,False,False,accord : hors,False,False,06,ALPES-MARITIMES,23,NICE
0061001F,Collège Louis Nucera,REP+,73.6,8.4,108.0,True,True,accord : à classer,True,True,accord : à classer,False,False,06,ALPES-MARITIMES,23,NICE
0061002G,Collège Alphonse Daudet,hors EP,92.7,9.2,157.0,False,True,note seule,False,False,accord : hors,False,False,06,ALPES-MARITIMES,23,NICE
0061003H,Collège Jean Rostand,hors EP,86.7,8.3,115.0,True,True,accord : à classer,False,True,note seule,False,False,06,ALPES-MARITIMES,23,NICE
0061006L,Collège Henri Matisse,hors EP,124.3,12.1,254.0,False,False,accord : hors,False,False,accord : hors,False,False,06,ALPES-MARITIMES,23,NICE
0061068D,Collège les Campelières,hors EP,97.8,9.7,169.0,False,False,accord : hors,False,False,accord : hors,False,False,06,ALPES-MARITIMES,23,NICE
0061129V,Collège Jules Romains,REP+,71.6,9.1,92.0,True,True,accord : à classer,True,False,IPS seul,False,False,06,ALPES-MARITIMES,23,NICE
0061130W,Collège Paul Langevin,REP,98.6,9.8,156.0,False,False,accord : hors,False,False,accord : hors,False,False,06,ALPES-MARITIMES,23,NICE
0061131X,Collège Maurice Jaubert,REP+,69.7,8.2,149.0,True,True,accord : à classer,True,True,accord : à classer,False,False,06,ALPES-MARITIMES,23,NICE
0061133Z,Collège la Fontonne,hors EP,108.4,11.1,98.0,False,False,accord : hors,False,False,accord : hors,False,False,06,ALPES-MARITIMES,23,NICE
0061134A,Collège Joseph Pagnol,hors EP,102.8,9.7,168.0,False,False,accord : hors,False,False,accord : hors,False,False,06,ALPES-MARITIMES,23,NICE
0061135B,Collège la Sine,hors EP,112.0,11.1,206.0,False,False,accord : hors,False,False,accord : hors,False,False,06,ALPES-MARITIMES,23,NICE
0061174U,Collège Gérard Philipe,hors EP,83.8,8.2,96.0,True,True,accord : à classer,True,True,accord : à classer,False,False,06,ALPES-MARITIMES,23,NICE
0061175V,Collège Albert Camus,hors EP,109.1,9.9,132.0,False,False,accord : hors,False,False,accord : hors,False,False,06,ALPES-MARITIMES,23,NICE
0061209G,Collège Jean Cocteau,hors EP,116.3,11.7,125.0,False,False,accord : hors,False,False,accord : hors,False,False,06,ALPES-MARITIMES,23,NICE
0061211J,Collège Pablo Picasso,REP,85.2,9.4,153.0,True,False,IPS seul,False,False,accord : hors,False,False,06,ALPES-MARITIMES,23,NICE
0061237M,Collège la Vésubie-Jean Salines,hors EP,97.3,9.7,68.0,False,False,accord : hors,False,False,accord : hors,False,False,06,ALPES-MARITIMES,23,NICE
0061238N,Collège André Maurois,hors EP,99.5,9.2,166.0,False,True,note seule,False,False,accord : hors,False,False,06,ALPES-MARITIMES,23,NICE
0061239P,Collège Pierre Bonnard,hors EP,94.1,10.0,136.0,False,False,accord : hors,False,False,accord : hors,False,False,06,ALPES-MARITIMES,23,NICE
0061240R,Collège Carnot,hors EP,89.7,10.2,107.0,False,False,accord : hors,False,False,accord : hors,False,False,06,ALPES-MARITIMES,23,NICE
0061244V,Collège Canteperdrix,hors EP,111.8,10.3,164.0,False,False,accord : hors,False,False,accord : hors,False,False,06,ALPES-MARITIMES,23,NICE
0061277F,Collège Port Lympia,hors EP,106.6,10.4,184.0,False,False,accord : hors,False,False,accord : hors,False,False,06,ALPES-MARITIMES,23,NICE
0061278G,Collège Bellevue,hors EP,87.7,9.3,92.0,True,True,accord : à classer,False,False,accord : hors,False,True,06,ALPES-MARITIMES,23,NICE
0061279H,Collège les Vallergues,REP,80.1,9.1,105.0,True,True,accord : à classer,True,False,IPS seul,False,False,06,ALPES-MARITIMES,23,NICE
0061280J,Collège Jules Verne,hors EP,99.1,10.6,159.0,False,False,accord : hors,False,False,accord : hors,False,False,06,ALPES-MARITIMES,23,NICE
0061339Y,Collège Parc Impérial,hors EP,107.8,9.9,278.0,False,False,accord : hors,False,False,accord : hors,False,False,06,ALPES-MARITIMES,23,NICE
0061342B,Collège André Capron,hors EP,97.3,9.2,112.0,False,True,note seule,False,False,accord : hors,False,False,06,ALPES-MARITIMES,23,NICE
0061376N,Collège Yves Klein,hors EP,126.7,11.9,168.0,False,False,accord : hors,False,False,accord : hors,False,False,06,ALPES-MARITIMES,23,NICE
0061400P,Collège Ludovic Bréa,hors EP,106.9,10.1,124.0,False,False,accord : hors,False,False,accord : hors,False,False,06,ALPES-MARITIMES,23,NICE
0061666D,Collège Les Baous,hors EP,125.5,11.5,181.0,False,False,accord : hors,False,False,accord : hors,False,False,06,ALPES-MARITIMES,23,NICE
0061668F,Collège les Jasmins - Sainte Marguerite,hors EP,92.6,10.0,92.0,False,False,accord : hors,False,False,accord : hors,False,False,06,ALPES-MARITIMES,23,NICE
0061670H,Collège de l'Éganaude,hors EP,134.6,12.2,206.0,False,False,accord : hors,False,False,accord : hors,False,False,06,ALPES-MARITIMES,23,NICE
0061694J,Collège de l'Archet,hors EP,118.8,11.3,197.0,False,False,accord : hors,False,False,accord : hors,False,False,06,ALPES-MARITIMES,23,NICE
0061723R,Collège Émile Roux,hors EP,99.1,10.7,116.0,False,False,accord : hors,False,False,accord : hors,False,False,06,ALPES-MARITIMES,23,NICE
0061737F,Collège André Malraux,hors EP,115.4,11.3,115.0,False,False,accord : hors,False,False,accord : hors,False,False,06,ALPES-MARITIMES,23,NICE
0061738G,Collège Saint-Exupéry,hors EP,113.3,11.8,133.0,False,False,accord : hors,False,False,accord : hors,False,False,06,ALPES-MARITIMES,23,NICE
0061795U,Collège La Chênaie,hors EP,116.0,11.0,166.0,False,False,accord : hors,False,False,accord : hors,False,False,06,ALPES-MARITIMES,23,NICE
0061796V,Collège Paul Arène,hors EP,113.3,11.1,158.0,False,False,accord : hors,False,False,accord : hors,False,False,06,ALPES-MARITIMES,23,NICE
0061824A,Collège Guillaume Vento,hors EP,96.6,9.5,174.0,False,False,accord : hors,False,False,accord : hors,False,False,06,ALPES-MARITIMES,23,NICE
0061825B,Collège Romée de Villeneuve,hors EP,114.7,10.1,167.0,False,False,accord : hors,False,False,accord : hors,False,False,06,ALPES-MARITIMES,23,NICE
0061826C,Collège François Rabelais,hors EP,102.4,9.7,94.0,False,False,accord : hors,False,False,accord : hors,False,False,06,ALPES-MARITIMES,23,NICE
0061853G,Collège Le Pré des Roures,hors EP,122.2,11.7,189.0,False,False,accord : hors,False,False,accord : hors,False,False,06,ALPES-MARITIMES,23,NICE
0061924J,Collège Les Mimosas,hors EP,111.1,11.3,126.0,False,False,accord : hors,False,False,accord : hors,False,False,06,ALPES-MARITIMES,23,NICE
0061925K,Collège Niki de Saint Phalle,hors EP,141.8,13.0,197.0,False,False,accord : hors,False,False,accord : hors,False,False,06,ALPES-MARITIMES,23,NICE
0061986B,Collège St Vallier - Simon Wiesenthal,hors EP,109.4,11.0,96.0,False,False,accord : hors,False,False,accord : hors,False,False,06,ALPES-MARITIMES,23,NICE
0062011D,Collège international,hors EP,145.1,14.4,180.0,False,False,accord : hors,False,False,accord : hors,False,False,06,ALPES-MARITIMES,23,NICE
0062056C,Collège César,hors EP,144.9,13.4,184.0,False,False,accord : hors,False,False,accord : hors,False,False,06,ALPES-MARITIMES,23,NICE
0062181N,Collège Arnaud Beltrame,hors EP,114.4,11.4,131.0,False,False,accord : hors,False,False,accord : hors,False,False,06,ALPES-MARITIMES,23,NICE
0070006U,Collège Le Laoul,REP,89.1,8.6,124.0,False,True,note seule,True,True,accord : à classer,False,False,07,ARDECHE,8,GRENOBLE
0070010Y,Collège Albert Mercoyrol,hors EP,102.4,11.4,77.0,False,False,accord : hors,False,False,accord : hors,False,False,07,ARDECHE,8,GRENOBLE
0070011Z,Collège Charles de Gaulle,hors EP,112.9,11.5,136.0,False,False,accord : hors,False,False,accord : hors,False,False,07,ARDECHE,8,GRENOBLE
0070012A,Collège Vallée de la Beaume,hors EP,105.1,10.8,65.0,False,False,accord : hors,False,False,accord : hors,False,False,07,ARDECHE,8,GRENOBLE
0070017F,Collège la Ségalière,hors EP,109.3,11.1,47.0,False,False,accord : hors,False,False,accord : hors,False,False,07,ARDECHE,8,GRENOBLE
0070018G,Collège Joseph Durand,hors EP,102.7,11.2,51.0,False,False,accord : hors,False,False,accord : hors,False,False,07,ARDECHE,8,GRENOBLE
0070019H,Collège Alex Mézenc,hors EP,97.7,10.0,86.0,False,False,accord : hors,False,False,accord : hors,False,False,07,ARDECHE,8,GRENOBLE
0070023M,Collège Louis Jouvet,hors EP,97.5,11.8,22.0,False,False,accord : hors,False,False,accord : hors,False,False,07,ARDECHE,8,GRENOBLE
0070024N,Collège de la montagne ardèchoise,hors EP,100.0,11.1,21.0,False,False,accord : hors,False,False,accord : hors,False,False,07,ARDECHE,8,GRENOBLE
0070025P,Collège de l'Eyrieux,hors EP,108.3,10.9,47.0,False,False,accord : hors,False,False,accord : hors,False,False,07,ARDECHE,8,GRENOBLE
0070035A,Collège Henri Ageron,hors EP,104.0,10.7,91.0,False,False,accord : hors,False,False,accord : hors,False,False,07,ARDECHE,8,GRENOBLE
0070037C,Collège Léonce Vieljeux,hors EP,104.8,11.1,78.0,False,False,accord : hors,False,False,accord : hors,False,False,07,ARDECHE,8,GRENOBLE
0070040F,Collège Laboissière,hors EP,109.4,10.5,87.0,False,False,accord : hors,False,False,accord : hors,False,False,07,ARDECHE,8,GRENOBLE
0070042H,Collège les trois Vallées,hors EP,100.6,9.6,118.0,False,False,accord : hors,False,False,accord : hors,False,False,07,ARDECHE,8,GRENOBLE
0070846G,Collège Georges Gouy,hors EP,96.5,9.3,86.0,False,True,note seule,False,False,accord : hors,False,True,07,ARDECHE,8,GRENOBLE
0070847H,Collège Marcel Chamontin,hors EP,101.1,10.0,135.0,False,False,accord : hors,False,False,accord : hors,False,False,07,ARDECHE,8,GRENOBLE
0070848J,Collège Marie Curie,hors EP,104.6,11.2,184.0,False,False,accord : hors,False,False,accord : hors,False,False,07,ARDECHE,8,GRENOBLE
0070849K,Collège les Deux Vallées,hors EP,106.5,11.2,66.0,False,False,accord : hors,False,False,accord : hors,False,False,07,ARDECHE,8,GRENOBLE
0070872K,Collège du Vivarais,hors EP,102.1,10.2,59.0,False,False,accord : hors,False,False,accord : hors,False,False,07,ARDECHE,8,GRENOBLE
0070890E,Collège Docteur Pierre Delarbre,hors EP,96.3,11.4,63.0,False,False,accord : hors,False,False,accord : hors,False,False,07,ARDECHE,8,GRENOBLE
0071156U,Collège les Perrières,REP,84.0,8.8,161.0,True,True,accord : à classer,True,True,accord : à classer,False,False,07,ARDECHE,8,GRENOBLE
0071169H,Collège Roqua,hors EP,101.3,10.5,116.0,False,False,accord : hors,False,False,accord : hors,False,False,07,ARDECHE,8,GRENOBLE
0071245R,Collège de Jastres,hors EP,87.4,9.4,76.0,True,False,IPS seul,True,False,IPS seul,False,False,07,ARDECHE,8,GRENOBLE
0071246S,Collège Bernard de Ventadour,hors EP,106.2,11.8,229.0,False,False,accord : hors,False,False,accord : hors,False,False,07,ARDECHE,8,GRENOBLE
0071300A,Collège la Lombardière,hors EP,101.0,9.5,90.0,False,False,accord : hors,False,False,accord : hors,False,False,07,ARDECHE,8,GRENOBLE
0071320X,Collège de Crussol,hors EP,115.8,11.7,110.0,False,False,accord : hors,False,False,accord : hors,False,False,07,ARDECHE,8,GRENOBLE
0080011U,Collège Jean Macé,hors EP,106.0,10.1,88.0,False,False,accord : hors,False,False,accord : hors,False,False,08,ARDENNES,19,REIMS
0080016Z,Collège Marie-Hélène Cardot,hors EP,94.7,9.1,70.0,False,True,note seule,False,False,accord : hors,False,False,08,ARDENNES,19,REIMS
0080017A,Collège les Aurains,REP,85.1,10.1,35.0,True,False,IPS seul,True,False,IPS seul,False,False,08,ARDENNES,19,REIMS
0080021E,Collège de la Retourne,hors EP,112.0,12.0,83.0,False,False,accord : hors,False,False,accord : hors,False,False,08,ARDENNES,19,REIMS
0080035V,Collège Arthur Rimbaud,hors EP,107.9,11.5,72.0,False,False,accord : hors,False,False,accord : hors,False,False,08,ARDENNES,19,REIMS
0080036W,Collège Jean Rogissart,REP,80.5,9.7,42.0,True,False,IPS seul,True,False,IPS seul,False,False,08,ARDENNES,19,REIMS
0080042C,Collège du Blanc Marais,hors EP,98.4,9.8,66.0,False,False,accord : hors,False,False,accord : hors,False,False,08,ARDENNES,19,REIMS
0080046G,Collège Élisabeth de Nassau,hors EP,92.9,9.8,62.0,False,False,accord : hors,False,False,accord : hors,False,False,08,ARDENNES,19,REIMS
0080052N,Collège Charles Bruneau,hors EP,95.4,10.5,44.0,False,False,accord : hors,False,False,accord : hors,False,False,08,ARDENNES,19,REIMS
0080068F,Collège Rouget-de-Lisle,REP,86.6,10.0,61.0,True,False,IPS seul,False,False,accord : hors,False,False,08,ARDENNES,19,REIMS
0080079T,Collège Fred Scamaroni,REP,87.6,8.8,59.0,True,True,accord : à classer,False,True,note seule,False,False,08,ARDENNES,19,REIMS
0080105W,Collège Jules Ferry,REP,77.9,8.9,34.0,True,True,accord : à classer,True,True,accord : à classer,False,False,08,ARDENNES,19,REIMS
0080826E,Collège le Lac,REP+,69.5,7.3,43.0,True,True,accord : à classer,True,True,accord : à classer,False,False,08,ARDENNES,19,REIMS
0080827F,Collège les Deux Vallées,hors EP,86.9,10.2,49.0,True,False,IPS seul,False,False,accord : hors,False,False,08,ARDENNES,19,REIMS
0080839U,Collège Pasteur,REP,85.1,10.1,62.0,True,False,IPS seul,True,False,IPS seul,False,False,08,ARDENNES,19,REIMS
0080894D,Collège Salengro,REP+,66.2,6.7,73.0,True,True,accord : à classer,True,True,accord : à classer,False,False,08,ARDENNES,19,REIMS
0080896F,Collège du Val de Meuse,hors EP,102.0,10.6,87.0,False,False,accord : hors,False,False,accord : hors,False,False,08,ARDENNES,19,REIMS
0080897G,Collège Robert de Sorbon,hors EP,96.5,9.9,75.0,False,False,accord : hors,False,False,accord : hors,False,False,08,ARDENNES,19,REIMS
0080909V,Collège Vallière,hors EP,94.5,10.0,69.0,False,False,accord : hors,False,False,accord : hors,False,False,08,ARDENNES,19,REIMS
0080910W,Collège Turenne,hors EP,82.8,7.9,67.0,True,True,accord : à classer,True,True,accord : à classer,False,False,08,ARDENNES,19,REIMS
0080925M,Collège Léo Lagrange,REP+,66.2,9.1,56.0,True,True,accord : à classer,True,False,IPS seul,False,False,08,ARDENNES,19,REIMS
0080948M,Collège Vauban,hors EP,92.9,9.6,84.0,False,False,accord : hors,False,False,accord : hors,False,False,08,ARDENNES,19,REIMS
0080949N,Collège George Sand,REP,84.3,8.5,59.0,True,True,accord : à classer,True,True,accord : à classer,False,False,08,ARDENNES,19,REIMS
0080954U,Collège Bayard,hors EP,85.9,9.0,60.0,True,True,accord : à classer,True,False,IPS seul,False,False,08,ARDENNES,19,REIMS
0081001V,Collège Jules Leroux,hors EP,92.6,10.7,60.0,False,False,accord : hors,False,False,accord : hors,False,False,08,ARDENNES,19,REIMS
0081097Z,Collège Paul Drouot,hors EP,93.5,11.1,80.0,False,False,accord : hors,False,False,accord : hors,False,False,08,ARDENNES,19,REIMS
0081098A,Collège Andrée Viénot,hors EP,93.1,11.2,35.0,False,False,accord : hors,False,False,accord : hors,False,False,08,ARDENNES,19,REIMS
0081099B,Collège Jeanne Mélin,hors EP,84.5,9.8,69.0,True,False,IPS seul,True,False,IPS seul,False,False,08,ARDENNES,19,REIMS
0081100C,Collège Éva Thomé,hors EP,98.9,10.4,68.0,False,False,accord : hors,False,False,accord : hors,False,False,08,ARDENNES,19,REIMS
0081102E,Collège multisite Asfeld-Chateau Porcien,hors EP,100.8,8.9,118.0,False,True,note seule,False,True,note seule,False,False,08,ARDENNES,19,REIMS
0081103F,Collège de Raucourt,hors EP,92.0,9.9,54.0,False,False,accord : hors,False,False,accord : hors,False,False,08,ARDENNES,19,REIMS
0081104G,Collège Signy l'Abbaye-Chaumont Porcien,hors EP,94.0,10.3,66.0,False,False,accord : hors,False,False,accord : hors,False,False,08,ARDENNES,19,REIMS
0081105H,Collège multisite Signy le petit-Liart,hors EP,89.3,9.2,76.0,False,True,note seule,False,False,accord : hors,False,False,08,ARDENNES,19,REIMS
0090001C,Collège Mario Beulaygue,hors EP,107.6,9.9,41.0,False,False,accord : hors,False,False,accord : hors,False,False,09,ARIEGE,16,TOULOUSE
0090007J,Collège Victor Hugo,REP,93.7,10.2,58.0,False,False,accord : hors,False,False,accord : hors,False,False,09,ARIEGE,16,TOULOUSE
0090009L,Collège François Verdier,hors EP,106.2,10.5,94.0,False,False,accord : hors,False,False,accord : hors,False,False,09,ARIEGE,16,TOULOUSE
0090010M,Collège André Saint-Paul,hors EP,111.5,12.2,65.0,False,False,accord : hors,False,False,accord : hors,False,False,09,ARIEGE,16,TOULOUSE
0090012P,Collège Gaston Fébus,hors EP,106.6,11.5,67.0,False,False,accord : hors,False,False,accord : hors,False,False,09,ARIEGE,16,TOULOUSE
0090023B,Collège du Girbet,hors EP,103.9,9.6,100.0,False,False,accord : hors,False,True,note seule,False,False,09,ARIEGE,16,TOULOUSE
0090025D,Collège Jules Palmade,hors EP,104.3,11.2,30.0,False,False,accord : hors,False,False,accord : hors,False,False,09,ARIEGE,16,TOULOUSE
0090055L,Collège Pierre Bayle,hors EP,101.1,10.8,123.0,False,False,accord : hors,False,False,accord : hors,False,False,09,ARIEGE,16,TOULOUSE
0090056M,Collège Joseph-Paul Rambaud,hors EP,94.8,9.5,129.0,False,False,accord : hors,False,True,note seule,False,False,09,ARIEGE,16,TOULOUSE
0090478W,Collège Lakanal,hors EP,108.4,10.6,185.0,False,False,accord : hors,False,False,accord : hors,False,False,09,ARIEGE,16,TOULOUSE
0090490J,Collège Louis Pasteur,REP,89.9,9.7,46.0,False,False,accord : hors,True,True,accord : à classer,False,False,09,ARIEGE,16,TOULOUSE
0090546V,"Collège du Sabarthès-Montcalm, site de Tarascon-sur-Ariège",hors EP,99.8,9.4,99.0,False,False,accord : hors,False,True,note seule,False,False,09,ARIEGE,16,TOULOUSE
0090573Z,Cité scolaire de Mirepoix - collège,hors EP,102.0,10.3,102.0,False,False,accord : hors,False,False,accord : hors,False,False,09,ARIEGE,16,TOULOUSE
0090574A,Collège Mont Valier,hors EP,103.4,10.2,156.0,False,False,accord : hors,False,False,accord : hors,False,False,09,ARIEGE,16,TOULOUSE
0100005B,Collège Paul Portier,hors EP,92.5,9.2,129.0,False,True,note seule,False,False,accord : hors,False,False,10,AUBE,19,REIMS
0100007D,Collège Julien Regnier,hors EP,93.5,8.8,84.0,False,True,note seule,False,True,note seule,False,False,10,AUBE,19,REIMS
0100008E,Collège Amadis Jamyn,hors EP,101.1,10.4,34.0,False,False,accord : hors,False,False,accord : hors,False,False,10,AUBE,19,REIMS
0100009F,Collège Albert Camus,REP+,84.5,8.4,133.0,True,True,accord : à classer,True,True,accord : à classer,False,False,10,AUBE,19,REIMS
0100010G,Collège Eugène Belgrand,hors EP,93.1,10.4,69.0,False,False,accord : hors,False,False,accord : hors,False,False,10,AUBE,19,REIMS
0100011H,Collège Jean Moulin,hors EP,100.0,9.8,74.0,False,False,accord : hors,False,False,accord : hors,False,False,10,AUBE,19,REIMS
0100013K,Collège des Roises,hors EP,104.9,10.9,59.0,False,False,accord : hors,False,False,accord : hors,False,False,10,AUBE,19,REIMS
0100019S,Collège de la Villeneuve,hors EP,85.4,8.5,129.0,True,True,accord : à classer,True,True,accord : à classer,False,False,10,AUBE,19,REIMS
0100028B,Collège Nicolas Bourbon,hors EP,95.0,9.5,68.0,False,False,accord : hors,False,False,accord : hors,False,False,10,AUBE,19,REIMS
0100031E,Collège Beurnonville,hors EP,94.5,9.0,139.0,False,True,note seule,False,False,accord : hors,False,False,10,AUBE,19,REIMS
0100033G,Collège Charles Delaunay,hors EP,108.8,10.6,125.0,False,False,accord : hors,False,False,accord : hors,False,False,10,AUBE,19,REIMS
0100038M,Collège Jacobins,REP,73.3,6.9,106.0,True,True,accord : à classer,True,True,accord : à classer,False,False,10,AUBE,19,REIMS
0100081J,Collège Marie Curie,REP,84.3,9.3,206.0,True,True,accord : à classer,True,False,IPS seul,False,True,10,AUBE,19,REIMS
0100664T,Collège Paul Langevin,hors EP,106.2,10.6,167.0,False,False,accord : hors,False,False,accord : hors,False,False,10,AUBE,19,REIMS
0100665U,Collège de la Voie Châtelaine,hors EP,97.2,10.1,129.0,False,False,accord : hors,False,False,accord : hors,False,False,10,AUBE,19,REIMS
0100765C,Collège Max Hutin,hors EP,108.8,10.5,134.0,False,False,accord : hors,False,False,accord : hors,False,False,10,AUBE,19,REIMS
0100785Z,Collège Pierre Labonde,hors EP,101.2,10.1,103.0,False,False,accord : hors,False,False,accord : hors,False,False,10,AUBE,19,REIMS
0100786A,Collège Jean Jaurès,hors EP,96.7,9.5,143.0,False,False,accord : hors,False,False,accord : hors,False,False,10,AUBE,19,REIMS
0100787B,Collège Paul Langevin,REP,84.7,8.3,136.0,True,True,accord : à classer,True,True,accord : à classer,False,False,10,AUBE,19,REIMS
0100806X,Collège d'Othe et Vanne,hors EP,101.4,9.8,103.0,False,False,accord : hors,False,False,accord : hors,False,False,10,AUBE,19,REIMS
0100807Y,Collège Pierre Brossolette,REP+,85.5,9.6,118.0,True,False,IPS seul,True,False,IPS seul,False,False,10,AUBE,19,REIMS
0100902B,Collège Gaston Bachelard,hors EP,89.4,9.7,94.0,False,False,accord : hors,False,False,accord : hors,False,False,10,AUBE,19,REIMS
0100905E,Collège le Noyer Marchand,REP,86.3,8.7,120.0,True,True,accord : à classer,True,True,accord : à classer,False,False,10,AUBE,19,REIMS
0100947A,Collège Pierre et François Pithou,REP,85.8,8.1,111.0,True,True,accord : à classer,True,True,accord : à classer,False,False,10,AUBE,19,REIMS
0101031S,Collège Eureka,hors EP,96.8,9.3,124.0,False,True,note seule,False,False,accord : hors,False,True,10,AUBE,19,REIMS
0110003U,Collège de l'Alaric,hors EP,95.8,10.0,91.0,False,False,accord : hors,False,False,accord : hors,False,False,11,AUDE,11,MONTPELLIER
0110010B,Collège André Chénier,hors EP,108.1,10.5,93.0,False,False,accord : hors,False,False,accord : hors,False,False,11,AUDE,11,MONTPELLIER
0110011C,Collège Blaise d'Auriol,hors EP,106.3,10.6,83.0,False,False,accord : hors,False,False,accord : hors,False,False,11,AUDE,11,MONTPELLIER
0110015G,Collège Jean Baptiste Bieules,hors EP,91.5,10.2,65.0,False,False,accord : hors,False,False,accord : hors,False,False,11,AUDE,11,MONTPELLIER
0110021N,Collège Victor Hugo,hors EP,94.7,8.7,147.0,False,True,note seule,False,False,accord : hors,False,False,11,AUDE,11,MONTPELLIER
0110025T,Collège Cité,hors EP,114.9,10.8,107.0,False,False,accord : hors,False,False,accord : hors,False,False,11,AUDE,11,MONTPELLIER
0110026U,Collège Jules Ferry,hors EP,97.9,9.9,138.0,False,False,accord : hors,False,False,accord : hors,False,False,11,AUDE,11,MONTPELLIER
0110037F,Collège Alain,hors EP,90.7,10.1,88.0,False,False,accord : hors,False,False,accord : hors,False,False,11,AUDE,11,MONTPELLIER
0110067N,Collège les Mailheuls,hors EP,104.6,9.8,145.0,False,False,accord : hors,False,False,accord : hors,False,False,11,AUDE,11,MONTPELLIER
0110068P,Collège Georges Brassens,REP,87.4,8.8,119.0,True,True,accord : à classer,False,False,accord : hors,False,False,11,AUDE,11,MONTPELLIER
0110665N,Collège Varsovie,hors EP,105.2,10.7,161.0,False,False,accord : hors,False,False,accord : hors,False,False,11,AUDE,11,MONTPELLIER
0110666P,Collège le Bastion,hors EP,100.9,9.5,152.0,False,False,accord : hors,False,False,accord : hors,False,False,11,AUDE,11,MONTPELLIER
0110667R,Collège Pierre et Marie Curie,hors EP,95.7,9.3,84.0,False,True,note seule,False,False,accord : hors,False,True,11,AUDE,11,MONTPELLIER
0110672W,Collège Jules Verne,REP,78.2,9.2,112.0,True,True,accord : à classer,True,False,IPS seul,False,False,11,AUDE,11,MONTPELLIER
0110674Y,Collège Gaston Bonheur,hors EP,97.4,9.8,89.0,False,False,accord : hors,False,False,accord : hors,False,False,11,AUDE,11,MONTPELLIER
0110675Z,Collège Michel Bousquié,hors EP,99.9,10.8,38.0,False,False,accord : hors,False,False,accord : hors,False,False,11,AUDE,11,MONTPELLIER
0110676A,Collège Saint-Exupéry,hors EP,95.6,10.8,153.0,False,False,accord : hors,False,False,accord : hors,False,False,11,AUDE,11,MONTPELLIER
0110686L,Collège Joseph Anglade,hors EP,92.4,9.2,137.0,False,True,note seule,False,False,accord : hors,False,False,11,AUDE,11,MONTPELLIER
0110721Z,Collège Antoine Courrière,hors EP,108.1,10.7,88.0,False,False,accord : hors,False,False,accord : hors,False,False,11,AUDE,11,MONTPELLIER
0110724C,Collège des corbières maritimes,hors EP,100.0,9.9,145.0,False,False,accord : hors,False,False,accord : hors,False,False,11,AUDE,11,MONTPELLIER
0110725D,Collège la Nadière,hors EP,91.5,8.4,72.0,False,True,note seule,False,True,note seule,False,False,11,AUDE,11,MONTPELLIER
0110788X,Collège Montesquieu,hors EP,90.9,8.6,133.0,False,True,note seule,False,True,note seule,False,False,11,AUDE,11,MONTPELLIER
0110810W,Collège Simone Veil,hors EP,95.9,10.3,133.0,False,False,accord : hors,False,False,accord : hors,False,False,11,AUDE,11,MONTPELLIER
0110825M,Collège les Fontanilles,hors EP,98.9,10.7,150.0,False,False,accord : hors,False,False,accord : hors,False,False,11,AUDE,11,MONTPELLIER
0110859Z,Collège Joseph Delteil,hors EP,95.2,10.0,202.0,False,False,accord : hors,False,False,accord : hors,False,False,11,AUDE,11,MONTPELLIER
0110870L,Collège Antoine Pons,hors EP,104.4,11.1,24.0,False,False,accord : hors,False,False,accord : hors,False,False,11,AUDE,11,MONTPELLIER
0111015U,Collège Marcelin Albert,hors EP,103.3,9.2,153.0,False,True,note seule,False,False,accord : hors,False,False,11,AUDE,11,MONTPELLIER
0111051H,Collège Rosa Parks,hors EP,91.2,9.1,79.0,False,True,note seule,False,False,accord : hors,False,False,11,AUDE,11,MONTPELLIER
0120002M,Collège Voltaire,hors EP,104.1,11.3,57.0,False,False,accord : hors,False,False,accord : hors,False,False,12,AVEYRON,16,TOULOUSE
0120004P,Collège Jean Jaurès,REP,84.5,10.1,25.0,True,False,IPS seul,True,False,IPS seul,False,False,12,AVEYRON,16,TOULOUSE
0120011X,Collège Pierre Soulages,hors EP,115.5,13.7,73.0,False,False,accord : hors,False,False,accord : hors,False,False,12,AVEYRON,16,TOULOUSE
0120016C,Collège du Carladez,hors EP,99.1,11.2,22.0,False,False,accord : hors,False,False,accord : hors,False,False,12,AVEYRON,16,TOULOUSE
0120017D,Collège Jean Boudou,hors EP,108.2,13.8,33.0,False,False,accord : hors,False,False,accord : hors,False,False,12,AVEYRON,16,TOULOUSE
0120018E,Collège Jean Amans,hors EP,106.2,13.1,76.0,False,False,accord : hors,False,False,accord : hors,False,False,12,AVEYRON,16,TOULOUSE
0120019F,Collège Célestin Sourèzes,hors EP,100.4,11.8,42.0,False,False,accord : hors,False,False,accord : hors,False,False,12,AVEYRON,16,TOULOUSE
0120020G,Collège Lucie Aubrac,hors EP,98.3,11.0,28.0,False,False,accord : hors,False,False,accord : hors,False,False,12,AVEYRON,16,TOULOUSE
0120021H,Collège Georges Rouquier,hors EP,107.4,13.1,66.0,False,False,accord : hors,False,False,accord : hors,False,False,12,AVEYRON,16,TOULOUSE
0120028R,Collège Denys Puech,hors EP,104.2,12.6,24.0,False,False,accord : hors,False,False,accord : hors,False,False,12,AVEYRON,16,TOULOUSE
0120029S,Collège Jean d'Alembert,hors EP,106.1,11.4,48.0,False,False,accord : hors,False,False,accord : hors,False,False,12,AVEYRON,16,TOULOUSE
0120032V,Collège Albert Camus,hors EP,113.3,13.1,101.0,False,False,accord : hors,False,False,accord : hors,False,False,12,AVEYRON,16,TOULOUSE
0120101V,Collège Amans-Joseph Fabre,hors EP,106.5,12.3,169.0,False,False,accord : hors,False,False,accord : hors,False,False,12,AVEYRON,16,TOULOUSE
0120622L,Collège Paul Ramadier,REP,90.1,11.6,83.0,False,False,accord : hors,False,False,accord : hors,False,False,12,AVEYRON,16,TOULOUSE
0120878P,Collège Marcel Aymard,hors EP,101.5,11.6,171.0,False,False,accord : hors,False,False,accord : hors,False,False,12,AVEYRON,16,TOULOUSE
0121133S,Collège Jean Moulin,hors EP,107.9,12.2,98.0,False,False,accord : hors,False,False,accord : hors,False,False,12,AVEYRON,16,TOULOUSE
0121176N,Collège Louis Denayrouze,hors EP,104.0,11.9,62.0,False,False,accord : hors,False,False,accord : hors,False,False,12,AVEYRON,16,TOULOUSE
0121213D,Collège Carco,hors EP,97.6,10.2,140.0,False,False,accord : hors,False,False,accord : hors,False,False,12,AVEYRON,16,TOULOUSE
0121273U,Collège Les Quatre Saisons,hors EP,96.1,11.9,101.0,False,False,accord : hors,False,False,accord : hors,False,False,12,AVEYRON,16,TOULOUSE
0121295T,Collège de la Viadène,hors EP,103.6,11.7,28.0,False,False,accord : hors,False,False,accord : hors,False,False,12,AVEYRON,16,TOULOUSE
0121297V,Collège Jean Jaurès,hors EP,100.5,10.5,77.0,False,False,accord : hors,False,False,accord : hors,False,False,12,AVEYRON,16,TOULOUSE
0130007M,Collège Muriel Hurtis (anciennement Jas de Bouffan),REP,81.0,7.8,94.0,True,True,accord : à classer,True,True,accord : à classer,False,False,13,BOUCHES-DU-RHONE,2,AIX-MARSEILLE
0130022D,Collège Alice Guy (anciennement Virebelle),hors EP,109.8,10.1,144.0,False,False,accord : hors,False,False,accord : hors,False,False,13,BOUCHES-DU-RHONE,2,AIX-MARSEILLE
0130028K,Collège Denis Moustier,hors EP,123.5,11.6,250.0,False,False,accord : hors,False,False,accord : hors,False,False,13,BOUCHES-DU-RHONE,2,AIX-MARSEILLE
0130032P,Collège Collines Durance,hors EP,114.8,11.3,142.0,False,False,accord : hors,False,False,accord : hors,False,False,13,BOUCHES-DU-RHONE,2,AIX-MARSEILLE
0130079R,Collège Chape,hors EP,130.2,11.8,113.0,False,False,accord : hors,False,False,accord : hors,False,False,13,BOUCHES-DU-RHONE,2,AIX-MARSEILLE
0130084W,Collège Grande Bastide,hors EP,103.3,10.0,84.0,False,False,accord : hors,False,False,accord : hors,False,False,13,BOUCHES-DU-RHONE,2,AIX-MARSEILLE
0130093F,Collège Ariane Ascaride (anciennement Fraissinet),hors EP,98.0,10.5,119.0,False,False,accord : hors,False,False,accord : hors,False,False,13,BOUCHES-DU-RHONE,2,AIX-MARSEILLE
0130110Z,Collège Jean Malrieu,hors EP,111.1,11.6,99.0,False,False,accord : hors,False,False,accord : hors,False,False,13,BOUCHES-DU-RHONE,2,AIX-MARSEILLE
0130136C,Collège Vieux port,REP+,77.3,8.0,47.0,True,True,accord : à classer,True,True,accord : à classer,False,False,13,BOUCHES-DU-RHONE,2,AIX-MARSEILLE
0130139F,Collège Coin Joli Sévigné,hors EP,87.1,9.7,73.0,True,False,IPS seul,True,False,IPS seul,False,False,13,BOUCHES-DU-RHONE,2,AIX-MARSEILLE
0130156Z,Collège Louis Aragon,hors EP,122.0,11.5,174.0,False,False,accord : hors,False,False,accord : hors,False,False,13,BOUCHES-DU-RHONE,2,AIX-MARSEILLE
0130158B,Collège René Seyssaud,hors EP,113.9,11.6,88.0,False,False,accord : hors,False,False,accord : hors,False,False,13,BOUCHES-DU-RHONE,2,AIX-MARSEILLE
0130163G,Collège Joseph d'Arbaud,hors EP,98.8,9.4,120.0,False,False,accord : hors,False,True,note seule,False,False,13,BOUCHES-DU-RHONE,2,AIX-MARSEILLE
0130166K,Collège les Hauts de l'Arc,hors EP,112.5,12.6,111.0,False,False,accord : hors,False,False,accord : hors,False,False,13,BOUCHES-DU-RHONE,2,AIX-MARSEILLE
0131259Y,Collège Jean Guéhenno,hors EP,120.6,11.5,134.0,False,False,accord : hors,False,False,accord : hors,False,False,13,BOUCHES-DU-RHONE,2,AIX-MARSEILLE
0131260Z,Collège Edmond Rostand,REP+,71.4,8.0,86.0,True,True,accord : à classer,True,True,accord : à classer,False,False,13,BOUCHES-DU-RHONE,2,AIX-MARSEILLE
0131261A,Collège Auguste Renoir,REP+,70.2,8.5,98.0,True,True,accord : à classer,True,True,accord : à classer,False,False,13,BOUCHES-DU-RHONE,2,AIX-MARSEILLE
0131262B,Collège Jacques Prévert,REP+,76.6,7.6,114.0,True,True,accord : à classer,True,True,accord : à classer,False,False,13,BOUCHES-DU-RHONE,2,AIX-MARSEILLE
0131264D,Collège Joséphine BAKER,REP+,75.7,8.0,107.0,True,True,accord : à classer,True,True,accord : à classer,False,False,13,BOUCHES-DU-RHONE,2,AIX-MARSEILLE
0131265E,Collège Jean Moulin,REP,78.4,8.0,110.0,True,True,accord : à classer,True,True,accord : à classer,False,False,13,BOUCHES-DU-RHONE,2,AIX-MARSEILLE
0131266F,Collège Nathalie Sarraute,hors EP,102.2,10.2,136.0,False,False,accord : hors,False,False,accord : hors,False,False,13,BOUCHES-DU-RHONE,2,AIX-MARSEILLE
0131548M,Collège Sylvain Menu,hors EP,115.5,12.5,143.0,False,False,accord : hors,False,False,accord : hors,False,False,13,BOUCHES-DU-RHONE,2,AIX-MARSEILLE
0131602W,Collège du Roy d'Espagne,hors EP,94.1,9.7,147.0,False,False,accord : hors,False,False,accord : hors,False,False,13,BOUCHES-DU-RHONE,2,AIX-MARSEILLE
0131603X,Collège Adolphe Monticelli,hors EP,112.1,10.7,105.0,False,False,accord : hors,False,False,accord : hors,False,False,13,BOUCHES-DU-RHONE,2,AIX-MARSEILLE
0131604Y,Collège Henri Wallon,REP+,66.8,7.6,111.0,True,True,accord : à classer,True,True,accord : à classer,False,False,13,BOUCHES-DU-RHONE,2,AIX-MARSEILLE
0131605Z,Collège Henri Barnier,REP+,63.3,8.7,97.0,True,True,accord : à classer,True,True,accord : à classer,False,False,13,BOUCHES-DU-RHONE,2,AIX-MARSEILLE
0131607B,Collège Georges Brassens,hors EP,100.3,8.9,172.0,False,True,note seule,False,True,note seule,False,False,13,BOUCHES-DU-RHONE,2,AIX-MARSEILLE
0131608C,Collège Émilie de Mirabeau,hors EP,98.3,9.4,166.0,False,False,accord : hors,False,True,note seule,False,False,13,BOUCHES-DU-RHONE,2,AIX-MARSEILLE
0131609D,Collège Frédéric Mistral,hors EP,103.9,10.3,118.0,False,False,accord : hors,False,False,accord : hors,False,False,13,BOUCHES-DU-RHONE,2,AIX-MARSEILLE
0131610E,Collège Vincent Van Gogh,REP,84.8,9.3,159.0,True,True,accord : à classer,True,True,accord : à classer,False,True,13,BOUCHES-DU-RHONE,2,AIX-MARSEILLE
0131611F,Collège René Cassin,REP,82.4,8.9,156.0,True,True,accord : à classer,True,True,accord : à classer,False,False,13,BOUCHES-DU-RHONE,2,AIX-MARSEILLE
0131622T,Collège Joseph Lakanal,hors EP,103.7,9.8,163.0,False,False,accord : hors,False,False,accord : hors,False,False,13,BOUCHES-DU-RHONE,2,AIX-MARSEILLE
0131700C,Collège Pesquier,hors EP,108.4,10.7,148.0,False,False,accord : hors,False,False,accord : hors,False,False,13,BOUCHES-DU-RHONE,2,AIX-MARSEILLE
0131701D,Collège Gabriel Péri,REP,96.2,9.2,88.0,False,True,note seule,False,True,note seule,False,False,13,BOUCHES-DU-RHONE,2,AIX-MARSEILLE
0131703F,Collège Édouard Manet,REP+,63.5,7.8,84.0,True,True,accord : à classer,True,True,accord : à classer,False,False,13,BOUCHES-DU-RHONE,2,AIX-MARSEILLE
0131704G,Collège Arthur Rimbaud,REP+,64.6,7.7,94.0,True,True,accord : à classer,True,True,accord : à classer,False,False,13,BOUCHES-DU-RHONE,2,AIX-MARSEILLE
0131705H,Collège Fernand Léger,REP,88.7,9.5,151.0,True,False,IPS seul,False,False,accord : hors,False,False,13,BOUCHES-DU-RHONE,2,AIX-MARSEILLE
0131706J,Collège Commandant Cousteau,hors EP,108.2,9.7,182.0,False,False,accord : hors,False,False,accord : hors,False,False,13,BOUCHES-DU-RHONE,2,AIX-MARSEILLE
0131707K,Collège Gérard Philipe,hors EP,100.2,9.7,112.0,False,False,accord : hors,False,False,accord : hors,False,False,13,BOUCHES-DU-RHONE,2,AIX-MARSEILLE
0131711P,Collège Rocher du Dragon,hors EP,124.1,11.8,139.0,False,False,accord : hors,False,False,accord : hors,False,False,13,BOUCHES-DU-RHONE,2,AIX-MARSEILLE
0131712R,Collège Arc de Meyran,hors EP,111.3,11.0,203.0,False,False,accord : hors,False,False,accord : hors,False,False,13,BOUCHES-DU-RHONE,2,AIX-MARSEILLE
0131723C,Collège Jean Jaurès,hors EP,112.9,11.4,96.0,False,False,accord : hors,False,False,accord : hors,False,False,13,BOUCHES-DU-RHONE,2,AIX-MARSEILLE
0131746C,Collège Robert Morel,hors EP,100.1,10.3,152.0,False,False,accord : hors,False,False,accord : hors,False,False,13,BOUCHES-DU-RHONE,2,AIX-MARSEILLE
0131750G,Collège Louis Armand,hors EP,92.5,9.6,141.0,False,False,accord : hors,False,False,accord : hors,False,False,13,BOUCHES-DU-RHONE,2,AIX-MARSEILLE
0131756N,Collège Darius Milhaud,hors EP,86.4,8.1,128.0,True,True,accord : à classer,True,True,accord : à classer,False,False,13,BOUCHES-DU-RHONE,2,AIX-MARSEILLE
0131757P,Collège L'Estaque,REP,93.3,8.5,139.0,False,True,note seule,False,True,note seule,False,False,13,BOUCHES-DU-RHONE,2,AIX-MARSEILLE
0131789Z,Collège Henri Wallon,hors EP,89.9,11.2,103.0,False,False,accord : hors,False,False,accord : hors,False,False,13,BOUCHES-DU-RHONE,2,AIX-MARSEILLE
0131881Z,Collège Simone Veil,hors EP,102.1,10.4,242.0,False,False,accord : hors,False,False,accord : hors,False,False,13,BOUCHES-DU-RHONE,2,AIX-MARSEILLE
0131883B,Collège Jean Jaurès,hors EP,110.3,9.9,112.0,False,False,accord : hors,False,False,accord : hors,False,False,13,BOUCHES-DU-RHONE,2,AIX-MARSEILLE
0131884C,Collège Belle de Mai,REP+,71.4,7.8,128.0,True,True,accord : à classer,True,True,accord : à classer,False,False,13,BOUCHES-DU-RHONE,2,AIX-MARSEILLE
0131885D,Collège Katherine Johnson ( anciennement Vallon des Pins),REP+,65.1,6.6,130.0,True,True,accord : à classer,True,True,accord : à classer,False,False,13,BOUCHES-DU-RHONE,2,AIX-MARSEILLE
0131887F,Collège Elsa Triolet,REP+,78.1,8.7,84.0,True,True,accord : à classer,True,True,accord : à classer,False,False,13,BOUCHES-DU-RHONE,2,AIX-MARSEILLE
0131888G,Collège Alain Savary,hors EP,101.6,10.0,145.0,False,False,accord : hors,False,False,accord : hors,False,False,13,BOUCHES-DU-RHONE,2,AIX-MARSEILLE
0131922U,Collège les Bartavelles,hors EP,83.7,8.4,138.0,True,True,accord : à classer,True,True,accord : à classer,False,False,13,BOUCHES-DU-RHONE,2,AIX-MARSEILLE
0131923V,Collège Marseilleveyre,hors EP,128.1,13.0,283.0,False,False,accord : hors,False,False,accord : hors,False,False,13,BOUCHES-DU-RHONE,2,AIX-MARSEILLE
0131927Z,Collège Honoré Daumier,hors EP,117.9,12.2,161.0,False,False,accord : hors,False,False,accord : hors,False,False,13,BOUCHES-DU-RHONE,2,AIX-MARSEILLE
0131931D,Collège Thiers,hors EP,107.4,12.6,98.0,False,False,accord : hors,False,False,accord : hors,False,False,13,BOUCHES-DU-RHONE,2,AIX-MARSEILLE
0131932E,Collège Jean De Bernardy (anciennement Longchamp),hors EP,103.3,10.8,190.0,False,False,accord : hors,False,False,accord : hors,False,False,13,BOUCHES-DU-RHONE,2,AIX-MARSEILLE
0131935H,Collège Edgar Quinet,REP+,70.7,8.4,91.0,True,True,accord : à classer,True,True,accord : à classer,False,False,13,BOUCHES-DU-RHONE,2,AIX-MARSEILLE
0131943S,Collège Pierre Puget,hors EP,102.2,10.6,175.0,False,False,accord : hors,False,False,accord : hors,False,False,13,BOUCHES-DU-RHONE,2,AIX-MARSEILLE
0131968U,Collège des Caillols,hors EP,90.4,8.7,118.0,False,True,note seule,False,True,note seule,False,False,13,BOUCHES-DU-RHONE,2,AIX-MARSEILLE
0132007L,Collège Jacques Prévert,REP,75.2,8.5,149.0,True,True,accord : à classer,True,True,accord : à classer,False,False,13,BOUCHES-DU-RHONE,2,AIX-MARSEILLE
0132009N,Collège Gisèle Halimi,hors EP,112.0,10.1,126.0,False,False,accord : hors,False,False,accord : hors,False,False,13,BOUCHES-DU-RHONE,2,AIX-MARSEILLE
0132204A,Collège Pont de Vivaux,REP,76.0,8.5,92.0,True,True,accord : à classer,True,True,accord : à classer,False,False,13,BOUCHES-DU-RHONE,2,AIX-MARSEILLE
0132205B,Collège Gaston Defferre,hors EP,114.0,11.3,97.0,False,False,accord : hors,False,False,accord : hors,False,False,13,BOUCHES-DU-RHONE,2,AIX-MARSEILLE
0132207D,Collège Jules Massenet,REP+,67.9,7.2,125.0,True,True,accord : à classer,True,True,accord : à classer,False,False,13,BOUCHES-DU-RHONE,2,AIX-MARSEILLE
0132208E,Collège Marcel Pagnol,REP,82.7,8.9,94.0,True,True,accord : à classer,True,True,accord : à classer,False,False,13,BOUCHES-DU-RHONE,2,AIX-MARSEILLE
0132212J,Collège Frédéric Mistral,REP+,75.7,6.6,65.0,True,True,accord : à classer,True,True,accord : à classer,False,False,13,BOUCHES-DU-RHONE,2,AIX-MARSEILLE
0132214L,Collège Henri Fabre,REP+,72.6,8.9,112.0,True,True,accord : à classer,True,True,accord : à classer,False,False,13,BOUCHES-DU-RHONE,2,AIX-MARSEILLE
0132217P,Collège Mont-Sauvy,REP,94.6,10.0,138.0,False,False,accord : hors,False,False,accord : hors,False,False,13,BOUCHES-DU-RHONE,2,AIX-MARSEILLE
0132310R,Collège Gyptis,hors EP,107.2,9.7,122.0,False,False,accord : hors,False,False,accord : hors,False,False,13,BOUCHES-DU-RHONE,2,AIX-MARSEILLE
0132311S,Collège Louis Pasteur,hors EP,85.2,9.4,109.0,True,False,IPS seul,True,True,accord : à classer,False,False,13,BOUCHES-DU-RHONE,2,AIX-MARSEILLE
0132312T,Collège André Malraux,hors EP,109.4,11.3,210.0,False,False,accord : hors,False,False,accord : hors,False,False,13,BOUCHES-DU-RHONE,2,AIX-MARSEILLE
0132313U,Collège Stéphane Mallarmé,REP+,70.7,8.0,74.0,True,True,accord : à classer,True,True,accord : à classer,False,False,13,BOUCHES-DU-RHONE,2,AIX-MARSEILLE
0132314V,Collège Jean Giono,REP,84.6,9.0,160.0,True,True,accord : à classer,True,True,accord : à classer,False,False,13,BOUCHES-DU-RHONE,2,AIX-MARSEILLE
0132315W,Collège Françoise Duparc ( anciennement les Chartreux),hors EP,85.0,9.3,113.0,True,True,accord : à classer,True,True,accord : à classer,False,True,13,BOUCHES-DU-RHONE,2,AIX-MARSEILLE
0132318Z,Collège Elie Coutarel,hors EP,105.0,10.4,167.0,False,False,accord : hors,False,False,accord : hors,False,False,13,BOUCHES-DU-RHONE,2,AIX-MARSEILLE
0132322D,Collège Paul Éluard,REP,88.1,10.3,124.0,True,False,IPS seul,False,False,accord : hors,False,False,13,BOUCHES-DU-RHONE,2,AIX-MARSEILLE
0132323E,Collège Maximilien Robespierre,REP,86.1,8.7,104.0,True,True,accord : à classer,True,True,accord : à classer,False,False,13,BOUCHES-DU-RHONE,2,AIX-MARSEILLE
0132324F,Collège les Gorguettes,hors EP,115.5,10.7,160.0,False,False,accord : hors,False,False,accord : hors,False,False,13,BOUCHES-DU-RHONE,2,AIX-MARSEILLE
0132325G,Collège André Campra,hors EP,119.2,10.8,105.0,False,False,accord : hors,False,False,accord : hors,False,False,13,BOUCHES-DU-RHONE,2,AIX-MARSEILLE
0132326H,Collège Albert Camus,hors EP,95.3,10.8,120.0,False,False,accord : hors,False,False,accord : hors,False,False,13,BOUCHES-DU-RHONE,2,AIX-MARSEILLE
0132327J,Collège Miramaris,REP+,75.1,9.0,85.0,True,True,accord : à classer,True,True,accord : à classer,False,False,13,BOUCHES-DU-RHONE,2,AIX-MARSEILLE
0132401P,Collège Château Forbin,hors EP,97.6,8.9,90.0,False,True,note seule,False,True,note seule,False,False,13,BOUCHES-DU-RHONE,2,AIX-MARSEILLE
0132402R,Collège Le Ruissatel,hors EP,117.8,11.0,202.0,False,False,accord : hors,False,False,accord : hors,False,False,13,BOUCHES-DU-RHONE,2,AIX-MARSEILLE
0132403S,Collège François Villon,REP,83.5,10.5,84.0,True,False,IPS seul,True,False,IPS seul,False,False,13,BOUCHES-DU-RHONE,2,AIX-MARSEILLE
0132404T,Collège Clair Soleil,REP+,65.2,8.2,88.0,True,True,accord : à classer,True,True,accord : à classer,False,False,13,BOUCHES-DU-RHONE,2,AIX-MARSEILLE
0132407W,Collège Jean Moulin,REP+,64.1,8.7,71.0,True,True,accord : à classer,True,True,accord : à classer,False,False,13,BOUCHES-DU-RHONE,2,AIX-MARSEILLE
0132408X,Collège Jules Ferry,REP+,67.8,7.8,97.0,True,True,accord : à classer,True,True,accord : à classer,False,False,13,BOUCHES-DU-RHONE,2,AIX-MARSEILLE
0132409Y,Collège Alphonse Daudet,REP,84.2,9.5,134.0,True,False,IPS seul,True,False,IPS seul,False,False,13,BOUCHES-DU-RHONE,2,AIX-MARSEILLE
0132411A,Collège Henri Bosco,hors EP,101.4,11.1,156.0,False,False,accord : hors,False,False,accord : hors,False,False,13,BOUCHES-DU-RHONE,2,AIX-MARSEILLE
0132412B,Collège Lou Garlaban,REP,93.4,9.9,143.0,False,False,accord : hors,False,False,accord : hors,False,False,13,BOUCHES-DU-RHONE,2,AIX-MARSEILLE
0132491M,Collège Alexandre Dumas,REP+,72.1,8.2,104.0,True,True,accord : à classer,True,True,accord : à classer,False,False,13,BOUCHES-DU-RHONE,2,AIX-MARSEILLE
0132494R,Collège Claudie Haigneré (anciennement les Amandeirets),hors EP,102.9,9.8,200.0,False,False,accord : hors,False,False,accord : hors,False,False,13,BOUCHES-DU-RHONE,2,AIX-MARSEILLE
0132496T,Collège Honoré Daumier,hors EP,96.7,10.0,122.0,False,False,accord : hors,False,False,accord : hors,False,False,13,BOUCHES-DU-RHONE,2,AIX-MARSEILLE
0132497U,Collège La Carraire,hors EP,90.3,9.8,99.0,False,False,accord : hors,False,False,accord : hors,False,False,13,BOUCHES-DU-RHONE,2,AIX-MARSEILLE
0132561N,Collège Anatole France,REP,78.7,9.8,77.0,True,False,IPS seul,True,False,IPS seul,False,False,13,BOUCHES-DU-RHONE,2,AIX-MARSEILLE
0132565T,Collège Jacques Monod,hors EP,116.2,12.0,159.0,False,False,accord : hors,False,False,accord : hors,False,False,13,BOUCHES-DU-RHONE,2,AIX-MARSEILLE
0132568W,Collège Auguste Mignet,hors EP,127.9,11.3,207.0,False,False,accord : hors,False,False,accord : hors,False,False,13,BOUCHES-DU-RHONE,2,AIX-MARSEILLE
0132572A,Collège Ampère,REP+,82.8,9.2,144.0,True,True,accord : à classer,True,True,accord : à classer,False,False,13,BOUCHES-DU-RHONE,2,AIX-MARSEILLE
0132573B,Collège Glanum,hors EP,108.1,10.7,175.0,False,False,accord : hors,False,False,accord : hors,False,False,13,BOUCHES-DU-RHONE,2,AIX-MARSEILLE
0132634T,Collège André Malraux,hors EP,96.3,9.7,172.0,False,False,accord : hors,False,False,accord : hors,False,False,13,BOUCHES-DU-RHONE,2,AIX-MARSEILLE
0132730X,Collège Pytheas,REP+,63.3,7.8,96.0,True,True,accord : à classer,True,True,accord : à classer,False,False,13,BOUCHES-DU-RHONE,2,AIX-MARSEILLE
0132732Z,Collège André Chénier,hors EP,112.9,11.0,142.0,False,False,accord : hors,False,False,accord : hors,False,False,13,BOUCHES-DU-RHONE,2,AIX-MARSEILLE
0132785G,Collège Rosa Parks,REP+,63.0,6.0,95.0,True,True,accord : à classer,True,True,accord : à classer,False,False,13,BOUCHES-DU-RHONE,2,AIX-MARSEILLE
0132786H,Collège les Matagots,hors EP,112.4,10.5,165.0,False,False,accord : hors,False,False,accord : hors,False,False,13,BOUCHES-DU-RHONE,2,AIX-MARSEILLE
0132833J,Collège Georges Brassens,hors EP,134.0,13.3,175.0,False,False,accord : hors,False,False,accord : hors,False,False,13,BOUCHES-DU-RHONE,2,AIX-MARSEILLE
0132834K,Collège Charles Rieu,hors EP,107.6,11.1,275.0,False,False,accord : hors,False,False,accord : hors,False,False,13,BOUCHES-DU-RHONE,2,AIX-MARSEILLE
0132973L,Collège Nina SIMONE,hors EP,118.2,12.4,138.0,False,False,accord : hors,False,False,accord : hors,False,False,13,BOUCHES-DU-RHONE,2,AIX-MARSEILLE
0133016H,Collège Louis Leprince- Ringuet,hors EP,126.4,11.4,155.0,False,False,accord : hors,False,False,accord : hors,False,False,13,BOUCHES-DU-RHONE,2,AIX-MARSEILLE
0133114P,Collège Roger Carcassonne,hors EP,120.9,11.3,159.0,False,False,accord : hors,False,False,accord : hors,False,False,13,BOUCHES-DU-RHONE,2,AIX-MARSEILLE
0133115R,Collège Marie Mauron,hors EP,139.6,12.7,161.0,False,False,accord : hors,False,False,accord : hors,False,False,13,BOUCHES-DU-RHONE,2,AIX-MARSEILLE
0133196D,Collège Simone de Beauvoir,hors EP,115.8,11.1,162.0,False,False,accord : hors,False,False,accord : hors,False,False,13,BOUCHES-DU-RHONE,2,AIX-MARSEILLE
0133203L,Collège Louis Pasteur,hors EP,101.0,10.4,131.0,False,False,accord : hors,False,False,accord : hors,False,False,13,BOUCHES-DU-RHONE,2,AIX-MARSEILLE
0133243E,Collège Font d'Aurumy,hors EP,120.0,12.5,219.0,False,False,accord : hors,False,False,accord : hors,False,False,13,BOUCHES-DU-RHONE,2,AIX-MARSEILLE
0133287C,Collège Florence Arthaud ( anciennement les Garrigues),hors EP,123.2,11.4,132.0,False,False,accord : hors,False,False,accord : hors,False,False,13,BOUCHES-DU-RHONE,2,AIX-MARSEILLE
0133351X,Collège Jean de La Fontaine,hors EP,119.3,11.3,171.0,False,False,accord : hors,False,False,accord : hors,False,False,13,BOUCHES-DU-RHONE,2,AIX-MARSEILLE
0133352Y,Collège Camille Claudel,REP,91.2,10.5,98.0,False,False,accord : hors,False,False,accord : hors,False,False,13,BOUCHES-DU-RHONE,2,AIX-MARSEILLE
0133353Z,Collège Roquepertuse,hors EP,132.9,12.6,205.0,False,False,accord : hors,False,False,accord : hors,False,False,13,BOUCHES-DU-RHONE,2,AIX-MARSEILLE
0133381E,Collège Le Petit Prince,hors EP,108.4,9.7,178.0,False,False,accord : hors,False,False,accord : hors,False,False,13,BOUCHES-DU-RHONE,2,AIX-MARSEILLE
0133449D,Collège Pierre Matraja,hors EP,123.3,11.6,191.0,False,False,accord : hors,False,False,accord : hors,False,False,13,BOUCHES-DU-RHONE,2,AIX-MARSEILLE
0133451F,Collège Jean Zay,hors EP,125.7,11.6,150.0,False,False,accord : hors,False,False,accord : hors,False,False,13,BOUCHES-DU-RHONE,2,AIX-MARSEILLE
0133490Y,Collège Yves Montand,hors EP,121.3,11.0,223.0,False,False,accord : hors,False,False,accord : hors,False,False,13,BOUCHES-DU-RHONE,2,AIX-MARSEILLE
0133492A,Collège Jean Bernard,hors EP,106.9,10.2,170.0,False,False,accord : hors,False,False,accord : hors,False,False,13,BOUCHES-DU-RHONE,2,AIX-MARSEILLE
0133510V,Collège Ubelka,hors EP,122.6,11.2,166.0,False,False,accord : hors,False,False,accord : hors,False,False,13,BOUCHES-DU-RHONE,2,AIX-MARSEILLE
0133621R,Collège Françoise Dolto,hors EP,103.9,11.0,116.0,False,False,accord : hors,False,False,accord : hors,False,False,13,BOUCHES-DU-RHONE,2,AIX-MARSEILLE
0133665N,Collège Olympe de Gouges,hors EP,116.8,11.2,131.0,False,False,accord : hors,False,False,accord : hors,False,False,13,BOUCHES-DU-RHONE,2,AIX-MARSEILLE
0133765X,Collège Marc Ferrandi,hors EP,79.6,9.3,103.0,True,True,accord : à classer,True,True,accord : à classer,False,True,13,BOUCHES-DU-RHONE,2,AIX-MARSEILLE
0133775H,Collège Marie Laurencin,REP+,70.3,8.0,56.0,True,True,accord : à classer,True,True,accord : à classer,False,False,13,BOUCHES-DU-RHONE,2,AIX-MARSEILLE
0133788X,Collège Jean-Claude Izzo,REP+,67.9,8.8,124.0,True,True,accord : à classer,True,True,accord : à classer,False,False,13,BOUCHES-DU-RHONE,2,AIX-MARSEILLE
0133789Y,Collège François Mitterrand,hors EP,129.2,12.2,109.0,False,False,accord : hors,False,False,accord : hors,False,False,13,BOUCHES-DU-RHONE,2,AIX-MARSEILLE
0133790Z,Collège Lucie Aubrac,hors EP,116.4,11.9,124.0,False,False,accord : hors,False,False,accord : hors,False,False,13,BOUCHES-DU-RHONE,2,AIX-MARSEILLE
0133881Y,Collège Germaine Tillion,hors EP,96.9,9.8,135.0,False,False,accord : hors,False,False,accord : hors,False,False,13,BOUCHES-DU-RHONE,2,AIX-MARSEILLE
0133992U,Collège Louis Philibert,hors EP,113.2,11.5,102.0,False,False,accord : hors,False,False,accord : hors,False,False,13,BOUCHES-DU-RHONE,2,AIX-MARSEILLE
0134022B,Collège Louise Michel,REP,79.3,9.6,81.0,True,False,IPS seul,True,False,IPS seul,False,False,13,BOUCHES-DU-RHONE,2,AIX-MARSEILLE
0134094E,Collège Sophie Germain,hors EP,120.6,11.4,164.0,False,False,accord : hors,False,False,accord : hors,False,False,13,BOUCHES-DU-RHONE,2,AIX-MARSEILLE
0134431W,Collège Caroline AIGLE,hors EP,117.3,11.1,153.0,False,False,accord : hors,False,False,accord : hors,False,False,13,BOUCHES-DU-RHONE,2,AIX-MARSEILLE
0140006F,Collège Charles Letot,hors EP,105.9,11.0,148.0,False,False,accord : hors,False,False,accord : hors,False,False,14,CALVADOS,70,NORMANDIE
0140008H,Collège Val de Souleuvre,hors EP,97.9,9.8,79.0,False,False,accord : hors,False,False,accord : hors,False,False,14,CALVADOS,70,NORMANDIE
0140015R,Collège Pasteur,hors EP,134.6,14.1,120.0,False,False,accord : hors,False,False,accord : hors,False,False,14,CALVADOS,70,NORMANDIE
0140024A,Collège Villey Desmeserets,hors EP,109.3,11.3,122.0,False,False,accord : hors,False,False,accord : hors,False,False,14,CALVADOS,70,NORMANDIE
0140025B,Collège Hastings,hors EP,115.6,11.6,120.0,False,False,accord : hors,False,False,accord : hors,False,False,14,CALVADOS,70,NORMANDIE
0140038R,Collège Les sources d'Aure,hors EP,94.9,11.8,71.0,False,False,accord : hors,False,False,accord : hors,False,False,14,CALVADOS,70,NORMANDIE
0140041U,Collège Quintefeuille,hors EP,111.0,11.0,116.0,False,False,accord : hors,False,False,accord : hors,False,False,14,CALVADOS,70,NORMANDIE
0140042V,Collège Jean de la Varende,hors EP,117.7,11.7,97.0,False,False,accord : hors,False,False,accord : hors,False,False,14,CALVADOS,70,NORMANDIE
0140049C,Collège Clément Marot,hors EP,120.9,11.2,116.0,False,False,accord : hors,False,False,accord : hors,False,False,14,CALVADOS,70,NORMANDIE
0140050D,Collège Louis Pergaud,hors EP,97.9,10.6,68.0,False,False,accord : hors,False,False,accord : hors,False,False,14,CALVADOS,70,NORMANDIE
0140051E,Collège Paul Verlaine,hors EP,117.2,12.3,164.0,False,False,accord : hors,False,False,accord : hors,False,False,14,CALVADOS,70,NORMANDIE
0140067X,Collège Fernand Léger,hors EP,93.1,10.5,51.0,False,False,accord : hors,False,False,accord : hors,False,False,14,CALVADOS,70,NORMANDIE
0140068Y,Collège Guy de Maupassant,hors EP,108.5,11.4,146.0,False,False,accord : hors,False,False,accord : hors,False,False,14,CALVADOS,70,NORMANDIE
0140069Z,Collège Alfred Kastler,hors EP,116.7,11.5,96.0,False,False,accord : hors,False,False,accord : hors,False,False,14,CALVADOS,70,NORMANDIE
0140070A,Collège Boris Vian,hors EP,90.3,9.2,101.0,False,True,note seule,False,True,note seule,False,False,14,CALVADOS,70,NORMANDIE
0140072C,Collège Jean Castel,hors EP,102.7,9.9,116.0,False,False,accord : hors,False,False,accord : hors,False,False,14,CALVADOS,70,NORMANDIE
0140073D,Collège Lottin de Laval,hors EP,95.2,9.7,74.0,False,False,accord : hors,False,False,accord : hors,False,False,14,CALVADOS,70,NORMANDIE
0140075F,Collège Gustave Flaubert,hors EP,106.2,10.8,109.0,False,False,accord : hors,False,False,accord : hors,False,False,14,CALVADOS,70,NORMANDIE
0140077H,Collège Pierre et Marie Curie,hors EP,103.5,10.8,70.0,False,False,accord : hors,False,False,accord : hors,False,False,14,CALVADOS,70,NORMANDIE
0140079K,Collège Jean Vilar,hors EP,98.5,9.7,50.0,False,False,accord : hors,False,False,accord : hors,False,False,14,CALVADOS,70,NORMANDIE
0140081M,Collège du Bois d'Orceau,hors EP,111.6,12.3,106.0,False,False,accord : hors,False,False,accord : hors,False,False,14,CALVADOS,70,NORMANDIE
0140082N,Collège Octave Mirbeau,hors EP,97.1,10.6,47.0,False,False,accord : hors,False,False,accord : hors,False,False,14,CALVADOS,70,NORMANDIE
0140086T,Collège Anne Frank,hors EP,92.6,9.7,51.0,False,False,accord : hors,False,False,accord : hors,False,False,14,CALVADOS,70,NORMANDIE
0140087U,Collège Jacques Prévert,hors EP,122.7,12.8,158.0,False,False,accord : hors,False,False,accord : hors,False,False,14,CALVADOS,70,NORMANDIE
0140088V,Collège Simone Veil,hors EP,106.2,11.4,115.0,False,False,accord : hors,False,False,accord : hors,False,False,14,CALVADOS,70,NORMANDIE
0141135H,Collège Michelet,hors EP,91.2,10.2,102.0,False,False,accord : hors,False,False,accord : hors,False,False,14,CALVADOS,70,NORMANDIE
0141136J,Collège Pierre Varignon,REP,87.6,9.4,64.0,True,False,IPS seul,True,False,IPS seul,False,False,14,CALVADOS,70,NORMANDIE
0141256P,Collège Gisèle Guillemot,hors EP,94.1,10.0,132.0,False,False,accord : hors,False,False,accord : hors,False,False,14,CALVADOS,70,NORMANDIE
0141257R,Collège du Val d'Aure,REP,85.6,10.2,38.0,True,False,IPS seul,True,False,IPS seul,False,False,14,CALVADOS,70,NORMANDIE
0141258S,Collège Dumont d'Urville,hors EP,93.1,10.0,56.0,False,False,accord : hors,False,False,accord : hors,False,False,14,CALVADOS,70,NORMANDIE
0141268C,Collège Guillaume de Normandie,REP,82.7,8.0,141.0,True,True,accord : à classer,True,True,accord : à classer,False,False,14,CALVADOS,70,NORMANDIE
0141270E,Collège Paul Éluard,hors EP,84.5,8.0,41.0,True,True,accord : à classer,True,True,accord : à classer,False,False,14,CALVADOS,70,NORMANDIE
0141271F,Collège Jean Monnet,hors EP,116.1,11.1,117.0,False,False,accord : hors,False,False,accord : hors,False,False,14,CALVADOS,70,NORMANDIE
0141272G,Collège Jacques Prévert,hors EP,89.8,9.6,72.0,False,False,accord : hors,True,False,IPS seul,False,False,14,CALVADOS,70,NORMANDIE
0141273H,Collège Charles Mozin,hors EP,96.1,10.9,46.0,False,False,accord : hors,False,False,accord : hors,False,False,14,CALVADOS,70,NORMANDIE
0141312A,Collège Cingal,hors EP,108.5,10.4,136.0,False,False,accord : hors,False,False,accord : hors,False,False,14,CALVADOS,70,NORMANDIE
0141313B,Collège Henri Brunet,hors EP,108.0,11.4,85.0,False,False,accord : hors,False,False,accord : hors,False,False,14,CALVADOS,70,NORMANDIE
0141315D,Collège Pierre Simon de Laplace,REP,81.8,8.7,51.0,True,True,accord : à classer,True,True,accord : à classer,False,False,14,CALVADOS,70,NORMANDIE
0141363F,Collège Nelson Mandela,REP,80.8,7.6,74.0,True,True,accord : à classer,True,True,accord : à classer,False,False,14,CALVADOS,70,NORMANDIE
0141553M,Collège Stephen Hawking,REP+,88.0,9.3,80.0,True,True,accord : à classer,True,False,IPS seul,False,True,14,CALVADOS,70,NORMANDIE
0141554N,Collège Dunois,hors EP,86.9,9.5,91.0,True,False,IPS seul,True,False,IPS seul,False,False,14,CALVADOS,70,NORMANDIE
0141596J,Collège Jean Moulin,hors EP,117.1,12.7,131.0,False,False,accord : hors,False,False,accord : hors,False,False,14,CALVADOS,70,NORMANDIE
0141597K,Collège Fernand Lechanteur,hors EP,95.8,10.4,129.0,False,False,accord : hors,False,False,accord : hors,False,False,14,CALVADOS,70,NORMANDIE
0141641H,Collège Roger Bellair,hors EP,105.9,9.9,113.0,False,False,accord : hors,False,False,accord : hors,False,False,14,CALVADOS,70,NORMANDIE
0141642J,Collège de la Mine,hors EP,99.3,10.1,71.0,False,False,accord : hors,False,False,accord : hors,False,False,14,CALVADOS,70,NORMANDIE
0141662F,Collège Charles Lemaître,hors EP,100.1,11.5,92.0,False,False,accord : hors,False,False,accord : hors,False,False,14,CALVADOS,70,NORMANDIE
0141684E,Collège Montgomeri,hors EP,110.4,11.7,123.0,False,False,accord : hors,False,False,accord : hors,False,False,14,CALVADOS,70,NORMANDIE
0141762P,Collège Alain Chartier,hors EP,104.5,10.7,104.0,False,False,accord : hors,False,False,accord : hors,False,False,14,CALVADOS,70,NORMANDIE
0141763R,Collège André Maurois,hors EP,112.9,10.6,55.0,False,False,accord : hors,False,False,accord : hors,False,False,14,CALVADOS,70,NORMANDIE
0141764S,Collège des Douits,hors EP,102.7,11.8,158.0,False,False,accord : hors,False,False,accord : hors,False,False,14,CALVADOS,70,NORMANDIE
0141765T,Collège Alphonse Allais,hors EP,105.1,9.7,103.0,False,False,accord : hors,False,False,accord : hors,False,False,14,CALVADOS,70,NORMANDIE
0141766U,Collège Marcel Gambier,hors EP,109.0,10.6,147.0,False,False,accord : hors,False,False,accord : hors,False,False,14,CALVADOS,70,NORMANDIE
0141767V,Collège Maupas,hors EP,98.6,10.5,125.0,False,False,accord : hors,False,False,accord : hors,False,False,14,CALVADOS,70,NORMANDIE
0141816Y,Collège Jacques Monod,hors EP,109.2,11.1,124.0,False,False,accord : hors,False,False,accord : hors,False,False,14,CALVADOS,70,NORMANDIE
0141940H,Collège Langevin Wallon,hors EP,104.4,10.6,78.0,False,False,accord : hors,False,False,accord : hors,False,False,14,CALVADOS,70,NORMANDIE
0141964J,Collège Émile Zola,hors EP,101.2,9.8,107.0,False,False,accord : hors,False,False,accord : hors,False,False,14,CALVADOS,70,NORMANDIE
0142271T,Collège Léopold Sédar Senghor,hors EP,106.0,10.6,172.0,False,False,accord : hors,False,False,accord : hors,False,False,14,CALVADOS,70,NORMANDIE
0150005Z,Collège La Jordanne,hors EP,95.7,10.4,75.0,False,False,accord : hors,False,False,accord : hors,False,False,15,CANTAL,6,CLERMONT-FERRAND
0150010E,Collège Louis Pasteur,hors EP,99.2,10.9,24.0,False,False,accord : hors,False,False,accord : hors,False,False,15,CANTAL,6,CLERMONT-FERRAND
0150011F,Collège Georges Pompidou,hors EP,99.2,12.6,20.0,False,False,accord : hors,False,False,accord : hors,False,False,15,CANTAL,6,CLERMONT-FERRAND
0150013H,Collège du Val de Cère,hors EP,100.4,10.4,26.0,False,False,accord : hors,False,False,accord : hors,False,False,15,CANTAL,6,CLERMONT-FERRAND
0150014J,Collège Pierre Galéry,hors EP,98.5,10.5,28.0,False,False,accord : hors,False,False,accord : hors,False,False,15,CANTAL,6,CLERMONT-FERRAND
0150016L,Collège du Méridien,hors EP,103.2,10.7,56.0,False,False,accord : hors,False,False,accord : hors,False,False,15,CANTAL,6,CLERMONT-FERRAND
0150018N,Collège des Portes du midi,hors EP,97.1,10.7,42.0,False,False,accord : hors,False,False,accord : hors,False,False,15,CANTAL,6,CLERMONT-FERRAND
0150020R,Collège Marcellin Boule,hors EP,102.4,11.7,25.0,False,False,accord : hors,False,False,accord : hors,False,False,15,CANTAL,6,CLERMONT-FERRAND
0150023U,Collège Georges Pompidou,hors EP,106.4,12.2,23.0,False,False,accord : hors,False,False,accord : hors,False,False,15,CANTAL,6,CLERMONT-FERRAND
0150027Y,Collège Georges Bataille,hors EP,98.9,12.1,34.0,False,False,accord : hors,False,False,accord : hors,False,False,15,CANTAL,6,CLERMONT-FERRAND
0150028Z,Collège Henri Mondor,hors EP,99.8,10.4,30.0,False,False,accord : hors,False,False,accord : hors,False,False,15,CANTAL,6,CLERMONT-FERRAND
0150029A,Collège Blaise Pascal,hors EP,99.2,11.5,70.0,False,False,accord : hors,False,False,accord : hors,False,False,15,CANTAL,6,CLERMONT-FERRAND
0150033E,Collège Jean de la Fontaine,hors EP,108.6,10.6,37.0,False,False,accord : hors,False,False,accord : hors,False,False,15,CANTAL,6,CLERMONT-FERRAND
0150034F,Collège Georges Brassens,hors EP,98.0,10.7,43.0,False,False,accord : hors,False,False,accord : hors,False,False,15,CANTAL,6,CLERMONT-FERRAND
0150581A,Collège Jean Dauzié,hors EP,102.9,11.6,53.0,False,False,accord : hors,False,False,accord : hors,False,False,15,CANTAL,6,CLERMONT-FERRAND
0150639N,Collège Jeanne de la Treilhe,hors EP,115.9,14.0,52.0,False,False,accord : hors,False,False,accord : hors,False,False,15,CANTAL,6,CLERMONT-FERRAND
0150647X,Collège Jules Ferry,hors EP,114.3,12.5,119.0,False,False,accord : hors,False,False,accord : hors,False,False,15,CANTAL,6,CLERMONT-FERRAND
0150666T,Collège La Vigière,hors EP,101.5,11.8,65.0,False,False,accord : hors,False,False,accord : hors,False,False,15,CANTAL,6,CLERMONT-FERRAND
0150729L,Collège La Ponétie,hors EP,102.9,12.2,85.0,False,False,accord : hors,False,False,accord : hors,False,False,15,CANTAL,6,CLERMONT-FERRAND
0160001P,Collège de l'Osme,hors EP,91.5,8.7,33.0,False,True,note seule,False,True,note seule,False,False,16,CHARENTE,13,POITIERS
0160005U,Collège Jules Michelet,hors EP,111.4,11.1,79.0,False,False,accord : hors,False,False,accord : hors,False,False,16,CHARENTE,13,POITIERS
0160012B,Collège Alfred de Vigny,hors EP,101.1,10.8,35.0,False,False,accord : hors,False,False,accord : hors,False,False,16,CHARENTE,13,POITIERS
0160015E,Collège Théodore Rancy,hors EP,92.9,10.2,34.0,False,False,accord : hors,False,False,accord : hors,False,False,16,CHARENTE,13,POITIERS
0160016F,Collège Argentor,hors EP,91.5,10.7,26.0,False,False,accord : hors,False,False,accord : hors,False,False,16,CHARENTE,13,POITIERS
0160024P,Collège Élisabeth et Robert Badinter,hors EP,101.6,10.3,129.0,False,False,accord : hors,False,False,accord : hors,False,False,16,CHARENTE,13,POITIERS
0160027T,Collège Jean Lartaut,hors EP,103.7,10.7,107.0,False,False,accord : hors,False,False,accord : hors,False,False,16,CHARENTE,13,POITIERS
0160029V,Collège Alfred Renoleau,hors EP,96.0,10.1,62.0,False,False,accord : hors,False,False,accord : hors,False,False,16,CHARENTE,13,POITIERS
0160030W,Collège François Mitterrand,hors EP,105.2,11.6,47.0,False,False,accord : hors,False,False,accord : hors,False,False,16,CHARENTE,13,POITIERS
0160031X,Collège le Petit Mairat,hors EP,93.9,12.4,26.0,False,False,accord : hors,False,False,accord : hors,False,False,16,CHARENTE,13,POITIERS
0160032Y,Collège Antoine Delafont,hors EP,102.3,11.3,38.0,False,False,accord : hors,False,False,accord : hors,False,False,16,CHARENTE,13,POITIERS
0160034A,Collège Claudie Haigneré,hors EP,96.7,10.7,88.0,False,False,accord : hors,False,False,accord : hors,False,False,16,CHARENTE,13,POITIERS
0160039F,Collège Val de Charente,hors EP,90.0,9.7,40.0,False,False,accord : hors,True,False,IPS seul,False,False,16,CHARENTE,13,POITIERS
0160040G,Collège Eugène Delacroix,hors EP,104.1,13.1,91.0,False,False,accord : hors,False,False,accord : hors,False,False,16,CHARENTE,13,POITIERS
0160042J,Collège Font-Belle,hors EP,103.2,11.0,61.0,False,False,accord : hors,False,False,accord : hors,False,False,16,CHARENTE,13,POITIERS
0160043K,Collège Henri Martin,hors EP,103.1,10.7,66.0,False,False,accord : hors,False,False,accord : hors,False,False,16,CHARENTE,13,POITIERS
0160050T,Collège Jules Verne,hors EP,115.4,11.7,108.0,False,False,accord : hors,False,False,accord : hors,False,False,16,CHARENTE,13,POITIERS
0160094R,Collège Norbert Casteret,hors EP,112.8,12.0,113.0,False,False,accord : hors,False,False,accord : hors,False,False,16,CHARENTE,13,POITIERS
0160100X,Collège Romain Rolland,REP+,73.7,8.1,49.0,True,True,accord : à classer,True,True,accord : à classer,False,False,16,CHARENTE,13,POITIERS
0160106D,Collège René Cassin,hors EP,102.9,10.9,97.0,False,False,accord : hors,False,False,accord : hors,False,False,16,CHARENTE,13,POITIERS
0160113L,Collège Michelle Pallet,REP+,67.3,6.6,47.0,True,True,accord : à classer,True,True,accord : à classer,False,False,16,CHARENTE,13,POITIERS
0160115N,Collège Albert Micheneau,hors EP,90.0,8.6,26.0,False,True,note seule,False,True,note seule,False,False,16,CHARENTE,13,POITIERS
0160116P,Collège Élisée Mousnier,hors EP,111.5,12.7,107.0,False,False,accord : hors,False,False,accord : hors,False,False,16,CHARENTE,13,POITIERS
0160117R,Collège Félix Gaillard,hors EP,98.1,11.5,70.0,False,False,accord : hors,False,False,accord : hors,False,False,16,CHARENTE,13,POITIERS
0160120U,Collège Jean de la Quintinie,hors EP,89.5,11.2,50.0,False,False,accord : hors,True,False,IPS seul,False,False,16,CHARENTE,13,POITIERS
0160793A,Collège Jean Michaud,REP,88.9,11.3,35.0,False,False,accord : hors,True,False,IPS seul,False,False,16,CHARENTE,13,POITIERS
0160863B,Collège Maurice Genevoix,hors EP,103.6,11.0,116.0,False,False,accord : hors,False,False,accord : hors,False,False,16,CHARENTE,13,POITIERS
0160864C,Collège Claude Boucher,REP,89.1,9.3,78.0,False,True,note seule,True,True,accord : à classer,False,True,16,CHARENTE,13,POITIERS
0160866E,Collège Jean Moulin,hors EP,98.4,9.8,83.0,False,False,accord : hors,False,False,accord : hors,False,False,16,CHARENTE,13,POITIERS
0160867F,Collège Jean Rostand,hors EP,104.3,10.4,93.0,False,False,accord : hors,False,False,accord : hors,False,False,16,CHARENTE,13,POITIERS
0160882X,Collège Louis Pasteur,hors EP,92.1,11.4,76.0,False,False,accord : hors,False,False,accord : hors,False,False,16,CHARENTE,13,POITIERS
0160884Z,Collège Marguerite de Valois,hors EP,84.2,8.9,63.0,True,True,accord : à classer,True,True,accord : à classer,False,False,16,CHARENTE,13,POITIERS
0160894K,Collège Pierre Mendès France,hors EP,111.0,11.5,144.0,False,False,accord : hors,False,False,accord : hors,False,False,16,CHARENTE,13,POITIERS
0160895L,Collège André Malraux,hors EP,94.9,10.0,26.0,False,False,accord : hors,False,False,accord : hors,False,False,16,CHARENTE,13,POITIERS
0160944P,Collège Noël-Noël,hors EP,96.4,10.1,69.0,False,False,accord : hors,False,False,accord : hors,False,False,16,CHARENTE,13,POITIERS
0160969S,Collège Puygrelier,hors EP,103.6,11.3,98.0,False,False,accord : hors,False,False,accord : hors,False,False,16,CHARENTE,13,POITIERS
0161075G,Collège Pierre Bodet,hors EP,95.0,10.0,95.0,False,False,accord : hors,False,False,accord : hors,False,False,16,CHARENTE,13,POITIERS
0161106R,Collège Anatole France,hors EP,106.5,10.7,72.0,False,False,accord : hors,False,False,accord : hors,False,False,16,CHARENTE,13,POITIERS
0170002K,Collège Arlette Guirado,hors EP,97.6,11.5,77.0,False,False,accord : hors,False,False,accord : hors,False,False,17,CHARENTE-MARITIME,13,POITIERS
0170004M,Collège Beauregard,hors EP,97.5,10.4,75.0,False,False,accord : hors,False,False,accord : hors,False,False,17,CHARENTE-MARITIME,13,POITIERS
0170005N,Collège Aliénor d'Aquitaine,hors EP,107.8,12.0,75.0,False,False,accord : hors,False,False,accord : hors,False,False,17,CHARENTE-MARITIME,13,POITIERS
0170007R,Collège Jean Monnet,hors EP,105.5,11.0,190.0,False,False,accord : hors,False,False,accord : hors,False,False,17,CHARENTE-MARITIME,13,POITIERS
0170008S,Collège les Vieilles Vignes,hors EP,100.0,10.1,86.0,False,False,accord : hors,False,False,accord : hors,False,False,17,CHARENTE-MARITIME,13,POITIERS
0170009T,Collège Jules Ferry,hors EP,97.5,9.9,105.0,False,False,accord : hors,False,False,accord : hors,False,False,17,CHARENTE-MARITIME,13,POITIERS
0170010U,Collège Françoise Dolto,hors EP,117.4,12.2,134.0,False,False,accord : hors,False,False,accord : hors,False,False,17,CHARENTE-MARITIME,13,POITIERS
0170011V,Collège Léopold Dussaigne,hors EP,105.7,10.1,96.0,False,False,accord : hors,False,False,accord : hors,False,False,17,CHARENTE-MARITIME,13,POITIERS
0170012W,Collège de la Trézence,hors EP,92.4,10.3,33.0,False,False,accord : hors,False,False,accord : hors,False,False,17,CHARENTE-MARITIME,13,POITIERS
0170016A,Collège Didier Daurat,hors EP,98.0,10.2,45.0,False,False,accord : hors,False,False,accord : hors,False,False,17,CHARENTE-MARITIME,13,POITIERS
0170035W,Collège Beauregard,hors EP,110.5,11.2,208.0,False,False,accord : hors,False,False,accord : hors,False,False,17,CHARENTE-MARITIME,13,POITIERS
0170047J,Collège Jean Monnet,hors EP,107.5,11.5,126.0,False,False,accord : hors,False,False,accord : hors,False,False,17,CHARENTE-MARITIME,13,POITIERS
0170048K,Collège Bernard Roussillon,hors EP,90.1,8.8,43.0,False,True,note seule,False,True,note seule,False,False,17,CHARENTE-MARITIME,13,POITIERS
0170049L,Collège Maurice Chastang,hors EP,94.3,12.0,60.0,False,False,accord : hors,False,False,accord : hors,False,False,17,CHARENTE-MARITIME,13,POITIERS
0170050M,Collège Raymond Bouyer,hors EP,96.7,10.7,47.0,False,False,accord : hors,False,False,accord : hors,False,False,17,CHARENTE-MARITIME,13,POITIERS
0170055T,Collège Fontbruant,hors EP,99.8,10.0,120.0,False,False,accord : hors,False,False,accord : hors,False,False,17,CHARENTE-MARITIME,13,POITIERS
0170056U,Collège Robert Cellerier,hors EP,102.5,11.1,67.0,False,False,accord : hors,False,False,accord : hors,False,False,17,CHARENTE-MARITIME,13,POITIERS
0170059X,Collège Agrippa d'Aubigné,hors EP,108.6,11.0,150.0,False,False,accord : hors,False,False,accord : hors,False,False,17,CHARENTE-MARITIME,13,POITIERS
0170063B,Collège Edgar Quinet,hors EP,98.3,10.6,159.0,False,False,accord : hors,False,False,accord : hors,False,False,17,CHARENTE-MARITIME,13,POITIERS
0170071K,Collège Hélène de Fonsèque,hors EP,98.3,10.0,135.0,False,False,accord : hors,False,False,accord : hors,False,False,17,CHARENTE-MARITIME,13,POITIERS
0170072L,Collège Frédéric et Irène Joliot-Curie,hors EP,100.8,10.2,130.0,False,False,accord : hors,False,False,accord : hors,False,False,17,CHARENTE-MARITIME,13,POITIERS
0170076R,Collège La Fontaine,hors EP,95.3,10.6,48.0,False,False,accord : hors,False,False,accord : hors,False,False,17,CHARENTE-MARITIME,13,POITIERS
0170077S,Collège Pierre Mendès France,REP+,72.4,8.2,98.0,True,True,accord : à classer,True,True,accord : à classer,False,False,17,CHARENTE-MARITIME,13,POITIERS
0170081W,Collège La Fayette,hors EP,91.4,10.3,88.0,False,False,accord : hors,False,False,accord : hors,False,False,17,CHARENTE-MARITIME,13,POITIERS
0170082X,Collège Marcel Pagnol,hors EP,95.2,11.0,57.0,False,False,accord : hors,False,False,accord : hors,False,False,17,CHARENTE-MARITIME,13,POITIERS
0170088D,Collège Samuel de Missy,hors EP,118.3,11.5,137.0,False,False,accord : hors,False,False,accord : hors,False,False,17,CHARENTE-MARITIME,13,POITIERS
0170142M,Collège Albert Camus,hors EP,107.1,10.6,66.0,False,False,accord : hors,False,False,accord : hors,False,False,17,CHARENTE-MARITIME,13,POITIERS
0170144P,Collège René Caillié,hors EP,117.2,12.1,215.0,False,False,accord : hors,False,False,accord : hors,False,False,17,CHARENTE-MARITIME,13,POITIERS
0170386C,Collège Jean Hay,hors EP,96.3,10.9,76.0,False,False,accord : hors,False,False,accord : hors,False,False,17,CHARENTE-MARITIME,13,POITIERS
0170387D,Collège André Albert,hors EP,101.5,10.9,151.0,False,False,accord : hors,False,False,accord : hors,False,False,17,CHARENTE-MARITIME,13,POITIERS
0170388E,Collège Fernand Garandeau,hors EP,102.2,9.8,131.0,False,False,accord : hors,False,False,accord : hors,False,False,17,CHARENTE-MARITIME,13,POITIERS
0170389F,Collège Émile Combes,hors EP,97.6,9.6,99.0,False,False,accord : hors,False,False,accord : hors,False,False,17,CHARENTE-MARITIME,13,POITIERS
0170390G,Collège Samuel Duménieu,hors EP,94.7,10.3,87.0,False,False,accord : hors,False,False,accord : hors,False,False,17,CHARENTE-MARITIME,13,POITIERS
0170970M,Collège Jean Guiton,hors EP,120.9,12.4,233.0,False,False,accord : hors,False,False,accord : hors,False,False,17,CHARENTE-MARITIME,13,POITIERS
0171022U,Collège Maurice Calmel,hors EP,110.7,11.4,145.0,False,False,accord : hors,False,False,accord : hors,False,False,17,CHARENTE-MARITIME,13,POITIERS
0171034G,Collège les Salières,hors EP,111.7,12.2,123.0,False,False,accord : hors,False,False,accord : hors,False,False,17,CHARENTE-MARITIME,13,POITIERS
0171056F,Collège Édouard Grimaux,hors EP,106.1,10.6,121.0,False,False,accord : hors,False,False,accord : hors,False,False,17,CHARENTE-MARITIME,13,POITIERS
0171057G,Collège Pierre Loti,hors EP,106.8,9.6,122.0,False,False,accord : hors,False,False,accord : hors,False,False,17,CHARENTE-MARITIME,13,POITIERS
0171117X,Collège Fabre d'Églantine,REP,106.3,11.7,111.0,False,False,accord : hors,False,False,accord : hors,False,False,17,CHARENTE-MARITIME,13,POITIERS
0171118Y,Collège Georges Texier,hors EP,93.8,10.6,99.0,False,False,accord : hors,False,False,accord : hors,False,False,17,CHARENTE-MARITIME,13,POITIERS
0171120A,Collège Henri Dunant,hors EP,105.3,11.0,156.0,False,False,accord : hors,False,False,accord : hors,False,False,17,CHARENTE-MARITIME,13,POITIERS
0171122C,Collège Émile Zola,hors EP,114.0,11.1,139.0,False,False,accord : hors,False,False,accord : hors,False,False,17,CHARENTE-MARITIME,13,POITIERS
0171129K,Collège André Dulin,hors EP,108.2,10.5,176.0,False,False,accord : hors,False,False,accord : hors,False,False,17,CHARENTE-MARITIME,13,POITIERS
0171159T,Collège Marc Jeanjean,hors EP,92.5,11.1,67.0,False,False,accord : hors,False,False,accord : hors,False,False,17,CHARENTE-MARITIME,13,POITIERS
0171160U,Collège de La Tour,hors EP,92.4,10.5,56.0,False,False,accord : hors,False,False,accord : hors,False,False,17,CHARENTE-MARITIME,13,POITIERS
0171184V,Collège Eugène Fromentin,hors EP,129.5,12.3,220.0,False,False,accord : hors,False,False,accord : hors,False,False,17,CHARENTE-MARITIME,13,POITIERS
0171210Y,Collège Marc Chagall,hors EP,117.1,11.4,225.0,False,False,accord : hors,False,False,accord : hors,False,False,17,CHARENTE-MARITIME,13,POITIERS
0171211Z,Collège André Malraux,hors EP,119.3,11.7,178.0,False,False,accord : hors,False,False,accord : hors,False,False,17,CHARENTE-MARITIME,13,POITIERS
0171213B,Collège de l'Ouche des Carmes,hors EP,94.3,8.6,46.0,False,True,note seule,False,True,note seule,False,False,17,CHARENTE-MARITIME,13,POITIERS
0171215D,Collège Pertuis d'Antioche,hors EP,101.4,10.9,82.0,False,False,accord : hors,False,False,accord : hors,False,False,17,CHARENTE-MARITIME,13,POITIERS
0171339N,Collège de l'Atlantique,hors EP,118.7,11.3,97.0,False,False,accord : hors,False,False,accord : hors,False,False,17,CHARENTE-MARITIME,13,POITIERS
0180002E,Collège Gérard Philipe,hors EP,91.0,10.4,117.0,False,False,accord : hors,False,False,accord : hors,False,False,18,CHER,18,ORLEANS-TOURS
0180004G,Collège George Sand,hors EP,98.6,10.8,81.0,False,False,accord : hors,False,False,accord : hors,False,False,18,CHER,18,ORLEANS-TOURS
0180013S,Collège multi-sites Axel Kahn site de Châteaumeillant,hors EP,87.5,9.9,48.0,True,False,IPS seul,False,False,accord : hors,False,False,18,CHER,18,ORLEANS-TOURS
0180019Y,Collège Béthune Sully,hors EP,105.2,9.4,100.0,False,False,accord : hors,False,False,accord : hors,False,False,18,CHER,18,ORLEANS-TOURS
0180020Z,Collège Philibert Lautissier,hors EP,95.7,10.7,42.0,False,False,accord : hors,False,False,accord : hors,False,False,18,CHER,18,ORLEANS-TOURS
0180023C,Collège Julien Dumas,hors EP,98.5,9.6,56.0,False,False,accord : hors,False,False,accord : hors,False,False,18,CHER,18,ORLEANS-TOURS
0180028H,Collège Voltaire,hors EP,102.2,10.0,173.0,False,False,accord : hors,False,False,accord : hors,False,False,18,CHER,18,ORLEANS-TOURS
0180031L,Collège Francine Leca,hors EP,102.0,10.8,74.0,False,False,accord : hors,False,False,accord : hors,False,False,18,CHER,18,ORLEANS-TOURS
0180033N,Collège Marguerite Audoux,REP,87.1,10.5,33.0,True,False,IPS seul,False,False,accord : hors,False,False,18,CHER,18,ORLEANS-TOURS
0180037T,Collège Édouard Vaillant,REP,78.6,8.4,97.0,True,True,accord : à classer,True,True,accord : à classer,False,False,18,CHER,18,ORLEANS-TOURS
0180586P,Collège Irène Joliot-Curie,hors EP,103.9,10.1,91.0,False,False,accord : hors,False,False,accord : hors,False,False,18,CHER,18,ORLEANS-TOURS
0180591V,Collège Saint-Exupéry,hors EP,107.5,10.5,137.0,False,False,accord : hors,False,False,accord : hors,False,False,18,CHER,18,ORLEANS-TOURS
0180592W,Collège Albert Camus,hors EP,94.5,10.0,115.0,False,False,accord : hors,False,False,accord : hors,False,False,18,CHER,18,ORLEANS-TOURS
0180593X,Collège Victor Hugo,REP,84.4,9.8,99.0,True,False,IPS seul,True,False,IPS seul,False,False,18,CHER,18,ORLEANS-TOURS
0180643B,Collège Louis Armand,hors EP,112.1,11.1,158.0,False,False,accord : hors,False,False,accord : hors,False,False,18,CHER,18,ORLEANS-TOURS
0180644C,Collège Fernand Léger,hors EP,98.8,9.7,104.0,False,False,accord : hors,False,False,accord : hors,False,False,18,CHER,18,ORLEANS-TOURS
0180646E,Collège Jean Valette,hors EP,93.6,9.5,90.0,False,False,accord : hors,False,False,accord : hors,False,False,18,CHER,18,ORLEANS-TOURS
0180673J,Collège Jules Verne,hors EP,85.2,10.2,140.0,True,False,IPS seul,True,False,IPS seul,False,False,18,CHER,18,ORLEANS-TOURS
0180710Z,Collège Claude Debussy,hors EP,94.8,10.1,54.0,False,False,accord : hors,False,False,accord : hors,False,False,18,CHER,18,ORLEANS-TOURS
0180721L,Collège Émile Littré,hors EP,111.8,10.9,131.0,False,False,accord : hors,False,False,accord : hors,False,False,18,CHER,18,ORLEANS-TOURS
0180732Y,Collège Jean Rostand,hors EP,95.7,10.5,87.0,False,False,accord : hors,False,False,accord : hors,False,False,18,CHER,18,ORLEANS-TOURS
0180736C,Collège le Colombier,hors EP,95.8,10.2,93.0,False,False,accord : hors,False,False,accord : hors,False,False,18,CHER,18,ORLEANS-TOURS
0180745M,Collège Roger-Martin du Gard,hors EP,94.7,8.6,53.0,False,True,note seule,False,True,note seule,False,False,18,CHER,18,ORLEANS-TOURS
0180766K,Collège le Grand Meaulnes,REP+,83.9,8.2,67.0,True,True,accord : à classer,True,True,accord : à classer,False,False,18,CHER,18,ORLEANS-TOURS
0180769N,Collège Jean Moulin,hors EP,91.2,10.0,97.0,False,False,accord : hors,False,False,accord : hors,False,False,18,CHER,18,ORLEANS-TOURS
0180777X,Collège Jean Renoir,hors EP,104.6,11.3,133.0,False,False,accord : hors,False,False,accord : hors,False,False,18,CHER,18,ORLEANS-TOURS
0190001Y,Collège Mathilde Marthe Faucher,hors EP,110.9,10.8,113.0,False,False,accord : hors,False,False,accord : hors,False,False,19,CORREZE,22,LIMOGES
0190002Z,Collège Simone Veil,hors EP,101.1,11.9,59.0,False,False,accord : hors,False,False,accord : hors,False,False,19,CORREZE,22,LIMOGES
0190004B,Collège Jacqueline Soulange,hors EP,104.6,12.6,35.0,False,False,accord : hors,False,False,accord : hors,False,False,19,CORREZE,22,LIMOGES
0190006D,Collège Amédée Bisch,hors EP,108.0,10.9,42.0,False,False,accord : hors,False,False,accord : hors,False,False,19,CORREZE,22,LIMOGES
0190009G,Collège Marmontel,hors EP,92.5,11.0,35.0,False,False,accord : hors,False,False,accord : hors,False,False,19,CORREZE,22,LIMOGES
0190014M,Collège Jean Lurçat,hors EP,101.4,10.5,132.0,False,False,accord : hors,False,False,accord : hors,False,False,19,CORREZE,22,LIMOGES
0190016P,Collège Bernadette Chirac,hors EP,100.5,8.7,22.0,False,True,note seule,False,True,note seule,False,False,19,CORREZE,22,LIMOGES
0190019T,Collège Albert Thomas,hors EP,99.5,9.7,74.0,False,False,accord : hors,False,False,accord : hors,False,False,19,CORREZE,22,LIMOGES
0190025Z,Collège Jacques Chirac,hors EP,104.9,10.9,48.0,False,False,accord : hors,False,False,accord : hors,False,False,19,CORREZE,22,LIMOGES
0190026A,Collège Léon Dautrement,hors EP,112.3,11.7,45.0,False,False,accord : hors,False,False,accord : hors,False,False,19,CORREZE,22,LIMOGES
0190030E,Collège Armande Baudry,hors EP,104.7,10.4,76.0,False,False,accord : hors,False,False,accord : hors,False,False,19,CORREZE,22,LIMOGES
0190568P,Collège Gaucelm Faidit,hors EP,100.7,11.7,79.0,False,False,accord : hors,False,False,accord : hors,False,False,19,CORREZE,22,LIMOGES
0190613N,Collège Victor Hugo,hors EP,97.0,10.9,114.0,False,False,accord : hors,False,False,accord : hors,False,False,19,CORREZE,22,LIMOGES
0190614P,Collège Georges Clemenceau,hors EP,111.1,10.3,139.0,False,False,accord : hors,False,False,accord : hors,False,False,19,CORREZE,22,LIMOGES
0190615R,Collège Voltaire,hors EP,97.8,9.7,131.0,False,False,accord : hors,False,False,accord : hors,False,False,19,CORREZE,22,LIMOGES
0190632J,Collège Lakanal,hors EP,104.4,11.3,38.0,False,False,accord : hors,False,False,accord : hors,False,False,19,CORREZE,22,LIMOGES
0190635M,Collège Jean Moulin,REP+,71.5,9.2,81.0,True,True,accord : à classer,True,False,IPS seul,False,False,19,CORREZE,22,LIMOGES
0190671B,Collège Maurice Rollinat,hors EP,99.9,9.9,115.0,False,False,accord : hors,False,False,accord : hors,False,False,19,CORREZE,22,LIMOGES
0190695C,Collège André Fargeas,hors EP,105.0,11.6,59.0,False,False,accord : hors,False,False,accord : hors,False,False,19,CORREZE,22,LIMOGES
0190717B,Collège Eugène Freyssinet,hors EP,103.9,10.4,129.0,False,False,accord : hors,False,False,accord : hors,False,False,19,CORREZE,22,LIMOGES
0190720E,Collège Anna de Noailles,hors EP,105.0,10.5,129.0,False,False,accord : hors,False,False,accord : hors,False,False,19,CORREZE,22,LIMOGES
0190723H,Collège Georges Cabanis,hors EP,109.3,10.3,106.0,False,False,accord : hors,False,False,accord : hors,False,False,19,CORREZE,22,LIMOGES
0190740B,Collège d'Arsonval,hors EP,107.7,10.7,105.0,False,False,accord : hors,False,False,accord : hors,False,False,19,CORREZE,22,LIMOGES
0190821P,Collège de la Triouzoune,hors EP,115.1,10.3,40.0,False,False,accord : hors,False,False,accord : hors,False,False,19,CORREZE,22,LIMOGES
0210001M,Collège Claude Guyot,hors EP,100.1,10.8,34.0,False,False,accord : hors,False,False,accord : hors,False,False,21,COTE D'OR,7,DIJON
0210014B,Collège Fontaine des Ducs,hors EP,92.5,11.5,85.0,False,False,accord : hors,False,False,accord : hors,False,False,21,COTE D'OR,7,DIJON
0210024M,Collège Jean-François Champollion,hors EP,100.6,10.7,108.0,False,False,accord : hors,False,False,accord : hors,False,False,21,COTE D'OR,7,DIJON
0210025N,Collège Henri Dunant,hors EP,91.1,7.6,63.0,False,True,note seule,True,True,accord : à classer,False,False,21,COTE D'OR,7,DIJON
0210027R,Collège Henry Berger,hors EP,108.5,10.9,37.0,False,False,accord : hors,False,False,accord : hors,False,False,21,COTE D'OR,7,DIJON
0210029T,Collège Paul Fort,hors EP,113.3,12.1,151.0,False,False,accord : hors,False,False,accord : hors,False,False,21,COTE D'OR,7,DIJON
0210033X,Collège Arthur Rimbaud,hors EP,115.8,12.2,98.0,False,False,accord : hors,False,False,accord : hors,False,False,21,COTE D'OR,7,DIJON
0210034Y,Collège Louis Pasteur,REP,94.2,10.4,57.0,False,False,accord : hors,False,False,accord : hors,False,False,21,COTE D'OR,7,DIJON
0210037B,Collège Lazare Carnot,hors EP,105.4,13.2,29.0,False,False,accord : hors,False,False,accord : hors,False,False,21,COTE D'OR,7,DIJON
0210038C,Collège Félix Tisserand,hors EP,115.5,11.3,157.0,False,False,accord : hors,False,False,accord : hors,False,False,21,COTE D'OR,7,DIJON
0210040E,Collège Isle de Saône,hors EP,104.1,10.8,77.0,False,False,accord : hors,False,False,accord : hors,False,False,21,COTE D'OR,7,DIJON
0210041F,Collège André Lallemand,hors EP,110.1,11.2,65.0,False,False,accord : hors,False,False,accord : hors,False,False,21,COTE D'OR,7,DIJON
0210043H,Collège Henri Morat,hors EP,101.0,11.5,27.0,False,False,accord : hors,False,False,accord : hors,False,False,21,COTE D'OR,7,DIJON
0210046L,Collège François Pompon,hors EP,93.2,10.5,37.0,False,False,accord : hors,False,False,accord : hors,False,False,21,COTE D'OR,7,DIJON
0210050R,Collège Dinet,hors EP,94.9,10.4,73.0,False,False,accord : hors,False,False,accord : hors,False,False,21,COTE D'OR,7,DIJON
0210051S,Collège Jacques Mercusot,hors EP,121.1,11.3,106.0,False,False,accord : hors,False,False,accord : hors,False,False,21,COTE D'OR,7,DIJON
0210053U,Collège Docteur Kuhn,hors EP,103.2,12.5,26.0,False,False,accord : hors,False,False,accord : hors,False,False,21,COTE D'OR,7,DIJON
0210057Y,Collège Roland Dorgelès,hors EP,105.4,11.0,138.0,False,False,accord : hors,False,False,accord : hors,False,False,21,COTE D'OR,7,DIJON
0211034K,Collège Marcelle Pardé,hors EP,127.7,13.1,162.0,False,False,accord : hors,False,False,accord : hors,False,False,21,COTE D'OR,7,DIJON
0211096C,Collège Édouard Herriot,hors EP,89.8,9.6,72.0,False,False,accord : hors,True,False,IPS seul,False,False,21,COTE D'OR,7,DIJON
0211136W,Collège Gaston Roupnel,hors EP,105.6,10.9,94.0,False,False,accord : hors,False,False,accord : hors,False,False,21,COTE D'OR,7,DIJON
0211137X,Collège Camille Claudel,hors EP,109.3,11.1,216.0,False,False,accord : hors,False,False,accord : hors,False,False,21,COTE D'OR,7,DIJON
0211140A,Collège La Champagne,hors EP,115.7,11.4,117.0,False,False,accord : hors,False,False,accord : hors,False,False,21,COTE D'OR,7,DIJON
0211150L,Collège Les Lentillères,hors EP,94.6,10.7,113.0,False,False,accord : hors,False,False,accord : hors,False,False,21,COTE D'OR,7,DIJON
0211162Z,Collège Gaston Bachelard,hors EP,100.0,12.1,46.0,False,False,accord : hors,False,False,accord : hors,False,False,21,COTE D'OR,7,DIJON
0211164B,Collège Albert Camus,hors EP,107.0,11.1,140.0,False,False,accord : hors,False,False,accord : hors,False,False,21,COTE D'OR,7,DIJON
0211184Y,Collège Alésia,hors EP,99.9,9.9,61.0,False,False,accord : hors,False,False,accord : hors,False,False,21,COTE D'OR,7,DIJON
0211225T,Collège Le Chapitre,REP+,71.5,10.3,52.0,True,False,IPS seul,True,False,IPS seul,False,False,21,COTE D'OR,7,DIJON
0211227V,Collège Le Parc,hors EP,103.1,10.7,89.0,False,False,accord : hors,False,False,accord : hors,False,False,21,COTE D'OR,7,DIJON
0211229X,Collège Monge,hors EP,109.7,11.1,147.0,False,False,accord : hors,False,False,accord : hors,False,False,21,COTE D'OR,7,DIJON
0211230Y,Collège Jules Ferry,hors EP,104.1,11.0,124.0,False,False,accord : hors,False,False,accord : hors,False,False,21,COTE D'OR,7,DIJON
0211357L,Collège Jean-Philippe Rameau,REP,86.0,9.7,138.0,True,False,IPS seul,True,False,IPS seul,False,False,21,COTE D'OR,7,DIJON
0211358M,Collège Les Hautes Pailles,hors EP,92.7,10.4,65.0,False,False,accord : hors,False,False,accord : hors,False,False,21,COTE D'OR,7,DIJON
0211389W,Collège Clos de Pouilly,hors EP,115.2,11.9,188.0,False,False,accord : hors,False,False,accord : hors,False,False,21,COTE D'OR,7,DIJON
0211391Y,Collège Marcel Aymé,hors EP,106.5,11.6,84.0,False,False,accord : hors,False,False,accord : hors,False,False,21,COTE D'OR,7,DIJON
0211452P,Collège La Croix des Sarrasins,hors EP,99.5,9.9,132.0,False,False,accord : hors,False,False,accord : hors,False,False,21,COTE D'OR,7,DIJON
0211477S,Collège Jean Rostand,hors EP,107.5,12.5,154.0,False,False,accord : hors,False,False,accord : hors,False,False,21,COTE D'OR,7,DIJON
0211523S,Collège Boris Vian,hors EP,98.1,10.6,63.0,False,False,accord : hors,False,False,accord : hors,False,False,21,COTE D'OR,7,DIJON
0211525U,Collège Carnot,hors EP,104.5,10.9,154.0,False,False,accord : hors,False,False,accord : hors,False,False,21,COTE D'OR,7,DIJON
0211526V,Collège Montchapet,hors EP,119.2,11.3,110.0,False,False,accord : hors,False,False,accord : hors,False,False,21,COTE D'OR,7,DIJON
0211527W,Collège Christiane Perceret,hors EP,100.4,10.7,72.0,False,False,accord : hors,False,False,accord : hors,False,False,21,COTE D'OR,7,DIJON
0211557D,Collège Champ Lumière,hors EP,104.2,10.1,67.0,False,False,accord : hors,False,False,accord : hors,False,False,21,COTE D'OR,7,DIJON
0211756V,Collège Georges Brassens,hors EP,105.4,10.7,77.0,False,False,accord : hors,False,False,accord : hors,False,False,21,COTE D'OR,7,DIJON
0212119P,Collège André Malraux,hors EP,123.2,12.2,152.0,False,False,accord : hors,False,False,accord : hors,False,False,21,COTE D'OR,7,DIJON
0220003J,Collège Jules Ferry,hors EP,93.4,10.8,37.0,False,False,accord : hors,False,False,accord : hors,False,False,22,COTES D'ARMOR,14,RENNES
0220006M,Collège Lucie et Raymond Aubrac,hors EP,105.8,12.1,156.0,False,False,accord : hors,False,False,accord : hors,False,False,22,COTES D'ARMOR,14,RENNES
0220008P,Collège Victor Vasarely,REP,84.5,10.8,28.0,True,False,IPS seul,True,False,IPS seul,False,False,22,COTES D'ARMOR,14,RENNES
0220015X,Collège Thalassa,hors EP,108.7,13.5,32.0,False,False,accord : hors,False,False,accord : hors,False,False,22,COTES D'ARMOR,14,RENNES
0220029M,Collège Paul Sebillot,hors EP,98.5,8.8,42.0,False,True,note seule,False,True,note seule,False,False,22,COTES D'ARMOR,14,RENNES
0220032R,Collège Paul Éluard,hors EP,99.2,10.0,46.0,False,False,accord : hors,False,False,accord : hors,False,False,22,COTES D'ARMOR,14,RENNES
0220038X,Collège Chateaubriand,hors EP,100.5,10.5,125.0,False,False,accord : hors,False,False,accord : hors,False,False,22,COTES D'ARMOR,14,RENNES
0220040Z,Collège Louis de Chappedelaine,hors EP,99.5,10.6,81.0,False,False,accord : hors,False,False,accord : hors,False,False,22,COTES D'ARMOR,14,RENNES
0220045E,Collège François Marie Luzel,hors EP,103.7,9.6,68.0,False,False,accord : hors,False,False,accord : hors,False,False,22,COTES D'ARMOR,14,RENNES
0220046F,Collège la Gautrais,hors EP,97.7,10.7,57.0,False,False,accord : hors,False,False,accord : hors,False,False,22,COTES D'ARMOR,14,RENNES
0220047G,Collège du Val de Rance,hors EP,112.7,11.4,149.0,False,False,accord : hors,False,False,accord : hors,False,False,22,COTES D'ARMOR,14,RENNES
0220054P,Collège Jean Racine,REP,102.8,10.1,120.0,False,False,accord : hors,False,False,accord : hors,False,False,22,COTES D'ARMOR,14,RENNES
0220061X,Collège Jean Jaurès,hors EP,86.6,8.9,29.0,True,True,accord : à classer,True,True,accord : à classer,False,False,22,COTES D'ARMOR,14,RENNES
0220063Z,Collège Camille Claudel,hors EP,116.4,10.7,94.0,False,False,accord : hors,False,False,accord : hors,False,False,22,COTES D'ARMOR,14,RENNES
0220073K,Collège Ernest Renan,hors EP,106.7,10.4,111.0,False,False,accord : hors,False,False,accord : hors,False,False,22,COTES D'ARMOR,14,RENNES
0220081U,Collège Roger Vercel,hors EP,102.5,10.8,100.0,False,False,accord : hors,False,False,accord : hors,False,False,22,COTES D'ARMOR,14,RENNES
0220082V,Collège Charles le Goffic,hors EP,108.9,12.6,100.0,False,False,accord : hors,False,False,accord : hors,False,False,22,COTES D'ARMOR,14,RENNES
0220184F,Collège Jean Macé,hors EP,91.9,9.7,77.0,False,False,accord : hors,False,False,accord : hors,False,False,22,COTES D'ARMOR,14,RENNES
0220185G,Collège Anatole le Braz,hors EP,106.0,12.2,118.0,False,False,accord : hors,False,False,accord : hors,False,False,22,COTES D'ARMOR,14,RENNES
0220197V,Collège Jacques Prévert,hors EP,100.8,11.9,80.0,False,False,accord : hors,False,False,accord : hors,False,False,22,COTES D'ARMOR,14,RENNES
0221028Y,Collège le Volozen,hors EP,99.2,10.4,80.0,False,False,accord : hors,False,False,accord : hors,False,False,22,COTES D'ARMOR,14,RENNES
0221029Z,Collège les Sept Iles,hors EP,121.2,12.4,92.0,False,False,accord : hors,False,False,accord : hors,False,False,22,COTES D'ARMOR,14,RENNES
0221037H,Collège Louis Guilloux,REP,82.3,9.0,36.0,True,True,accord : à classer,True,True,accord : à classer,False,False,22,COTES D'ARMOR,14,RENNES
0221038J,Collège Édouard Herriot,hors EP,106.2,10.9,54.0,False,False,accord : hors,False,False,accord : hors,False,False,22,COTES D'ARMOR,14,RENNES
0221039K,Collège Jules Lequier,hors EP,118.2,12.2,171.0,False,False,accord : hors,False,False,accord : hors,False,False,22,COTES D'ARMOR,14,RENNES
0221126E,Collège Jean Richepin,hors EP,111.2,12.2,47.0,False,False,accord : hors,False,False,accord : hors,False,False,22,COTES D'ARMOR,14,RENNES
0221127F,Collège Jean Monnet,hors EP,98.8,10.8,114.0,False,False,accord : hors,False,False,accord : hors,False,False,22,COTES D'ARMOR,14,RENNES
0221509W,Collège les Livaudières,hors EP,91.1,10.5,109.0,False,False,accord : hors,False,False,accord : hors,False,False,22,COTES D'ARMOR,14,RENNES
0221512Z,Collège Jean Louis Hamon,hors EP,107.0,10.8,82.0,False,False,accord : hors,False,False,accord : hors,False,False,22,COTES D'ARMOR,14,RENNES
0221513A,Collège Léonard de Vinci,hors EP,91.7,9.7,119.0,False,False,accord : hors,False,False,accord : hors,False,False,22,COTES D'ARMOR,14,RENNES
0221518F,Collège François Clech,hors EP,103.8,10.8,119.0,False,False,accord : hors,False,False,accord : hors,False,False,22,COTES D'ARMOR,14,RENNES
0221537B,Collège Simone Veil,hors EP,99.0,10.6,137.0,False,False,accord : hors,False,False,accord : hors,False,False,22,COTES D'ARMOR,14,RENNES
0221538C,Collège Per-Jakez Hélias,hors EP,96.3,10.8,47.0,False,False,accord : hors,False,False,accord : hors,False,False,22,COTES D'ARMOR,14,RENNES
0221539D,Collège du Prat Eles,hors EP,99.0,11.3,42.0,False,False,accord : hors,False,False,accord : hors,False,False,22,COTES D'ARMOR,14,RENNES
0221540E,Collège Gwer Halou,hors EP,89.9,10.3,36.0,False,False,accord : hors,False,False,accord : hors,False,False,22,COTES D'ARMOR,14,RENNES
0221541F,Collège du Penker,hors EP,110.5,11.8,79.0,False,False,accord : hors,False,False,accord : hors,False,False,22,COTES D'ARMOR,14,RENNES
0221542G,Collège Charles Brochen,hors EP,93.1,10.2,33.0,False,False,accord : hors,False,False,accord : hors,False,False,22,COTES D'ARMOR,14,RENNES
0221568K,Collège Eugène Guillevic,hors EP,96.8,11.0,80.0,False,False,accord : hors,False,False,accord : hors,False,False,22,COTES D'ARMOR,14,RENNES
0221594N,Collège François Lorant,hors EP,99.6,10.5,87.0,False,False,accord : hors,False,False,accord : hors,False,False,22,COTES D'ARMOR,14,RENNES
0221621T,Collège la Grande Métairie,hors EP,101.6,11.1,135.0,False,False,accord : hors,False,False,accord : hors,False,False,22,COTES D'ARMOR,14,RENNES
0221623V,Collège François Broussais,hors EP,108.0,10.1,172.0,False,False,accord : hors,False,False,accord : hors,False,False,22,COTES D'ARMOR,14,RENNES
0221698B,Collège Albert Camus,hors EP,89.3,9.3,76.0,False,True,note seule,False,True,note seule,False,True,22,COTES D'ARMOR,14,RENNES
0221819H,Collège Paul le Flem,hors EP,119.3,12.4,66.0,False,False,accord : hors,False,False,accord : hors,False,False,22,COTES D'ARMOR,14,RENNES
0221931E,Collège Yves Coppens,hors EP,111.4,11.4,78.0,False,False,accord : hors,False,False,accord : hors,False,False,22,COTES D'ARMOR,14,RENNES
0221991V,Collège Marie-José Chombart de Lauwe,hors EP,101.3,9.9,90.0,False,False,accord : hors,False,False,accord : hors,False,False,22,COTES D'ARMOR,14,RENNES
0222030M,Collège Charles de Gaulle,hors EP,107.9,12.0,149.0,False,False,accord : hors,False,False,accord : hors,False,False,22,COTES D'ARMOR,14,RENNES
0230001B,Collège Claude Chabrol,hors EP,99.8,10.9,35.0,False,False,accord : hors,False,False,accord : hors,False,False,23,CREUSE,22,LIMOGES
0230004E,Collège Jean Beaufret,hors EP,99.4,10.1,37.0,False,False,accord : hors,False,False,accord : hors,False,False,23,CREUSE,22,LIMOGES
0230005F,Collège Jean Monnet,hors EP,103.6,10.9,34.0,False,False,accord : hors,False,False,accord : hors,False,False,23,CREUSE,22,LIMOGES
0230006G,Collège Marc Bloch,hors EP,95.4,9.9,33.0,False,False,accord : hors,False,False,accord : hors,False,False,23,CREUSE,22,LIMOGES
0230009K,Collège Henri Judet,hors EP,102.6,11.1,23.0,False,False,accord : hors,False,False,accord : hors,False,False,23,CREUSE,22,LIMOGES
0230010L,Collège Jean Zay,hors EP,101.7,11.8,34.0,False,False,accord : hors,False,False,accord : hors,False,False,23,CREUSE,22,LIMOGES
0230011M,Collège Françoise Dolto,hors EP,90.0,10.7,22.0,False,False,accord : hors,False,False,accord : hors,False,False,23,CREUSE,22,LIMOGES
0230012N,Collège Simone Veil,hors EP,100.7,10.5,39.0,False,False,accord : hors,False,False,accord : hors,False,False,23,CREUSE,22,LIMOGES
0230014R,Collège Georges Nigremont,hors EP,100.6,11.7,25.0,False,False,accord : hors,False,False,accord : hors,False,False,23,CREUSE,22,LIMOGES
0230017U,Collège Jacques Grancher,hors EP,108.9,12.0,62.0,False,False,accord : hors,False,False,accord : hors,False,False,23,CREUSE,22,LIMOGES
0230023A,Collège Octave Gachon,hors EP,102.0,10.1,42.0,False,False,accord : hors,False,False,accord : hors,False,False,23,CREUSE,22,LIMOGES
0230028F,Collège Louis Durand,hors EP,102.2,12.0,56.0,False,False,accord : hors,False,False,accord : hors,False,False,23,CREUSE,22,LIMOGES
0230032K,Collège Raymond Loewy,hors EP,96.9,10.4,76.0,False,False,accord : hors,False,False,accord : hors,False,False,23,CREUSE,22,LIMOGES
0230408U,Collège Benjamin Bord,hors EP,99.0,10.9,45.0,False,False,accord : hors,False,False,accord : hors,False,False,23,CREUSE,22,LIMOGES
0230487E,Collège Martin Nadaud,hors EP,100.3,11.2,85.0,False,False,accord : hors,False,False,accord : hors,False,False,23,CREUSE,22,LIMOGES
0230488F,Collège Jules Marouzeau,hors EP,110.4,11.9,126.0,False,False,accord : hors,False,False,accord : hors,False,False,23,CREUSE,22,LIMOGES
0230506A,Collège Eugène Jamot,hors EP,104.3,10.5,54.0,False,False,accord : hors,False,False,accord : hors,False,False,23,CREUSE,22,LIMOGES
0230507B,Collège Jean Picart le Doux,REP,95.2,9.0,53.0,False,True,note seule,False,True,note seule,False,False,23,CREUSE,22,LIMOGES
0240001W,Collège Léo Testut,hors EP,101.2,11.3,60.0,False,False,accord : hors,False,False,accord : hors,False,False,24,DORDOGNE,4,BORDEAUX
0240004Z,Collège Henri IV,hors EP,97.0,9.8,124.0,False,False,accord : hors,False,False,accord : hors,False,False,24,DORDOGNE,4,BORDEAUX
0240010F,Collège Aliénor d'Aquitaine,hors EP,103.8,11.5,75.0,False,False,accord : hors,False,False,accord : hors,False,False,24,DORDOGNE,4,BORDEAUX
0240011G,Collège Leroi-Gourhan,hors EP,96.8,11.7,58.0,False,False,accord : hors,False,False,accord : hors,False,False,24,DORDOGNE,4,BORDEAUX
0240014K,Collège Georges et Marie Bousquet,hors EP,103.1,10.9,72.0,False,False,accord : hors,False,False,accord : hors,False,False,24,DORDOGNE,4,BORDEAUX
0240015L,Collège Plaisance,hors EP,97.2,11.6,35.0,False,False,accord : hors,False,False,accord : hors,False,False,24,DORDOGNE,4,BORDEAUX
0240016M,Collège Arnault de Mareuil,hors EP,97.5,11.6,32.0,False,False,accord : hors,False,False,accord : hors,False,False,24,DORDOGNE,4,BORDEAUX
0240029B,Collège Clos Chassaing,hors EP,110.2,10.6,119.0,False,False,accord : hors,False,False,accord : hors,False,False,24,DORDOGNE,4,BORDEAUX
0240030C,Collège Michel de Montaigne,hors EP,93.6,9.8,131.0,False,False,accord : hors,False,False,accord : hors,False,False,24,DORDOGNE,4,BORDEAUX
0240037K,Collège Jules Ferry,REP,93.4,10.6,120.0,False,False,accord : hors,False,False,accord : hors,False,False,24,DORDOGNE,4,BORDEAUX
0240040N,Collège Léonce Bourliaguet,hors EP,96.8,11.9,68.0,False,False,accord : hors,False,False,accord : hors,False,False,24,DORDOGNE,4,BORDEAUX
0240043S,Collège Les Marches de l'Occitanie,REP,98.8,10.7,45.0,False,False,accord : hors,False,False,accord : hors,False,False,24,DORDOGNE,4,BORDEAUX
0240044T,Collège Henri Bretin,hors EP,95.4,9.7,64.0,False,False,accord : hors,False,False,accord : hors,False,False,24,DORDOGNE,4,BORDEAUX
0240045U,Collège Charles de Gaulle,hors EP,98.0,12.2,37.0,False,False,accord : hors,False,False,accord : hors,False,False,24,DORDOGNE,4,BORDEAUX
0240047W,Collège Jean Moulin,hors EP,88.8,9.8,69.0,True,False,IPS seul,True,False,IPS seul,True,False,24,DORDOGNE,4,BORDEAUX
0240052B,Collège Anne Frank,hors EP,98.9,11.1,80.0,False,False,accord : hors,False,False,accord : hors,False,False,24,DORDOGNE,4,BORDEAUX
0240053C,Collège Max Bramerie,hors EP,94.0,10.3,107.0,False,False,accord : hors,False,False,accord : hors,False,False,24,DORDOGNE,4,BORDEAUX
0240055E,Collège Dronne-Double,REP,94.9,10.5,56.0,False,False,accord : hors,False,False,accord : hors,False,False,24,DORDOGNE,4,BORDEAUX
0240056F,Collège des trois Vallées,REP,99.8,9.4,85.0,False,False,accord : hors,False,True,note seule,False,False,24,DORDOGNE,4,BORDEAUX
0240065R,Collège Jean Ladignac,hors EP,98.6,11.1,45.0,False,False,accord : hors,False,False,accord : hors,False,False,24,DORDOGNE,4,BORDEAUX
0240066S,Collège Suzanne Lacore,hors EP,100.8,10.2,72.0,False,False,accord : hors,False,False,accord : hors,False,False,24,DORDOGNE,4,BORDEAUX
0240073Z,Collège Michel Debet,hors EP,99.7,11.8,62.0,False,False,accord : hors,False,False,accord : hors,False,False,24,DORDOGNE,4,BORDEAUX
0240106K,Collège Olympe de Gouges,REP,86.7,9.5,56.0,True,False,IPS seul,True,True,accord : à classer,False,False,24,DORDOGNE,4,BORDEAUX
0240117X,Collège Jean Rostand,hors EP,97.2,9.3,99.0,False,True,note seule,False,True,note seule,False,True,24,DORDOGNE,4,BORDEAUX
0240119Z,Collège Eugène Le Roy,hors EP,92.4,9.0,87.0,False,True,note seule,True,True,accord : à classer,False,False,24,DORDOGNE,4,BORDEAUX
0240121B,Collège La Boétie,hors EP,102.6,10.7,182.0,False,False,accord : hors,False,False,accord : hors,False,False,24,DORDOGNE,4,BORDEAUX
0240158S,Collège Jean Monnet,hors EP,99.3,10.2,75.0,False,False,accord : hors,False,False,accord : hors,False,False,24,DORDOGNE,4,BORDEAUX
0240650B,Collège Arthur Rimbaud,hors EP,104.3,10.6,100.0,False,False,accord : hors,False,False,accord : hors,False,False,24,DORDOGNE,4,BORDEAUX
0240927C,Collège Yvon Delbos,hors EP,105.6,10.4,93.0,False,False,accord : hors,False,False,accord : hors,False,False,24,DORDOGNE,4,BORDEAUX
0240961P,Collège les Châtenades,hors EP,97.6,10.4,80.0,False,False,accord : hors,False,False,accord : hors,False,False,24,DORDOGNE,4,BORDEAUX
0240962R,Collège Pierre Fanlac,hors EP,98.0,10.3,72.0,False,False,accord : hors,False,False,accord : hors,False,False,24,DORDOGNE,4,BORDEAUX
0240996C,Collège Jacques Prévert,hors EP,93.4,9.2,104.0,False,True,note seule,False,True,note seule,False,False,24,DORDOGNE,4,BORDEAUX
0240997D,Collège La Roche Beaulieu,hors EP,103.1,10.3,59.0,False,False,accord : hors,False,False,accord : hors,False,False,24,DORDOGNE,4,BORDEAUX
0241007P,Collège Giraut de Borneil,hors EP,102.5,10.7,82.0,False,False,accord : hors,False,False,accord : hors,False,False,24,DORDOGNE,4,BORDEAUX
0241011U,Collège Arnaut Daniel,hors EP,96.6,9.9,71.0,False,False,accord : hors,False,False,accord : hors,False,False,24,DORDOGNE,4,BORDEAUX
0241041B,Collège Alcide Dusolier,hors EP,93.9,10.7,83.0,False,False,accord : hors,False,False,accord : hors,False,False,24,DORDOGNE,4,BORDEAUX
0241042C,Collège Bertran de Born,hors EP,116.9,12.2,148.0,False,False,accord : hors,False,False,accord : hors,False,False,24,DORDOGNE,4,BORDEAUX
0241043D,Collège Laure Gatet,hors EP,111.1,11.5,118.0,False,False,accord : hors,False,False,accord : hors,False,False,24,DORDOGNE,4,BORDEAUX
0250003T,Collège Jean Bauhin,REP,80.5,9.6,137.0,True,False,IPS seul,True,True,accord : à classer,False,False,25,DOUBS,3,BESANCON
0250005V,Collège René Cassin,hors EP,105.3,11.6,101.0,False,False,accord : hors,False,False,accord : hors,False,False,25,DOUBS,3,BESANCON
0250009Z,Collège Stendhal,hors EP,103.6,12.2,115.0,False,False,accord : hors,False,False,accord : hors,False,False,25,DOUBS,3,BESANCON
0250012C,Collège Louis et Auguste Lumière,hors EP,118.9,12.4,107.0,False,False,accord : hors,False,False,accord : hors,False,False,25,DOUBS,3,BESANCON
0250015F,Collège Charles Masson,hors EP,102.1,11.0,51.0,False,False,accord : hors,False,False,accord : hors,False,False,25,DOUBS,3,BESANCON
0250016G,Collège Louis Bonnemaille,hors EP,100.3,11.5,32.0,False,False,accord : hors,False,False,accord : hors,False,False,25,DOUBS,3,BESANCON
0250018J,Collège Émile Laroue,hors EP,97.9,12.0,85.0,False,False,accord : hors,False,False,accord : hors,False,False,25,DOUBS,3,BESANCON
0250024R,Collège Paul Élie Dubois,hors EP,102.5,9.8,66.0,False,False,accord : hors,False,False,accord : hors,False,False,25,DOUBS,3,BESANCON
0250035C,Collège Guynemer,hors EP,87.9,9.6,100.0,True,False,IPS seul,True,False,IPS seul,False,False,25,DOUBS,3,BESANCON
0250040H,Collège de la Source,hors EP,108.9,12.8,110.0,False,False,accord : hors,False,False,accord : hors,False,False,25,DOUBS,3,BESANCON
0250047R,Collège Olympe de Gouges site de Pont de Roide,hors EP,98.4,10.5,108.0,False,False,accord : hors,False,False,accord : hors,False,False,25,DOUBS,3,BESANCON
0250049T,Collège Félix Gaffiot,hors EP,110.3,10.5,96.0,False,False,accord : hors,False,False,accord : hors,False,False,25,DOUBS,3,BESANCON
0250050U,Collège Les Villanelles,hors EP,104.8,10.6,68.0,False,False,accord : hors,False,False,accord : hors,False,False,25,DOUBS,3,BESANCON
0250051V,Collège Aigremont,hors EP,110.2,11.4,92.0,False,False,accord : hors,False,False,accord : hors,False,False,25,DOUBS,3,BESANCON
0250052W,Collège René Perrot,hors EP,92.4,12.5,64.0,False,False,accord : hors,False,False,accord : hors,False,False,25,DOUBS,3,BESANCON
0250055Z,Collège Henri Fertet,hors EP,98.0,12.1,42.0,False,False,accord : hors,False,False,accord : hors,False,False,25,DOUBS,3,BESANCON
0250056A,Collège Jouffroy d'Abbans,REP,80.1,9.5,172.0,True,False,IPS seul,True,True,accord : à classer,False,False,25,DOUBS,3,BESANCON
0251080N,Collège Diderot,REP+,66.5,7.6,107.0,True,True,accord : à classer,True,True,accord : à classer,False,False,25,DOUBS,3,BESANCON
0251090Z,Collège Jean-Claude Bouquet - Villers-le-Lac,hors EP,96.7,11.1,227.0,False,False,accord : hors,False,False,accord : hors,False,False,25,DOUBS,3,BESANCON
0251116C,Collège Les Clairs Soleils,hors EP,100.5,11.0,108.0,False,False,accord : hors,False,False,accord : hors,False,False,25,DOUBS,3,BESANCON
0251127P,Collège Voltaire,hors EP,83.4,9.4,136.0,True,False,IPS seul,True,True,accord : à classer,False,False,25,DOUBS,3,BESANCON
0251129S,Collège Pierre Vernier,hors EP,106.7,11.4,114.0,False,False,accord : hors,False,False,accord : hors,False,False,25,DOUBS,3,BESANCON
0251130T,Collège Jean Jacques Rousseau,hors EP,103.0,10.9,127.0,False,False,accord : hors,False,False,accord : hors,False,False,25,DOUBS,3,BESANCON
0251208C,Collège Proudhon,hors EP,92.7,9.4,128.0,False,False,accord : hors,False,True,note seule,False,False,25,DOUBS,3,BESANCON
0251209D,Collège Claude Lorius,REP+,71.7,7.2,93.0,True,True,accord : à classer,True,True,accord : à classer,False,False,25,DOUBS,3,BESANCON
0251211F,Collège Paul Langevin,hors EP,101.3,10.2,128.0,False,False,accord : hors,False,False,accord : hors,False,False,25,DOUBS,3,BESANCON
0251315U,Collège Louis Pergaud,hors EP,98.0,9.8,56.0,False,False,accord : hors,False,False,accord : hors,False,False,25,DOUBS,3,BESANCON
0251324D,Collège Jean Paul Guyot,hors EP,92.4,10.9,89.0,False,False,accord : hors,False,False,accord : hors,False,False,25,DOUBS,3,BESANCON
0251348E,Collège Albert Camus,hors EP,104.8,11.6,119.0,False,False,accord : hors,False,False,accord : hors,False,False,25,DOUBS,3,BESANCON
0251372F,Collège Edgar Faure,hors EP,102.8,11.0,153.0,False,False,accord : hors,False,False,accord : hors,False,False,25,DOUBS,3,BESANCON
0251373G,Collège Mont Miroir,hors EP,94.6,10.6,120.0,False,False,accord : hors,False,False,accord : hors,False,False,25,DOUBS,3,BESANCON
0251375J,Collège des Quatre Terres,hors EP,88.7,10.4,79.0,True,False,IPS seul,True,False,IPS seul,False,False,25,DOUBS,3,BESANCON
0251376K,Collège Entre Deux Velles,hors EP,116.7,12.7,178.0,False,False,accord : hors,False,False,accord : hors,False,False,25,DOUBS,3,BESANCON
0251394E,Collège Jean Jaurès,hors EP,109.0,11.9,166.0,False,False,accord : hors,False,False,accord : hors,False,False,25,DOUBS,3,BESANCON
0251395F,Collège Lou Blazer,REP+,67.2,8.8,112.0,True,True,accord : à classer,True,True,accord : à classer,False,False,25,DOUBS,3,BESANCON
0251397H,Collège les Hautes Vignes,REP,80.7,9.5,71.0,True,False,IPS seul,True,True,accord : à classer,False,False,25,DOUBS,3,BESANCON
0251524W,Collège Philippe Grenier,hors EP,98.3,11.2,143.0,False,False,accord : hors,False,False,accord : hors,False,False,25,DOUBS,3,BESANCON
0251556F,Collège André Boulloche,hors EP,107.7,11.4,101.0,False,False,accord : hors,False,False,accord : hors,False,False,25,DOUBS,3,BESANCON
0251573Z,Collège Victor Hugo,hors EP,111.4,12.2,232.0,False,False,accord : hors,False,False,accord : hors,False,False,25,DOUBS,3,BESANCON
0251599C,Collège les Bruyères,REP,78.9,10.0,99.0,True,False,IPS seul,True,False,IPS seul,False,False,25,DOUBS,3,BESANCON
0251673H,Collège Georges Pompidou,hors EP,119.0,12.3,138.0,False,False,accord : hors,False,False,accord : hors,False,False,25,DOUBS,3,BESANCON
0251677M,Collège André Malraux,hors EP,101.2,11.9,105.0,False,False,accord : hors,False,False,accord : hors,False,False,25,DOUBS,3,BESANCON
0251857H,Collège Claude Girard,hors EP,119.0,12.3,145.0,False,False,accord : hors,False,False,accord : hors,False,False,25,DOUBS,3,BESANCON
0251949H,Collège Lucie Aubrac,hors EP,98.7,11.7,133.0,False,False,accord : hors,False,False,accord : hors,False,False,25,DOUBS,3,BESANCON
0260001K,Collège de l'Europe Jean-Monnet,hors EP,107.1,11.0,188.0,False,False,accord : hors,False,False,accord : hors,False,False,26,DROME,8,GRENOBLE
0260002L,Collège Henri Barbusse,hors EP,106.0,10.7,41.0,False,False,accord : hors,False,False,accord : hors,False,False,26,DROME,8,GRENOBLE
0260003M,Collège Marc Seignobos,hors EP,121.7,11.3,143.0,False,False,accord : hors,False,False,accord : hors,False,False,26,DROME,8,GRENOBLE
0260004N,Collège Sport Nature,hors EP,123.4,14.0,45.0,False,False,accord : hors,False,False,accord : hors,False,False,26,DROME,8,GRENOBLE
0260005P,Collège Olivier de Serres,hors EP,111.7,11.0,115.0,False,False,accord : hors,False,False,accord : hors,False,False,26,DROME,8,GRENOBLE
0260009U,Collège Ernest Chalamel,hors EP,113.7,10.5,65.0,False,False,accord : hors,False,False,accord : hors,False,False,26,DROME,8,GRENOBLE
0260011W,Collège Joseph Bédier,hors EP,108.1,11.1,68.0,False,False,accord : hors,False,False,accord : hors,False,False,26,DROME,8,GRENOBLE
0260012X,Collège Daniel Faucher,hors EP,96.8,8.9,95.0,False,True,note seule,False,True,note seule,False,False,26,DROME,8,GRENOBLE
0260021G,Collège Jean Macé,hors EP,95.7,10.7,146.0,False,False,accord : hors,False,False,accord : hors,False,False,26,DROME,8,GRENOBLE
0260026M,Collège Joséphine Baker,hors EP,105.9,10.7,103.0,False,False,accord : hors,False,False,accord : hors,False,False,26,DROME,8,GRENOBLE
0260027N,Collège Benjamin Malossane,hors EP,110.4,10.7,69.0,False,False,accord : hors,False,False,accord : hors,False,False,26,DROME,8,GRENOBLE
0260029R,Collège Fernand Berthon,REP,83.0,8.2,101.0,True,True,accord : à classer,True,True,accord : à classer,False,False,26,DROME,8,GRENOBLE
0260030S,Collège Denis Brunet,hors EP,101.2,10.4,116.0,False,False,accord : hors,False,False,accord : hors,False,False,26,DROME,8,GRENOBLE
0260032U,Collège André Cotte,hors EP,92.6,9.9,138.0,False,False,accord : hors,False,False,accord : hors,False,False,26,DROME,8,GRENOBLE
0260033V,Collège Do Mistrau,hors EP,104.7,11.1,43.0,False,False,accord : hors,False,False,accord : hors,False,False,26,DROME,8,GRENOBLE
0260045H,Collège Marguerite Duras,hors EP,106.7,10.2,161.0,False,False,accord : hors,False,False,accord : hors,False,False,26,DROME,8,GRENOBLE
0260049M,Collège Jean Zay,REP,94.0,10.6,117.0,False,False,accord : hors,False,False,accord : hors,False,False,26,DROME,8,GRENOBLE
0260115J,Collège Claude Debussy,hors EP,102.0,9.8,122.0,False,False,accord : hors,False,False,accord : hors,False,False,26,DROME,8,GRENOBLE
0260117L,Collège Paul Valéry,REP,86.1,9.2,82.0,True,True,accord : à classer,True,True,accord : à classer,False,False,26,DROME,8,GRENOBLE
0260766S,Collège Gérard Gaud,hors EP,93.1,9.5,145.0,False,False,accord : hors,False,False,accord : hors,False,False,26,DROME,8,GRENOBLE
0260789S,Collège Gustave Monod,hors EP,90.1,9.9,142.0,False,False,accord : hors,False,False,accord : hors,False,False,26,DROME,8,GRENOBLE
0260850H,Collège Étienne-Jean Lapassat,REP,93.2,9.4,141.0,False,False,accord : hors,False,False,accord : hors,False,False,26,DROME,8,GRENOBLE
0260978X,Collège Marcel Pagnol,REP,93.0,9.3,140.0,False,True,note seule,False,False,accord : hors,False,True,26,DROME,8,GRENOBLE
0260997T,Collège André Malraux,hors EP,105.7,10.8,129.0,False,False,accord : hors,False,False,accord : hors,False,False,26,DROME,8,GRENOBLE
0261010G,Collège Lis Isclo d'Or,hors EP,89.6,9.7,95.0,False,False,accord : hors,True,False,IPS seul,False,False,26,DROME,8,GRENOBLE
0261030D,Collège Revesz-Long,hors EP,112.3,11.1,148.0,False,False,accord : hors,False,False,accord : hors,False,False,26,DROME,8,GRENOBLE
0261032F,Collège Jean Perrin,hors EP,108.5,10.8,151.0,False,False,accord : hors,False,False,accord : hors,False,False,26,DROME,8,GRENOBLE
0261086P,Collège Europa,REP,89.1,9.1,134.0,False,True,note seule,True,True,accord : à classer,False,False,26,DROME,8,GRENOBLE
0261088S,Collège Alain Borne,hors EP,95.2,10.0,126.0,False,False,accord : hors,False,False,accord : hors,False,False,26,DROME,8,GRENOBLE
0261089T,Collège René Barjavel,hors EP,110.6,11.0,126.0,False,False,accord : hors,False,False,accord : hors,False,False,26,DROME,8,GRENOBLE
0261090U,Collège Gustave Jaume,REP+,78.5,9.2,85.0,True,True,accord : à classer,True,False,IPS seul,False,False,26,DROME,8,GRENOBLE
0261091V,Collège Albert Triboulet,REP,76.7,8.2,45.0,True,True,accord : à classer,True,True,accord : à classer,False,False,26,DROME,8,GRENOBLE
0261092W,Collège François-Jean Armorin,hors EP,110.7,10.6,93.0,False,False,accord : hors,False,False,accord : hors,False,False,26,DROME,8,GRENOBLE
0261093X,Collège du Diois,hors EP,112.6,11.9,98.0,False,False,accord : hors,False,False,accord : hors,False,False,26,DROME,8,GRENOBLE
0261094Y,Collège Émile Loubet,hors EP,88.4,8.8,85.0,True,True,accord : à classer,True,True,accord : à classer,False,False,26,DROME,8,GRENOBLE
0261095Z,Collège Camille Vernet,hors EP,100.4,9.8,110.0,False,False,accord : hors,False,False,accord : hors,False,False,26,DROME,8,GRENOBLE
0261528V,Collège Marcelle Rivier,hors EP,117.8,11.7,137.0,False,False,accord : hors,False,False,accord : hors,False,False,26,DROME,8,GRENOBLE
0261576X,Collège de l'Hermitage,hors EP,111.1,11.8,79.0,False,False,accord : hors,False,False,accord : hors,False,False,26,DROME,8,GRENOBLE
0270001E,Collège Roger Gaudeau,hors EP,96.5,9.6,99.0,False,False,accord : hors,False,False,accord : hors,False,False,27,EURE,70,NORMANDIE
0270006K,Collège Jacques Brel,hors EP,99.5,10.4,123.0,False,False,accord : hors,False,False,accord : hors,False,False,27,EURE,70,NORMANDIE
0270007L,Collège Simone Veil,hors EP,110.6,10.2,195.0,False,False,accord : hors,False,False,accord : hors,False,False,27,EURE,70,NORMANDIE
0270008M,Collège Évariste Galois,hors EP,87.7,7.5,52.0,True,True,accord : à classer,True,True,accord : à classer,False,False,27,EURE,70,NORMANDIE
0270010P,Collège Pierre Brossolette,hors EP,92.0,10.0,123.0,False,False,accord : hors,False,False,accord : hors,False,False,27,EURE,70,NORMANDIE
0270013T,Collège Europe,hors EP,98.0,10.5,81.0,False,False,accord : hors,False,False,accord : hors,False,False,27,EURE,70,NORMANDIE
0270014U,Collège Aimé Charpentier,hors EP,100.8,10.3,81.0,False,False,accord : hors,False,False,accord : hors,False,False,27,EURE,70,NORMANDIE
0270019Z,Collège Jean Jaurès,hors EP,85.1,9.6,148.0,True,False,IPS seul,True,False,IPS seul,False,False,27,EURE,70,NORMANDIE
0270020A,Collège Paul Bert,hors EP,94.2,8.5,125.0,False,True,note seule,False,True,note seule,False,False,27,EURE,70,NORMANDIE
0270022C,Collège Navarre,hors EP,89.5,8.6,151.0,False,True,note seule,True,True,accord : à classer,False,False,27,EURE,70,NORMANDIE
0270025F,Collège Georges d'Amboise,hors EP,95.7,9.6,130.0,False,False,accord : hors,False,False,accord : hors,False,False,27,EURE,70,NORMANDIE
0270032N,Collège Pierre Corneille,hors EP,100.3,10.7,93.0,False,False,accord : hors,False,False,accord : hors,False,False,27,EURE,70,NORMANDIE
0270033P,Collège Jean-Claude Dauphin,hors EP,98.4,9.0,145.0,False,True,note seule,False,True,note seule,False,False,27,EURE,70,NORMANDIE
0270036T,Collège Pierre et Marie Curie,hors EP,97.6,9.8,135.0,False,False,accord : hors,False,False,accord : hors,False,False,27,EURE,70,NORMANDIE
0270038V,Collège Hyacinthe Langlois,hors EP,107.2,9.7,157.0,False,False,accord : hors,False,False,accord : hors,False,False,27,EURE,70,NORMANDIE
0270040X,Collège Aurélie Aubert,hors EP,88.6,9.7,43.0,True,False,IPS seul,True,False,IPS seul,False,False,27,EURE,70,NORMANDIE
0270041Y,Collège des Sept Épis,hors EP,98.0,9.3,125.0,False,True,note seule,False,False,accord : hors,False,True,27,EURE,70,NORMANDIE
0270043A,Collège Maurice de Vlaminck,hors EP,93.4,9.6,122.0,False,False,accord : hors,False,False,accord : hors,False,False,27,EURE,70,NORMANDIE
0270054M,Collège Marcel Marceron,hors EP,97.1,10.2,94.0,False,False,accord : hors,False,False,accord : hors,False,False,27,EURE,70,NORMANDIE
0271094T,Collège Guillaume de Conches,hors EP,101.2,9.2,144.0,False,True,note seule,False,True,note seule,False,False,27,EURE,70,NORMANDIE
0271095U,Collège Georges Politzer,REP,80.7,8.2,101.0,True,True,accord : à classer,True,True,accord : à classer,False,False,27,EURE,70,NORMANDIE
0271096V,Collège Marie Curie,hors EP,102.7,9.8,108.0,False,False,accord : hors,False,False,accord : hors,False,False,27,EURE,70,NORMANDIE
0271098X,Collège Guy de Maupassant,hors EP,94.7,8.9,132.0,False,True,note seule,False,True,note seule,False,False,27,EURE,70,NORMANDIE
0271099Y,Collège Jeanine Vancayzeele,hors EP,95.7,11.3,59.0,False,False,accord : hors,False,False,accord : hors,False,False,27,EURE,70,NORMANDIE
0271104D,Collège Henri Dunant,REP,93.2,8.8,100.0,False,True,note seule,False,True,note seule,False,False,27,EURE,70,NORMANDIE
0271105E,Collège André Maurois,hors EP,111.9,11.0,125.0,False,False,accord : hors,False,False,accord : hors,False,False,27,EURE,70,NORMANDIE
0271106F,Collège Louis Anquetin,hors EP,95.1,9.1,123.0,False,True,note seule,False,True,note seule,False,False,27,EURE,70,NORMANDIE
0271119V,Collège Ferdinand Buisson,hors EP,94.3,9.2,144.0,False,True,note seule,False,True,note seule,False,False,27,EURE,70,NORMANDIE
0271121X,Collège Jacques Daviel,hors EP,96.3,9.9,56.0,False,False,accord : hors,False,False,accord : hors,False,False,27,EURE,70,NORMANDIE
0271122Y,Collège Maurice de Broglie,hors EP,92.2,10.0,53.0,False,False,accord : hors,False,False,accord : hors,False,False,27,EURE,70,NORMANDIE
0271123Z,Collège Léonard de Vinci,hors EP,111.1,11.1,127.0,False,False,accord : hors,False,False,accord : hors,False,False,27,EURE,70,NORMANDIE
0271172C,Collège Marcel Pagnol,hors EP,107.9,11.0,151.0,False,False,accord : hors,False,False,accord : hors,False,False,27,EURE,70,NORMANDIE
0271173D,Collège Jean Rostand,hors EP,108.0,10.6,111.0,False,False,accord : hors,False,False,accord : hors,False,False,27,EURE,70,NORMANDIE
0271238Z,Collège Claude Monet,hors EP,105.4,9.2,132.0,False,True,note seule,False,True,note seule,False,False,27,EURE,70,NORMANDIE
0271267F,Collège Croix-Maître Renault,hors EP,98.1,9.8,99.0,False,False,accord : hors,False,False,accord : hors,False,False,27,EURE,70,NORMANDIE
0271284Z,Collège Simone Sauteur,hors EP,98.8,10.3,115.0,False,False,accord : hors,False,False,accord : hors,False,False,27,EURE,70,NORMANDIE
0271285A,Collège le Roumois,hors EP,105.9,10.8,82.0,False,False,accord : hors,False,False,accord : hors,False,False,27,EURE,70,NORMANDIE
0271286B,Collège Alphonse Allais,REP+,79.0,7.8,97.0,True,True,accord : à classer,True,True,accord : à classer,False,False,27,EURE,70,NORMANDIE
0271288D,Collège César Lemaitre,hors EP,101.8,9.5,79.0,False,False,accord : hors,False,False,accord : hors,False,False,27,EURE,70,NORMANDIE
0271289E,Collège Cervantès,REP,86.5,8.4,114.0,True,True,accord : à classer,True,True,accord : à classer,False,False,27,EURE,70,NORMANDIE
0271316J,Collège le Hameau,hors EP,92.8,10.6,46.0,False,False,accord : hors,False,False,accord : hors,False,False,27,EURE,70,NORMANDIE
0271317K,Collège Jean de La Fontaine,hors EP,108.9,10.7,175.0,False,False,accord : hors,False,False,accord : hors,False,False,27,EURE,70,NORMANDIE
0271320N,Collège Rosa Parks,REP,96.4,8.7,120.0,False,True,note seule,False,True,note seule,False,False,27,EURE,70,NORMANDIE
0271321P,Collège Victor Hugo,hors EP,104.2,9.3,119.0,False,True,note seule,False,False,accord : hors,False,True,27,EURE,70,NORMANDIE
0271322R,Collège Georges Pompidou,hors EP,109.8,11.3,119.0,False,False,accord : hors,False,False,accord : hors,False,False,27,EURE,70,NORMANDIE
0271336F,Collège Suzanne Lipinska,hors EP,103.8,9.9,118.0,False,False,accord : hors,False,False,accord : hors,False,False,27,EURE,70,NORMANDIE
0271398Y,Collège les Fougères,REP,90.8,9.5,106.0,False,False,accord : hors,False,False,accord : hors,False,False,27,EURE,70,NORMANDIE
0271399Z,Collège Ariane,hors EP,95.5,8.4,69.0,False,True,note seule,False,True,note seule,False,False,27,EURE,70,NORMANDIE
0271442W,Collège Marc Chagall,hors EP,104.6,9.3,124.0,False,True,note seule,False,False,accord : hors,False,True,27,EURE,70,NORMANDIE
0271482P,Collège Simone Signoret,hors EP,99.0,10.3,99.0,False,False,accord : hors,False,False,accord : hors,False,False,27,EURE,70,NORMANDIE
0271533V,Collège de la Côte des Deux Amants,hors EP,101.7,10.0,112.0,False,False,accord : hors,False,False,accord : hors,False,False,27,EURE,70,NORMANDIE
0271631B,Collège Pablo Picasso,hors EP,97.1,10.5,119.0,False,False,accord : hors,False,False,accord : hors,False,False,27,EURE,70,NORMANDIE
0271632C,Collège Michel de Montaigne,hors EP,96.3,9.7,138.0,False,False,accord : hors,False,False,accord : hors,False,False,27,EURE,70,NORMANDIE
0271744Z,Collège Lucie Aubrac,hors EP,110.4,10.6,119.0,False,False,accord : hors,False,False,accord : hors,False,False,27,EURE,70,NORMANDIE
0271885C,Collège Geneviève de Gaulle-Anthonioz,hors EP,105.6,10.5,145.0,False,False,accord : hors,False,False,accord : hors,False,False,27,EURE,70,NORMANDIE
0280001Z,Collège Jules Ferry,hors EP,102.9,9.9,155.0,False,False,accord : hors,False,False,accord : hors,False,False,28,EURE-ET-LOIR,18,ORLEANS-TOURS
0280002A,Collège Joachim du Bellay,hors EP,94.3,11.0,31.0,False,False,accord : hors,False,False,accord : hors,False,False,28,EURE-ET-LOIR,18,ORLEANS-TOURS
0280005D,Collège Maurice de Vlaminck,hors EP,93.8,9.3,78.0,False,True,note seule,False,False,accord : hors,False,True,28,EURE-ET-LOIR,18,ORLEANS-TOURS
0280006E,Collège Florimond Robertet,hors EP,98.9,9.5,69.0,False,False,accord : hors,False,False,accord : hors,False,False,28,EURE-ET-LOIR,18,ORLEANS-TOURS
0280016R,Collège la Pajotterie,hors EP,106.6,9.4,114.0,False,False,accord : hors,False,False,accord : hors,False,False,28,EURE-ET-LOIR,18,ORLEANS-TOURS
0280018T,Collège Louis Pergaud,hors EP,104.9,10.2,117.0,False,False,accord : hors,False,False,accord : hors,False,False,28,EURE-ET-LOIR,18,ORLEANS-TOURS
0280024Z,Collège Marcel Pagnol,REP,89.9,9.6,99.0,False,False,accord : hors,False,False,accord : hors,False,False,28,EURE-ET-LOIR,18,ORLEANS-TOURS
0280033J,Collège Jean Racine,hors EP,117.5,10.9,133.0,False,False,accord : hors,False,False,accord : hors,False,False,28,EURE-ET-LOIR,18,ORLEANS-TOURS
0280034K,Collège Jean Macé,REP,89.5,8.2,118.0,False,True,note seule,False,True,note seule,False,False,28,EURE-ET-LOIR,18,ORLEANS-TOURS
0280035L,Collège Jean Moulin,hors EP,109.2,10.5,169.0,False,False,accord : hors,False,False,accord : hors,False,False,28,EURE-ET-LOIR,18,ORLEANS-TOURS
0280040S,Collège Gaston Couté,hors EP,96.1,9.2,108.0,False,True,note seule,False,False,accord : hors,False,False,28,EURE-ET-LOIR,18,ORLEANS-TOURS
0280656L,Collège Tomas Divi,REP,79.7,8.1,56.0,True,True,accord : à classer,True,True,accord : à classer,False,False,28,EURE-ET-LOIR,18,ORLEANS-TOURS
0280657M,Collège les Petits Sentiers,REP,81.4,8.0,80.0,True,True,accord : à classer,True,True,accord : à classer,False,False,28,EURE-ET-LOIR,18,ORLEANS-TOURS
0280658N,Collège Albert Camus,hors EP,96.8,8.6,116.0,False,True,note seule,False,True,note seule,False,False,28,EURE-ET-LOIR,18,ORLEANS-TOURS
0280701K,Collège Val de Voise,hors EP,112.4,10.3,122.0,False,False,accord : hors,False,False,accord : hors,False,False,28,EURE-ET-LOIR,18,ORLEANS-TOURS
0280702L,Collège Marcel Proust,hors EP,98.4,9.6,120.0,False,False,accord : hors,False,False,accord : hors,False,False,28,EURE-ET-LOIR,18,ORLEANS-TOURS
0280716B,Collège Pierre et Marie Curie,REP+,78.9,7.8,105.0,True,True,accord : à classer,True,True,accord : à classer,False,False,28,EURE-ET-LOIR,18,ORLEANS-TOURS
0280751P,Collège Mathurin Régnier,hors EP,100.4,10.7,123.0,False,False,accord : hors,False,False,accord : hors,False,False,28,EURE-ET-LOIR,18,ORLEANS-TOURS
0280753S,Collège Nicolas Robert,hors EP,87.6,8.7,159.0,True,True,accord : à classer,False,True,note seule,False,False,28,EURE-ET-LOIR,18,ORLEANS-TOURS
0280755U,Collège Hélène Boucher,hors EP,113.8,9.9,220.0,False,False,accord : hors,False,False,accord : hors,False,False,28,EURE-ET-LOIR,18,ORLEANS-TOURS
0280756V,Collège Jean Moulin,hors EP,112.6,10.6,104.0,False,False,accord : hors,False,False,accord : hors,False,False,28,EURE-ET-LOIR,18,ORLEANS-TOURS
0280803W,Collège Édouard Herriot,hors EP,98.1,9.6,111.0,False,False,accord : hors,False,False,accord : hors,False,False,28,EURE-ET-LOIR,18,ORLEANS-TOURS
0280865N,Collège Louis Armand,REP+,80.6,7.7,121.0,True,True,accord : à classer,True,True,accord : à classer,False,False,28,EURE-ET-LOIR,18,ORLEANS-TOURS
0280866P,Collège Albert Sidoisne,hors EP,96.8,9.5,97.0,False,False,accord : hors,False,False,accord : hors,False,False,28,EURE-ET-LOIR,18,ORLEANS-TOURS
0280867R,Collège François Rabelais,hors EP,93.7,9.6,66.0,False,False,accord : hors,False,False,accord : hors,False,False,28,EURE-ET-LOIR,18,ORLEANS-TOURS
0280869T,Collège Jean Monnet,hors EP,98.5,9.1,69.0,False,True,note seule,False,False,accord : hors,False,False,28,EURE-ET-LOIR,18,ORLEANS-TOURS
0280883H,Collège Victor Hugo,hors EP,93.2,8.0,109.0,False,True,note seule,False,True,note seule,False,False,28,EURE-ET-LOIR,18,ORLEANS-TOURS
0280884J,Collège Louis Blériot,hors EP,92.7,8.1,87.0,False,True,note seule,False,True,note seule,False,False,28,EURE-ET-LOIR,18,ORLEANS-TOURS
0280887M,Collège la Loge des Bois,hors EP,95.8,9.8,58.0,False,False,accord : hors,False,False,accord : hors,False,False,28,EURE-ET-LOIR,18,ORLEANS-TOURS
0280889P,Collège Michel Chasles,hors EP,118.6,10.6,108.0,False,False,accord : hors,False,False,accord : hors,False,False,28,EURE-ET-LOIR,18,ORLEANS-TOURS
0280903E,Collège Louis-Arsène Meunier,hors EP,97.8,10.6,66.0,False,False,accord : hors,False,False,accord : hors,False,False,28,EURE-ET-LOIR,18,ORLEANS-TOURS
0280918W,Collège Anatole France,REP,75.5,10.0,31.0,True,False,IPS seul,True,False,IPS seul,False,False,28,EURE-ET-LOIR,18,ORLEANS-TOURS
0280924C,Collège Pierre Brossolette,REP,86.1,9.6,79.0,True,False,IPS seul,True,False,IPS seul,False,False,28,EURE-ET-LOIR,18,ORLEANS-TOURS
0280957N,Collège Émile Zola,hors EP,103.0,11.1,107.0,False,False,accord : hors,False,False,accord : hors,False,False,28,EURE-ET-LOIR,18,ORLEANS-TOURS
0281038B,Collège Mozart,hors EP,112.4,8.9,117.0,False,True,note seule,False,False,accord : hors,False,False,28,EURE-ET-LOIR,18,ORLEANS-TOURS
0281043G,Collège Jean Monnet,hors EP,114.3,10.8,148.0,False,False,accord : hors,False,False,accord : hors,False,False,28,EURE-ET-LOIR,18,ORLEANS-TOURS
0281055V,Collège Soutine,hors EP,114.3,10.5,161.0,False,False,accord : hors,False,False,accord : hors,False,False,28,EURE-ET-LOIR,18,ORLEANS-TOURS
0281060A,Collège Martial Taugourdeau,REP,98.8,10.2,140.0,False,False,accord : hors,False,False,accord : hors,False,False,28,EURE-ET-LOIR,18,ORLEANS-TOURS
0281095N,Collège Charles de Gaulle,hors EP,117.3,10.8,94.0,False,False,accord : hors,False,False,accord : hors,False,False,28,EURE-ET-LOIR,18,ORLEANS-TOURS
0290019N,Collège Pierre Stéphan,hors EP,105.2,11.8,92.0,False,False,accord : hors,False,False,accord : hors,False,False,29,FINISTERE,14,RENNES
0290021R,Collège des Deux Baies,hors EP,113.3,11.6,47.0,False,False,accord : hors,False,False,accord : hors,False,False,29,FINISTERE,14,RENNES
0290031B,Collège du Porzou,hors EP,112.4,11.9,93.0,False,False,accord : hors,False,False,accord : hors,False,False,29,FINISTERE,14,RENNES
0290032C,Collège Alain,hors EP,103.8,11.0,81.0,False,False,accord : hors,False,False,accord : hors,False,False,29,FINISTERE,14,RENNES
0290033D,Collège Coat Mez,hors EP,120.9,13.1,107.0,False,False,accord : hors,False,False,accord : hors,False,False,29,FINISTERE,14,RENNES
0290039K,Collège Roz Avel,hors EP,105.4,12.3,58.0,False,False,accord : hors,False,False,accord : hors,False,False,29,FINISTERE,14,RENNES
0290045S,Collège Mescoat,hors EP,112.0,11.9,186.0,False,False,accord : hors,False,False,accord : hors,False,False,29,FINISTERE,14,RENNES
0290047U,Collège Aux Quatre Vents,hors EP,108.7,11.9,90.0,False,False,accord : hors,False,False,accord : hors,False,False,29,FINISTERE,14,RENNES
0290048V,Collège Pays des Abers,hors EP,109.6,12.5,124.0,False,False,accord : hors,False,False,accord : hors,False,False,29,FINISTERE,14,RENNES
0290049W,Collège Antoine de Saint-Exupéry,hors EP,100.0,10.6,153.0,False,False,accord : hors,False,False,accord : hors,False,False,29,FINISTERE,14,RENNES
0290053A,Collège Louis Hémon,hors EP,98.8,10.6,60.0,False,False,accord : hors,False,False,accord : hors,False,False,29,FINISTERE,14,RENNES
0290056D,Collège de la Baie du Kernic - Louis et Marie Fichez,hors EP,95.5,12.2,43.0,False,False,accord : hors,False,False,accord : hors,False,False,29,FINISTERE,14,RENNES
0290057E,Collège François Charles,hors EP,117.2,12.5,31.0,False,False,accord : hors,False,False,accord : hors,False,False,29,FINISTERE,14,RENNES
0290058F,Collège des Monts d'Arrée,hors EP,100.5,10.0,62.0,False,False,accord : hors,False,False,accord : hors,False,False,29,FINISTERE,14,RENNES
0290060H,Collège Penanroz,hors EP,110.9,11.9,44.0,False,False,accord : hors,False,False,accord : hors,False,False,29,FINISTERE,14,RENNES
0290064M,Collège Laënnec,hors EP,111.4,11.3,165.0,False,False,accord : hors,False,False,accord : hors,False,False,29,FINISTERE,14,RENNES
0290065N,Collège Édouard Quéau,hors EP,108.4,12.4,93.0,False,False,accord : hors,False,False,accord : hors,False,False,29,FINISTERE,14,RENNES
0290068S,Collège La Tour D'Auvergne,hors EP,108.1,11.0,119.0,False,False,accord : hors,False,False,accord : hors,False,False,29,FINISTERE,14,RENNES
0290083H,Collège Tanguy Prigent,hors EP,103.7,11.9,49.0,False,False,accord : hors,False,False,accord : hors,False,False,29,FINISTERE,14,RENNES
0290086L,Collège Simone Veil,hors EP,112.8,11.8,107.0,False,False,accord : hors,False,False,accord : hors,False,False,29,FINISTERE,14,RENNES
0290088N,Collège Léo Ferré,hors EP,92.1,10.2,57.0,False,False,accord : hors,False,False,accord : hors,False,False,29,FINISTERE,14,RENNES
0290089P,Collège du Val d'Élorn,hors EP,102.6,10.9,55.0,False,False,accord : hors,False,False,accord : hors,False,False,29,FINISTERE,14,RENNES
0290093U,Collège François Collobert,hors EP,108.3,12.1,53.0,False,False,accord : hors,False,False,accord : hors,False,False,29,FINISTERE,14,RENNES
0290100B,Collège Penn Ar C'hleuz,REP,91.3,11.2,96.0,False,False,accord : hors,False,False,accord : hors,False,False,29,FINISTERE,14,RENNES
0290107J,Collège Jules Ferry,hors EP,100.7,10.6,63.0,False,False,accord : hors,False,False,accord : hors,False,False,29,FINISTERE,14,RENNES
0290131K,Collège Saint-Pol Roux,hors EP,101.6,11.0,58.0,False,False,accord : hors,False,False,accord : hors,False,False,29,FINISTERE,14,RENNES
0290132L,Collège les Sables Blancs,hors EP,102.8,10.2,49.0,False,False,accord : hors,False,False,accord : hors,False,False,29,FINISTERE,14,RENNES
0290148D,Collège Jean Jaurès,hors EP,91.9,10.4,33.0,False,False,accord : hors,False,False,accord : hors,False,False,29,FINISTERE,14,RENNES
0290149E,Collège Joséphine Baker,REP,74.6,7.2,50.0,True,True,accord : à classer,True,True,accord : à classer,False,False,29,FINISTERE,14,RENNES
0290151G,Collège Camille Vallaux,hors EP,123.1,13.0,84.0,False,False,accord : hors,False,False,accord : hors,False,False,29,FINISTERE,14,RENNES
0290153J,Collège Kerzourat,hors EP,94.9,10.8,92.0,False,False,accord : hors,False,False,accord : hors,False,False,29,FINISTERE,14,RENNES
0290320R,Collège La Tourelle,hors EP,109.3,11.5,105.0,False,False,accord : hors,False,False,accord : hors,False,False,29,FINISTERE,14,RENNES
0290330B,Collège Bois de Locqueran,hors EP,107.7,11.2,56.0,False,False,accord : hors,False,False,accord : hors,False,False,29,FINISTERE,14,RENNES
0290331C,Collège Henri Le Moal,hors EP,108.8,11.5,67.0,False,False,accord : hors,False,False,accord : hors,False,False,29,FINISTERE,14,RENNES
0290333E,Collège Jacques Prévert,hors EP,99.2,10.6,63.0,False,False,accord : hors,False,False,accord : hors,False,False,29,FINISTERE,14,RENNES
0291085X,Collège du Château,hors EP,105.3,11.4,84.0,False,False,accord : hors,False,False,accord : hors,False,False,29,FINISTERE,14,RENNES
0291086Y,Collège Jean Jaurès,hors EP,100.7,10.5,73.0,False,False,accord : hors,False,False,accord : hors,False,False,29,FINISTERE,14,RENNES
0291087Z,Collège Max Jacob,REP,88.3,9.8,99.0,True,False,IPS seul,True,False,IPS seul,False,False,29,FINISTERE,14,RENNES
0291089B,Collège La Fontaine Margot,REP,85.3,11.1,55.0,True,False,IPS seul,True,False,IPS seul,False,False,29,FINISTERE,14,RENNES
0291101P,Collège Kervihan,hors EP,119.0,11.4,198.0,False,False,accord : hors,False,False,accord : hors,False,False,29,FINISTERE,14,RENNES
0291102R,Collège Beg Avel,hors EP,94.0,10.0,84.0,False,False,accord : hors,False,False,accord : hors,False,False,29,FINISTERE,14,RENNES
0291104T,Collège Mendès France,hors EP,96.9,12.9,47.0,False,False,accord : hors,False,False,accord : hors,False,False,29,FINISTERE,14,RENNES
0291590W,Collège Jean Moulin,hors EP,103.0,11.6,110.0,False,False,accord : hors,False,False,accord : hors,False,False,29,FINISTERE,14,RENNES
0291591X,Collège Jean Marie Le Bris,hors EP,110.7,11.2,106.0,False,False,accord : hors,False,False,accord : hors,False,False,29,FINISTERE,14,RENNES
0291592Y,Collège Brizeux,hors EP,114.1,12.4,160.0,False,False,accord : hors,False,False,accord : hors,False,False,29,FINISTERE,14,RENNES
0291594A,Collège de l'Harteloire,hors EP,118.4,10.8,86.0,False,False,accord : hors,False,False,accord : hors,False,False,29,FINISTERE,14,RENNES
0291595B,Collège de l'Iroise,hors EP,102.4,10.5,110.0,False,False,accord : hors,False,False,accord : hors,False,False,29,FINISTERE,14,RENNES
0291631R,Collège Paul Langevin,hors EP,101.8,11.3,60.0,False,False,accord : hors,False,False,accord : hors,False,False,29,FINISTERE,14,RENNES
0291634U,Collège Germain Pensivy,hors EP,102.3,11.1,127.0,False,False,accord : hors,False,False,accord : hors,False,False,29,FINISTERE,14,RENNES
0291635V,Collège la Villemarqué,hors EP,104.0,11.0,114.0,False,False,accord : hors,False,False,accord : hors,False,False,29,FINISTERE,14,RENNES
0291661Y,Collège Anna Marly,hors EP,101.1,10.4,51.0,False,False,accord : hors,False,False,accord : hors,False,False,29,FINISTERE,14,RENNES
0291716H,Collège Croas ar Pennoc,hors EP,111.9,12.2,65.0,False,False,accord : hors,False,False,accord : hors,False,False,29,FINISTERE,14,RENNES
0291717J,Collège Parc Ar C'Hoat - Yves Cotty,hors EP,112.1,11.8,87.0,False,False,accord : hors,False,False,accord : hors,False,False,29,FINISTERE,14,RENNES
0291753Y,Collège Victoire Daubié,hors EP,125.6,13.0,98.0,False,False,accord : hors,False,False,accord : hors,False,False,29,FINISTERE,14,RENNES
0291824A,Collège les Quatre Moulins,hors EP,101.2,10.8,77.0,False,False,accord : hors,False,False,accord : hors,False,False,29,FINISTERE,14,RENNES
0291928N,Collège la Fontaine Blanche,hors EP,125.2,13.1,94.0,False,False,accord : hors,False,False,accord : hors,False,False,29,FINISTERE,14,RENNES
0291929P,Collège Kerallan,hors EP,119.9,13.5,93.0,False,False,accord : hors,False,False,accord : hors,False,False,29,FINISTERE,14,RENNES
0291968G,Collège du Vizac,hors EP,108.5,11.8,81.0,False,False,accord : hors,False,False,accord : hors,False,False,29,FINISTERE,14,RENNES
0292006Y,Collège de l'Aulne,hors EP,94.7,10.3,74.0,False,False,accord : hors,False,False,accord : hors,False,False,29,FINISTERE,14,RENNES
0292290G,Collège Nelson Mandela,hors EP,104.0,10.9,106.0,False,False,accord : hors,False,False,accord : hors,False,False,29,FINISTERE,14,RENNES
0300001N,Collège Irène Joliot-Curie,hors EP,101.5,10.9,143.0,False,False,accord : hors,False,False,accord : hors,False,False,30,GARD,11,MONTPELLIER
0300006U,Collège Florian,hors EP,99.4,10.6,102.0,False,False,accord : hors,False,False,accord : hors,False,False,30,GARD,11,MONTPELLIER
0300013B,Collège le Castellas,hors EP,91.2,7.8,36.0,False,True,note seule,False,True,note seule,False,False,30,GARD,11,MONTPELLIER
0300020J,Collège Antoine Deparcieux,hors EP,89.8,8.6,20.0,False,True,note seule,False,True,note seule,False,False,30,GARD,11,MONTPELLIER
0300025P,Collège Romain Rolland,REP+,62.1,8.4,69.0,True,True,accord : à classer,True,True,accord : à classer,False,False,30,GARD,11,MONTPELLIER
0300031W,Collège Georges Ville,hors EP,100.9,10.4,94.0,False,False,accord : hors,False,False,accord : hors,False,False,30,GARD,11,MONTPELLIER
0300032X,Collège de Coutach,hors EP,110.7,10.5,99.0,False,False,accord : hors,False,False,accord : hors,False,False,30,GARD,11,MONTPELLIER
0300033Y,Collège Voltaire,hors EP,106.4,11.2,149.0,False,False,accord : hors,False,False,accord : hors,False,False,30,GARD,11,MONTPELLIER
0300036B,Collège Armand Coussens,hors EP,96.9,8.5,88.0,False,True,note seule,False,True,note seule,False,False,30,GARD,11,MONTPELLIER
0300037C,Collège Jean Vilar,REP,85.0,8.4,162.0,True,True,accord : à classer,True,True,accord : à classer,False,False,30,GARD,11,MONTPELLIER
0300039E,Collège de la Galaberte,hors EP,103.1,10.9,66.0,False,False,accord : hors,False,False,accord : hors,False,False,30,GARD,11,MONTPELLIER
0300042H,Collège Marceau Lapierre,hors EP,103.7,10.0,37.0,False,False,accord : hors,False,False,accord : hors,False,False,30,GARD,11,MONTPELLIER
0300043J,Collège Jean Baptiste Dumas,hors EP,102.7,10.6,130.0,False,False,accord : hors,False,False,accord : hors,False,False,30,GARD,11,MONTPELLIER
0300050S,Collège La Garriguette,hors EP,107.1,10.9,164.0,False,False,accord : hors,False,False,accord : hors,False,False,30,GARD,11,MONTPELLIER
0300055X,Collège Bernard de Ventadour,hors EP,105.1,10.5,183.0,False,False,accord : hors,False,False,accord : hors,False,False,30,GARD,11,MONTPELLIER
0300059B,Collège Jules Verne,REP+,71.6,7.8,113.0,True,True,accord : à classer,True,True,accord : à classer,False,False,30,GARD,11,MONTPELLIER
0300062E,Collège Capouchiné,REP,77.5,7.6,107.0,True,True,accord : à classer,True,True,accord : à classer,False,False,30,GARD,11,MONTPELLIER
0300141R,Collège Condorcet,REP+,69.2,7.3,117.0,True,True,accord : à classer,True,True,accord : à classer,False,False,30,GARD,11,MONTPELLIER
0300929X,Collège Mont Duplan,hors EP,96.2,10.3,78.0,False,False,accord : hors,False,False,accord : hors,False,False,30,GARD,11,MONTPELLIER
0300945P,Collège Feuchères,hors EP,93.5,9.3,188.0,False,True,note seule,False,False,accord : hors,False,True,30,GARD,11,MONTPELLIER
0300946R,Collège Révolution,hors EP,120.8,11.0,111.0,False,False,accord : hors,False,False,accord : hors,False,False,30,GARD,11,MONTPELLIER
0300947S,Collège Alphonse Daudet,hors EP,76.3,8.4,113.0,True,True,accord : à classer,True,True,accord : à classer,False,False,30,GARD,11,MONTPELLIER
0300949U,Collège Jean Racine,hors EP,107.4,10.7,139.0,False,False,accord : hors,False,False,accord : hors,False,False,30,GARD,11,MONTPELLIER
0301010K,Collège Ada Lovelace,REP+,82.5,8.4,101.0,True,True,accord : à classer,True,True,accord : à classer,False,False,30,GARD,11,MONTPELLIER
0301012M,Collège Léo Larguier,REP,81.3,8.1,64.0,True,True,accord : à classer,True,True,accord : à classer,False,False,30,GARD,11,MONTPELLIER
0301013N,Collège Jean Moulin,REP+,74.1,8.5,77.0,True,True,accord : à classer,True,True,accord : à classer,False,False,30,GARD,11,MONTPELLIER
0301014P,Collège Denis Diderot,REP,87.4,10.6,94.0,True,False,IPS seul,False,False,accord : hors,False,False,30,GARD,11,MONTPELLIER
0301096D,Collège la Vallée Verte,hors EP,98.2,9.0,222.0,False,True,note seule,False,False,accord : hors,False,False,30,GARD,11,MONTPELLIER
0301098F,Collège les Oliviers,REP,79.2,9.1,125.0,True,True,accord : à classer,True,False,IPS seul,False,False,30,GARD,11,MONTPELLIER
0301208A,Collège Eugène Vigne,REP+,83.0,9.6,119.0,True,False,IPS seul,True,False,IPS seul,False,False,30,GARD,11,MONTPELLIER
0301209B,Collège les Fontaines,hors EP,109.5,11.5,212.0,False,False,accord : hors,False,False,accord : hors,False,False,30,GARD,11,MONTPELLIER
0301211D,Collège Le Bosquet,hors EP,93.2,10.3,127.0,False,False,accord : hors,False,False,accord : hors,False,False,30,GARD,11,MONTPELLIER
0301213F,Collège Paul Valéry,hors EP,107.7,11.7,156.0,False,False,accord : hors,False,False,accord : hors,False,False,30,GARD,11,MONTPELLIER
0301214G,Collège du Mourion,hors EP,124.3,12.2,227.0,False,False,accord : hors,False,False,accord : hors,False,False,30,GARD,11,MONTPELLIER
0301232B,Collège Gaston Doumergue,hors EP,111.4,10.6,212.0,False,False,accord : hors,False,False,accord : hors,False,False,30,GARD,11,MONTPELLIER
0301245R,Collège Lou Castellas,hors EP,107.5,10.4,157.0,False,False,accord : hors,False,False,accord : hors,False,False,30,GARD,11,MONTPELLIER
0301246S,Collège la Gardonnenque,hors EP,103.5,11.4,171.0,False,False,accord : hors,False,False,accord : hors,False,False,30,GARD,11,MONTPELLIER
0301282F,Collège Elsa Triolet,REP,86.5,8.8,104.0,True,True,accord : à classer,False,False,accord : hors,False,False,30,GARD,11,MONTPELLIER
0301283G,Collège Lou Redounet,hors EP,108.4,11.6,136.0,False,False,accord : hors,False,False,accord : hors,False,False,30,GARD,11,MONTPELLIER
0301284H,Collège Jean Rostand,hors EP,99.7,10.2,161.0,False,False,accord : hors,False,False,accord : hors,False,False,30,GARD,11,MONTPELLIER
0301325C,Collège Henri Pitot,hors EP,102.4,10.4,107.0,False,False,accord : hors,False,False,accord : hors,False,False,30,GARD,11,MONTPELLIER
0301326D,Collège André Chamson,hors EP,103.4,10.4,89.0,False,False,accord : hors,False,False,accord : hors,False,False,30,GARD,11,MONTPELLIER
0301327E,Collège Gérard Philipe,hors EP,99.9,11.7,132.0,False,False,accord : hors,False,False,accord : hors,False,False,30,GARD,11,MONTPELLIER
0301656M,Collège Claudie Haignere,hors EP,116.7,11.6,151.0,False,False,accord : hors,False,False,accord : hors,False,False,30,GARD,11,MONTPELLIER
0301670C,Collège Frédéric Desmons,hors EP,103.5,10.3,107.0,False,False,accord : hors,False,False,accord : hors,False,False,30,GARD,11,MONTPELLIER
0301671D,Collège Le Vignet,hors EP,117.3,11.5,133.0,False,False,accord : hors,False,False,accord : hors,False,False,30,GARD,11,MONTPELLIER
0301721H,Collège Jean-Louis Trintignant,hors EP,109.1,12.2,104.0,False,False,accord : hors,False,False,accord : hors,False,False,30,GARD,11,MONTPELLIER
0301723K,Collège Théodore Monod,hors EP,115.8,11.1,133.0,False,False,accord : hors,False,False,accord : hors,False,False,30,GARD,11,MONTPELLIER
0301746K,Collège Via Domitia,hors EP,102.0,10.3,116.0,False,False,accord : hors,False,False,accord : hors,False,False,30,GARD,11,MONTPELLIER
0301747L,Collège Ledignan,hors EP,103.8,10.8,100.0,False,False,accord : hors,False,False,accord : hors,False,False,30,GARD,11,MONTPELLIER
0301816L,Collège Claude Chappe,hors EP,108.0,10.7,163.0,False,False,accord : hors,False,False,accord : hors,False,False,30,GARD,11,MONTPELLIER
0301827Y,Collège Fédérico Garcia Lorca,hors EP,100.2,11.2,99.0,False,False,accord : hors,False,False,accord : hors,False,False,30,GARD,11,MONTPELLIER
0310001H,Collège Armand Latour,hors EP,105.6,12.4,46.0,False,False,accord : hors,False,False,accord : hors,False,False,31,HAUTE-GARONNE,16,TOULOUSE
0310003K,Collège Émile-Paul Vayssie,hors EP,101.8,11.9,48.0,False,False,accord : hors,False,False,accord : hors,False,False,31,HAUTE-GARONNE,16,TOULOUSE
0310005M,Collège Jean Monnet,hors EP,111.7,12.6,42.0,False,False,accord : hors,False,False,accord : hors,False,False,31,HAUTE-GARONNE,16,TOULOUSE
0310007P,Collège Charles Suran,hors EP,97.6,11.1,35.0,False,False,accord : hors,False,False,accord : hors,False,False,31,HAUTE-GARONNE,16,TOULOUSE
0310008R,Collège Joseph Rey,hors EP,119.4,12.1,131.0,False,False,accord : hors,False,False,accord : hors,False,False,31,HAUTE-GARONNE,16,TOULOUSE
0310012V,Collège du Plantaurel,hors EP,103.6,11.2,119.0,False,False,accord : hors,False,False,accord : hors,False,False,31,HAUTE-GARONNE,16,TOULOUSE
0310015Y,Collège Pierre et Marie Curie,hors EP,108.1,10.1,90.0,False,False,accord : hors,False,False,accord : hors,False,False,31,HAUTE-GARONNE,16,TOULOUSE
0310019C,Collège Léon Cazeneuve,hors EP,95.1,10.8,32.0,False,False,accord : hors,False,False,accord : hors,False,False,31,HAUTE-GARONNE,16,TOULOUSE
0310021E,Collège Georges Brassens,hors EP,129.8,12.0,161.0,False,False,accord : hors,False,False,accord : hors,False,False,31,HAUTE-GARONNE,16,TOULOUSE
0310022F,Collège Stella Blandy,hors EP,110.3,10.5,84.0,False,False,accord : hors,False,False,accord : hors,False,False,31,HAUTE-GARONNE,16,TOULOUSE
0310023G,Collège Bertrand Laralde,hors EP,97.1,11.2,59.0,False,False,accord : hors,False,False,accord : hors,False,False,31,HAUTE-GARONNE,16,TOULOUSE
0310025J,Collège Bétance,hors EP,107.5,11.5,207.0,False,False,accord : hors,False,False,accord : hors,False,False,31,HAUTE-GARONNE,16,TOULOUSE
0310029N,Collège Robert Roger,hors EP,115.4,11.4,119.0,False,False,accord : hors,False,False,accord : hors,False,False,31,HAUTE-GARONNE,16,TOULOUSE
0310031R,Collège François Cazes,hors EP,99.8,10.6,34.0,False,False,accord : hors,False,False,accord : hors,False,False,31,HAUTE-GARONNE,16,TOULOUSE
0310035V,Collège des Trois Vallées,hors EP,109.7,11.5,117.0,False,False,accord : hors,False,False,accord : hors,False,False,31,HAUTE-GARONNE,16,TOULOUSE
0310037X,Collège Clémence Isaure,hors EP,93.1,9.9,145.0,False,False,accord : hors,False,False,accord : hors,False,False,31,HAUTE-GARONNE,16,TOULOUSE
0310083X,Collège Didier Daurat,hors EP,96.9,11.1,103.0,False,False,accord : hors,False,False,accord : hors,False,False,31,HAUTE-GARONNE,16,TOULOUSE
0310084Y,Collège Antonin Perbosc,hors EP,104.2,11.0,149.0,False,False,accord : hors,False,False,accord : hors,False,False,31,HAUTE-GARONNE,16,TOULOUSE
0310085Z,Collège Jean-Pierre Vernant,hors EP,112.2,11.1,151.0,False,False,accord : hors,False,False,accord : hors,False,False,31,HAUTE-GARONNE,16,TOULOUSE
0310086A,Collège George Sand,REP+,71.9,9.9,70.0,True,False,IPS seul,True,False,IPS seul,False,False,31,HAUTE-GARONNE,16,TOULOUSE
0310092G,Collège Bellevue,hors EP,121.6,12.2,170.0,False,False,accord : hors,False,False,accord : hors,False,False,31,HAUTE-GARONNE,16,TOULOUSE
0310093H,Collège Marcelin Berthelot,hors EP,98.3,11.1,120.0,False,False,accord : hors,False,False,accord : hors,False,False,31,HAUTE-GARONNE,16,TOULOUSE
0311093V,Collège Montesquieu,hors EP,106.2,10.5,209.0,False,False,accord : hors,False,False,accord : hors,False,False,31,HAUTE-GARONNE,16,TOULOUSE
0311094W,Collège Georges Chaumeton,hors EP,114.0,11.4,181.0,False,False,accord : hors,False,False,accord : hors,False,False,31,HAUTE-GARONNE,16,TOULOUSE
0311111P,Collège Hubertine Auclert,hors EP,90.4,9.9,182.0,False,False,accord : hors,False,False,accord : hors,False,False,31,HAUTE-GARONNE,16,TOULOUSE
0311112R,Collège Toulouse Lautrec,REP,86.9,8.7,135.0,True,True,accord : à classer,True,True,accord : à classer,False,False,31,HAUTE-GARONNE,16,TOULOUSE
0311231V,Collège Maurice Becanne,REP,95.4,10.6,89.0,False,False,accord : hors,False,False,accord : hors,False,False,31,HAUTE-GARONNE,16,TOULOUSE
0311232W,Collège Claude Nougaro,REP,102.1,10.5,73.0,False,False,accord : hors,False,False,accord : hors,False,False,31,HAUTE-GARONNE,16,TOULOUSE
0311236A,Collège Pierre de Fermat,hors EP,124.9,12.4,212.0,False,False,accord : hors,False,False,accord : hors,False,False,31,HAUTE-GARONNE,16,TOULOUSE
0311237B,Collège Henri Guillaumet,hors EP,118.0,10.8,140.0,False,False,accord : hors,False,False,accord : hors,False,False,31,HAUTE-GARONNE,16,TOULOUSE
0311238C,Collège Jean Jaurès,hors EP,100.6,9.4,130.0,False,False,accord : hors,False,True,note seule,False,False,31,HAUTE-GARONNE,16,TOULOUSE
0311263E,Collège du Bois de la Barthe,hors EP,132.7,13.0,146.0,False,False,accord : hors,False,False,accord : hors,False,False,31,HAUTE-GARONNE,16,TOULOUSE
0311264F,Collège Jolimont,hors EP,94.7,9.6,96.0,False,False,accord : hors,False,True,note seule,False,False,31,HAUTE-GARONNE,16,TOULOUSE
0311265G,Collège Rosa PARKS,REP+,76.3,9.1,77.0,True,True,accord : à classer,True,True,accord : à classer,False,False,31,HAUTE-GARONNE,16,TOULOUSE
0311266H,Collège Jean Jaurès,hors EP,132.4,12.0,188.0,False,False,accord : hors,False,False,accord : hors,False,False,31,HAUTE-GARONNE,16,TOULOUSE
0311319R,Collège Louisa Paulin,hors EP,91.3,9.8,182.0,False,False,accord : hors,False,False,accord : hors,False,False,31,HAUTE-GARONNE,16,TOULOUSE
0311325X,Collège Voltaire,hors EP,89.5,10.3,80.0,False,False,accord : hors,True,False,IPS seul,False,False,31,HAUTE-GARONNE,16,TOULOUSE
0311327Z,Collège Alphonse de Lamartine,hors EP,100.4,10.5,64.0,False,False,accord : hors,False,False,accord : hors,False,False,31,HAUTE-GARONNE,16,TOULOUSE
0311328A,Collège Les Chalets,hors EP,110.7,11.9,136.0,False,False,accord : hors,False,False,accord : hors,False,False,31,HAUTE-GARONNE,16,TOULOUSE
0311330C,Collège Jean Rostand,hors EP,116.9,12.7,145.0,False,False,accord : hors,False,False,accord : hors,False,False,31,HAUTE-GARONNE,16,TOULOUSE
0311332E,Collège Anatole France,hors EP,106.0,9.9,108.0,False,False,accord : hors,False,False,accord : hors,False,False,31,HAUTE-GARONNE,16,TOULOUSE
0311333F,Collège Jean Moulin,hors EP,106.9,11.3,114.0,False,False,accord : hors,False,False,accord : hors,False,False,31,HAUTE-GARONNE,16,TOULOUSE
0311335H,Collège Jean Gay,hors EP,126.4,12.2,107.0,False,False,accord : hors,False,False,accord : hors,False,False,31,HAUTE-GARONNE,16,TOULOUSE
0311338L,Collège Émile Zola,hors EP,113.2,11.7,119.0,False,False,accord : hors,False,False,accord : hors,False,False,31,HAUTE-GARONNE,16,TOULOUSE
0311573S,Collège Jean Paul Laurens,hors EP,132.1,12.5,169.0,False,False,accord : hors,False,False,accord : hors,False,False,31,HAUTE-GARONNE,16,TOULOUSE
0311580Z,Collège André Abbal,hors EP,107.4,11.6,96.0,False,False,accord : hors,False,False,accord : hors,False,False,31,HAUTE-GARONNE,16,TOULOUSE
0311581A,Collège Jean Mermoz,hors EP,100.6,10.2,94.0,False,False,accord : hors,False,False,accord : hors,False,False,31,HAUTE-GARONNE,16,TOULOUSE
0311582B,Collège des Ponts-Jumeaux,hors EP,124.7,12.6,99.0,False,False,accord : hors,False,False,accord : hors,False,False,31,HAUTE-GARONNE,16,TOULOUSE
0311584D,Collège Marengo,hors EP,119.8,12.7,86.0,False,False,accord : hors,False,False,accord : hors,False,False,31,HAUTE-GARONNE,16,TOULOUSE
0311630D,Collège Stendhal,REP+,62.6,8.0,84.0,True,True,accord : à classer,True,True,accord : à classer,False,False,31,HAUTE-GARONNE,16,TOULOUSE
0311631E,Collège Michelet - annexe,hors EP,128.9,13.5,186.0,False,False,accord : hors,False,False,accord : hors,False,False,31,HAUTE-GARONNE,16,TOULOUSE
0311632F,Collège Les Violettes de Aucamville,hors EP,104.5,10.7,159.0,False,False,accord : hors,False,False,accord : hors,False,False,31,HAUTE-GARONNE,16,TOULOUSE
0311633G,Collège André Malraux,hors EP,113.0,11.6,151.0,False,False,accord : hors,False,False,accord : hors,False,False,31,HAUTE-GARONNE,16,TOULOUSE
0311634H,Collège Jules Ferry,hors EP,122.4,11.9,186.0,False,False,accord : hors,False,False,accord : hors,False,False,31,HAUTE-GARONNE,16,TOULOUSE
0311686P,Collège Jules Vallès,hors EP,108.1,11.1,149.0,False,False,accord : hors,False,False,accord : hors,False,False,31,HAUTE-GARONNE,16,TOULOUSE
0311687R,Collège Léon Blum,hors EP,110.6,11.2,168.0,False,False,accord : hors,False,False,accord : hors,False,False,31,HAUTE-GARONNE,16,TOULOUSE
0311688S,Collège Pierre Labitrie,hors EP,119.7,11.8,188.0,False,False,accord : hors,False,False,accord : hors,False,False,31,HAUTE-GARONNE,16,TOULOUSE
0311689T,Collège Albert Camus,hors EP,104.2,11.2,99.0,False,False,accord : hors,False,False,accord : hors,False,False,31,HAUTE-GARONNE,16,TOULOUSE
0311690U,Collège François Mitterrand,hors EP,116.9,11.8,94.0,False,False,accord : hors,False,False,accord : hors,False,False,31,HAUTE-GARONNE,16,TOULOUSE
0311718Z,Collège Nicolas-Louis Vauquelin,REP,85.2,9.3,135.0,True,True,accord : à classer,True,True,accord : à classer,False,True,31,HAUTE-GARONNE,16,TOULOUSE
0311720B,Collège Jacques Maure,hors EP,113.4,11.6,153.0,False,False,accord : hors,False,False,accord : hors,False,False,31,HAUTE-GARONNE,16,TOULOUSE
0311721C,Collège Alain Savary,hors EP,119.2,12.1,186.0,False,False,accord : hors,False,False,accord : hors,False,False,31,HAUTE-GARONNE,16,TOULOUSE
0311722D,Collège Romain Rolland,hors EP,126.6,12.8,160.0,False,False,accord : hors,False,False,accord : hors,False,False,31,HAUTE-GARONNE,16,TOULOUSE
0311769E,Collège Grand Selve,hors EP,110.1,11.0,157.0,False,False,accord : hors,False,False,accord : hors,False,False,31,HAUTE-GARONNE,16,TOULOUSE
0311772H,Collège Léo Ferré,hors EP,112.1,10.4,127.0,False,False,accord : hors,False,False,accord : hors,False,False,31,HAUTE-GARONNE,16,TOULOUSE
0311846N,Collège Vincent Auriol,hors EP,106.3,9.5,130.0,False,False,accord : hors,False,True,note seule,False,False,31,HAUTE-GARONNE,16,TOULOUSE
0311850T,Collège Jacques Prévert,hors EP,128.2,12.1,143.0,False,False,accord : hors,False,False,accord : hors,False,False,31,HAUTE-GARONNE,16,TOULOUSE
0311851U,Collège Leclerc,hors EP,97.9,10.6,101.0,False,False,accord : hors,False,False,accord : hors,False,False,31,HAUTE-GARONNE,16,TOULOUSE
0311915N,Collège Pablo Picasso,hors EP,115.0,11.1,132.0,False,False,accord : hors,False,False,accord : hors,False,False,31,HAUTE-GARONNE,16,TOULOUSE
0312071H,Collège Jules Verne,hors EP,121.1,11.9,207.0,False,False,accord : hors,False,False,accord : hors,False,False,31,HAUTE-GARONNE,16,TOULOUSE
0312092F,Collège Victor Hugo,hors EP,131.0,13.2,77.0,False,False,accord : hors,False,False,accord : hors,False,False,31,HAUTE-GARONNE,16,TOULOUSE
0312139G,Collège Camille Claudel,hors EP,110.0,11.3,116.0,False,False,accord : hors,False,False,accord : hors,False,False,31,HAUTE-GARONNE,16,TOULOUSE
0312140H,Collège René Cassin,hors EP,125.1,12.1,159.0,False,False,accord : hors,False,False,accord : hors,False,False,31,HAUTE-GARONNE,16,TOULOUSE
0312220V,Collège Daniel Sorano,hors EP,124.5,13.1,227.0,False,False,accord : hors,False,False,accord : hors,False,False,31,HAUTE-GARONNE,16,TOULOUSE
0312307P,Collège Léonard de Vinci,hors EP,132.9,12.9,163.0,False,False,accord : hors,False,False,accord : hors,False,False,31,HAUTE-GARONNE,16,TOULOUSE
0312337X,Collège forain François Verdier,hors EP,130.9,12.3,208.0,False,False,accord : hors,False,False,accord : hors,False,False,31,HAUTE-GARONNE,16,TOULOUSE
0312338Y,Collège Cantelauze,hors EP,114.9,11.3,136.0,False,False,accord : hors,False,False,accord : hors,False,False,31,HAUTE-GARONNE,16,TOULOUSE
0312423R,Collège François Mitterrand,hors EP,103.5,9.8,116.0,False,False,accord : hors,False,False,accord : hors,False,False,31,HAUTE-GARONNE,16,TOULOUSE
0312478A,Collège Claude Cornac,hors EP,117.4,11.3,154.0,False,False,accord : hors,False,False,accord : hors,False,False,31,HAUTE-GARONNE,16,TOULOUSE
0312609T,Collège Les Roussillous,hors EP,131.5,13.1,143.0,False,False,accord : hors,False,False,accord : hors,False,False,31,HAUTE-GARONNE,16,TOULOUSE
0312610U,Collège Marcel Doret,hors EP,124.6,12.9,116.0,False,False,accord : hors,False,False,accord : hors,False,False,31,HAUTE-GARONNE,16,TOULOUSE
0312611V,Collège Jacqueline Auriol,hors EP,112.1,11.0,169.0,False,False,accord : hors,False,False,accord : hors,False,False,31,HAUTE-GARONNE,16,TOULOUSE
0312612W,Collège Galilée,hors EP,115.8,12.1,160.0,False,False,accord : hors,False,False,accord : hors,False,False,31,HAUTE-GARONNE,16,TOULOUSE
0312697N,Collège Flora Tristan,hors EP,112.5,12.5,142.0,False,False,accord : hors,False,False,accord : hors,False,False,31,HAUTE-GARONNE,16,TOULOUSE
0312698P,Collège Paul Cézanne,hors EP,130.2,13.1,106.0,False,False,accord : hors,False,False,accord : hors,False,False,31,HAUTE-GARONNE,16,TOULOUSE
0312699R,Collège Condorcet,hors EP,120.3,12.2,135.0,False,False,accord : hors,False,False,accord : hors,False,False,31,HAUTE-GARONNE,16,TOULOUSE
0312700S,Collège Jean Dieuzaide,hors EP,123.9,13.4,212.0,False,False,accord : hors,False,False,accord : hors,False,False,31,HAUTE-GARONNE,16,TOULOUSE
0312729Y,Collège Germaine Tillion,hors EP,117.2,11.9,178.0,False,False,accord : hors,False,False,accord : hors,False,False,31,HAUTE-GARONNE,16,TOULOUSE
0312743N,Collège Irène Joliot-Curie,hors EP,128.8,12.0,142.0,False,False,accord : hors,False,False,accord : hors,False,False,31,HAUTE-GARONNE,16,TOULOUSE
0312762J,Collège Élisabeth Badinter,hors EP,139.4,12.5,158.0,False,False,accord : hors,False,False,accord : hors,False,False,31,HAUTE-GARONNE,16,TOULOUSE
0312799Z,Collège Adrienne Bolland,hors EP,112.5,12.3,138.0,False,False,accord : hors,False,False,accord : hors,False,False,31,HAUTE-GARONNE,16,TOULOUSE
0312842W,Collège Simone Veil,hors EP,105.4,10.3,153.0,False,False,accord : hors,False,False,accord : hors,False,False,31,HAUTE-GARONNE,16,TOULOUSE
0312843X,Collège Pierre Mendès-France,hors EP,117.7,12.6,135.0,False,False,accord : hors,False,False,accord : hors,False,False,31,HAUTE-GARONNE,16,TOULOUSE
0312868Z,Collège Nelson Mandela,hors EP,110.2,10.7,167.0,False,False,accord : hors,False,False,accord : hors,False,False,31,HAUTE-GARONNE,16,TOULOUSE
0313010D,Collège Jane Dieulafoy,hors EP,131.6,12.9,156.0,False,False,accord : hors,False,False,accord : hors,False,False,31,HAUTE-GARONNE,16,TOULOUSE
0313045S,Collège Lionel Jospin,hors EP,109.0,10.3,73.0,False,False,accord : hors,False,False,accord : hors,False,False,31,HAUTE-GARONNE,16,TOULOUSE
0313078C,Collège Élisa Deroche,hors EP,103.5,10.8,127.0,False,False,accord : hors,False,False,accord : hors,False,False,31,HAUTE-GARONNE,16,TOULOUSE
0313079D,Collège Sabine Weiss,hors EP,97.8,9.4,112.0,False,False,accord : hors,False,True,note seule,False,False,31,HAUTE-GARONNE,16,TOULOUSE
0313080E,Collège Jeanne et Jean Philippe,hors EP,86.9,9.5,106.0,True,False,IPS seul,True,True,accord : à classer,False,False,31,HAUTE-GARONNE,16,TOULOUSE
0313081F,Collège Ginette Kolinka,hors EP,110.8,10.3,133.0,False,False,accord : hors,False,False,accord : hors,False,False,31,HAUTE-GARONNE,16,TOULOUSE
0320006H,Collège Mathalin,hors EP,104.1,11.0,86.0,False,False,accord : hors,False,False,accord : hors,False,False,32,GERS,16,TOULOUSE
0320010M,Collège Saint-Exupéry,hors EP,94.1,11.7,84.0,False,False,accord : hors,False,False,accord : hors,False,False,32,GERS,16,TOULOUSE
0320011N,Collège Jean Rostand - site de Eauze,hors EP,89.4,9.9,66.0,False,False,accord : hors,True,False,IPS seul,False,False,32,GERS,16,TOULOUSE
0320012P,Collège Hubert Reeves,hors EP,99.1,11.1,52.0,False,False,accord : hors,False,False,accord : hors,False,False,32,GERS,16,TOULOUSE
0320013R,Collège Édouard Lartet,hors EP,109.2,11.7,87.0,False,False,accord : hors,False,False,accord : hors,False,False,32,GERS,16,TOULOUSE
0320014S,Collège Louise Michel,hors EP,118.9,12.7,90.0,False,False,accord : hors,False,False,accord : hors,False,False,32,GERS,16,TOULOUSE
0320017V,Collège Maréchal Lannes,hors EP,104.4,11.2,85.0,False,False,accord : hors,False,False,accord : hors,False,False,32,GERS,16,TOULOUSE
0320019X,Collège Aretha Franklin,hors EP,118.1,12.0,50.0,False,False,accord : hors,False,False,accord : hors,False,False,32,GERS,16,TOULOUSE
0320021Z,Collège du Fezensaguet,hors EP,114.1,11.2,53.0,False,False,accord : hors,False,False,accord : hors,False,False,32,GERS,16,TOULOUSE
0320027F,Collège d'Artagnan,hors EP,95.9,12.3,73.0,False,False,accord : hors,False,False,accord : hors,False,False,32,GERS,16,TOULOUSE
0320028G,Collège Louis Pasteur,hors EP,101.4,13.3,25.0,False,False,accord : hors,False,False,accord : hors,False,False,32,GERS,16,TOULOUSE
0320029H,Collège Val d'Adour,hors EP,101.4,12.8,35.0,False,False,accord : hors,False,False,accord : hors,False,False,32,GERS,16,TOULOUSE
0320031K,Collège François Belleforest,hors EP,108.5,11.4,81.0,False,False,accord : hors,False,False,accord : hors,False,False,32,GERS,16,TOULOUSE
0320033M,Collège Gabriel Seailles,hors EP,106.5,13.1,61.0,False,False,accord : hors,False,False,accord : hors,False,False,32,GERS,16,TOULOUSE
0320035P,Collège de l'Astarac,hors EP,105.8,12.5,52.0,False,False,accord : hors,False,False,accord : hors,False,False,32,GERS,16,TOULOUSE
0320074G,Collège Vasconie,hors EP,101.0,10.9,28.0,False,False,accord : hors,False,False,accord : hors,False,False,32,GERS,16,TOULOUSE
0320562M,Collège Salinis,hors EP,108.7,11.5,79.0,False,False,accord : hors,False,False,accord : hors,False,False,32,GERS,16,TOULOUSE
0320563N,Collège Sadi Carnot,hors EP,102.7,10.7,111.0,False,False,accord : hors,False,False,accord : hors,False,False,32,GERS,16,TOULOUSE
0320608M,Collège Simone Veil,hors EP,104.8,12.9,50.0,False,False,accord : hors,False,False,accord : hors,False,False,32,GERS,16,TOULOUSE
0320740F,Collège Françoise Héritier,hors EP,120.0,12.8,141.0,False,False,accord : hors,False,False,accord : hors,False,False,32,GERS,16,TOULOUSE
0330008E,Collège Jean Verdier,hors EP,112.1,11.2,121.0,False,False,accord : hors,False,False,accord : hors,False,False,33,GIRONDE,4,BORDEAUX
0330017P,Collège Jean Zay,hors EP,109.2,11.6,114.0,False,False,accord : hors,False,False,accord : hors,False,False,33,GIRONDE,4,BORDEAUX
0330058J,Collège Paul-Émile Victor,hors EP,105.6,10.6,116.0,False,False,accord : hors,False,False,accord : hors,False,False,33,GIRONDE,4,BORDEAUX
0330059K,Collège Anatole France,hors EP,111.7,10.6,128.0,False,False,accord : hors,False,False,accord : hors,False,False,33,GIRONDE,4,BORDEAUX
0330062N,Collège Canterane,hors EP,104.8,10.6,152.0,False,False,accord : hors,False,False,accord : hors,False,False,33,GIRONDE,4,BORDEAUX
0330064R,Collège Aliénor d'Aquitaine,REP,88.4,10.1,88.0,True,False,IPS seul,True,False,IPS seul,False,False,33,GIRONDE,4,BORDEAUX
0330065S,Collège Monséjour,hors EP,114.4,11.4,120.0,False,False,accord : hors,False,False,accord : hors,False,False,33,GIRONDE,4,BORDEAUX
0330066T,Collège Saint-André,hors EP,128.0,12.8,162.0,False,False,accord : hors,False,False,accord : hors,False,False,33,GIRONDE,4,BORDEAUX
0330081J,Collège Jules Chambrelent,hors EP,108.8,10.9,102.0,False,False,accord : hors,False,False,accord : hors,False,False,33,GIRONDE,4,BORDEAUX
0330083L,Collège Jules Ferry,hors EP,99.6,10.3,131.0,False,False,accord : hors,False,False,accord : hors,False,False,33,GIRONDE,4,BORDEAUX
0330084M,Collège Toulouse Lautrec,hors EP,107.5,11.3,170.0,False,False,accord : hors,False,False,accord : hors,False,False,33,GIRONDE,4,BORDEAUX
0330091V,Collège Les Dagueys,hors EP,96.3,10.1,112.0,False,False,accord : hors,False,False,accord : hors,False,False,33,GIRONDE,4,BORDEAUX
0330093X,Collège Lucie Aubrac,hors EP,102.0,10.9,62.0,False,False,accord : hors,False,False,accord : hors,False,False,33,GIRONDE,4,BORDEAUX
0330100E,Collège Éléonore de Provence,hors EP,105.6,11.6,65.0,False,False,accord : hors,False,False,accord : hors,False,False,33,GIRONDE,4,BORDEAUX
0330103H,Collège Pierre de Belleyme,REP,89.7,8.3,174.0,False,True,note seule,True,True,accord : à classer,False,False,33,GIRONDE,4,BORDEAUX
0330105K,Collège Champ d'Eymet,hors EP,92.5,9.6,34.0,False,False,accord : hors,False,True,note seule,False,False,33,GIRONDE,4,BORDEAUX
0330106L,Collège François Mitterrand,hors EP,96.2,9.4,109.0,False,False,accord : hors,False,True,note seule,False,False,33,GIRONDE,4,BORDEAUX
0330108N,Collège Georges Brassens,hors EP,105.0,10.4,142.0,False,False,accord : hors,False,False,accord : hors,False,False,33,GIRONDE,4,BORDEAUX
0330113U,Collège Jean Monnet,hors EP,90.6,10.6,79.0,False,False,accord : hors,True,False,IPS seul,False,False,33,GIRONDE,4,BORDEAUX
0330122D,Collège François Mauriac,hors EP,100.6,11.3,79.0,False,False,accord : hors,False,False,accord : hors,False,False,33,GIRONDE,4,BORDEAUX
0330125G,Collège Georges Mandel,hors EP,99.3,10.0,60.0,False,False,accord : hors,False,False,accord : hors,False,False,33,GIRONDE,4,BORDEAUX
0330128K,Collège Henri Brisson,hors EP,133.5,12.1,130.0,False,False,accord : hors,False,False,accord : hors,False,False,33,GIRONDE,4,BORDEAUX
0330129L,Collège Henri Dheurle,hors EP,105.2,11.0,165.0,False,False,accord : hors,False,False,accord : hors,False,False,33,GIRONDE,4,BORDEAUX
0330132P,Collège Niki de Saint Phalle,hors EP,104.7,10.6,144.0,False,False,accord : hors,False,False,accord : hors,False,False,33,GIRONDE,4,BORDEAUX
0330138W,Collège Jean Aviotte,hors EP,95.6,8.8,94.0,False,True,note seule,False,True,note seule,False,False,33,GIRONDE,4,BORDEAUX
0330140Y,Collège Casimir Fidèle,REP,72.7,9.3,113.0,True,True,accord : à classer,True,True,accord : à classer,False,True,33,GIRONDE,4,BORDEAUX
0330145D,Collège Capeyron,hors EP,103.6,11.0,118.0,False,False,accord : hors,False,False,accord : hors,False,False,33,GIRONDE,4,BORDEAUX
0330146E,Collège Gisèle Halimi,hors EP,99.0,10.6,134.0,False,False,accord : hors,False,False,accord : hors,False,False,33,GIRONDE,4,BORDEAUX
0330162X,Collège Eugène Atget,hors EP,105.2,11.0,70.0,False,False,accord : hors,False,False,accord : hors,False,False,33,GIRONDE,4,BORDEAUX
0330163Y,Collège Élie Faure,REP,87.2,9.9,94.0,True,False,IPS seul,True,False,IPS seul,False,False,33,GIRONDE,4,BORDEAUX
0330167C,Collège Marie Bartette,hors EP,110.4,10.9,101.0,False,False,accord : hors,False,False,accord : hors,False,False,33,GIRONDE,4,BORDEAUX
0331419N,Collège Georges Rayet,hors EP,108.6,10.8,117.0,False,False,accord : hors,False,False,accord : hors,False,False,33,GIRONDE,4,BORDEAUX
0331433D,Collège Pierre Martin,hors EP,98.6,10.6,82.0,False,False,accord : hors,False,False,accord : hors,False,False,33,GIRONDE,4,BORDEAUX
0331435F,Collège Les Eyquems,hors EP,119.6,11.8,186.0,False,False,accord : hors,False,False,accord : hors,False,False,33,GIRONDE,4,BORDEAUX
0331461J,Collège Cassignol,hors EP,138.5,12.7,175.0,False,False,accord : hors,False,False,accord : hors,False,False,33,GIRONDE,4,BORDEAUX
0331462K,Collège Francisco Goya,REP,121.0,13.5,71.0,False,False,accord : hors,False,False,accord : hors,False,False,33,GIRONDE,4,BORDEAUX
0331464M,Collège Jean Zay,REP,90.1,10.2,146.0,False,False,accord : hors,True,False,IPS seul,False,False,33,GIRONDE,4,BORDEAUX
0331617D,Collège Claude Massé,hors EP,95.2,9.8,207.0,False,False,accord : hors,False,False,accord : hors,False,False,33,GIRONDE,4,BORDEAUX
0331618E,Collège Léonard Lenoir,REP,110.8,11.4,73.0,False,False,accord : hors,False,False,accord : hors,False,False,33,GIRONDE,4,BORDEAUX
0331619F,Collège Georges Lapierre,REP+,82.8,9.3,101.0,True,True,accord : à classer,True,True,accord : à classer,False,True,33,GIRONDE,4,BORDEAUX
0331620G,Collège Camille Claudel,hors EP,125.1,12.6,206.0,False,False,accord : hors,False,False,accord : hors,False,False,33,GIRONDE,4,BORDEAUX
0331621H,Collège Henri de Navarre,REP,83.8,8.5,170.0,True,True,accord : à classer,True,True,accord : à classer,False,False,33,GIRONDE,4,BORDEAUX
0331622J,Collège Fontaines de Monjous,hors EP,127.2,12.2,223.0,False,False,accord : hors,False,False,accord : hors,False,False,33,GIRONDE,4,BORDEAUX
0331623K,Collège Alouette,hors EP,126.4,11.3,180.0,False,False,accord : hors,False,False,accord : hors,False,False,33,GIRONDE,4,BORDEAUX
0331662C,Collège Alain Fournier,hors EP,142.9,12.9,217.0,False,False,accord : hors,False,False,accord : hors,False,False,33,GIRONDE,4,BORDEAUX
0331663D,Collège Cheverus,hors EP,123.0,12.4,113.0,False,False,accord : hors,False,False,accord : hors,False,False,33,GIRONDE,4,BORDEAUX
0331664E,Collège François Mauriac,hors EP,121.3,13.7,127.0,False,False,accord : hors,False,False,accord : hors,False,False,33,GIRONDE,4,BORDEAUX
0331666G,Collège Aliénor d'Aquitaine,hors EP,115.4,11.9,242.0,False,False,accord : hors,False,False,accord : hors,False,False,33,GIRONDE,4,BORDEAUX
0331667H,Collège Robert Barrière,hors EP,97.8,10.6,85.0,False,False,accord : hors,False,False,accord : hors,False,False,33,GIRONDE,4,BORDEAUX
0331669K,Collège Ausone,hors EP,117.6,12.3,146.0,False,False,accord : hors,False,False,accord : hors,False,False,33,GIRONDE,4,BORDEAUX
0331752A,Collège Marcellin Berthelot,hors EP,124.7,12.1,125.0,False,False,accord : hors,False,False,accord : hors,False,False,33,GIRONDE,4,BORDEAUX
0331753B,Collège Blanqui,REP+,84.4,10.2,67.0,True,False,IPS seul,True,False,IPS seul,False,False,33,GIRONDE,4,BORDEAUX
0331754C,Collège Emmanuel Dupaty,hors EP,110.9,10.7,173.0,False,False,accord : hors,False,False,accord : hors,False,False,33,GIRONDE,4,BORDEAUX
0331757F,Collège La Garosse,hors EP,99.9,9.7,170.0,False,False,accord : hors,False,False,accord : hors,False,False,33,GIRONDE,4,BORDEAUX
0331758G,Collège Noès,hors EP,131.6,12.6,198.0,False,False,accord : hors,False,False,accord : hors,False,False,33,GIRONDE,4,BORDEAUX
0331759H,Collège Chante Cigale,hors EP,115.3,11.8,197.0,False,False,accord : hors,False,False,accord : hors,False,False,33,GIRONDE,4,BORDEAUX
0331880P,Collège Pablo Neruda,REP,92.7,10.2,115.0,False,False,accord : hors,False,False,accord : hors,False,False,33,GIRONDE,4,BORDEAUX
0331884U,Collège Manon Cormier,hors EP,90.6,9.1,122.0,False,True,note seule,True,True,accord : à classer,False,False,33,GIRONDE,4,BORDEAUX
0331885V,Collège Jean Jaurès,REP,86.3,8.7,169.0,True,True,accord : à classer,True,True,accord : à classer,False,False,33,GIRONDE,4,BORDEAUX
0331888Y,Collège du Val de Saye,REP,93.1,8.9,141.0,False,True,note seule,False,True,note seule,False,False,33,GIRONDE,4,BORDEAUX
0331890A,Collège André Lahaye,hors EP,121.9,12.7,155.0,False,False,accord : hors,False,False,accord : hors,False,False,33,GIRONDE,4,BORDEAUX
0331891B,Collège Les Lesques,REP,90.2,10.3,98.0,False,False,accord : hors,True,False,IPS seul,False,False,33,GIRONDE,4,BORDEAUX
0331895F,Collège Montaigne,REP+,85.8,9.4,112.0,True,False,IPS seul,True,True,accord : à classer,False,False,33,GIRONDE,4,BORDEAUX
0332082J,Collège Édouard Vaillant,REP,95.4,9.5,95.0,False,False,accord : hors,False,True,note seule,False,False,33,GIRONDE,4,BORDEAUX
0332084L,Collège Albert Camus,hors EP,107.2,10.6,203.0,False,False,accord : hors,False,False,accord : hors,False,False,33,GIRONDE,4,BORDEAUX
0332085M,Collège Jean Auriac,hors EP,107.1,9.8,161.0,False,False,accord : hors,False,False,accord : hors,False,False,33,GIRONDE,4,BORDEAUX
0332090T,Collège Bourran,hors EP,110.1,11.9,125.0,False,False,accord : hors,False,False,accord : hors,False,False,33,GIRONDE,4,BORDEAUX
0332187Y,Collège Hastignan,hors EP,120.9,12.5,193.0,False,False,accord : hors,False,False,accord : hors,False,False,33,GIRONDE,4,BORDEAUX
0332189A,Collège Nelson Mandela,REP,93.1,9.0,91.0,False,True,note seule,False,True,note seule,False,False,33,GIRONDE,4,BORDEAUX
0332190B,Collège Alfred Mauguin,hors EP,116.8,11.8,141.0,False,False,accord : hors,False,False,accord : hors,False,False,33,GIRONDE,4,BORDEAUX
0332191C,Collège Gérard Philipe,hors EP,100.6,11.7,84.0,False,False,accord : hors,False,False,accord : hors,False,False,33,GIRONDE,4,BORDEAUX
0332195G,Collège Victor Louis,hors EP,107.5,11.2,212.0,False,False,accord : hors,False,False,accord : hors,False,False,33,GIRONDE,4,BORDEAUX
0332244K,Collège François Mauriac,hors EP,130.5,12.3,176.0,False,False,accord : hors,False,False,accord : hors,False,False,33,GIRONDE,4,BORDEAUX
0332246M,Collège Chambéry,hors EP,113.7,11.6,165.0,False,False,accord : hors,False,False,accord : hors,False,False,33,GIRONDE,4,BORDEAUX
0332248P,Collège Paul Esquinance,hors EP,96.4,9.7,126.0,False,False,accord : hors,False,False,accord : hors,False,False,33,GIRONDE,4,BORDEAUX
0332283C,Collège François Mitterrand,hors EP,112.0,11.5,228.0,False,False,accord : hors,False,False,accord : hors,False,False,33,GIRONDE,4,BORDEAUX
0332285E,Collège Jacques Ellul,REP,99.4,9.1,90.0,False,True,note seule,False,True,note seule,False,False,33,GIRONDE,4,BORDEAUX
0332288H,Collège Ausone,hors EP,102.6,9.8,160.0,False,False,accord : hors,False,False,accord : hors,False,False,33,GIRONDE,4,BORDEAUX
0332340P,Collège Max Linder,hors EP,107.9,10.7,243.0,False,False,accord : hors,False,False,accord : hors,False,False,33,GIRONDE,4,BORDEAUX
0332341R,Collège Jacques Prévert,hors EP,100.0,10.2,133.0,False,False,accord : hors,False,False,accord : hors,False,False,33,GIRONDE,4,BORDEAUX
0332342S,Collège Cantelande,hors EP,133.4,12.3,218.0,False,False,accord : hors,False,False,accord : hors,False,False,33,GIRONDE,4,BORDEAUX
0332343T,Collège Montesquieu,hors EP,125.7,11.8,111.0,False,False,accord : hors,False,False,accord : hors,False,False,33,GIRONDE,4,BORDEAUX
0332347X,Collège Sébastien Vauban,hors EP,91.8,9.5,127.0,False,False,accord : hors,True,True,accord : à classer,False,False,33,GIRONDE,4,BORDEAUX
0332437V,Collège Émile Zola,hors EP,121.4,12.7,109.0,False,False,accord : hors,False,False,accord : hors,False,False,33,GIRONDE,4,BORDEAUX
0332569N,Collège Porte du Médoc,hors EP,111.8,11.2,133.0,False,False,accord : hors,False,False,accord : hors,False,False,33,GIRONDE,4,BORDEAUX
0332657J,Collège Jean Cocteau,hors EP,112.7,11.2,134.0,False,False,accord : hors,False,False,accord : hors,False,False,33,GIRONDE,4,BORDEAUX
0332704K,Collège Panchon d'Arsac,hors EP,107.0,10.6,126.0,False,False,accord : hors,False,False,accord : hors,False,False,33,GIRONDE,4,BORDEAUX
0332705L,Collège François Mauriac,hors EP,110.0,10.2,109.0,False,False,accord : hors,False,False,accord : hors,False,False,33,GIRONDE,4,BORDEAUX
0332706M,Collège Léo Drouyn,hors EP,106.9,10.4,194.0,False,False,accord : hors,False,False,accord : hors,False,False,33,GIRONDE,4,BORDEAUX
0332723F,Collège Émile Durkheim,hors EP,106.6,9.9,130.0,False,False,accord : hors,False,False,accord : hors,False,False,33,GIRONDE,4,BORDEAUX
0332743C,Collège Aliénor d'Aquitaine,hors EP,126.8,11.5,97.0,False,False,accord : hors,False,False,accord : hors,False,False,33,GIRONDE,4,BORDEAUX
0332746F,Collège Émile Combes,hors EP,140.8,13.0,120.0,False,False,accord : hors,False,False,accord : hors,False,False,33,GIRONDE,4,BORDEAUX
0332768E,Collège Aliénor d'Aquitaine,hors EP,120.7,11.1,122.0,False,False,accord : hors,False,False,accord : hors,False,False,33,GIRONDE,4,BORDEAUX
0332934K,Collège Élise Deroche,hors EP,104.0,11.0,128.0,False,False,accord : hors,False,False,accord : hors,False,False,33,GIRONDE,4,BORDEAUX
0332982M,Collège Val des Pins,hors EP,116.7,11.2,102.0,False,False,accord : hors,False,False,accord : hors,False,False,33,GIRONDE,4,BORDEAUX
0333093H,Collège Léonard de Vinci,hors EP,134.5,12.4,176.0,False,False,accord : hors,False,False,accord : hors,False,False,33,GIRONDE,4,BORDEAUX
0333108Z,Collège Jean Moulin,hors EP,112.7,11.5,88.0,False,False,accord : hors,False,False,accord : hors,False,False,33,GIRONDE,4,BORDEAUX
0333121N,Collège Gaston Flament,hors EP,114.5,10.8,160.0,False,False,accord : hors,False,False,accord : hors,False,False,33,GIRONDE,4,BORDEAUX
0333132A,Collège Simone Veil,hors EP,104.1,10.4,140.0,False,False,accord : hors,False,False,accord : hors,False,False,33,GIRONDE,4,BORDEAUX
0333133B,Collège Olympe de Gouges,hors EP,112.6,11.8,122.0,False,False,accord : hors,False,False,accord : hors,False,False,33,GIRONDE,4,BORDEAUX
0333134C,Collège de l'Estey,hors EP,123.5,11.6,106.0,False,False,accord : hors,False,False,accord : hors,False,False,33,GIRONDE,4,BORDEAUX
0333213N,Collège Marguerite Duras,hors EP,91.7,9.2,103.0,False,True,note seule,True,True,accord : à classer,False,False,33,GIRONDE,4,BORDEAUX
0333274E,Collège Rosa Bonheur,hors EP,104.3,9.9,87.0,False,False,accord : hors,False,False,accord : hors,False,False,33,GIRONDE,4,BORDEAUX
0333287U,Collège de Lacanau,hors EP,115.5,10.9,137.0,False,False,accord : hors,False,False,accord : hors,False,False,33,GIRONDE,4,BORDEAUX
0333329P,Collège Joséphine Baker,hors EP,115.7,11.0,205.0,False,False,accord : hors,False,False,accord : hors,False,False,33,GIRONDE,4,BORDEAUX
0333484H,Collège Philippe Madrelle,hors EP,101.2,10.0,151.0,False,False,accord : hors,False,False,accord : hors,False,False,33,GIRONDE,4,BORDEAUX
0333528F,Collège de Saint-Selve,hors EP,116.7,11.1,140.0,False,False,accord : hors,False,False,accord : hors,False,False,33,GIRONDE,4,BORDEAUX
0333529G,Collège Wangari Maathai,hors EP,117.6,10.5,148.0,False,False,accord : hors,False,False,accord : hors,False,False,33,GIRONDE,4,BORDEAUX
0333530H,Collège Andrée Chedid,hors EP,114.2,11.8,107.0,False,False,accord : hors,False,False,accord : hors,False,False,33,GIRONDE,4,BORDEAUX
0333531J,Collège Alice Milliat,hors EP,83.1,8.0,48.0,True,True,accord : à classer,True,True,accord : à classer,False,False,33,GIRONDE,4,BORDEAUX
0333532K,Collège Toni Morrison,hors EP,95.4,7.3,54.0,False,True,note seule,False,True,note seule,False,False,33,GIRONDE,4,BORDEAUX
0340008Z,Collège Victor Hugo,hors EP,99.0,10.0,110.0,False,False,accord : hors,False,False,accord : hors,False,False,34,HERAULT,11,MONTPELLIER
0340016H,Collège la Dullague,hors EP,75.8,7.3,117.0,True,True,accord : à classer,True,True,accord : à classer,False,False,34,HERAULT,11,MONTPELLIER
0340021N,Collège Jules Ferry,hors EP,94.3,9.6,123.0,False,False,accord : hors,False,False,accord : hors,False,False,34,HERAULT,11,MONTPELLIER
0340024S,Collège Voltaire,hors EP,96.9,10.5,79.0,False,False,accord : hors,False,False,accord : hors,False,False,34,HERAULT,11,MONTPELLIER
0340025T,Collège des Deux Pins,hors EP,99.3,9.4,126.0,False,False,accord : hors,False,False,accord : hors,False,False,34,HERAULT,11,MONTPELLIER
0340031Z,Collège Fréderic Mistral,REP,81.1,9.2,153.0,True,True,accord : à classer,True,False,IPS seul,False,False,34,HERAULT,11,MONTPELLIER
0340032A,Collège Les Arbourys,hors EP,105.3,10.9,89.0,False,False,accord : hors,False,False,accord : hors,False,False,34,HERAULT,11,MONTPELLIER
0340034C,Collège Roger Contrepas,hors EP,95.3,9.7,61.0,False,False,accord : hors,False,False,accord : hors,False,False,34,HERAULT,11,MONTPELLIER
0340037F,Collège Jules Ferry,hors EP,90.3,9.5,73.0,False,False,accord : hors,False,False,accord : hors,False,False,34,HERAULT,11,MONTPELLIER
0340048T,Collège Clémence Royer,hors EP,135.2,13.3,135.0,False,False,accord : hors,False,False,accord : hors,False,False,34,HERAULT,11,MONTPELLIER
0340051W,Collège Fontcarrade,hors EP,85.3,9.9,113.0,True,False,IPS seul,False,False,accord : hors,False,False,34,HERAULT,11,MONTPELLIER
0340053Y,Collège Croix d'Argent,hors EP,86.7,9.0,157.0,True,True,accord : à classer,False,False,accord : hors,False,False,34,HERAULT,11,MONTPELLIER
0340054Z,Collège Le Cèdre,hors EP,104.8,10.3,119.0,False,False,accord : hors,False,False,accord : hors,False,False,34,HERAULT,11,MONTPELLIER
0340057C,Collège Antoine Faure,hors EP,101.3,9.8,68.0,False,False,accord : hors,False,False,accord : hors,False,False,34,HERAULT,11,MONTPELLIER
0340062H,Collège Via Domitia,hors EP,110.7,10.7,178.0,False,False,accord : hors,False,False,accord : hors,False,False,34,HERAULT,11,MONTPELLIER
0340063J,Collège Louis Cahuzac,hors EP,104.9,9.5,57.0,False,False,accord : hors,False,False,accord : hors,False,False,34,HERAULT,11,MONTPELLIER
0340065L,Collège Jean Jaurès,hors EP,100.9,12.3,40.0,False,False,accord : hors,False,False,accord : hors,False,False,34,HERAULT,11,MONTPELLIER
0340070S,Collège du Jaur,hors EP,101.2,10.1,45.0,False,False,accord : hors,False,False,accord : hors,False,False,34,HERAULT,11,MONTPELLIER
0340086J,Collège Frédéric Bazille,hors EP,116.6,11.0,188.0,False,False,accord : hors,False,False,accord : hors,False,False,34,HERAULT,11,MONTPELLIER
0340109J,Collège les Garrigues,REP+,75.1,9.6,130.0,True,False,IPS seul,True,False,IPS seul,False,False,34,HERAULT,11,MONTPELLIER
0340110K,Collège Pic Saint-Loup,hors EP,133.9,12.4,184.0,False,False,accord : hors,False,False,accord : hors,False,False,34,HERAULT,11,MONTPELLIER
0340111L,Collège Clemenceau,hors EP,105.5,10.4,104.0,False,False,accord : hors,False,False,accord : hors,False,False,34,HERAULT,11,MONTPELLIER
0340115R,Collège Paul Valéry,hors EP,112.0,11.1,129.0,False,False,accord : hors,False,False,accord : hors,False,False,34,HERAULT,11,MONTPELLIER
0340117T,Collège Paul Dardé,hors EP,103.6,10.1,124.0,False,False,accord : hors,False,False,accord : hors,False,False,34,HERAULT,11,MONTPELLIER
0340118U,Collège Henri IV,REP,74.3,8.3,94.0,True,True,accord : à classer,True,True,accord : à classer,False,False,34,HERAULT,11,MONTPELLIER
0340119V,Collège Ferdinand Fabre,hors EP,100.0,10.1,152.0,False,False,accord : hors,False,False,accord : hors,False,False,34,HERAULT,11,MONTPELLIER
0340836Z,Collège Paul Riquet,REP+,68.0,7.4,145.0,True,True,accord : à classer,True,True,accord : à classer,False,False,34,HERAULT,11,MONTPELLIER
0340837A,Collège Jean Bène,hors EP,99.1,9.9,139.0,False,False,accord : hors,False,False,accord : hors,False,False,34,HERAULT,11,MONTPELLIER
0340955D,Collège Simone Veil,REP+,87.3,9.1,167.0,True,True,accord : à classer,False,False,accord : hors,False,False,34,HERAULT,11,MONTPELLIER
0340972X,Collège Victor Hugo,hors EP,84.7,9.5,82.0,True,False,IPS seul,True,False,IPS seul,False,False,34,HERAULT,11,MONTPELLIER
0340973Y,Collège Jean Jaurès,hors EP,102.8,10.4,104.0,False,False,accord : hors,False,False,accord : hors,False,False,34,HERAULT,11,MONTPELLIER
0340974Z,Collège Emmanuel Maffre-Bauge,hors EP,102.8,10.2,139.0,False,False,accord : hors,False,False,accord : hors,False,False,34,HERAULT,11,MONTPELLIER
0340996Y,Collège les Escholiers de la Mosson,REP+,69.5,7.5,142.0,True,True,accord : à classer,True,True,accord : à classer,False,False,34,HERAULT,11,MONTPELLIER
0340998A,Collège Jeu de Mail,hors EP,106.4,10.9,108.0,False,False,accord : hors,False,False,accord : hors,False,False,34,HERAULT,11,MONTPELLIER
0341028H,Collège Georges Brassens,hors EP,118.5,11.3,178.0,False,False,accord : hors,False,False,accord : hors,False,False,34,HERAULT,11,MONTPELLIER
0341030K,Collège Camille Claudel,hors EP,126.5,12.0,106.0,False,False,accord : hors,False,False,accord : hors,False,False,34,HERAULT,11,MONTPELLIER
0341032M,Collège René Cassin,hors EP,90.2,8.2,95.0,False,True,note seule,False,True,note seule,False,False,34,HERAULT,11,MONTPELLIER
0341065Y,Collège Jean Moulin,REP+,75.5,9.1,91.0,True,True,accord : à classer,True,False,IPS seul,False,False,34,HERAULT,11,MONTPELLIER
0341066Z,Collège Jean Perrin,REP,75.1,8.8,152.0,True,True,accord : à classer,True,False,IPS seul,False,False,34,HERAULT,11,MONTPELLIER
0341276C,Collège Louis Germain,hors EP,112.9,11.9,193.0,False,False,accord : hors,False,False,accord : hors,False,False,34,HERAULT,11,MONTPELLIER
0341277D,Collège les Aiguerelles,hors EP,95.7,10.0,86.0,False,False,accord : hors,False,False,accord : hors,False,False,34,HERAULT,11,MONTPELLIER
0341278E,Collège Arthur Rimbaud,REP+,71.7,8.5,166.0,True,True,accord : à classer,True,True,accord : à classer,False,False,34,HERAULT,11,MONTPELLIER
0341280G,Collège les Pins,hors EP,121.9,10.7,154.0,False,False,accord : hors,False,False,accord : hors,False,False,34,HERAULT,11,MONTPELLIER
0341321B,Collège Katia et Maurice Krafft,REP+,80.8,9.7,134.0,True,False,IPS seul,True,False,IPS seul,False,False,34,HERAULT,11,MONTPELLIER
0341363X,Collège de la Voie Domitienne,hors EP,121.0,10.9,220.0,False,False,accord : hors,False,False,accord : hors,False,False,34,HERAULT,11,MONTPELLIER
0341364Y,Collège Gérard Philipe,REP,79.5,7.6,99.0,True,True,accord : à classer,True,True,accord : à classer,False,False,34,HERAULT,11,MONTPELLIER
0341366A,Collège du Salagou,hors EP,98.0,11.2,158.0,False,False,accord : hors,False,False,accord : hors,False,False,34,HERAULT,11,MONTPELLIER
0341367B,Collège Paul Bert,hors EP,104.7,10.6,141.0,False,False,accord : hors,False,False,accord : hors,False,False,34,HERAULT,11,MONTPELLIER
0341368C,Collège l'Étang de L'Or,hors EP,123.1,11.7,237.0,False,False,accord : hors,False,False,accord : hors,False,False,34,HERAULT,11,MONTPELLIER
0341386X,Collège Lo Trentanel,hors EP,110.1,11.0,199.0,False,False,accord : hors,False,False,accord : hors,False,False,34,HERAULT,11,MONTPELLIER
0341387Y,Collège Alfred Crouzet,hors EP,106.3,10.4,132.0,False,False,accord : hors,False,False,accord : hors,False,False,34,HERAULT,11,MONTPELLIER
0341388Z,Collège Marcel Pagnol,hors EP,101.1,9.0,217.0,False,True,note seule,False,False,accord : hors,False,False,34,HERAULT,11,MONTPELLIER
0341421K,Collège Joffre,hors EP,117.9,11.5,230.0,False,False,accord : hors,False,False,accord : hors,False,False,34,HERAULT,11,MONTPELLIER
0341424N,Collège Louise Michel,hors EP,112.0,11.5,128.0,False,False,accord : hors,False,False,accord : hors,False,False,34,HERAULT,11,MONTPELLIER
0341537L,Collège Fréderic Mistral,hors EP,120.7,12.5,133.0,False,False,accord : hors,False,False,accord : hors,False,False,34,HERAULT,11,MONTPELLIER
0341577E,Collège le Bérange,hors EP,120.2,11.7,139.0,False,False,accord : hors,False,False,accord : hors,False,False,34,HERAULT,11,MONTPELLIER
0341592W,Collège Marcel Pagnol,REP,83.1,9.2,137.0,True,True,accord : à classer,True,False,IPS seul,False,False,34,HERAULT,11,MONTPELLIER
0341656R,Collège Philippe Lamour,hors EP,108.4,11.3,74.0,False,False,accord : hors,False,False,accord : hors,False,False,34,HERAULT,11,MONTPELLIER
0341705U,Collège Alain Savary,hors EP,123.7,12.2,132.0,False,False,accord : hors,False,False,accord : hors,False,False,34,HERAULT,11,MONTPELLIER
0341764H,Collège François Villon,hors EP,131.1,12.3,218.0,False,False,accord : hors,False,False,accord : hors,False,False,34,HERAULT,11,MONTPELLIER
0341825Z,Collège Ambrussum,hors EP,104.5,10.2,155.0,False,False,accord : hors,False,False,accord : hors,False,False,34,HERAULT,11,MONTPELLIER
0341826A,Collège François Mitterrand,hors EP,134.4,12.6,142.0,False,False,accord : hors,False,False,accord : hors,False,False,34,HERAULT,11,MONTPELLIER
0341870Y,Collège Marie Curie,hors EP,112.7,11.1,181.0,False,False,accord : hors,False,False,accord : hors,False,False,34,HERAULT,11,MONTPELLIER
0341893Y,Collège Paul-Émile Victor,hors EP,93.7,9.5,102.0,False,False,accord : hors,False,False,accord : hors,False,False,34,HERAULT,11,MONTPELLIER
0342036D,Collège Pierre Mendès France,hors EP,128.1,12.4,201.0,False,False,accord : hors,False,False,accord : hors,False,False,34,HERAULT,11,MONTPELLIER
0342050U,Collège Françoise Giroud,hors EP,101.3,9.7,170.0,False,False,accord : hors,False,False,accord : hors,False,False,34,HERAULT,11,MONTPELLIER
0342051V,Collège Vincent Badie,hors EP,119.9,11.8,157.0,False,False,accord : hors,False,False,accord : hors,False,False,34,HERAULT,11,MONTPELLIER
0342052W,Collège Simone de Beauvoir,hors EP,108.1,10.5,115.0,False,False,accord : hors,False,False,accord : hors,False,False,34,HERAULT,11,MONTPELLIER
0342076X,Collège de la Petite Camargue,hors EP,110.4,10.7,173.0,False,False,accord : hors,False,False,accord : hors,False,False,34,HERAULT,11,MONTPELLIER
0342077Y,Collège Charles Ray,hors EP,116.3,12.1,135.0,False,False,accord : hors,False,False,accord : hors,False,False,34,HERAULT,11,MONTPELLIER
0342078Z,Collège des salins,hors EP,111.7,11.0,134.0,False,False,accord : hors,False,False,accord : hors,False,False,34,HERAULT,11,MONTPELLIER
0342130F,Collège Pierre Deley,hors EP,99.5,7.7,75.0,False,True,note seule,False,True,note seule,False,False,34,HERAULT,11,MONTPELLIER
0342131G,Collège François Rabelais,hors EP,91.6,8.4,161.0,False,True,note seule,False,True,note seule,False,False,34,HERAULT,11,MONTPELLIER
0342132H,Collège Lucie Aubrac,hors EP,74.8,7.3,101.0,True,True,accord : à classer,True,True,accord : à classer,False,False,34,HERAULT,11,MONTPELLIER
0342186S,Collège Max Rouquette,hors EP,106.3,10.7,171.0,False,False,accord : hors,False,False,accord : hors,False,False,34,HERAULT,11,MONTPELLIER
0342224H,Collège Olympe de Gouges,hors EP,109.7,12.0,125.0,False,False,accord : hors,False,False,accord : hors,False,False,34,HERAULT,11,MONTPELLIER
0342326U,Collège Boby Lapointe,hors EP,105.5,11.7,120.0,False,False,accord : hors,False,False,accord : hors,False,False,34,HERAULT,11,MONTPELLIER
0342488V,Collège Port Marianne,hors EP,94.7,10.3,63.0,False,False,accord : hors,False,False,accord : hors,False,False,34,HERAULT,11,MONTPELLIER
0350002M,Collège Pierre Brossolette,hors EP,113.2,11.9,127.0,False,False,accord : hors,False,False,accord : hors,False,False,35,ILLE-ET-VILAINE,14,RENNES
0350003N,Collège René Cassin,hors EP,103.9,11.4,66.0,False,False,accord : hors,False,False,accord : hors,False,False,35,ILLE-ET-VILAINE,14,RENNES
0350017D,Collège du Querpon,hors EP,100.2,11.3,66.0,False,False,accord : hors,False,False,accord : hors,False,False,35,ILLE-ET-VILAINE,14,RENNES
0350021H,Collège François Brune,hors EP,95.7,9.0,42.0,False,True,note seule,False,True,note seule,False,False,35,ILLE-ET-VILAINE,14,RENNES
0350027P,Collège les Gayeulles,hors EP,104.7,11.5,148.0,False,False,accord : hors,False,False,accord : hors,False,False,35,ILLE-ET-VILAINE,14,RENNES
0350033W,Collège les Ormeaux,hors EP,129.9,13.0,123.0,False,False,accord : hors,False,False,accord : hors,False,False,35,ILLE-ET-VILAINE,14,RENNES
0350039C,Collège Pierre de Dreux,hors EP,115.6,11.8,123.0,False,False,accord : hors,False,False,accord : hors,False,False,35,ILLE-ET-VILAINE,14,RENNES
0350040D,Collège Angèle Vannier,hors EP,96.2,11.1,43.0,False,False,accord : hors,False,False,accord : hors,False,False,35,ILLE-ET-VILAINE,14,RENNES
0350041E,Collège de Roquebleue,hors EP,87.7,10.3,35.0,True,False,IPS seul,True,False,IPS seul,False,False,35,ILLE-ET-VILAINE,14,RENNES
0350044H,Collège Chateaubriand,hors EP,98.5,9.7,48.0,False,False,accord : hors,False,False,accord : hors,False,False,35,ILLE-ET-VILAINE,14,RENNES
0350051R,Collège Théophile Briant,hors EP,113.1,11.3,126.0,False,False,accord : hors,False,False,accord : hors,False,False,35,ILLE-ET-VILAINE,14,RENNES
0350052S,Collège Pierre Perrin,REP,90.4,10.1,37.0,False,False,accord : hors,False,False,accord : hors,False,False,35,ILLE-ET-VILAINE,14,RENNES
0350057X,Collège Jacques Prévert,hors EP,112.3,11.3,135.0,False,False,accord : hors,False,False,accord : hors,False,False,35,ILLE-ET-VILAINE,14,RENNES
0350707D,Collège François-René de Chateaubriand,hors EP,109.9,10.3,160.0,False,False,accord : hors,False,False,accord : hors,False,False,35,ILLE-ET-VILAINE,14,RENNES
0350708E,Collège Paul Féval,REP,93.1,9.7,91.0,False,False,accord : hors,False,False,accord : hors,False,False,35,ILLE-ET-VILAINE,14,RENNES
0350734H,Collège les Chalais,REP,83.3,10.1,92.0,True,False,IPS seul,True,False,IPS seul,False,False,35,ILLE-ET-VILAINE,14,RENNES
0350759K,Collège Échange,hors EP,114.2,12.0,89.0,False,False,accord : hors,False,False,accord : hors,False,False,35,ILLE-ET-VILAINE,14,RENNES
0350760L,Collège Cleunay,hors EP,95.0,10.5,98.0,False,False,accord : hors,False,False,accord : hors,False,False,35,ILLE-ET-VILAINE,14,RENNES
0350762N,Collège Thérèse Pierre,hors EP,100.1,10.2,125.0,False,False,accord : hors,False,False,accord : hors,False,False,35,ILLE-ET-VILAINE,14,RENNES
0350895H,Collège Rosa Parks,REP,73.3,7.7,76.0,True,True,accord : à classer,True,True,accord : à classer,False,False,35,ILLE-ET-VILAINE,14,RENNES
0350896J,Collège Jean Charcot,hors EP,104.8,10.6,82.0,False,False,accord : hors,False,False,accord : hors,False,False,35,ILLE-ET-VILAINE,14,RENNES
0350913C,Collège Clotilde Vautier,REP,88.2,9.4,78.0,True,False,IPS seul,True,True,accord : à classer,False,False,35,ILLE-ET-VILAINE,14,RENNES
0350916F,Collège Duguay Trouin,hors EP,102.4,11.8,89.0,False,False,accord : hors,False,False,accord : hors,False,False,35,ILLE-ET-VILAINE,14,RENNES
0350963G,Collège les Hautes Ourmes,REP+,79.4,10.2,131.0,True,False,IPS seul,True,False,IPS seul,False,False,35,ILLE-ET-VILAINE,14,RENNES
0350965J,Collège le Landry,hors EP,115.2,11.8,104.0,False,False,accord : hors,False,False,accord : hors,False,False,35,ILLE-ET-VILAINE,14,RENNES
0350967L,Collège Mahatma Gandhi,hors EP,81.2,10.8,48.0,True,False,IPS seul,True,False,IPS seul,False,False,35,ILLE-ET-VILAINE,14,RENNES
0350969N,Collège Anne-Marie Boudaliez,hors EP,96.1,9.5,71.0,False,False,accord : hors,False,True,note seule,False,False,35,ILLE-ET-VILAINE,14,RENNES
0350970P,Collège le Chêne Vert,hors EP,97.8,11.1,97.0,False,False,accord : hors,False,False,accord : hors,False,False,35,ILLE-ET-VILAINE,14,RENNES
0351053E,Collège Jean Monnet,hors EP,106.0,11.3,119.0,False,False,accord : hors,False,False,accord : hors,False,False,35,ILLE-ET-VILAINE,14,RENNES
0351638R,Collège Anne de Bretagne,hors EP,129.6,12.1,205.0,False,False,accord : hors,False,False,accord : hors,False,False,35,ILLE-ET-VILAINE,14,RENNES
0351790F,Collège Martin Luther King,hors EP,121.7,12.2,185.0,False,False,accord : hors,False,False,accord : hors,False,False,35,ILLE-ET-VILAINE,14,RENNES
0351791G,Collège Louis Guilloux,hors EP,109.4,12.5,154.0,False,False,accord : hors,False,False,accord : hors,False,False,35,ILLE-ET-VILAINE,14,RENNES
0351795L,Collège le Bocage,hors EP,109.0,10.8,162.0,False,False,accord : hors,False,False,accord : hors,False,False,35,ILLE-ET-VILAINE,14,RENNES
0351796M,Collège Émile Zola,hors EP,98.8,9.5,124.0,False,False,accord : hors,False,True,note seule,False,False,35,ILLE-ET-VILAINE,14,RENNES
0351799R,Collège des Fontaines,hors EP,88.8,10.4,36.0,True,False,IPS seul,False,False,accord : hors,True,False,35,ILLE-ET-VILAINE,14,RENNES
0351847T,Collège Georges Brassens,hors EP,113.3,11.0,149.0,False,False,accord : hors,False,False,accord : hors,False,False,35,ILLE-ET-VILAINE,14,RENNES
0351849V,Collège Amand Brionne,hors EP,114.2,13.0,108.0,False,False,accord : hors,False,False,accord : hors,False,False,35,ILLE-ET-VILAINE,14,RENNES
0351850W,Collège Camille Guérin,hors EP,95.5,8.8,95.0,False,True,note seule,False,True,note seule,False,False,35,ILLE-ET-VILAINE,14,RENNES
0351851X,Collège la Binquenais,REP,83.1,9.5,130.0,True,False,IPS seul,True,False,IPS seul,False,False,35,ILLE-ET-VILAINE,14,RENNES
0351852Y,Collège de Fontenay,hors EP,111.3,12.3,130.0,False,False,accord : hors,False,False,accord : hors,False,False,35,ILLE-ET-VILAINE,14,RENNES
0351881E,Collège Noël du Fail,hors EP,117.3,12.9,138.0,False,False,accord : hors,False,False,accord : hors,False,False,35,ILLE-ET-VILAINE,14,RENNES
0351882F,Collège la Roche aux Fées,hors EP,99.0,9.9,102.0,False,False,accord : hors,False,False,accord : hors,False,False,35,ILLE-ET-VILAINE,14,RENNES
0351906G,Collège Bourgchevreuil,hors EP,129.8,12.9,175.0,False,False,accord : hors,False,False,accord : hors,False,False,35,ILLE-ET-VILAINE,14,RENNES
0351909K,Collège Gérard de Nerval,hors EP,96.4,10.7,107.0,False,False,accord : hors,False,False,accord : hors,False,False,35,ILLE-ET-VILAINE,14,RENNES
0351969A,Collège Beaumont,hors EP,110.1,10.9,97.0,False,False,accord : hors,False,False,accord : hors,False,False,35,ILLE-ET-VILAINE,14,RENNES
0352008T,Collège les Rochers Sévigné,hors EP,100.0,11.7,90.0,False,False,accord : hors,False,False,accord : hors,False,False,35,ILLE-ET-VILAINE,14,RENNES
0352030S,Collège Morvan Lebesque,hors EP,113.2,11.3,130.0,False,False,accord : hors,False,False,accord : hors,False,False,35,ILLE-ET-VILAINE,14,RENNES
0352167R,Collège Jacques Brel,hors EP,127.7,12.4,126.0,False,False,accord : hors,False,False,accord : hors,False,False,35,ILLE-ET-VILAINE,14,RENNES
0352183H,Collège Mathurin Meheut,hors EP,122.8,12.4,130.0,False,False,accord : hors,False,False,accord : hors,False,False,35,ILLE-ET-VILAINE,14,RENNES
0352247C,Collège Évariste Galois,hors EP,106.6,11.2,141.0,False,False,accord : hors,False,False,accord : hors,False,False,35,ILLE-ET-VILAINE,14,RENNES
0352248D,Collège Victor Segalen,hors EP,126.1,13.5,147.0,False,False,accord : hors,False,False,accord : hors,False,False,35,ILLE-ET-VILAINE,14,RENNES
0352260S,Collège François Truffaut,hors EP,127.4,12.4,158.0,False,False,accord : hors,False,False,accord : hors,False,False,35,ILLE-ET-VILAINE,14,RENNES
0352274G,Collège Françoise Dolto,hors EP,122.2,11.7,181.0,False,False,accord : hors,False,False,accord : hors,False,False,35,ILLE-ET-VILAINE,14,RENNES
0352448W,Collège Pierre Olivier Malherbe,hors EP,113.9,12.9,156.0,False,False,accord : hors,False,False,accord : hors,False,False,35,ILLE-ET-VILAINE,14,RENNES
0352541X,Collège Théodore Monod,hors EP,118.2,11.7,128.0,False,False,accord : hors,False,False,accord : hors,False,False,35,ILLE-ET-VILAINE,14,RENNES
0352589Z,Collège Jean Moulin,hors EP,91.2,10.3,93.0,False,False,accord : hors,False,False,accord : hors,False,False,35,ILLE-ET-VILAINE,14,RENNES
0352691K,Collège Andrée Récipon,hors EP,115.0,12.7,107.0,False,False,accord : hors,False,False,accord : hors,False,False,35,ILLE-ET-VILAINE,14,RENNES
0352760K,Collège Germaine Tillion,hors EP,121.3,12.2,136.0,False,False,accord : hors,False,False,accord : hors,False,False,35,ILLE-ET-VILAINE,14,RENNES
0352860U,Collège Simone Veil,hors EP,111.9,11.9,125.0,False,False,accord : hors,False,False,accord : hors,False,False,35,ILLE-ET-VILAINE,14,RENNES
0352957Z,Collège Gaël Taburet,hors EP,106.5,10.5,93.0,False,False,accord : hors,False,False,accord : hors,False,False,35,ILLE-ET-VILAINE,14,RENNES
0352958A,Collège Françoise Élie,hors EP,113.2,11.5,173.0,False,False,accord : hors,False,False,accord : hors,False,False,35,ILLE-ET-VILAINE,14,RENNES
0352959B,Collège Marie Curie,hors EP,122.8,13.1,129.0,False,False,accord : hors,False,False,accord : hors,False,False,35,ILLE-ET-VILAINE,14,RENNES
0360001F,Collège Frédéric Chopin,hors EP,98.3,10.4,36.0,False,False,accord : hors,False,False,accord : hors,False,False,36,INDRE,18,ORLEANS-TOURS
0360016X,Collège les Capucins,hors EP,101.7,11.3,82.0,False,False,accord : hors,False,False,accord : hors,False,False,36,INDRE,18,ORLEANS-TOURS
0360018Z,Collège Joliot-Curie,hors EP,92.1,10.0,40.0,False,False,accord : hors,False,False,accord : hors,False,False,36,INDRE,18,ORLEANS-TOURS
0360023E,Collège Saint-Exupéry,hors EP,97.9,11.2,43.0,False,False,accord : hors,False,False,accord : hors,False,False,36,INDRE,18,ORLEANS-TOURS
0360028K,Collège Condorcet,hors EP,99.6,10.0,63.0,False,False,accord : hors,False,False,accord : hors,False,False,36,INDRE,18,ORLEANS-TOURS
0360030M,Collège Vincent Rotinat,hors EP,99.6,12.2,41.0,False,False,accord : hors,False,False,accord : hors,False,False,36,INDRE,18,ORLEANS-TOURS
0360033R,Collège Hervé Faye,hors EP,91.8,10.4,25.0,False,False,accord : hors,False,False,accord : hors,False,False,36,INDRE,18,ORLEANS-TOURS
0360037V,Collège Louis Pergaud,hors EP,98.5,8.6,27.0,False,True,note seule,False,True,note seule,False,False,36,INDRE,18,ORLEANS-TOURS
0360038W,Collège Jean Rostand,hors EP,98.3,9.3,28.0,False,True,note seule,False,False,accord : hors,False,True,36,INDRE,18,ORLEANS-TOURS
0360040Y,Collège Ferdinand de Lesseps,hors EP,95.8,9.0,55.0,False,True,note seule,False,False,accord : hors,False,False,36,INDRE,18,ORLEANS-TOURS
0360044C,Collège Clos de la Garenne,hors EP,87.4,9.0,46.0,True,True,accord : à classer,False,False,accord : hors,False,False,36,INDRE,18,ORLEANS-TOURS
0360048G,Collège La Fayette,hors EP,98.6,10.2,102.0,False,False,accord : hors,False,False,accord : hors,False,False,36,INDRE,18,ORLEANS-TOURS
0360496U,Collège Beaulieu,hors EP,95.2,9.8,116.0,False,False,accord : hors,False,False,accord : hors,False,False,36,INDRE,18,ORLEANS-TOURS
0360498W,Collège les Sablons,hors EP,92.5,11.1,101.0,False,False,accord : hors,False,False,accord : hors,False,False,36,INDRE,18,ORLEANS-TOURS
0360525A,Collège Alain-Fournier,hors EP,94.5,10.5,46.0,False,False,accord : hors,False,False,accord : hors,False,False,36,INDRE,18,ORLEANS-TOURS
0360541T,Collège Rosa Parks,REP+,73.5,8.4,91.0,True,True,accord : à classer,True,True,accord : à classer,False,False,36,INDRE,18,ORLEANS-TOURS
0360543V,Collège Colbert,hors EP,97.4,10.6,86.0,False,False,accord : hors,False,False,accord : hors,False,False,36,INDRE,18,ORLEANS-TOURS
0360544W,Collège Denis Diderot,REP,90.4,9.3,75.0,False,True,note seule,False,False,accord : hors,False,True,36,INDRE,18,ORLEANS-TOURS
0360546Y,Collège Jean Moulin,hors EP,98.3,11.4,33.0,False,False,accord : hors,False,False,accord : hors,False,False,36,INDRE,18,ORLEANS-TOURS
0360573C,Collège Stanislas Limousin,hors EP,104.9,11.4,46.0,False,False,accord : hors,False,False,accord : hors,False,False,36,INDRE,18,ORLEANS-TOURS
0360658V,Collège Romain Rolland,hors EP,92.7,11.4,99.0,False,False,accord : hors,False,False,accord : hors,False,False,36,INDRE,18,ORLEANS-TOURS
0360690E,Collège Jean Monnet,hors EP,104.9,11.0,114.0,False,False,accord : hors,False,False,accord : hors,False,False,36,INDRE,18,ORLEANS-TOURS
0360718K,Collège Rollinat,hors EP,99.6,9.1,103.0,False,True,note seule,False,False,accord : hors,False,False,36,INDRE,18,ORLEANS-TOURS
0360719L,Collège les Ménigouttes,hors EP,93.9,10.1,80.0,False,False,accord : hors,False,False,accord : hors,False,False,36,INDRE,18,ORLEANS-TOURS
0360720M,Collège George Sand,hors EP,99.0,10.6,102.0,False,False,accord : hors,False,False,accord : hors,False,False,36,INDRE,18,ORLEANS-TOURS
0360721N,Collège Honoré de Balzac,hors EP,91.3,9.3,65.0,False,True,note seule,False,False,accord : hors,False,True,36,INDRE,18,ORLEANS-TOURS
0370006F,Collège Joachim du Bellay,hors EP,92.3,9.8,42.0,False,False,accord : hors,False,False,accord : hors,False,False,37,INDRE-ET-LOIRE,18,ORLEANS-TOURS
0370007G,Collège André Bauchant,hors EP,98.3,9.9,137.0,False,False,accord : hors,False,False,accord : hors,False,False,37,INDRE-ET-LOIRE,18,ORLEANS-TOURS
0370010K,Collège Alcuin,hors EP,115.8,11.6,119.0,False,False,accord : hors,False,False,accord : hors,False,False,37,INDRE-ET-LOIRE,18,ORLEANS-TOURS
0370013N,Collège André Duchesne,hors EP,99.0,11.4,35.0,False,False,accord : hors,False,False,accord : hors,False,False,37,INDRE-ET-LOIRE,18,ORLEANS-TOURS
0370015R,Collège Maurice Genevoix,hors EP,102.3,11.3,88.0,False,False,accord : hors,False,False,accord : hors,False,False,37,INDRE-ET-LOIRE,18,ORLEANS-TOURS
0370022Y,Collège Simone Veil,hors EP,112.1,11.4,123.0,False,False,accord : hors,False,False,accord : hors,False,False,37,INDRE-ET-LOIRE,18,ORLEANS-TOURS
0370023Z,Collège Honoré Racan,hors EP,103.4,10.8,74.0,False,False,accord : hors,False,False,accord : hors,False,False,37,INDRE-ET-LOIRE,18,ORLEANS-TOURS
0370024A,Collège Patrick Baudry,hors EP,93.8,9.7,39.0,False,False,accord : hors,False,False,accord : hors,False,False,37,INDRE-ET-LOIRE,18,ORLEANS-TOURS
0370026C,Réseau des collèges de Preuilly-sur-Claise et du Grand-Pressigny (site Gaston Defferre),hors EP,90.8,10.1,39.0,False,False,accord : hors,False,False,accord : hors,False,False,37,INDRE-ET-LOIRE,18,ORLEANS-TOURS
0370033K,Collège Pierre de Ronsard,hors EP,95.2,9.0,135.0,False,True,note seule,False,False,accord : hors,False,False,37,INDRE-ET-LOIRE,18,ORLEANS-TOURS
0370034L,Collège Bernard de Fontenelle,hors EP,97.4,9.5,82.0,False,False,accord : hors,False,False,accord : hors,False,False,37,INDRE-ET-LOIRE,18,ORLEANS-TOURS
0370041U,Collège Jules Michelet,hors EP,97.0,9.5,94.0,False,False,accord : hors,False,False,accord : hors,False,False,37,INDRE-ET-LOIRE,18,ORLEANS-TOURS
0370044X,Collège Anatole France,hors EP,93.0,9.1,109.0,False,True,note seule,False,False,accord : hors,False,False,37,INDRE-ET-LOIRE,18,ORLEANS-TOURS
0370045Y,Collège François Rabelais,hors EP,110.9,12.9,99.0,False,False,accord : hors,False,False,accord : hors,False,False,37,INDRE-ET-LOIRE,18,ORLEANS-TOURS
0370051E,Collège de Montrésor,hors EP,99.4,10.1,47.0,False,False,accord : hors,False,False,accord : hors,False,False,37,INDRE-ET-LOIRE,18,ORLEANS-TOURS
0370071B,Collège la Rabière,REP+,69.3,8.7,54.0,True,True,accord : à classer,True,True,accord : à classer,False,False,37,INDRE-ET-LOIRE,18,ORLEANS-TOURS
0370764E,Collège Jules Ferry,hors EP,88.8,10.4,88.0,True,False,IPS seul,False,False,accord : hors,True,False,37,INDRE-ET-LOIRE,18,ORLEANS-TOURS
0370765F,Collège Léonard de Vinci,hors EP,113.6,11.0,97.0,False,False,accord : hors,False,False,accord : hors,False,False,37,INDRE-ET-LOIRE,18,ORLEANS-TOURS
0370766G,Collège Jacques Decour,REP+,72.4,9.4,58.0,True,False,IPS seul,True,False,IPS seul,False,False,37,INDRE-ET-LOIRE,18,ORLEANS-TOURS
0370767H,Collège Pablo Néruda,hors EP,103.1,10.6,70.0,False,False,accord : hors,False,False,accord : hors,False,False,37,INDRE-ET-LOIRE,18,ORLEANS-TOURS
0370768J,Collège Georges Besse,hors EP,97.0,10.8,136.0,False,False,accord : hors,False,False,accord : hors,False,False,37,INDRE-ET-LOIRE,18,ORLEANS-TOURS
0370769K,Collège Lamartine,hors EP,88.2,7.9,91.0,True,True,accord : à classer,False,True,note seule,False,False,37,INDRE-ET-LOIRE,18,ORLEANS-TOURS
0370791J,Collège Arche-du-Lude,REP,77.3,9.4,55.0,True,False,IPS seul,True,False,IPS seul,False,False,37,INDRE-ET-LOIRE,18,ORLEANS-TOURS
0370792K,Collège Henri Bergson,hors EP,117.8,11.5,66.0,False,False,accord : hors,False,False,accord : hors,False,False,37,INDRE-ET-LOIRE,18,ORLEANS-TOURS
0370793L,Collège Albert Camus,hors EP,115.5,11.2,162.0,False,False,accord : hors,False,False,accord : hors,False,False,37,INDRE-ET-LOIRE,18,ORLEANS-TOURS
0370799T,Collège Raoul Rebout,hors EP,113.2,11.2,184.0,False,False,accord : hors,False,False,accord : hors,False,False,37,INDRE-ET-LOIRE,18,ORLEANS-TOURS
0370884K,Collège Montaigne,hors EP,107.4,10.6,162.0,False,False,accord : hors,False,False,accord : hors,False,False,37,INDRE-ET-LOIRE,18,ORLEANS-TOURS
0370885L,Collège Marie-Amélie Le Fur,hors EP,109.1,10.8,131.0,False,False,accord : hors,False,False,accord : hors,False,False,37,INDRE-ET-LOIRE,18,ORLEANS-TOURS
0370886M,Collège Jean-Philippe Rameau,hors EP,98.9,10.5,117.0,False,False,accord : hors,False,False,accord : hors,False,False,37,INDRE-ET-LOIRE,18,ORLEANS-TOURS
0370887N,Collège Jules Romains,hors EP,129.9,12.3,160.0,False,False,accord : hors,False,False,accord : hors,False,False,37,INDRE-ET-LOIRE,18,ORLEANS-TOURS
0370991B,Collège Pierre Corneille,hors EP,100.4,11.2,111.0,False,False,accord : hors,False,False,accord : hors,False,False,37,INDRE-ET-LOIRE,18,ORLEANS-TOURS
0370993D,Collège Val de l'Indre,hors EP,116.8,12.6,161.0,False,False,accord : hors,False,False,accord : hors,False,False,37,INDRE-ET-LOIRE,18,ORLEANS-TOURS
0370994E,Collège Henri Becquerel,hors EP,106.5,11.5,105.0,False,False,accord : hors,False,False,accord : hors,False,False,37,INDRE-ET-LOIRE,18,ORLEANS-TOURS
0370995F,Collège Pierre de Ronsard,hors EP,103.7,11.0,77.0,False,False,accord : hors,False,False,accord : hors,False,False,37,INDRE-ET-LOIRE,18,ORLEANS-TOURS
0371098T,Collège Beaulieu,hors EP,101.4,10.6,75.0,False,False,accord : hors,False,False,accord : hors,False,False,37,INDRE-ET-LOIRE,18,ORLEANS-TOURS
0371101W,Collège Célestin Freinet,hors EP,100.4,10.9,90.0,False,False,accord : hors,False,False,accord : hors,False,False,37,INDRE-ET-LOIRE,18,ORLEANS-TOURS
0371122U,Collège Choiseul,hors EP,103.1,10.0,178.0,False,False,accord : hors,False,False,accord : hors,False,False,37,INDRE-ET-LOIRE,18,ORLEANS-TOURS
0371124W,Collège le Réflessoir,hors EP,105.9,9.7,131.0,False,False,accord : hors,False,False,accord : hors,False,False,37,INDRE-ET-LOIRE,18,ORLEANS-TOURS
0371126Y,Collège de la Béchellerie,hors EP,125.7,13.1,104.0,False,False,accord : hors,False,False,accord : hors,False,False,37,INDRE-ET-LOIRE,18,ORLEANS-TOURS
0371158H,Collège la Bruyère,hors EP,88.0,8.5,96.0,True,True,accord : à classer,False,True,note seule,False,False,37,INDRE-ET-LOIRE,18,ORLEANS-TOURS
0371159J,Collège Jean Zay,hors EP,100.2,10.8,119.0,False,False,accord : hors,False,False,accord : hors,False,False,37,INDRE-ET-LOIRE,18,ORLEANS-TOURS
0371189S,Collège Gaston Huet,hors EP,120.2,11.4,117.0,False,False,accord : hors,False,False,accord : hors,False,False,37,INDRE-ET-LOIRE,18,ORLEANS-TOURS
0371191U,Collège le Puits de la Roche,hors EP,99.8,11.2,33.0,False,False,accord : hors,False,False,accord : hors,False,False,37,INDRE-ET-LOIRE,18,ORLEANS-TOURS
0371192V,Collège Roger Jahan,hors EP,94.4,10.3,37.0,False,False,accord : hors,False,False,accord : hors,False,False,37,INDRE-ET-LOIRE,18,ORLEANS-TOURS
0371204H,Collège Georges Brassens,hors EP,117.0,11.4,105.0,False,False,accord : hors,False,False,accord : hors,False,False,37,INDRE-ET-LOIRE,18,ORLEANS-TOURS
0371209N,Collège Philippe de Commynes,hors EP,107.1,11.4,118.0,False,False,accord : hors,False,False,accord : hors,False,False,37,INDRE-ET-LOIRE,18,ORLEANS-TOURS
0371210P,Collège Honoré de Balzac,hors EP,113.6,10.8,149.0,False,False,accord : hors,False,False,accord : hors,False,False,37,INDRE-ET-LOIRE,18,ORLEANS-TOURS
0371248F,Collège André Malraux,hors EP,105.8,9.3,100.0,False,True,note seule,False,False,accord : hors,False,True,37,INDRE-ET-LOIRE,18,ORLEANS-TOURS
0371316E,Collège Vallée Violette,hors EP,94.6,9.4,58.0,False,False,accord : hors,False,False,accord : hors,False,False,37,INDRE-ET-LOIRE,18,ORLEANS-TOURS
0371378X,Collège Lucie et Raymond Aubrac,hors EP,115.9,12.5,91.0,False,False,accord : hors,False,False,accord : hors,False,False,37,INDRE-ET-LOIRE,18,ORLEANS-TOURS
0371391L,Collège Stalingrad,REP,94.1,9.3,76.0,False,True,note seule,False,False,accord : hors,False,True,37,INDRE-ET-LOIRE,18,ORLEANS-TOURS
0371397T,Collège Jean Roux,hors EP,125.8,11.5,121.0,False,False,accord : hors,False,False,accord : hors,False,False,37,INDRE-ET-LOIRE,18,ORLEANS-TOURS
0371403Z,Collège René Cassin,hors EP,125.4,12.4,130.0,False,False,accord : hors,False,False,accord : hors,False,False,37,INDRE-ET-LOIRE,18,ORLEANS-TOURS
0380001V,Collège Marcel Bouvier,hors EP,101.7,11.8,149.0,False,False,accord : hors,False,False,accord : hors,False,False,38,ISERE,8,GRENOBLE
0380002W,Collège Flavius Vaussenat,hors EP,116.1,11.9,98.0,False,False,accord : hors,False,False,accord : hors,False,False,38,ISERE,8,GRENOBLE
0380004Y,Collège Arc en Ciers,hors EP,99.3,10.6,125.0,False,False,accord : hors,False,False,accord : hors,False,False,38,ISERE,8,GRENOBLE
0380007B,Collège des Six Vallées,hors EP,111.3,9.8,106.0,False,False,accord : hors,False,False,accord : hors,False,False,38,ISERE,8,GRENOBLE
0380011F,Collège Martin Luther King,hors EP,101.1,9.1,118.0,False,True,note seule,False,True,note seule,False,False,38,ISERE,8,GRENOBLE
0380013H,Collège Nelson Mandela,REP,84.6,8.2,102.0,True,True,accord : à classer,True,True,accord : à classer,False,False,38,ISERE,8,GRENOBLE
0380021S,Collège Louis Lumière,hors EP,98.1,9.3,158.0,False,True,note seule,False,False,accord : hors,False,True,38,ISERE,8,GRENOBLE
0380025W,Collège le Chamandier,hors EP,131.4,12.8,129.0,False,False,accord : hors,False,False,accord : hors,False,False,38,ISERE,8,GRENOBLE
0380026X,Collège Liers et Lemps,hors EP,111.8,11.5,155.0,False,False,accord : hors,False,False,accord : hors,False,False,38,ISERE,8,GRENOBLE
0380038K,Collège Jacques Prévert,hors EP,116.9,10.9,140.0,False,False,accord : hors,False,False,accord : hors,False,False,38,ISERE,8,GRENOBLE
0380039L,Collège du Trièves,hors EP,113.1,11.6,47.0,False,False,accord : hors,False,False,accord : hors,False,False,38,ISERE,8,GRENOBLE
0380044S,Collège Marcel Cuynat,hors EP,116.8,11.6,81.0,False,False,accord : hors,False,False,accord : hors,False,False,38,ISERE,8,GRENOBLE
0380045T,Collège les Pierres Plantes,hors EP,103.0,10.4,118.0,False,False,accord : hors,False,False,accord : hors,False,False,38,ISERE,8,GRENOBLE
0380046U,Collège François Auguste Ravier,hors EP,103.5,10.4,143.0,False,False,accord : hors,False,False,accord : hors,False,False,38,ISERE,8,GRENOBLE
0380047V,Collège du Vallon des Mottes,hors EP,106.8,11.4,38.0,False,False,accord : hors,False,False,accord : hors,False,False,38,ISERE,8,GRENOBLE
0380050Y,Collège de l'Édit,REP,82.7,7.3,151.0,True,True,accord : à classer,True,True,accord : à classer,False,False,38,ISERE,8,GRENOBLE
0380055D,Collège Raymond Guelen,hors EP,107.6,11.4,46.0,False,False,accord : hors,False,False,accord : hors,False,False,38,ISERE,8,GRENOBLE
0380058G,Collège Barnave,hors EP,123.4,11.4,175.0,False,False,accord : hors,False,False,accord : hors,False,False,38,ISERE,8,GRENOBLE
0380059H,Collège Rose Valland,hors EP,106.9,11.7,122.0,False,False,accord : hors,False,False,accord : hors,False,False,38,ISERE,8,GRENOBLE
0380062L,Collège le Grand Som,hors EP,116.4,11.2,77.0,False,False,accord : hors,False,False,accord : hors,False,False,38,ISERE,8,GRENOBLE
0380065P,Collège Henri Wallon,REP,87.7,9.1,124.0,True,True,accord : à classer,True,True,accord : à classer,False,False,38,ISERE,8,GRENOBLE
0380067S,Collège Condorcet,hors EP,115.9,11.2,104.0,False,False,accord : hors,False,False,accord : hors,False,False,38,ISERE,8,GRENOBLE
0380068T,Collège Marcel Mariotte,hors EP,96.6,10.0,94.0,False,False,accord : hors,False,False,accord : hors,False,False,38,ISERE,8,GRENOBLE
0380072X,Collège Pierre Dubois,hors EP,107.2,10.6,101.0,False,False,accord : hors,False,False,accord : hors,False,False,38,ISERE,8,GRENOBLE
0380087N,Collège Joseph Chassigneux,hors EP,111.4,11.3,114.0,False,False,accord : hors,False,False,accord : hors,False,False,38,ISERE,8,GRENOBLE
0380111P,Collège Pré Bénit,hors EP,96.8,9.3,215.0,False,False,accord : hors,False,False,accord : hors,False,True,38,ISERE,8,GRENOBLE
0380278W,Collège le Calloud,hors EP,96.5,9.9,160.0,False,False,accord : hors,False,False,accord : hors,False,False,38,ISERE,8,GRENOBLE
0380356F,Collège Jules Vallès,hors EP,99.9,8.9,88.0,False,True,note seule,False,True,note seule,False,False,38,ISERE,8,GRENOBLE
0380357G,Collège Édouard Vaillant,hors EP,90.4,8.5,87.0,False,True,note seule,False,True,note seule,False,False,38,ISERE,8,GRENOBLE
0381604M,Collège Vercors,REP,84.4,7.9,79.0,True,True,accord : à classer,True,True,accord : à classer,False,False,38,ISERE,8,GRENOBLE
0381776Z,Collège Fantin Latour,hors EP,109.6,10.7,165.0,False,False,accord : hors,False,False,accord : hors,False,False,38,ISERE,8,GRENOBLE
0381777A,Collège Lionel Terray,hors EP,137.0,13.3,155.0,False,False,accord : hors,False,False,accord : hors,False,False,38,ISERE,8,GRENOBLE
0381778B,Collège Belledonne,hors EP,124.2,12.2,197.0,False,False,accord : hors,False,False,accord : hors,False,False,38,ISERE,8,GRENOBLE
0381779C,Collège les Mattons,hors EP,110.9,10.6,183.0,False,False,accord : hors,False,False,accord : hors,False,False,38,ISERE,8,GRENOBLE
0381780D,Collège Olympique,REP,72.2,7.6,102.0,True,True,accord : à classer,True,True,accord : à classer,False,False,38,ISERE,8,GRENOBLE
0381810L,Collège Gérard Philipe,REP,86.4,8.1,75.0,True,True,accord : à classer,True,True,accord : à classer,False,False,38,ISERE,8,GRENOBLE
0381812N,Collège Fernand Léger,hors EP,99.3,8.9,113.0,False,True,note seule,False,True,note seule,False,False,38,ISERE,8,GRENOBLE
0381903M,Collège Jean Vilar,REP+,70.3,7.7,76.0,True,True,accord : à classer,True,True,accord : à classer,False,False,38,ISERE,8,GRENOBLE
0381905P,Collège Marcel Chène,hors EP,112.7,12.6,145.0,False,False,accord : hors,False,False,accord : hors,False,False,38,ISERE,8,GRENOBLE
0381907S,Collège Ponsard,REP,98.7,9.6,138.0,False,False,accord : hors,False,False,accord : hors,False,False,38,ISERE,8,GRENOBLE
0381908T,Collège le Vergeron,hors EP,116.2,11.1,129.0,False,False,accord : hors,False,False,accord : hors,False,False,38,ISERE,8,GRENOBLE
0382032C,Collège Lucie Aubrac,REP+,76.8,8.6,72.0,True,True,accord : à classer,True,True,accord : à classer,False,False,38,ISERE,8,GRENOBLE
0382035F,Collège Charles Munch,hors EP,96.7,9.4,149.0,False,False,accord : hors,False,False,accord : hors,False,False,38,ISERE,8,GRENOBLE
0382036G,Collège Chartreuse,hors EP,112.0,10.8,98.0,False,False,accord : hors,False,False,accord : hors,False,False,38,ISERE,8,GRENOBLE
0382039K,Collège le Massegu,hors EP,117.5,10.9,147.0,False,False,accord : hors,False,False,accord : hors,False,False,38,ISERE,8,GRENOBLE
0382041M,Collège Jules Flandrin,hors EP,136.9,12.7,127.0,False,False,accord : hors,False,False,accord : hors,False,False,38,ISERE,8,GRENOBLE
0382042N,Collège la Garenne,hors EP,114.0,10.7,144.0,False,False,accord : hors,False,False,accord : hors,False,False,38,ISERE,8,GRENOBLE
0382043P,Collège Frédéric Mistral,hors EP,93.0,9.6,116.0,False,False,accord : hors,False,False,accord : hors,False,False,38,ISERE,8,GRENOBLE
0382044R,Collège Pablo Picasso,REP,78.7,7.4,86.0,True,True,accord : à classer,True,True,accord : à classer,False,False,38,ISERE,8,GRENOBLE
0382098Z,Collège Alexander Fleming,hors EP,118.6,11.7,200.0,False,False,accord : hors,False,False,accord : hors,False,False,38,ISERE,8,GRENOBLE
0382100B,Collège du Grésivaudan,hors EP,142.2,12.9,202.0,False,False,accord : hors,False,False,accord : hors,False,False,38,ISERE,8,GRENOBLE
0382101C,Collège Jacques Brel,hors EP,97.5,10.2,127.0,False,False,accord : hors,False,False,accord : hors,False,False,38,ISERE,8,GRENOBLE
0382103E,Collège Lamartine,hors EP,115.4,11.5,182.0,False,False,accord : hors,False,False,accord : hors,False,False,38,ISERE,8,GRENOBLE
0382104F,Collège Louis Aragon,REP,83.2,8.3,101.0,True,True,accord : à classer,True,True,accord : à classer,False,False,38,ISERE,8,GRENOBLE
0382110M,Collège le Grand Champ,REP,89.2,10.3,157.0,False,False,accord : hors,True,False,IPS seul,False,False,38,ISERE,8,GRENOBLE
0382111N,Collège Champollion,hors EP,115.4,10.6,132.0,False,False,accord : hors,False,False,accord : hors,False,False,38,ISERE,8,GRENOBLE
0382114S,Collège Stendhal,hors EP,115.3,10.3,166.0,False,False,accord : hors,False,False,accord : hors,False,False,38,ISERE,8,GRENOBLE
0382115T,Collège Claude et Germain Grange,hors EP,102.7,9.4,193.0,False,False,accord : hors,False,False,accord : hors,False,False,38,ISERE,8,GRENOBLE
0382147C,Collège Jongkind,hors EP,95.7,10.2,115.0,False,False,accord : hors,False,False,accord : hors,False,False,38,ISERE,8,GRENOBLE
0382174G,Collège Savaldor Allende,REP,89.3,9.2,184.0,False,True,note seule,True,False,IPS seul,False,False,38,ISERE,8,GRENOBLE
0382176J,Collège Anne Frank,hors EP,105.8,10.3,149.0,False,False,accord : hors,False,False,accord : hors,False,False,38,ISERE,8,GRENOBLE
0382204P,Collège La Pierre Aiguille,hors EP,134.5,13.1,147.0,False,False,accord : hors,False,False,accord : hors,False,False,38,ISERE,8,GRENOBLE
0382265F,Collège Fernand Bouvier,hors EP,106.0,10.8,147.0,False,False,accord : hors,False,False,accord : hors,False,False,38,ISERE,8,GRENOBLE
0382266G,Collège Robert Desnos,hors EP,108.1,11.4,158.0,False,False,accord : hors,False,False,accord : hors,False,False,38,ISERE,8,GRENOBLE
0382268J,Collège la Moulinière,hors EP,116.1,11.9,143.0,False,False,accord : hors,False,False,accord : hors,False,False,38,ISERE,8,GRENOBLE
0382426F,Collège Louis Mauberret,hors EP,105.0,10.5,113.0,False,False,accord : hors,False,False,accord : hors,False,False,38,ISERE,8,GRENOBLE
0382427G,Collège le Guillon,hors EP,104.6,10.1,112.0,False,False,accord : hors,False,False,accord : hors,False,False,38,ISERE,8,GRENOBLE
0382428H,Collège le Savouret,hors EP,99.0,9.9,130.0,False,False,accord : hors,False,False,accord : hors,False,False,38,ISERE,8,GRENOBLE
0382429J,Collège Jean Prévost,hors EP,130.3,12.2,170.0,False,False,accord : hors,False,False,accord : hors,False,False,38,ISERE,8,GRENOBLE
0382430K,Collège de l'Isle,hors EP,111.1,10.0,159.0,False,False,accord : hors,False,False,accord : hors,False,False,38,ISERE,8,GRENOBLE
0382431L,Collège Marc Sangnier,hors EP,129.6,12.4,113.0,False,False,accord : hors,False,False,accord : hors,False,False,38,ISERE,8,GRENOBLE
0382492C,Collège les Buclos,hors EP,129.7,12.7,85.0,False,False,accord : hors,False,False,accord : hors,False,False,38,ISERE,8,GRENOBLE
0382495F,Collège Plan Menu,hors EP,126.0,12.9,181.0,False,False,accord : hors,False,False,accord : hors,False,False,38,ISERE,8,GRENOBLE
0382504R,Collège Georges Brassens,hors EP,90.4,9.6,96.0,False,False,accord : hors,False,False,accord : hors,False,False,38,ISERE,8,GRENOBLE
0382506T,Collège Sonia Delaunay,hors EP,104.6,9.9,123.0,False,False,accord : hors,False,False,accord : hors,False,False,38,ISERE,8,GRENOBLE
0382621T,Collège les Dauphins,hors EP,106.7,10.6,148.0,False,False,accord : hors,False,False,accord : hors,False,False,38,ISERE,8,GRENOBLE
0382663N,Collège André Malraux,hors EP,120.2,11.5,103.0,False,False,accord : hors,False,False,accord : hors,False,False,38,ISERE,8,GRENOBLE
0382705J,Collège Philippe Cousteau,hors EP,105.2,9.5,157.0,False,False,accord : hors,False,False,accord : hors,False,False,38,ISERE,8,GRENOBLE
0382706K,Collège les Allinges,hors EP,106.2,10.5,108.0,False,False,accord : hors,False,False,accord : hors,False,False,38,ISERE,8,GRENOBLE
0382781S,Collège Simone de Beauvoir,hors EP,124.2,11.7,125.0,False,False,accord : hors,False,False,accord : hors,False,False,38,ISERE,8,GRENOBLE
0382782T,Collège Le Clos Jouvin,hors EP,125.7,12.1,135.0,False,False,accord : hors,False,False,accord : hors,False,False,38,ISERE,8,GRENOBLE
0382786X,Collège François Truffaut,hors EP,89.2,8.4,99.0,False,True,note seule,True,True,accord : à classer,False,False,38,ISERE,8,GRENOBLE
0382864G,Collège René Cassin,hors EP,91.8,9.1,95.0,False,True,note seule,False,True,note seule,False,False,38,ISERE,8,GRENOBLE
0382865H,Collège Georges Pompidou,hors EP,124.3,12.0,112.0,False,False,accord : hors,False,False,accord : hors,False,False,38,ISERE,8,GRENOBLE
0383056R,Collège Robert Doisneau,hors EP,89.3,8.4,112.0,False,True,note seule,True,True,accord : à classer,False,False,38,ISERE,8,GRENOBLE
0383141H,Collège de Péranche,hors EP,115.4,11.7,95.0,False,False,accord : hors,False,False,accord : hors,False,False,38,ISERE,8,GRENOBLE
0383243U,Collège international Europole,hors EP,147.3,14.5,143.0,False,False,accord : hors,False,False,accord : hors,False,False,38,ISERE,8,GRENOBLE
0383253E,Collège Jean Ferrat,hors EP,100.7,9.6,157.0,False,False,accord : hors,False,False,accord : hors,False,False,38,ISERE,8,GRENOBLE
0383260M,Collège Jules Verne,hors EP,121.4,11.6,147.0,False,False,accord : hors,False,False,accord : hors,False,False,38,ISERE,8,GRENOBLE
0383300F,Collège Icare,hors EP,121.6,12.7,112.0,False,False,accord : hors,False,False,accord : hors,False,False,38,ISERE,8,GRENOBLE
0383301G,Collège Frédéric Dard,hors EP,113.8,11.5,134.0,False,False,accord : hors,False,False,accord : hors,False,False,38,ISERE,8,GRENOBLE
0383345E,Collège Olympe de Gouges,hors EP,115.0,13.0,72.0,False,False,accord : hors,False,False,accord : hors,False,False,38,ISERE,8,GRENOBLE
0383370G,Collège Aimé Césaire,hors EP,91.5,10.2,124.0,False,False,accord : hors,False,False,accord : hors,False,False,38,ISERE,8,GRENOBLE
0383454Y,Collège des collines,hors EP,115.6,11.8,121.0,False,False,accord : hors,False,False,accord : hors,False,False,38,ISERE,8,GRENOBLE
0383455Z,Collège Stephen Hawking,hors EP,116.9,10.6,143.0,False,False,accord : hors,False,False,accord : hors,False,False,38,ISERE,8,GRENOBLE
0383494S,Collège les Saules,hors EP,92.2,8.9,127.0,False,True,note seule,False,True,note seule,False,False,38,ISERE,8,GRENOBLE
0383542U,Collège Simone Veil,hors EP,109.2,11.1,162.0,False,False,accord : hors,False,False,accord : hors,False,False,38,ISERE,8,GRENOBLE
0390004T,Collège du Parc,hors EP,104.0,10.5,86.0,False,False,accord : hors,False,False,accord : hors,False,False,39,JURA,3,BESANCON
0390009Y,Collège des Lacs,hors EP,108.6,12.6,49.0,False,False,accord : hors,False,False,accord : hors,False,False,39,JURA,3,BESANCON
0390010Z,Collège Jean Jaurès,hors EP,102.5,11.6,55.0,False,False,accord : hors,False,False,accord : hors,False,False,39,JURA,3,BESANCON
0390016F,Collège Gustave Eiffel,hors EP,106.9,12.4,94.0,False,False,accord : hors,False,False,accord : hors,False,False,39,JURA,3,BESANCON
0390022M,Collège Aristide Briand,hors EP,107.7,13.3,74.0,False,False,accord : hors,False,False,accord : hors,False,False,39,JURA,3,BESANCON
0390025R,Collège Pierre Vernotte,hors EP,100.6,10.9,48.0,False,False,accord : hors,False,False,accord : hors,False,False,39,JURA,3,BESANCON
0390028U,Collège Pierre-Hyacinthe Cazeaux,hors EP,91.4,10.6,62.0,False,False,accord : hors,False,False,accord : hors,False,False,39,JURA,3,BESANCON
0390031X,Collège Michel Brézillon,hors EP,103.8,12.4,42.0,False,False,accord : hors,False,False,accord : hors,False,False,39,JURA,3,BESANCON
0390783P,Collège Xavier Bichat,hors EP,100.3,10.5,42.0,False,False,accord : hors,False,False,accord : hors,False,False,39,JURA,3,BESANCON
0390784R,Collège Gilbert Cousin,hors EP,99.5,10.0,36.0,False,False,accord : hors,False,False,accord : hors,False,False,39,JURA,3,BESANCON
0390785S,Collège Lucien Febvre,hors EP,96.1,9.8,38.0,False,False,accord : hors,False,False,accord : hors,False,False,39,JURA,3,BESANCON
0390797E,Collège de l'Arc,hors EP,103.0,11.2,118.0,False,False,accord : hors,False,False,accord : hors,False,False,39,JURA,3,BESANCON
0390798F,Collège Jules Grévy,hors EP,101.3,11.5,85.0,False,False,accord : hors,False,False,accord : hors,False,False,39,JURA,3,BESANCON
0390800H,Collège Claude Nicolas Ledoux,hors EP,107.5,11.0,118.0,False,False,accord : hors,False,False,accord : hors,False,False,39,JURA,3,BESANCON
0390823H,Collège des Vernaux Marius Daubigney,hors EP,101.3,11.3,61.0,False,False,accord : hors,False,False,accord : hors,False,False,39,JURA,3,BESANCON
0390883Y,Collège Maryse Bastié,REP,89.2,9.8,108.0,False,False,accord : hors,False,False,accord : hors,False,False,39,JURA,3,BESANCON
0390906Y,Collège Rouget-de-Lisle,hors EP,111.5,10.5,112.0,False,False,accord : hors,False,False,accord : hors,False,False,39,JURA,3,BESANCON
0390907Z,Collège Saint-Exupéry,hors EP,89.2,12.6,88.0,False,False,accord : hors,False,False,accord : hors,False,False,39,JURA,3,BESANCON
0390916J,Collège Louis Bouvier,hors EP,102.7,11.5,75.0,False,False,accord : hors,False,False,accord : hors,False,False,39,JURA,3,BESANCON
0390922R,Collège Marcel Aymé,hors EP,93.5,10.4,78.0,False,False,accord : hors,False,False,accord : hors,False,False,39,JURA,3,BESANCON
0390923S,Collège le Rochat,hors EP,114.7,12.0,93.0,False,False,accord : hors,False,False,accord : hors,False,False,39,JURA,3,BESANCON
0390924T,Collège Pré Saint-Sauveur,REP,86.8,9.5,84.0,True,False,IPS seul,True,True,accord : à classer,False,False,39,JURA,3,BESANCON
0390960G,Collège Louis Pasteur,hors EP,108.7,12.2,40.0,False,False,accord : hors,False,False,accord : hors,False,False,39,JURA,3,BESANCON
0390961H,Collège les Louataux,hors EP,98.2,11.8,98.0,False,False,accord : hors,False,False,accord : hors,False,False,39,JURA,3,BESANCON
0390962J,Collège Victor Considerant,hors EP,107.6,12.0,92.0,False,False,accord : hors,False,False,accord : hors,False,False,39,JURA,3,BESANCON
0390997X,Collège Jules Grévy,hors EP,103.4,12.8,41.0,False,False,accord : hors,False,False,accord : hors,False,False,39,JURA,3,BESANCON
0391035N,Collège du Plateau,hors EP,94.6,10.4,66.0,False,False,accord : hors,False,False,accord : hors,False,False,39,JURA,3,BESANCON
0400003L,Collège du Pays des Luys,hors EP,102.3,12.3,69.0,False,False,accord : hors,False,False,accord : hors,False,False,40,LANDES,4,BORDEAUX
0400005N,Collège Jean Rostand,hors EP,117.4,11.3,120.0,False,False,accord : hors,False,False,accord : hors,False,False,40,LANDES,4,BORDEAUX
0400010U,Collège Jules Ferry,REP,92.2,9.0,34.0,False,True,note seule,True,True,accord : à classer,False,False,40,LANDES,4,BORDEAUX
0400011V,Collège Pierre de Castelnau,hors EP,103.4,12.4,57.0,False,False,accord : hors,False,False,accord : hors,False,False,40,LANDES,4,BORDEAUX
0400012W,Collège Val d'Adour,hors EP,108.7,10.9,81.0,False,False,accord : hors,False,False,accord : hors,False,False,40,LANDES,4,BORDEAUX
0400014Y,Collège Félix Arnaudin,REP,94.0,10.1,70.0,False,False,accord : hors,False,False,accord : hors,False,False,40,LANDES,4,BORDEAUX
0400023H,Collège Serge Barranx,hors EP,103.4,12.7,102.0,False,False,accord : hors,False,False,accord : hors,False,False,40,LANDES,4,BORDEAUX
0400025K,Collège René Soubaigné,hors EP,99.9,10.4,52.0,False,False,accord : hors,False,False,accord : hors,False,False,40,LANDES,4,BORDEAUX
0400026L,Collège Saint-Exupéry,hors EP,101.2,10.8,173.0,False,False,accord : hors,False,False,accord : hors,False,False,40,LANDES,4,BORDEAUX
0400028N,Collège du Pays d'Orthe,hors EP,101.2,11.9,121.0,False,False,accord : hors,False,False,accord : hors,False,False,40,LANDES,4,BORDEAUX
0400032T,Collège Rosa Parks,hors EP,103.4,11.1,100.0,False,False,accord : hors,False,False,accord : hors,False,False,40,LANDES,4,BORDEAUX
0400033U,Collège Marie Curie,hors EP,99.8,11.2,50.0,False,False,accord : hors,False,False,accord : hors,False,False,40,LANDES,4,BORDEAUX
0400034V,Collège George Sand,hors EP,99.4,11.6,54.0,False,False,accord : hors,False,False,accord : hors,False,False,40,LANDES,4,BORDEAUX
0400038Z,Collège Cap de Gascogne,hors EP,105.3,11.7,91.0,False,False,accord : hors,False,False,accord : hors,False,False,40,LANDES,4,BORDEAUX
0400039A,Collège Jean-Claude Sescousse,hors EP,109.5,12.3,100.0,False,False,accord : hors,False,False,accord : hors,False,False,40,LANDES,4,BORDEAUX
0400042D,Collège Jean Rostand,hors EP,99.3,11.7,96.0,False,False,accord : hors,False,False,accord : hors,False,False,40,LANDES,4,BORDEAUX
0400043E,Collège Pierre Blanquie,hors EP,103.6,11.8,61.0,False,False,accord : hors,False,False,accord : hors,False,False,40,LANDES,4,BORDEAUX
0400090F,Collège Gaston Crampe,hors EP,105.6,11.9,77.0,False,False,accord : hors,False,False,accord : hors,False,False,40,LANDES,4,BORDEAUX
0400091G,Collège Langevin-Wallon,hors EP,111.8,11.4,116.0,False,False,accord : hors,False,False,accord : hors,False,False,40,LANDES,4,BORDEAUX
0400092H,Collège Jean Mermoz,hors EP,106.3,11.7,108.0,False,False,accord : hors,False,False,accord : hors,False,False,40,LANDES,4,BORDEAUX
0400093J,Collège Henri Scognamiglio,hors EP,95.3,10.5,66.0,False,False,accord : hors,False,False,accord : hors,False,False,40,LANDES,4,BORDEAUX
0400096M,Collège Jean Moulin,hors EP,95.9,10.1,96.0,False,False,accord : hors,False,False,accord : hors,False,False,40,LANDES,4,BORDEAUX
0400103V,Collège Lubet Barbon,hors EP,98.6,11.4,111.0,False,False,accord : hors,False,False,accord : hors,False,False,40,LANDES,4,BORDEAUX
0400105X,Collège Jacques Prévert,hors EP,101.5,10.5,115.0,False,False,accord : hors,False,False,accord : hors,False,False,40,LANDES,4,BORDEAUX
0400648M,Collège Victor Duruy,REP,88.1,10.5,120.0,True,False,IPS seul,True,False,IPS seul,False,False,40,LANDES,4,BORDEAUX
0400727Y,Collège Jean-Marie Lonné,hors EP,97.1,12.2,76.0,False,False,accord : hors,False,False,accord : hors,False,False,40,LANDES,4,BORDEAUX
0400728Z,Collège François Mitterrand,hors EP,111.0,11.5,121.0,False,False,accord : hors,False,False,accord : hors,False,False,40,LANDES,4,BORDEAUX
0400729A,Collège Léonce Dussarrat dit Léon des Landes,hors EP,101.4,10.4,153.0,False,False,accord : hors,False,False,accord : hors,False,False,40,LANDES,4,BORDEAUX
0400740M,Collège d'Albret,hors EP,99.5,10.6,114.0,False,False,accord : hors,False,False,accord : hors,False,False,40,LANDES,4,BORDEAUX
0400774Z,Collège Cel le Gaucher,hors EP,109.8,10.0,131.0,False,False,accord : hors,False,False,accord : hors,False,False,40,LANDES,4,BORDEAUX
0400779E,Collège Jean Rostand,hors EP,106.4,10.3,97.0,False,False,accord : hors,False,False,accord : hors,False,False,40,LANDES,4,BORDEAUX
0400874H,Collège François Truffaut,hors EP,110.8,11.0,112.0,False,False,accord : hors,False,False,accord : hors,False,False,40,LANDES,4,BORDEAUX
0401014K,Collège Gisèle Halimi,hors EP,116.2,11.5,138.0,False,False,accord : hors,False,False,accord : hors,False,False,40,LANDES,4,BORDEAUX
0401015L,Collège Lucie Aubrac,hors EP,107.6,11.2,90.0,False,False,accord : hors,False,False,accord : hors,False,False,40,LANDES,4,BORDEAUX
0401048X,Collège Nelson Mandela,hors EP,116.9,11.0,81.0,False,False,accord : hors,False,False,accord : hors,False,False,40,LANDES,4,BORDEAUX
0401066S,Collège Danielle Mitterrand,hors EP,106.4,11.4,156.0,False,False,accord : hors,False,False,accord : hors,False,False,40,LANDES,4,BORDEAUX
0401070W,Collège Aimé Césaire,hors EP,107.2,12.0,101.0,False,False,accord : hors,False,False,accord : hors,False,False,40,LANDES,4,BORDEAUX
0401077D,Collège Henri Emmanuelli,hors EP,90.8,9.8,50.0,False,False,accord : hors,True,False,IPS seul,False,False,40,LANDES,4,BORDEAUX
0401091U,Collège Élisabeth et Robert Badinter,hors EP,118.2,11.5,126.0,False,False,accord : hors,False,False,accord : hors,False,False,40,LANDES,4,BORDEAUX
0410003F,Collège Blois-Bégon,REP+,74.5,9.2,118.0,True,True,accord : à classer,True,False,IPS seul,False,False,41,LOIR-ET-CHER,18,ORLEANS-TOURS
0410005H,Collège Hubert Fillay,hors EP,111.8,11.5,92.0,False,False,accord : hors,False,False,accord : hors,False,False,41,LOIR-ET-CHER,18,ORLEANS-TOURS
0410008L,Collège Jean Rostand,hors EP,100.5,10.6,103.0,False,False,accord : hors,False,False,accord : hors,False,False,41,LOIR-ET-CHER,18,ORLEANS-TOURS
0410013S,Collège Louis Pasteur,hors EP,95.7,11.0,76.0,False,False,accord : hors,False,False,accord : hors,False,False,41,LOIR-ET-CHER,18,ORLEANS-TOURS
0410015U,Collège Lavoisier,hors EP,93.5,10.0,57.0,False,False,accord : hors,False,False,accord : hors,False,False,41,LOIR-ET-CHER,18,ORLEANS-TOURS
0410016V,Collège René Cassin,hors EP,98.9,10.1,96.0,False,False,accord : hors,False,False,accord : hors,False,False,41,LOIR-ET-CHER,18,ORLEANS-TOURS
0410019Y,Collège Maurice Genevoix,hors EP,94.3,9.9,201.0,False,False,accord : hors,False,False,accord : hors,False,False,41,LOIR-ET-CHER,18,ORLEANS-TOURS
0410024D,Collège Honoré de Balzac,hors EP,102.6,11.3,52.0,False,False,accord : hors,False,False,accord : hors,False,False,41,LOIR-ET-CHER,18,ORLEANS-TOURS
0410035R,Collège Louis Pergaud,hors EP,94.3,10.2,55.0,False,False,accord : hors,False,False,accord : hors,False,False,41,LOIR-ET-CHER,18,ORLEANS-TOURS
0410566T,Collège Clément Janequin,hors EP,97.7,10.6,85.0,False,False,accord : hors,False,False,accord : hors,False,False,41,LOIR-ET-CHER,18,ORLEANS-TOURS
0410593X,Collège Blois-Vienne,hors EP,108.1,11.3,136.0,False,False,accord : hors,False,False,accord : hors,False,False,41,LOIR-ET-CHER,18,ORLEANS-TOURS
0410595Z,Collège Saint-Exupéry,hors EP,100.5,10.6,148.0,False,False,accord : hors,False,False,accord : hors,False,False,41,LOIR-ET-CHER,18,ORLEANS-TOURS
0410596A,Collège Alphonse Karr,hors EP,92.6,10.9,60.0,False,False,accord : hors,False,False,accord : hors,False,False,41,LOIR-ET-CHER,18,ORLEANS-TOURS
0410631N,Collège Pierre de Ronsard,hors EP,100.4,8.7,101.0,False,True,note seule,False,True,note seule,False,False,41,LOIR-ET-CHER,18,ORLEANS-TOURS
0410632P,Collège Joachim du Bellay,hors EP,97.6,10.1,103.0,False,False,accord : hors,False,False,accord : hors,False,False,41,LOIR-ET-CHER,18,ORLEANS-TOURS
0410651K,Collège les Pressigny,hors EP,90.2,9.9,77.0,False,False,accord : hors,False,False,accord : hors,False,False,41,LOIR-ET-CHER,18,ORLEANS-TOURS
0410714D,Collège Joseph Paul-Boncour,hors EP,89.5,8.7,95.0,False,True,note seule,False,True,note seule,False,False,41,LOIR-ET-CHER,18,ORLEANS-TOURS
0410715E,Collège Marcel Carné,hors EP,111.5,10.9,154.0,False,False,accord : hors,False,False,accord : hors,False,False,41,LOIR-ET-CHER,18,ORLEANS-TOURS
0410716F,Collège Joseph Crocheton,hors EP,107.4,10.5,132.0,False,False,accord : hors,False,False,accord : hors,False,False,41,LOIR-ET-CHER,18,ORLEANS-TOURS
0410717G,Collège Gaston Jollet,hors EP,95.5,10.6,69.0,False,False,accord : hors,False,False,accord : hors,False,False,41,LOIR-ET-CHER,18,ORLEANS-TOURS
0410768M,Collège Jean Emond,hors EP,101.8,10.7,131.0,False,False,accord : hors,False,False,accord : hors,False,False,41,LOIR-ET-CHER,18,ORLEANS-TOURS
0410790L,Collège les Provinces,hors EP,110.2,10.1,158.0,False,False,accord : hors,False,False,accord : hors,False,False,41,LOIR-ET-CHER,18,ORLEANS-TOURS
0410792N,Collège Robert Lasneau,hors EP,109.0,10.8,106.0,False,False,accord : hors,False,False,accord : hors,False,False,41,LOIR-ET-CHER,18,ORLEANS-TOURS
0410793P,Collège Léonard de Vinci,REP,84.2,7.8,80.0,True,True,accord : à classer,True,True,accord : à classer,False,False,41,LOIR-ET-CHER,18,ORLEANS-TOURS
0410860M,Collège Augustin Thierry,hors EP,108.5,10.1,165.0,False,False,accord : hors,False,False,accord : hors,False,False,41,LOIR-ET-CHER,18,ORLEANS-TOURS
0410914W,Collège Marie Curie,hors EP,104.7,10.0,86.0,False,False,accord : hors,False,False,accord : hors,False,False,41,LOIR-ET-CHER,18,ORLEANS-TOURS
0410952M,Collège François Rabelais,REP+,66.4,7.8,74.0,True,True,accord : à classer,True,True,accord : à classer,False,False,41,LOIR-ET-CHER,18,ORLEANS-TOURS
0420003A,Collège du Pilat,hors EP,109.8,12.2,56.0,False,False,accord : hors,False,False,accord : hors,False,False,42,LOIRE,10,LYON
0420011J,Collège Jacques Brel,hors EP,109.5,11.4,84.0,False,False,accord : hors,False,False,accord : hors,False,False,42,LOIRE,10,LYON
0420012K,Collège le Palais,hors EP,104.6,11.7,197.0,False,False,accord : hors,False,False,accord : hors,False,False,42,LOIRE,10,LYON
0420022W,Collège Robert Schuman,hors EP,100.3,11.6,33.0,False,False,accord : hors,False,False,accord : hors,False,False,42,LOIRE,10,LYON
0420023X,Collège des Montagnes du Matin,hors EP,103.2,10.5,91.0,False,False,accord : hors,False,False,accord : hors,False,False,42,LOIRE,10,LYON
0420024Y,Collège Gaston Baty,hors EP,111.4,11.9,100.0,False,False,accord : hors,False,False,accord : hors,False,False,42,LOIRE,10,LYON
0420035K,Collège Jean de La Fontaine,hors EP,92.8,10.9,140.0,False,False,accord : hors,False,False,accord : hors,False,False,42,LOIRE,10,LYON
0420038N,Collège Émile Falabrègue,hors EP,106.4,12.3,108.0,False,False,accord : hors,False,False,accord : hors,False,False,42,LOIRE,10,LYON
0420058K,Collège les Champs,hors EP,103.1,9.9,185.0,False,False,accord : hors,False,False,accord : hors,False,False,42,LOIRE,10,LYON
0420060M,Collège Papire Masson,hors EP,107.8,12.8,45.0,False,False,accord : hors,False,False,accord : hors,False,False,42,LOIRE,10,LYON
0420062P,Collège le Breuil,hors EP,101.9,11.3,51.0,False,False,accord : hors,False,False,accord : hors,False,False,42,LOIRE,10,LYON
0420916T,Collège Puits de la Loire,REP,76.4,9.4,83.0,True,False,IPS seul,True,True,accord : à classer,False,False,42,LOIRE,10,LYON
0420968Z,Collège Ennemond Richard,hors EP,86.9,9.3,123.0,True,False,IPS seul,True,True,accord : à classer,False,True,42,LOIRE,10,LYON
0421068H,Collège le Bois de la Rive,hors EP,103.4,10.5,125.0,False,False,accord : hors,False,False,accord : hors,False,False,42,LOIRE,10,LYON
0421084A,Collège les Étines,hors EP,98.6,11.1,134.0,False,False,accord : hors,False,False,accord : hors,False,False,42,LOIRE,10,LYON
0421085B,Collège l'Astrée,hors EP,100.4,10.6,105.0,False,False,accord : hors,False,False,accord : hors,False,False,42,LOIRE,10,LYON
0421086C,Collège Charles Exbrayat,hors EP,102.2,10.8,149.0,False,False,accord : hors,False,False,accord : hors,False,False,42,LOIRE,10,LYON
0421171V,Collège Pierre et Marie Curie,hors EP,113.1,12.1,179.0,False,False,accord : hors,False,False,accord : hors,False,False,42,LOIRE,10,LYON
0421172W,Collège François Truffaut,hors EP,102.1,11.2,154.0,False,False,accord : hors,False,False,accord : hors,False,False,42,LOIRE,10,LYON
0421174Y,Collège Louis Grüner,hors EP,109.0,11.3,156.0,False,False,accord : hors,False,False,accord : hors,False,False,42,LOIRE,10,LYON
0421176A,Collège Jules Vallès,REP+,65.5,9.5,65.0,True,False,IPS seul,True,True,accord : à classer,False,False,42,LOIRE,10,LYON
0421451Z,Collège Marc Seguin,REP+,75.8,10.4,48.0,True,False,IPS seul,True,False,IPS seul,False,False,42,LOIRE,10,LYON
0421452A,Collège Gambetta,REP,86.3,9.9,215.0,True,False,IPS seul,True,False,IPS seul,False,False,42,LOIRE,10,LYON
0421454C,Collège Mario Meunier,hors EP,109.8,12.3,258.0,False,False,accord : hors,False,False,accord : hors,False,False,42,LOIRE,10,LYON
0421455D,Collège Michel de Montaigne,hors EP,104.3,12.4,105.0,False,False,accord : hors,False,False,accord : hors,False,False,42,LOIRE,10,LYON
0421456E,Collège Jean Papon,hors EP,97.4,11.6,47.0,False,False,accord : hors,False,False,accord : hors,False,False,42,LOIRE,10,LYON
0421457F,Collège Albert Schweitzer,hors EP,103.2,11.0,120.0,False,False,accord : hors,False,False,accord : hors,False,False,42,LOIRE,10,LYON
0421486M,Collège Pierre Joannon,REP,90.2,10.9,92.0,False,False,accord : hors,False,False,accord : hors,False,False,42,LOIRE,10,LYON
0421487N,Collège Jacques Prévert,hors EP,100.9,10.4,174.0,False,False,accord : hors,False,False,accord : hors,False,False,42,LOIRE,10,LYON
0421490S,Collège Nicolas Conté,hors EP,108.1,11.5,85.0,False,False,accord : hors,False,False,accord : hors,False,False,42,LOIRE,10,LYON
0421569C,Collège Aristide Briand,hors EP,89.6,10.3,93.0,False,False,accord : hors,False,False,accord : hors,False,False,42,LOIRE,10,LYON
0421570D,Collège les Bruneaux,hors EP,79.9,9.7,52.0,True,False,IPS seul,True,True,accord : à classer,False,False,42,LOIRE,10,LYON
0421572F,Collège Michel Servet,hors EP,100.5,11.3,147.0,False,False,accord : hors,False,False,accord : hors,False,False,42,LOIRE,10,LYON
0421607U,Collège Jules Romains,hors EP,116.8,12.3,143.0,False,False,accord : hors,False,False,accord : hors,False,False,42,LOIRE,10,LYON
0421677V,Collège Claude Fauriel,REP,89.2,10.4,116.0,False,False,accord : hors,False,False,accord : hors,False,False,42,LOIRE,10,LYON
0421678W,Collège Honoré d'Urfé,hors EP,78.4,7.6,202.0,True,True,accord : à classer,True,True,accord : à classer,False,False,42,LOIRE,10,LYON
0421679X,Collège le Portail Rouge,hors EP,89.4,9.3,94.0,False,False,accord : hors,False,True,note seule,False,True,42,LOIRE,10,LYON
0421680Y,Collège Louise Michel,hors EP,93.8,9.8,87.0,False,False,accord : hors,False,False,accord : hors,False,False,42,LOIRE,10,LYON
0421681Z,Collège Waldeck Rousseau,hors EP,76.4,8.3,70.0,True,True,accord : à classer,True,True,accord : à classer,False,False,42,LOIRE,10,LYON
0421683B,Collège Jules Ferry,hors EP,89.7,9.4,108.0,False,False,accord : hors,False,True,note seule,False,False,42,LOIRE,10,LYON
0421684C,Collège Albert Thomas,REP,76.4,10.1,69.0,True,False,IPS seul,True,False,IPS seul,False,False,42,LOIRE,10,LYON
0421686E,Collège Jean Dasté,REP,73.5,8.4,62.0,True,True,accord : à classer,True,True,accord : à classer,False,False,42,LOIRE,10,LYON
0421688G,Collège Jean Rostand,REP+,84.8,8.5,85.0,True,True,accord : à classer,True,True,accord : à classer,False,False,42,LOIRE,10,LYON
0421689H,Collège Jules Vallès,REP+,66.3,7.5,43.0,True,True,accord : à classer,True,True,accord : à classer,False,False,42,LOIRE,10,LYON
0421734G,Collège Anne Frank,hors EP,119.0,11.8,199.0,False,False,accord : hors,False,False,accord : hors,False,False,42,LOIRE,10,LYON
0421735H,Collège de la Côte Roannaise,hors EP,111.7,12.3,113.0,False,False,accord : hors,False,False,accord : hors,False,False,42,LOIRE,10,LYON
0421852K,Collège Louis Aragon,REP,85.3,10.2,81.0,True,False,IPS seul,True,False,IPS seul,False,False,42,LOIRE,10,LYON
0421919H,Collège Massenet Fourneyron,REP,76.1,10.3,89.0,True,False,IPS seul,True,False,IPS seul,False,False,42,LOIRE,10,LYON
0422136U,Collège Léonard de Vinci,hors EP,99.7,9.8,161.0,False,False,accord : hors,False,False,accord : hors,False,False,42,LOIRE,10,LYON
0422293P,Collège Antoine Guichard,hors EP,114.7,12.0,161.0,False,False,accord : hors,False,False,accord : hors,False,False,42,LOIRE,10,LYON
0430001T,Collège du Mont Bar,hors EP,105.7,11.1,47.0,False,False,accord : hors,False,False,accord : hors,False,False,43,HAUTE-LOIRE,6,CLERMONT-FERRAND
0430006Y,Collège Henri Pourrat,hors EP,104.4,13.1,21.0,False,False,accord : hors,False,False,accord : hors,False,False,43,HAUTE-LOIRE,6,CLERMONT-FERRAND
0430012E,Collège Robert Louis Stevenson,hors EP,98.3,12.4,35.0,False,False,accord : hors,False,False,accord : hors,False,False,43,HAUTE-LOIRE,6,CLERMONT-FERRAND
0430013F,Collège du Haut-Allier,hors EP,102.8,11.2,39.0,False,False,accord : hors,False,False,accord : hors,False,False,43,HAUTE-LOIRE,6,CLERMONT-FERRAND
0430017K,Collège Laurent Eynac,hors EP,106.6,11.8,61.0,False,False,accord : hors,False,False,accord : hors,False,False,43,HAUTE-LOIRE,6,CLERMONT-FERRAND
0430025U,Collège Lafayette,hors EP,101.0,10.7,84.0,False,False,accord : hors,False,False,accord : hors,False,False,43,HAUTE-LOIRE,6,CLERMONT-FERRAND
0430026V,Collège Boris Vian,hors EP,101.0,10.5,65.0,False,False,accord : hors,False,False,accord : hors,False,False,43,HAUTE-LOIRE,6,CLERMONT-FERRAND
0430027W,Collège Roger Ruel,hors EP,109.3,10.8,127.0,False,False,accord : hors,False,False,accord : hors,False,False,43,HAUTE-LOIRE,6,CLERMONT-FERRAND
0430029Y,Collège Marguerite Thomas,hors EP,93.3,11.2,65.0,False,False,accord : hors,False,False,accord : hors,False,False,43,HAUTE-LOIRE,6,CLERMONT-FERRAND
0430030Z,Collège Jules Romains,hors EP,112.3,13.0,75.0,False,False,accord : hors,False,False,accord : hors,False,False,43,HAUTE-LOIRE,6,CLERMONT-FERRAND
0430032B,Collège Joachim Barrande,hors EP,107.5,11.0,20.0,False,False,accord : hors,False,False,accord : hors,False,False,43,HAUTE-LOIRE,6,CLERMONT-FERRAND
0430034D,Collège de la Lionchère,hors EP,105.6,11.5,37.0,False,False,accord : hors,False,False,accord : hors,False,False,43,HAUTE-LOIRE,6,CLERMONT-FERRAND
0430043N,Collège Jules Vallès,hors EP,99.9,11.4,120.0,False,False,accord : hors,False,False,accord : hors,False,False,43,HAUTE-LOIRE,6,CLERMONT-FERRAND
0430135N,Collège Jean Monnet,hors EP,101.0,11.2,89.0,False,False,accord : hors,False,False,accord : hors,False,False,43,HAUTE-LOIRE,6,CLERMONT-FERRAND
0430663M,Collège Le Monteil,hors EP,110.0,12.5,104.0,False,False,accord : hors,False,False,accord : hors,False,False,43,HAUTE-LOIRE,6,CLERMONT-FERRAND
0430820H,Collège du Lignon,hors EP,97.5,10.3,21.0,False,False,accord : hors,False,False,accord : hors,False,False,43,HAUTE-LOIRE,6,CLERMONT-FERRAND
0430854V,Collège La Fayette,hors EP,96.7,9.7,91.0,False,False,accord : hors,False,False,accord : hors,False,False,43,HAUTE-LOIRE,6,CLERMONT-FERRAND
0430917N,Collège Anne Frank,hors EP,89.9,10.7,34.0,False,False,accord : hors,True,False,IPS seul,False,False,43,HAUTE-LOIRE,6,CLERMONT-FERRAND
0430987P,Collège des Gorges de la Loire,hors EP,105.0,12.3,40.0,False,False,accord : hors,False,False,accord : hors,False,False,43,HAUTE-LOIRE,6,CLERMONT-FERRAND
0440008V,Collège Cacault,hors EP,115.5,12.2,125.0,False,False,accord : hors,False,False,accord : hors,False,False,44,LOIRE-ATLANTIQUE,17,NANTES
0440010X,Collège Paul Langevin,hors EP,110.9,11.0,188.0,False,False,accord : hors,False,False,accord : hors,False,False,44,LOIRE-ATLANTIQUE,17,NANTES
0440013A,Collège Bellevue,REP,96.2,9.9,93.0,False,False,accord : hors,False,False,accord : hors,False,False,44,LOIRE-ATLANTIQUE,17,NANTES
0440015C,Collège Jacques Prévert,hors EP,98.2,10.2,98.0,False,False,accord : hors,False,False,accord : hors,False,False,44,LOIRE-ATLANTIQUE,17,NANTES
0440016D,Collège Anne de Bretagne,hors EP,113.3,11.9,136.0,False,False,accord : hors,False,False,accord : hors,False,False,44,LOIRE-ATLANTIQUE,17,NANTES
0440018F,Collège Raymond Queneau,hors EP,92.1,9.5,61.0,False,False,accord : hors,False,True,note seule,False,False,44,LOIRE-ATLANTIQUE,17,NANTES
0440023L,Collège Gisèle Halimi,hors EP,120.0,12.3,189.0,False,False,accord : hors,False,False,accord : hors,False,False,44,LOIRE-ATLANTIQUE,17,NANTES
0440025N,Collège Hector Berlioz,hors EP,113.4,12.0,115.0,False,False,accord : hors,False,False,accord : hors,False,False,44,LOIRE-ATLANTIQUE,17,NANTES
0440028S,Collège La Colinière,hors EP,102.2,10.3,144.0,False,False,accord : hors,False,False,accord : hors,False,False,44,LOIRE-ATLANTIQUE,17,NANTES
0440045K,Collège Victor Hugo,hors EP,129.5,12.6,161.0,False,False,accord : hors,False,False,accord : hors,False,False,44,LOIRE-ATLANTIQUE,17,NANTES
0440049P,Collège Aristide Briand,hors EP,109.4,11.2,109.0,False,False,accord : hors,False,False,accord : hors,False,False,44,LOIRE-ATLANTIQUE,17,NANTES
0440055W,Collège Jean Rostand,hors EP,123.4,12.7,161.0,False,False,accord : hors,False,False,accord : hors,False,False,44,LOIRE-ATLANTIQUE,17,NANTES
0440061C,Collège Jules Verne,hors EP,104.9,11.4,35.0,False,False,accord : hors,False,False,accord : hors,False,False,44,LOIRE-ATLANTIQUE,17,NANTES
0440064F,Collège Pont Rousseau,hors EP,115.4,11.7,130.0,False,False,accord : hors,False,False,accord : hors,False,False,44,LOIRE-ATLANTIQUE,17,NANTES
0440065G,Collège Petite Lande,hors EP,114.0,11.2,162.0,False,False,accord : hors,False,False,accord : hors,False,False,44,LOIRE-ATLANTIQUE,17,NANTES
0440066H,Collège Hélène et René Guy Cadou,hors EP,110.8,10.5,128.0,False,False,accord : hors,False,False,accord : hors,False,False,44,LOIRE-ATLANTIQUE,17,NANTES
0440080Y,Collège Jean Monnet,hors EP,129.3,12.3,122.0,False,False,accord : hors,False,False,accord : hors,False,False,44,LOIRE-ATLANTIQUE,17,NANTES
0440147W,Collège René Guy Cadou,hors EP,103.4,10.7,177.0,False,False,accord : hors,False,False,accord : hors,False,False,44,LOIRE-ATLANTIQUE,17,NANTES
0440283U,Collège Libertaire Rutigliano,hors EP,92.8,9.7,102.0,False,False,accord : hors,False,False,accord : hors,False,False,44,LOIRE-ATLANTIQUE,17,NANTES
0440284V,Collège Stendhal,REP+,77.3,9.5,99.0,True,False,IPS seul,True,True,accord : à classer,False,False,44,LOIRE-ATLANTIQUE,17,NANTES
0440285W,Collège Gaston Serpette,hors EP,120.3,11.6,159.0,False,False,accord : hors,False,False,accord : hors,False,False,44,LOIRE-ATLANTIQUE,17,NANTES
0440286X,Collège Claude Debussy,REP+,74.3,7.4,63.0,True,True,accord : à classer,True,True,accord : à classer,False,False,44,LOIRE-ATLANTIQUE,17,NANTES
0440287Y,Collège Élisa Merc?ur,hors EP,111.2,11.2,105.0,False,False,accord : hors,False,False,accord : hors,False,False,44,LOIRE-ATLANTIQUE,17,NANTES
0440289A,Collège Jean Mounes,hors EP,111.1,11.5,162.0,False,False,accord : hors,False,False,accord : hors,False,False,44,LOIRE-ATLANTIQUE,17,NANTES
0440291C,Collège Angela Davis,hors EP,103.2,11.3,116.0,False,False,accord : hors,False,False,accord : hors,False,False,44,LOIRE-ATLANTIQUE,17,NANTES
0440292D,Collège Jean Mermoz,hors EP,107.0,12.2,116.0,False,False,accord : hors,False,False,accord : hors,False,False,44,LOIRE-ATLANTIQUE,17,NANTES
0440293E,Collège Robert Schuman,hors EP,93.7,9.3,102.0,False,False,accord : hors,False,True,note seule,False,True,44,LOIRE-ATLANTIQUE,17,NANTES
0440308W,Collège Alice Milliat,hors EP,100.2,10.8,113.0,False,False,accord : hors,False,False,accord : hors,False,False,44,LOIRE-ATLANTIQUE,17,NANTES
0440311Z,Collège Anne Frank,REP,82.6,8.9,121.0,True,True,accord : à classer,True,True,accord : à classer,False,False,44,LOIRE-ATLANTIQUE,17,NANTES
0440314C,Collège Jean Moulin,hors EP,98.6,10.1,159.0,False,False,accord : hors,False,False,accord : hors,False,False,44,LOIRE-ATLANTIQUE,17,NANTES
0440316E,Collège Marie Marvingt,hors EP,105.8,11.7,130.0,False,False,accord : hors,False,False,accord : hors,False,False,44,LOIRE-ATLANTIQUE,17,NANTES
0440347N,Collège Saint-Exupéry,hors EP,119.0,13.0,105.0,False,False,accord : hors,False,False,accord : hors,False,False,44,LOIRE-ATLANTIQUE,17,NANTES
0440348P,Collège La ville aux Roses,REP,91.8,9.7,133.0,False,False,accord : hors,False,False,accord : hors,False,False,44,LOIRE-ATLANTIQUE,17,NANTES
0440350S,Collège Albert Vincon,hors EP,108.0,11.0,123.0,False,False,accord : hors,False,False,accord : hors,False,False,44,LOIRE-ATLANTIQUE,17,NANTES
0440534S,Collège Salvador Allende,hors EP,99.6,10.3,106.0,False,False,accord : hors,False,False,accord : hors,False,False,44,LOIRE-ATLANTIQUE,17,NANTES
0440536U,Collège Sophie Germain,REP+,93.6,10.3,109.0,False,False,accord : hors,False,False,accord : hors,False,False,44,LOIRE-ATLANTIQUE,17,NANTES
0440538W,Collège Jacques Brel,hors EP,109.4,12.1,159.0,False,False,accord : hors,False,False,accord : hors,False,False,44,LOIRE-ATLANTIQUE,17,NANTES
0440539X,Collège René Guy Cadou,hors EP,92.1,9.7,69.0,False,False,accord : hors,False,False,accord : hors,False,False,44,LOIRE-ATLANTIQUE,17,NANTES
0441545R,Collège la Noë Lambert,hors EP,108.6,10.8,121.0,False,False,accord : hors,False,False,accord : hors,False,False,44,LOIRE-ATLANTIQUE,17,NANTES
0441547T,Collège Le grand Beauregard,hors EP,131.8,12.7,127.0,False,False,accord : hors,False,False,accord : hors,False,False,44,LOIRE-ATLANTIQUE,17,NANTES
0441548U,Collège René Bernier,hors EP,114.8,12.3,211.0,False,False,accord : hors,False,False,accord : hors,False,False,44,LOIRE-ATLANTIQUE,17,NANTES
0441608J,Collège La Durantière,REP,76.5,8.4,55.0,True,True,accord : à classer,True,True,accord : à classer,False,False,44,LOIRE-ATLANTIQUE,17,NANTES
0441610L,Collège Gutenberg,hors EP,98.0,10.4,110.0,False,False,accord : hors,False,False,accord : hors,False,False,44,LOIRE-ATLANTIQUE,17,NANTES
0441612N,Collège Violette Dorange,hors EP,98.6,10.0,44.0,False,False,accord : hors,False,False,accord : hors,False,False,44,LOIRE-ATLANTIQUE,17,NANTES
0441613P,Collège Pierre Norange,REP+,71.3,8.2,65.0,True,True,accord : à classer,True,True,accord : à classer,False,False,44,LOIRE-ATLANTIQUE,17,NANTES
0441616T,Collège Julien Lambot,REP,85.5,9.4,103.0,True,False,IPS seul,True,True,accord : à classer,False,False,44,LOIRE-ATLANTIQUE,17,NANTES
0441654J,Collège Isabelle Autissier,hors EP,111.4,11.5,167.0,False,False,accord : hors,False,False,accord : hors,False,False,44,LOIRE-ATLANTIQUE,17,NANTES
0441655K,Collège Louis Pasteur,hors EP,93.8,11.8,55.0,False,False,accord : hors,False,False,accord : hors,False,False,44,LOIRE-ATLANTIQUE,17,NANTES
0441657M,Collège Antoine de Saint-Exupéry,hors EP,113.5,12.4,154.0,False,False,accord : hors,False,False,accord : hors,False,False,44,LOIRE-ATLANTIQUE,17,NANTES
0441658N,Collège Pierre et Marie Curie,hors EP,111.0,11.8,125.0,False,False,accord : hors,False,False,accord : hors,False,False,44,LOIRE-ATLANTIQUE,17,NANTES
0441686U,Collège Auguste Mailloux,hors EP,114.9,12.3,114.0,False,False,accord : hors,False,False,accord : hors,False,False,44,LOIRE-ATLANTIQUE,17,NANTES
0441724K,Collège La Reinetière,hors EP,104.4,12.1,117.0,False,False,accord : hors,False,False,accord : hors,False,False,44,LOIRE-ATLANTIQUE,17,NANTES
0441727N,Collège Arthur Rimbaud,REP,89.8,9.4,70.0,False,False,accord : hors,False,True,note seule,False,False,44,LOIRE-ATLANTIQUE,17,NANTES
0441728P,Collège René Char,hors EP,99.4,11.3,72.0,False,False,accord : hors,False,False,accord : hors,False,False,44,LOIRE-ATLANTIQUE,17,NANTES
0441822S,Collège Grand Air,hors EP,132.3,12.4,138.0,False,False,accord : hors,False,False,accord : hors,False,False,44,LOIRE-ATLANTIQUE,17,NANTES
0441858F,Collège Bellestre,hors EP,116.4,11.8,162.0,False,False,accord : hors,False,False,accord : hors,False,False,44,LOIRE-ATLANTIQUE,17,NANTES
0441859G,Collège Éric Tabarly,hors EP,115.2,11.7,86.0,False,False,accord : hors,False,False,accord : hors,False,False,44,LOIRE-ATLANTIQUE,17,NANTES
0441862K,Collège Louise Michel,hors EP,94.4,10.0,51.0,False,False,accord : hors,False,False,accord : hors,False,False,44,LOIRE-ATLANTIQUE,17,NANTES
0441917V,Collège La Fontaine,hors EP,95.9,9.8,78.0,False,False,accord : hors,False,False,accord : hors,False,False,44,LOIRE-ATLANTIQUE,17,NANTES
0442011X,Collège La Coutancière,hors EP,127.3,12.5,135.0,False,False,accord : hors,False,False,accord : hors,False,False,44,LOIRE-ATLANTIQUE,17,NANTES
0442023K,Collège Paul Gauguin,hors EP,116.0,11.6,150.0,False,False,accord : hors,False,False,accord : hors,False,False,44,LOIRE-ATLANTIQUE,17,NANTES
0442029S,Collège Gérard Philipe,hors EP,127.7,12.2,209.0,False,False,accord : hors,False,False,accord : hors,False,False,44,LOIRE-ATLANTIQUE,17,NANTES
0442052S,Collège Pierre Abelard,hors EP,112.2,11.1,141.0,False,False,accord : hors,False,False,accord : hors,False,False,44,LOIRE-ATLANTIQUE,17,NANTES
0442186M,Collège Condorcet,hors EP,109.9,11.4,83.0,False,False,accord : hors,False,False,accord : hors,False,False,44,LOIRE-ATLANTIQUE,17,NANTES
0442277L,Collège de Goulaine,hors EP,128.6,12.5,136.0,False,False,accord : hors,False,False,accord : hors,False,False,44,LOIRE-ATLANTIQUE,17,NANTES
0442368K,Collège du Pays Blanc,hors EP,108.8,11.1,71.0,False,False,accord : hors,False,False,accord : hors,False,False,44,LOIRE-ATLANTIQUE,17,NANTES
0442417N,Collège Les Sables d'or,hors EP,121.4,12.0,123.0,False,False,accord : hors,False,False,accord : hors,False,False,44,LOIRE-ATLANTIQUE,17,NANTES
0442418P,Collège Le Haut Gesvres,hors EP,125.4,12.3,184.0,False,False,accord : hors,False,False,accord : hors,False,False,44,LOIRE-ATLANTIQUE,17,NANTES
0442542Z,Collège Andrée Chedid,hors EP,110.2,11.9,152.0,False,False,accord : hors,False,False,accord : hors,False,False,44,LOIRE-ATLANTIQUE,17,NANTES
0442595G,Collège Lucie Aubrac,hors EP,123.5,12.7,138.0,False,False,accord : hors,False,False,accord : hors,False,False,44,LOIRE-ATLANTIQUE,17,NANTES
0442625P,Collège Olympe de Gouges,hors EP,112.5,11.4,178.0,False,False,accord : hors,False,False,accord : hors,False,False,44,LOIRE-ATLANTIQUE,17,NANTES
0442691L,Collège Agnès Varda,hors EP,113.2,11.8,153.0,False,False,accord : hors,False,False,accord : hors,False,False,44,LOIRE-ATLANTIQUE,17,NANTES
0442728B,Collège Marcelle Baron,hors EP,113.3,12.0,150.0,False,False,accord : hors,False,False,accord : hors,False,False,44,LOIRE-ATLANTIQUE,17,NANTES
0442759K,Collège Anita Conti,hors EP,109.4,11.1,149.0,False,False,accord : hors,False,False,accord : hors,False,False,44,LOIRE-ATLANTIQUE,17,NANTES
0442781J,Collège Rosa Parks,hors EP,115.3,12.4,151.0,False,False,accord : hors,False,False,accord : hors,False,False,44,LOIRE-ATLANTIQUE,17,NANTES
0442782K,Collège Julie-Victoire Daubié,hors EP,106.6,12.0,92.0,False,False,accord : hors,False,False,accord : hors,False,False,44,LOIRE-ATLANTIQUE,17,NANTES
0442806L,Collège Mona Ozouf,hors EP,115.9,12.9,125.0,False,False,accord : hors,False,False,accord : hors,False,False,44,LOIRE-ATLANTIQUE,17,NANTES
0442807M,Collège Frida Kahlo,hors EP,100.4,11.5,195.0,False,False,accord : hors,False,False,accord : hors,False,False,44,LOIRE-ATLANTIQUE,17,NANTES
0442835T,Collège Simone Veil,hors EP,104.5,8.7,114.0,False,True,note seule,False,True,note seule,False,False,44,LOIRE-ATLANTIQUE,17,NANTES
0442921L,Collège Camille Lepage,hors EP,101.1,11.4,79.0,False,False,accord : hors,False,False,accord : hors,False,False,44,LOIRE-ATLANTIQUE,17,NANTES
0443020U,Collège Floreska Guépin,hors EP,120.4,12.0,181.0,False,False,accord : hors,False,False,accord : hors,False,False,44,LOIRE-ATLANTIQUE,17,NANTES
0450003J,Collège Jean Moulin,hors EP,102.2,10.7,100.0,False,False,accord : hors,False,False,accord : hors,False,False,45,LOIRET,18,ORLEANS-TOURS
0450004K,Collège Louis-Joseph Soulas,hors EP,101.2,9.6,94.0,False,False,accord : hors,False,False,accord : hors,False,False,45,LOIRET,18,ORLEANS-TOURS
0450005L,Collège Robert Goupil,hors EP,107.7,10.5,162.0,False,False,accord : hors,False,False,accord : hors,False,False,45,LOIRET,18,ORLEANS-TOURS
0450006M,Collège Frédéric Bazille,hors EP,96.5,10.5,92.0,False,False,accord : hors,False,False,accord : hors,False,False,45,LOIRET,18,ORLEANS-TOURS
0450007N,Collège Charles Desvergnes,hors EP,100.7,10.9,92.0,False,False,accord : hors,False,False,accord : hors,False,False,45,LOIRET,18,ORLEANS-TOURS
0450008P,Collège Albert Camus,hors EP,90.3,8.7,80.0,False,True,note seule,False,True,note seule,False,False,45,LOIRET,18,ORLEANS-TOURS
0450016Y,Collège Henri Becquerel,hors EP,92.1,9.7,103.0,False,False,accord : hors,False,False,accord : hors,False,False,45,LOIRET,18,ORLEANS-TOURS
0450017Z,Collège Pierre Dezarnaulds,hors EP,101.8,10.7,58.0,False,False,accord : hors,False,False,accord : hors,False,False,45,LOIRET,18,ORLEANS-TOURS
0450022E,Collège Pierre Auguste Renoir,hors EP,95.6,9.7,144.0,False,False,accord : hors,False,False,accord : hors,False,False,45,LOIRET,18,ORLEANS-TOURS
0450023F,Collège Le Pré des Rois,hors EP,113.6,10.9,136.0,False,False,accord : hors,False,False,accord : hors,False,False,45,LOIRET,18,ORLEANS-TOURS
0450034T,Collège Guillaume de Lorris,hors EP,101.2,10.8,90.0,False,False,accord : hors,False,False,accord : hors,False,False,45,LOIRET,18,ORLEANS-TOURS
0450038X,Collège Gaston Couté,hors EP,106.0,11.6,117.0,False,False,accord : hors,False,False,accord : hors,False,False,45,LOIRET,18,ORLEANS-TOURS
0450041A,Collège du Chinchon,hors EP,88.4,10.5,70.0,True,False,IPS seul,False,False,accord : hors,False,False,45,LOIRET,18,ORLEANS-TOURS
0450045E,Collège Léon Delagrange,hors EP,103.9,10.3,112.0,False,False,accord : hors,False,False,accord : hors,False,False,45,LOIRET,18,ORLEANS-TOURS
0450047G,Collège Charles Rivière,hors EP,124.5,12.1,149.0,False,False,accord : hors,False,False,accord : hors,False,False,45,LOIRET,18,ORLEANS-TOURS
0450053N,Collège Jean Dunois,hors EP,116.5,12.0,127.0,False,False,accord : hors,False,False,accord : hors,False,False,45,LOIRET,18,ORLEANS-TOURS
0450055R,Collège Étienne Dolet,hors EP,80.3,9.3,119.0,True,False,IPS seul,True,False,IPS seul,False,True,45,LOIRET,18,ORLEANS-TOURS
0450061X,Collège Alfred de Musset,hors EP,102.5,10.3,115.0,False,False,accord : hors,False,False,accord : hors,False,False,45,LOIRET,18,ORLEANS-TOURS
0450063Z,Collège Victor Hugo,hors EP,103.1,10.6,93.0,False,False,accord : hors,False,False,accord : hors,False,False,45,LOIRET,18,ORLEANS-TOURS
0450069F,Collège Max Jacob,REP,85.8,8.4,103.0,True,True,accord : à classer,True,True,accord : à classer,False,False,45,LOIRET,18,ORLEANS-TOURS
0450783G,Collège Jean Joudiou,hors EP,109.2,11.2,140.0,False,False,accord : hors,False,False,accord : hors,False,False,45,LOIRET,18,ORLEANS-TOURS
0450784H,Collège Condorcet,hors EP,89.1,9.5,191.0,False,False,accord : hors,False,False,accord : hors,False,False,45,LOIRET,18,ORLEANS-TOURS
0450785J,Collège Jeanne d'Arc,hors EP,106.0,10.3,133.0,False,False,accord : hors,False,False,accord : hors,False,False,45,LOIRET,18,ORLEANS-TOURS
0450787L,Collège Gutenberg,hors EP,96.2,9.3,134.0,False,False,accord : hors,False,False,accord : hors,False,True,45,LOIRET,18,ORLEANS-TOURS
0450789N,Collège Le Grand Clos,REP,83.3,8.1,95.0,True,True,accord : à classer,True,True,accord : à classer,False,False,45,LOIRET,18,ORLEANS-TOURS
0450790P,Collège Maximilien de Sully,hors EP,89.5,9.9,89.0,False,False,accord : hors,False,False,accord : hors,False,False,45,LOIRET,18,ORLEANS-TOURS
0450839T,Collège Saint-Exupéry,hors EP,82.3,8.7,126.0,True,True,accord : à classer,True,True,accord : à classer,False,False,45,LOIRET,18,ORLEANS-TOURS
0450840U,Collège Paul Éluard,REP,78.4,8.6,142.0,True,True,accord : à classer,True,True,accord : à classer,False,False,45,LOIRET,18,ORLEANS-TOURS
0450936Y,Collège Jean Rostand,REP+,79.3,8.9,158.0,True,True,accord : à classer,True,False,IPS seul,False,False,45,LOIRET,18,ORLEANS-TOURS
0450937Z,Collège Robert Schuman,hors EP,99.7,10.5,155.0,False,False,accord : hors,False,False,accord : hors,False,False,45,LOIRET,18,ORLEANS-TOURS
0450939B,Collège Alain-Fournier,REP,77.5,8.9,113.0,True,True,accord : à classer,True,False,IPS seul,False,False,45,LOIRET,18,ORLEANS-TOURS
0451035F,Collège Louis Pasteur,hors EP,106.0,9.8,136.0,False,False,accord : hors,False,False,accord : hors,False,False,45,LOIRET,18,ORLEANS-TOURS
0451038J,Collège Montjoie,hors EP,96.8,9.3,153.0,False,False,accord : hors,False,False,accord : hors,False,True,45,LOIRET,18,ORLEANS-TOURS
0451068S,Collège Montabuzard,hors EP,112.3,10.7,207.0,False,False,accord : hors,False,False,accord : hors,False,False,45,LOIRET,18,ORLEANS-TOURS
0451069T,Collège Le Clos Ferbois,hors EP,109.0,10.4,160.0,False,False,accord : hors,False,False,accord : hors,False,False,45,LOIRET,18,ORLEANS-TOURS
0451070U,Collège Montesquieu,REP,81.6,7.7,143.0,True,True,accord : à classer,True,True,accord : à classer,False,False,45,LOIRET,18,ORLEANS-TOURS
0451072W,Collège Pierre de Coubertin,hors EP,108.7,10.1,161.0,False,False,accord : hors,False,False,accord : hors,False,False,45,LOIRET,18,ORLEANS-TOURS
0451074Y,Collège Jacques Prévert,hors EP,116.2,10.7,103.0,False,False,accord : hors,False,False,accord : hors,False,False,45,LOIRET,18,ORLEANS-TOURS
0451107J,Collège de la Vallée de l'Ouanne,hors EP,94.0,9.7,88.0,False,False,accord : hors,False,False,accord : hors,False,False,45,LOIRET,18,ORLEANS-TOURS
0451148D,Collège Pablo Picasso,hors EP,85.2,8.6,113.0,True,True,accord : à classer,True,True,accord : à classer,False,False,45,LOIRET,18,ORLEANS-TOURS
0451173F,Collège Aristide Bruant,hors EP,93.8,9.4,124.0,False,False,accord : hors,False,False,accord : hors,False,False,45,LOIRET,18,ORLEANS-TOURS
0451241E,Collège André Malraux,REP+,73.6,8.8,96.0,True,True,accord : à classer,True,True,accord : à classer,False,False,45,LOIRET,18,ORLEANS-TOURS
0451245J,Collège Ernest Bildstein,hors EP,87.4,11.3,67.0,True,False,IPS seul,False,False,accord : hors,False,False,45,LOIRET,18,ORLEANS-TOURS
0451286D,Collège Les Clorisseaux,hors EP,98.8,10.0,61.0,False,False,accord : hors,False,False,accord : hors,False,False,45,LOIRET,18,ORLEANS-TOURS
0451365P,Collège Pierre Mendès France,hors EP,111.9,11.0,168.0,False,False,accord : hors,False,False,accord : hors,False,False,45,LOIRET,18,ORLEANS-TOURS
0451421A,Collège Jean Pelletier,hors EP,84.8,8.2,121.0,True,True,accord : à classer,True,True,accord : à classer,False,False,45,LOIRET,18,ORLEANS-TOURS
0451434P,Collège Jacques de Tristan,hors EP,114.2,12.7,75.0,False,False,accord : hors,False,False,accord : hors,False,False,45,LOIRET,18,ORLEANS-TOURS
0451443Z,Collège de la Forêt,hors EP,114.4,11.1,149.0,False,False,accord : hors,False,False,accord : hors,False,False,45,LOIRET,18,ORLEANS-TOURS
0451449F,Collège La Sologne,hors EP,103.6,12.3,66.0,False,False,accord : hors,False,False,accord : hors,False,False,45,LOIRET,18,ORLEANS-TOURS
0451450G,Collège Jean Mermoz,REP,76.6,9.4,69.0,True,False,IPS seul,True,False,IPS seul,False,False,45,LOIRET,18,ORLEANS-TOURS
0451499K,Collège l'Orbellière,hors EP,99.8,11.3,104.0,False,False,accord : hors,False,False,accord : hors,False,False,45,LOIRET,18,ORLEANS-TOURS
0451544J,Collège André Chêne,hors EP,86.4,8.9,110.0,True,True,accord : à classer,True,False,IPS seul,False,False,45,LOIRET,18,ORLEANS-TOURS
0451608D,Collège Geneniève De Gaulle - Anthonioz,hors EP,102.9,10.5,125.0,False,False,accord : hors,False,False,accord : hors,False,False,45,LOIRET,18,ORLEANS-TOURS
0451660K,Collège Val de Loire,hors EP,117.1,11.0,125.0,False,False,accord : hors,False,False,accord : hors,False,False,45,LOIRET,18,ORLEANS-TOURS
0451665R,Collège Lucie Aubrac,hors EP,100.8,10.1,127.0,False,False,accord : hors,False,False,accord : hors,False,False,45,LOIRET,18,ORLEANS-TOURS
0451719Z,Collège Nelson Mandela,hors EP,112.1,12.0,114.0,False,False,accord : hors,False,False,accord : hors,False,False,45,LOIRET,18,ORLEANS-TOURS
0451787Y,Collège Mary Jackson,hors EP,95.5,9.1,110.0,False,True,note seule,False,False,accord : hors,False,False,45,LOIRET,18,ORLEANS-TOURS
0451788Z,Collège Simone Veil,hors EP,91.4,9.5,141.0,False,False,accord : hors,False,False,accord : hors,False,False,45,LOIRET,18,ORLEANS-TOURS
0460001B,Collège Georges Pompidou,hors EP,106.0,12.1,58.0,False,False,accord : hors,False,False,accord : hors,False,False,46,LOT,16,TOULOUSE
0460006G,Collège Gambetta,hors EP,100.0,10.9,152.0,False,False,accord : hors,False,False,accord : hors,False,False,46,LOT,16,TOULOUSE
0460008J,Collège Émile Vaysse,hors EP,106.0,11.6,59.0,False,False,accord : hors,False,False,accord : hors,False,False,46,LOT,16,TOULOUSE
0460015S,Collège Jean Monnet,hors EP,102.1,11.2,54.0,False,False,accord : hors,False,False,accord : hors,False,False,46,LOT,16,TOULOUSE
0460020X,Collège L'Impernal,hors EP,104.3,10.7,100.0,False,False,accord : hors,False,False,accord : hors,False,False,46,LOT,16,TOULOUSE
0460021Y,Collège des Sept Tours,hors EP,111.1,12.7,40.0,False,False,accord : hors,False,False,accord : hors,False,False,46,LOT,16,TOULOUSE
0460022Z,Collège Jean-Jacques Faurie,hors EP,97.6,11.3,30.0,False,False,accord : hors,False,False,accord : hors,False,False,46,LOT,16,TOULOUSE
0460024B,Collège d'Istrie,hors EP,97.8,10.9,32.0,False,False,accord : hors,False,False,accord : hors,False,False,46,LOT,16,TOULOUSE
0460027E,Collège de Salviac Émile Mompart,hors EP,101.4,12.0,35.0,False,False,accord : hors,False,False,accord : hors,False,False,46,LOT,16,TOULOUSE
0460030H,Collège du Puy d'Issolud,hors EP,106.0,11.2,36.0,False,False,accord : hors,False,False,accord : hors,False,False,46,LOT,16,TOULOUSE
0460054J,Collège Les Castors,hors EP,106.9,12.0,128.0,False,False,accord : hors,False,False,accord : hors,False,False,46,LOT,16,TOULOUSE
0460528Z,Collège Olivier de Magny,hors EP,107.2,11.3,104.0,False,False,accord : hors,False,False,accord : hors,False,False,46,LOT,16,TOULOUSE
0460530B,Collège d'Olt,hors EP,100.2,11.6,43.0,False,False,accord : hors,False,False,accord : hors,False,False,46,LOT,16,TOULOUSE
0460565P,Collège La Garenne,hors EP,110.0,10.7,74.0,False,False,accord : hors,False,False,accord : hors,False,False,46,LOT,16,TOULOUSE
0460573Y,Collège d'Orlinde,hors EP,103.3,11.4,66.0,False,False,accord : hors,False,False,accord : hors,False,False,46,LOT,16,TOULOUSE
0460592U,Collège Léo ferré,hors EP,102.4,12.1,95.0,False,False,accord : hors,False,False,accord : hors,False,False,46,LOT,16,TOULOUSE
0460593V,Collège Jean Lurçat,hors EP,101.6,11.2,75.0,False,False,accord : hors,False,False,accord : hors,False,False,46,LOT,16,TOULOUSE
0460594W,Collège Le Puy d'Alon,hors EP,101.8,11.4,60.0,False,False,accord : hors,False,False,accord : hors,False,False,46,LOT,16,TOULOUSE
0470005A,Collège Jasmin les Iles,hors EP,107.7,10.5,132.0,False,False,accord : hors,False,False,accord : hors,False,False,47,LOT-ET-GARONNE,4,BORDEAUX
0470008D,Collège Paul Dangla,hors EP,97.8,9.1,130.0,False,True,note seule,False,True,note seule,False,False,47,LOT-ET-GARONNE,4,BORDEAUX
0470011G,Collège Gaston Carrère,hors EP,94.3,9.6,56.0,False,False,accord : hors,False,True,note seule,False,False,47,LOT-ET-GARONNE,4,BORDEAUX
0470012H,Collège Jean Rostand,hors EP,97.1,9.5,65.0,False,False,accord : hors,False,True,note seule,False,False,47,LOT-ET-GARONNE,4,BORDEAUX
0470014K,Collège Jean Boucheron,hors EP,97.7,10.2,40.0,False,False,accord : hors,False,False,accord : hors,False,False,47,LOT-ET-GARONNE,4,BORDEAUX
0470017N,Collège Lucien Sigala,hors EP,98.2,10.1,41.0,False,False,accord : hors,False,False,accord : hors,False,False,47,LOT-ET-GARONNE,4,BORDEAUX
0470023V,Collège Armand Fallières,hors EP,100.1,10.4,35.0,False,False,accord : hors,False,False,accord : hors,False,False,47,LOT-ET-GARONNE,4,BORDEAUX
0470024W,Collège Didier Lamoulie,hors EP,92.7,11.1,95.0,False,False,accord : hors,False,False,accord : hors,False,False,47,LOT-ET-GARONNE,4,BORDEAUX
0470026Y,Collège Joseph Kessel,hors EP,103.3,10.9,61.0,False,False,accord : hors,False,False,accord : hors,False,False,47,LOT-ET-GARONNE,4,BORDEAUX
0470031D,Collège Damira Asperti,hors EP,104.9,9.8,92.0,False,False,accord : hors,False,False,accord : hors,False,False,47,LOT-ET-GARONNE,4,BORDEAUX
0470032E,Collège Delmas de Grammont,hors EP,102.1,11.3,62.0,False,False,accord : hors,False,False,accord : hors,False,False,47,LOT-ET-GARONNE,4,BORDEAUX
0470043S,Collège Daniel Castaing,hors EP,99.8,10.9,81.0,False,False,accord : hors,False,False,accord : hors,False,False,47,LOT-ET-GARONNE,4,BORDEAUX
0470046V,Collège Jean Monnet,REP,86.9,8.7,71.0,True,True,accord : à classer,True,True,accord : à classer,False,False,47,LOT-ET-GARONNE,4,BORDEAUX
0470048X,Collège Kléber Thoueilles,hors EP,93.8,10.4,67.0,False,False,accord : hors,False,False,accord : hors,False,False,47,LOT-ET-GARONNE,4,BORDEAUX
0470049Y,Collège Anatole France,REP,88.6,10.1,115.0,True,False,IPS seul,True,False,IPS seul,False,False,47,LOT-ET-GARONNE,4,BORDEAUX
0470102F,Collège Paul Froment,REP,79.6,9.4,37.0,True,False,IPS seul,True,True,accord : à classer,False,False,47,LOT-ET-GARONNE,4,BORDEAUX
0470103G,Collège Jean Moulin,hors EP,90.1,9.7,133.0,False,False,accord : hors,True,False,IPS seul,False,False,47,LOT-ET-GARONNE,4,BORDEAUX
0470104H,Collège Germillac,REP,88.7,10.1,78.0,True,False,IPS seul,True,False,IPS seul,False,False,47,LOT-ET-GARONNE,4,BORDEAUX
0470105J,Collège Théophile de Viau,hors EP,104.8,10.3,195.0,False,False,accord : hors,False,False,accord : hors,False,False,47,LOT-ET-GARONNE,4,BORDEAUX
0470677F,Collège Ducos du Hauron,REP,90.4,9.3,127.0,False,False,accord : hors,True,True,accord : à classer,False,True,47,LOT-ET-GARONNE,4,BORDEAUX
0470678G,Collège André Crochepierre,hors EP,93.3,9.2,83.0,False,True,note seule,False,True,note seule,False,False,47,LOT-ET-GARONNE,4,BORDEAUX
0470720C,Collège la Rocal,hors EP,97.2,9.7,175.0,False,False,accord : hors,False,False,accord : hors,False,False,47,LOT-ET-GARONNE,4,BORDEAUX
0470732R,Collège Lucie Aubrac,hors EP,100.9,10.1,47.0,False,False,accord : hors,False,False,accord : hors,False,False,47,LOT-ET-GARONNE,4,BORDEAUX
0470733S,Collège de la Cité Scolaire,hors EP,101.2,9.6,158.0,False,False,accord : hors,False,False,accord : hors,False,False,47,LOT-ET-GARONNE,4,BORDEAUX
0470774L,Collège Stendhal,hors EP,90.4,8.5,98.0,False,True,note seule,True,True,accord : à classer,False,False,47,LOT-ET-GARONNE,4,BORDEAUX
0470775M,Collège la Plaine,hors EP,89.1,10.7,40.0,False,False,accord : hors,True,False,IPS seul,False,False,47,LOT-ET-GARONNE,4,BORDEAUX
0470776N,Collège Henri de Navarre,hors EP,103.4,10.0,77.0,False,False,accord : hors,False,False,accord : hors,False,False,47,LOT-ET-GARONNE,4,BORDEAUX
0470777P,Collège Joseph Chaumié,hors EP,86.5,9.6,158.0,True,False,IPS seul,True,False,IPS seul,False,False,47,LOT-ET-GARONNE,4,BORDEAUX
0480003T,Collège des 3 vallées,hors EP,107.5,11.7,55.0,False,False,accord : hors,False,False,accord : hors,False,False,48,LOZERE,11,MONTPELLIER
0480004U,Collège Marthe Dupeyron,hors EP,99.8,11.5,45.0,False,False,accord : hors,False,False,accord : hors,False,False,48,LOZERE,11,MONTPELLIER
0480005V,Collège Marcel Pierrel,hors EP,103.9,11.7,44.0,False,False,accord : hors,False,False,accord : hors,False,False,48,LOZERE,11,MONTPELLIER
0480006W,Collège Sport Nature,hors EP,110.2,11.4,60.0,False,False,accord : hors,False,False,accord : hors,False,False,48,LOZERE,11,MONTPELLIER
0480011B,Collège André Chamson,hors EP,103.7,10.3,25.0,False,False,accord : hors,False,False,accord : hors,False,False,48,LOZERE,11,MONTPELLIER
0480013D,Collège Haut-Gévaudan,hors EP,103.9,13.2,76.0,False,False,accord : hors,False,False,accord : hors,False,False,48,LOZERE,11,MONTPELLIER
0480015F,Collège Achille Rousson,hors EP,98.9,10.9,20.0,False,False,accord : hors,False,False,accord : hors,False,False,48,LOZERE,11,MONTPELLIER
0480017H,Collège Odilon-Barrot,hors EP,104.6,12.2,22.0,False,False,accord : hors,False,False,accord : hors,False,False,48,LOZERE,11,MONTPELLIER
0480607Z,Collège Henri Bourrillon,hors EP,110.1,11.8,149.0,False,False,accord : hors,False,False,accord : hors,False,False,48,LOZERE,11,MONTPELLIER
0490004N,Collège Chevreul,hors EP,127.6,12.1,125.0,False,False,accord : hors,False,False,accord : hors,False,False,49,MAINE-ET-LOIRE,17,NANTES
0490010V,Collège Châteaucoin,hors EP,93.3,11.1,75.0,False,False,accord : hors,False,False,accord : hors,False,False,49,MAINE-ET-LOIRE,17,NANTES
0490014Z,Collège de l'Aubance,hors EP,118.0,11.8,117.0,False,False,accord : hors,False,False,accord : hors,False,False,49,MAINE-ET-LOIRE,17,NANTES
0490017C,Collège Pierre et Marie Curie,hors EP,94.4,10.0,63.0,False,False,accord : hors,False,False,accord : hors,False,False,49,MAINE-ET-LOIRE,17,NANTES
0490022H,Collège Georges Clemenceau,hors EP,83.8,8.4,73.0,True,True,accord : à classer,True,True,accord : à classer,False,False,49,MAINE-ET-LOIRE,17,NANTES
0490023J,Collège Lucien Millet,hors EP,94.2,11.0,69.0,False,False,accord : hors,False,False,accord : hors,False,False,49,MAINE-ET-LOIRE,17,NANTES
0490026M,Collège Maryse Bastié,hors EP,102.3,11.3,45.0,False,False,accord : hors,False,False,accord : hors,False,False,49,MAINE-ET-LOIRE,17,NANTES
0490027N,Collège Val d'Oudon,hors EP,106.8,11.1,122.0,False,False,accord : hors,False,False,accord : hors,False,False,49,MAINE-ET-LOIRE,17,NANTES
0490028P,Collège François Truffaut,hors EP,88.1,8.6,75.0,True,True,accord : à classer,True,True,accord : à classer,False,False,49,MAINE-ET-LOIRE,17,NANTES
0490029R,Collège Camille Claudel,hors EP,102.2,11.9,86.0,False,False,accord : hors,False,False,accord : hors,False,False,49,MAINE-ET-LOIRE,17,NANTES
0490032U,Collège Jean Zay,hors EP,115.4,12.2,170.0,False,False,accord : hors,False,False,accord : hors,False,False,49,MAINE-ET-LOIRE,17,NANTES
0490034W,Collège de l'Èvre,hors EP,90.4,10.7,65.0,False,False,accord : hors,False,False,accord : hors,False,False,49,MAINE-ET-LOIRE,17,NANTES
0490037Z,Collège Philippe Cousteau,hors EP,87.8,10.0,34.0,True,False,IPS seul,True,False,IPS seul,False,False,49,MAINE-ET-LOIRE,17,NANTES
0490039B,Collège Anjou-Bretagne,hors EP,93.7,10.9,39.0,False,False,accord : hors,False,False,accord : hors,False,False,49,MAINE-ET-LOIRE,17,NANTES
0490042E,Collège Pierre Mendès France,REP,81.1,8.8,26.0,True,True,accord : à classer,True,True,accord : à classer,False,False,49,MAINE-ET-LOIRE,17,NANTES
0490046J,Collège les Fontaines,hors EP,107.9,11.3,61.0,False,False,accord : hors,False,False,accord : hors,False,False,49,MAINE-ET-LOIRE,17,NANTES
0490048L,Collège Jean Rostand,REP,90.2,9.6,131.0,False,False,accord : hors,False,False,accord : hors,False,False,49,MAINE-ET-LOIRE,17,NANTES
0490057W,Collège Georges Pompidou,hors EP,110.5,11.1,116.0,False,False,accord : hors,False,False,accord : hors,False,False,49,MAINE-ET-LOIRE,17,NANTES
0490060Z,Collège Jean Lurçat,REP+,67.0,7.2,60.0,True,True,accord : à classer,True,True,accord : à classer,False,False,49,MAINE-ET-LOIRE,17,NANTES
0490061A,Collège Auguste et Jean Renoir,hors EP,101.1,10.5,121.0,False,False,accord : hors,False,False,accord : hors,False,False,49,MAINE-ET-LOIRE,17,NANTES
0490783K,Collège Jean Mermoz,REP,77.4,8.7,80.0,True,True,accord : à classer,True,True,accord : à classer,False,False,49,MAINE-ET-LOIRE,17,NANTES
0490921K,Collège François Rabelais,hors EP,97.6,11.3,145.0,False,False,accord : hors,False,False,accord : hors,False,False,49,MAINE-ET-LOIRE,17,NANTES
0490922L,Collège Molière,hors EP,102.1,10.0,143.0,False,False,accord : hors,False,False,accord : hors,False,False,49,MAINE-ET-LOIRE,17,NANTES
0490953V,Collège Félix Landreau,hors EP,84.2,8.5,43.0,True,True,accord : à classer,True,True,accord : à classer,False,False,49,MAINE-ET-LOIRE,17,NANTES
0490955X,Collège Saint-Exupéry,hors EP,113.9,11.8,99.0,False,False,accord : hors,False,False,accord : hors,False,False,49,MAINE-ET-LOIRE,17,NANTES
0490956Y,Collège les Roches,hors EP,96.6,9.3,58.0,False,False,accord : hors,False,True,note seule,False,True,49,MAINE-ET-LOIRE,17,NANTES
0490957Z,Collège la Venaiserie,hors EP,107.6,10.5,146.0,False,False,accord : hors,False,False,accord : hors,False,False,49,MAINE-ET-LOIRE,17,NANTES
0490960C,Collège Honoré de Balzac,hors EP,89.9,8.6,67.0,False,True,note seule,False,True,note seule,False,False,49,MAINE-ET-LOIRE,17,NANTES
0490962E,Collège Georges Gironde,hors EP,93.2,10.9,93.0,False,False,accord : hors,False,False,accord : hors,False,False,49,MAINE-ET-LOIRE,17,NANTES
0491024X,Collège Vallée du Loir,hors EP,107.7,11.5,152.0,False,False,accord : hors,False,False,accord : hors,False,False,49,MAINE-ET-LOIRE,17,NANTES
0491025Y,Collège Colbert,hors EP,100.0,9.7,86.0,False,False,accord : hors,False,False,accord : hors,False,False,49,MAINE-ET-LOIRE,17,NANTES
0491026Z,Collège République,hors EP,110.9,11.1,77.0,False,False,accord : hors,False,False,accord : hors,False,False,49,MAINE-ET-LOIRE,17,NANTES
0491028B,Collège Montaigne,REP,84.9,8.8,87.0,True,True,accord : à classer,True,True,accord : à classer,False,False,49,MAINE-ET-LOIRE,17,NANTES
0491260D,Collège François Villon,hors EP,109.1,9.8,141.0,False,False,accord : hors,False,False,accord : hors,False,False,49,MAINE-ET-LOIRE,17,NANTES
0491261E,Collège Paul Éluard,hors EP,105.3,11.2,102.0,False,False,accord : hors,False,False,accord : hors,False,False,49,MAINE-ET-LOIRE,17,NANTES
0491262F,Collège Calypso,hors EP,91.2,10.7,83.0,False,False,accord : hors,False,False,accord : hors,False,False,49,MAINE-ET-LOIRE,17,NANTES
0491645X,Collège Jean Racine,hors EP,116.0,11.7,145.0,False,False,accord : hors,False,False,accord : hors,False,False,49,MAINE-ET-LOIRE,17,NANTES
0491648A,Collège Benjamin Delessert,hors EP,92.0,10.8,61.0,False,False,accord : hors,False,False,accord : hors,False,False,49,MAINE-ET-LOIRE,17,NANTES
0491674D,Collège Clément Janequin,hors EP,110.7,11.9,140.0,False,False,accord : hors,False,False,accord : hors,False,False,49,MAINE-ET-LOIRE,17,NANTES
0491675E,Collège Joachim du Bellay,REP,73.6,8.3,63.0,True,True,accord : à classer,True,True,accord : à classer,False,False,49,MAINE-ET-LOIRE,17,NANTES
0491703K,Collège Jean Vilar,REP+,71.2,7.7,59.0,True,True,accord : à classer,True,True,accord : à classer,False,False,49,MAINE-ET-LOIRE,17,NANTES
0491705M,Collège Jacques Prévert,hors EP,99.5,10.9,121.0,False,False,accord : hors,False,False,accord : hors,False,False,49,MAINE-ET-LOIRE,17,NANTES
0491706N,Collège le Pont de Moine,hors EP,99.8,10.5,57.0,False,False,accord : hors,False,False,accord : hors,False,False,49,MAINE-ET-LOIRE,17,NANTES
0491707P,Collège Vallée du Lys,hors EP,88.7,10.4,74.0,True,False,IPS seul,True,False,IPS seul,False,False,49,MAINE-ET-LOIRE,17,NANTES
0491764B,Collège Claude Debussy,hors EP,93.5,11.0,67.0,False,False,accord : hors,False,False,accord : hors,False,False,49,MAINE-ET-LOIRE,17,NANTES
0491766D,Collège Porte d'Anjou,hors EP,91.8,10.0,37.0,False,False,accord : hors,False,False,accord : hors,False,False,49,MAINE-ET-LOIRE,17,NANTES
0491825T,Collège David d'Angers,hors EP,111.7,11.9,131.0,False,False,accord : hors,False,False,accord : hors,False,False,49,MAINE-ET-LOIRE,17,NANTES
0491826U,Collège Yolande d'Anjou,hors EP,91.5,9.6,39.0,False,False,accord : hors,False,False,accord : hors,False,False,49,MAINE-ET-LOIRE,17,NANTES
0491859E,Collège Trémolières,hors EP,86.0,10.7,102.0,True,False,IPS seul,True,False,IPS seul,False,False,49,MAINE-ET-LOIRE,17,NANTES
0492081W,Collège Jean Monnet,hors EP,116.7,11.9,126.0,False,False,accord : hors,False,False,accord : hors,False,False,49,MAINE-ET-LOIRE,17,NANTES
0500001E,Collège Les Embruns,hors EP,110.7,11.6,69.0,False,False,accord : hors,False,False,accord : hors,False,False,50,MANCHE,70,NORMANDIE
0500003G,Collège Challemel Lacour,hors EP,111.8,12.0,75.0,False,False,accord : hors,False,False,accord : hors,False,False,50,MANCHE,70,NORMANDIE
0500006K,Collège le Hague Dike,hors EP,107.8,12.5,100.0,False,False,accord : hors,False,False,accord : hors,False,False,50,MANCHE,70,NORMANDIE
0500010P,Collège Marcel Grillard,hors EP,99.8,11.5,112.0,False,False,accord : hors,False,False,accord : hors,False,False,50,MANCHE,70,NORMANDIE
0500011R,Collège Jean Follain,hors EP,102.0,12.2,76.0,False,False,accord : hors,False,False,accord : hors,False,False,50,MANCHE,70,NORMANDIE
0500012S,Collège Léon Gambetta,hors EP,91.9,9.2,75.0,False,True,note seule,False,True,note seule,False,False,50,MANCHE,70,NORMANDIE
0500014U,Collège Anne Heurgon Desjardins,hors EP,98.5,10.0,44.0,False,False,accord : hors,False,False,accord : hors,False,False,50,MANCHE,70,NORMANDIE
0500024E,Collège Ingénieur Cachin,hors EP,96.4,11.0,57.0,False,False,accord : hors,False,False,accord : hors,False,False,50,MANCHE,70,NORMANDIE
0500034R,Collège Raymond le Corre,hors EP,98.7,10.2,103.0,False,False,accord : hors,False,False,accord : hors,False,False,50,MANCHE,70,NORMANDIE
0500035S,Collège Roland Vaudatin,hors EP,92.6,9.5,47.0,False,False,accord : hors,False,False,accord : hors,False,False,50,MANCHE,70,NORMANDIE
0500039W,Collège André Malraux,hors EP,104.6,10.3,110.0,False,False,accord : hors,False,False,accord : hors,False,False,50,MANCHE,70,NORMANDIE
0500042Z,Collège Louis Beuve,hors EP,95.4,10.9,61.0,False,False,accord : hors,False,False,accord : hors,False,False,50,MANCHE,70,NORMANDIE
0500046D,Collège Jean Monnet,hors EP,101.0,10.7,60.0,False,False,accord : hors,False,False,accord : hors,False,False,50,MANCHE,70,NORMANDIE
0500047E,Collège Tiphaigne de la Roche,hors EP,93.8,11.1,44.0,False,False,accord : hors,False,False,accord : hors,False,False,50,MANCHE,70,NORMANDIE
0500048F,Collège les Courtils,hors EP,107.3,10.2,55.0,False,False,accord : hors,False,False,accord : hors,False,False,50,MANCHE,70,NORMANDIE
0500050H,Collège Robert de Mortain,hors EP,94.0,11.2,55.0,False,False,accord : hors,False,False,accord : hors,False,False,50,MANCHE,70,NORMANDIE
0500052K,Collège Le Moulin de Haut,hors EP,95.5,9.1,33.0,False,True,note seule,False,True,note seule,False,False,50,MANCHE,70,NORMANDIE
0500053L,Collège Le Fairage,REP,91.7,9.4,37.0,False,False,accord : hors,False,False,accord : hors,False,False,50,MANCHE,70,NORMANDIE
0500059T,Collège Jean Grémillon,hors EP,97.5,9.4,55.0,False,False,accord : hors,False,False,accord : hors,False,False,50,MANCHE,70,NORMANDIE
0500061V,Collège Jules Verne,hors EP,93.8,9.7,75.0,False,False,accord : hors,False,False,accord : hors,False,False,50,MANCHE,70,NORMANDIE
0500062W,Collège le Ferronay,hors EP,107.8,11.9,98.0,False,False,accord : hors,False,False,accord : hors,False,False,50,MANCHE,70,NORMANDIE
0500068C,Collège Saint-Exupéry,REP,85.6,10.3,37.0,True,False,IPS seul,True,False,IPS seul,False,False,50,MANCHE,70,NORMANDIE
0500069D,Collège Gilles de Gouberville,hors EP,101.0,9.8,68.0,False,False,accord : hors,False,False,accord : hors,False,False,50,MANCHE,70,NORMANDIE
0500071F,Collège Tancrède de Hauteville,hors EP,96.4,8.8,65.0,False,True,note seule,False,True,note seule,False,False,50,MANCHE,70,NORMANDIE
0500072G,Collège Barbey d'Aurevilly,hors EP,92.8,12.2,33.0,False,False,accord : hors,False,False,accord : hors,False,False,50,MANCHE,70,NORMANDIE
0500075K,Collège Anatole France,hors EP,103.4,11.1,51.0,False,False,accord : hors,False,False,accord : hors,False,False,50,MANCHE,70,NORMANDIE
0500078N,Collège Raymond Queneau,hors EP,94.9,10.8,62.0,False,False,accord : hors,False,False,accord : hors,False,False,50,MANCHE,70,NORMANDIE
0500079P,Collège Albert Camus,hors EP,101.1,11.1,118.0,False,False,accord : hors,False,False,accord : hors,False,False,50,MANCHE,70,NORMANDIE
0500080R,Collège Denis Diderot,hors EP,99.6,11.1,120.0,False,False,accord : hors,False,False,accord : hors,False,False,50,MANCHE,70,NORMANDIE
0500083U,Collège le Dinandier,REP,96.9,10.7,73.0,False,False,accord : hors,False,False,accord : hors,False,False,50,MANCHE,70,NORMANDIE
0500094F,Collège Georges Lavalley,hors EP,106.9,10.0,73.0,False,False,accord : hors,False,False,accord : hors,False,False,50,MANCHE,70,NORMANDIE
0500095G,Collège Louis Pasteur,hors EP,90.9,11.4,54.0,False,False,accord : hors,False,False,accord : hors,False,False,50,MANCHE,70,NORMANDIE
0500096H,Collège Félix Buhot,hors EP,107.9,10.5,122.0,False,False,accord : hors,False,False,accord : hors,False,False,50,MANCHE,70,NORMANDIE
0501205N,Collège les Provinces,REP+,81.9,10.8,91.0,True,False,IPS seul,True,False,IPS seul,False,False,50,MANCHE,70,NORMANDIE
0501206P,Collège Jacques Prévert,hors EP,98.7,9.2,80.0,False,True,note seule,False,True,note seule,False,False,50,MANCHE,70,NORMANDIE
0501216A,Collège Émile Zola,hors EP,105.9,11.5,96.0,False,False,accord : hors,False,False,accord : hors,False,False,50,MANCHE,70,NORMANDIE
0501217B,Collège André Miclot,hors EP,104.0,10.8,50.0,False,False,accord : hors,False,False,accord : hors,False,False,50,MANCHE,70,NORMANDIE
0501218C,Collège Étenclin,hors EP,90.6,11.7,61.0,False,False,accord : hors,False,False,accord : hors,False,False,50,MANCHE,70,NORMANDIE
0501220E,Collège le Castillon,hors EP,107.8,12.1,76.0,False,False,accord : hors,False,False,accord : hors,False,False,50,MANCHE,70,NORMANDIE
0501239A,Collège la Vanlée,hors EP,101.1,11.4,67.0,False,False,accord : hors,False,False,accord : hors,False,False,50,MANCHE,70,NORMANDIE
0501240B,Collège Gabriel de Montgomery,hors EP,100.7,10.8,57.0,False,False,accord : hors,False,False,accord : hors,False,False,50,MANCHE,70,NORMANDIE
0501241C,Collège Georges Brassens,hors EP,98.2,10.6,37.0,False,False,accord : hors,False,False,accord : hors,False,False,50,MANCHE,70,NORMANDIE
0501242D,Collège le Clos Tardif,hors EP,91.4,10.8,64.0,False,False,accord : hors,False,False,accord : hors,False,False,50,MANCHE,70,NORMANDIE
0501300S,Collège Guillaume Fouace,REP,90.4,10.5,31.0,False,False,accord : hors,False,False,accord : hors,False,False,50,MANCHE,70,NORMANDIE
0501301T,Collège Du Marais,hors EP,93.0,9.7,48.0,False,False,accord : hors,False,False,accord : hors,False,False,50,MANCHE,70,NORMANDIE
0501302U,Collège Pierre Aguiton,hors EP,98.3,10.9,82.0,False,False,accord : hors,False,False,accord : hors,False,False,50,MANCHE,70,NORMANDIE
0501458N,Collège Desdevises du Dézert,hors EP,92.9,11.2,65.0,False,False,accord : hors,False,False,accord : hors,False,False,50,MANCHE,70,NORMANDIE
0501482P,Collège Jules Ferry,hors EP,105.5,11.3,77.0,False,False,accord : hors,False,False,accord : hors,False,False,50,MANCHE,70,NORMANDIE
0501525L,Collège la Chaussonnière,hors EP,100.9,10.6,63.0,False,False,accord : hors,False,False,accord : hors,False,False,50,MANCHE,70,NORMANDIE
0501799J,Collège Lucien Goubert,hors EP,111.2,11.8,60.0,False,False,accord : hors,False,False,accord : hors,False,False,50,MANCHE,70,NORMANDIE
0501830T,Collège Léon Jozeau Marigné,hors EP,94.7,9.9,32.0,False,False,accord : hors,False,False,accord : hors,False,False,50,MANCHE,70,NORMANDIE
0502008L,Collège Bucaille-Charcot,hors EP,112.1,11.6,73.0,False,False,accord : hors,False,False,accord : hors,False,False,50,MANCHE,70,NORMANDIE
0510001Z,Collège du Mazelot,hors EP,95.4,9.9,74.0,False,False,accord : hors,False,False,accord : hors,False,False,51,MARNE,19,REIMS
0510002A,Collège Saint-Exupéry,hors EP,99.9,11.8,85.0,False,False,accord : hors,False,False,accord : hors,False,False,51,MARNE,19,REIMS
0510010J,Collège Victor Duruy,hors EP,101.1,10.2,144.0,False,False,accord : hors,False,False,accord : hors,False,False,51,MARNE,19,REIMS
0510011K,Collège Perrot d'Ablancourt,hors EP,95.1,9.4,162.0,False,False,accord : hors,False,False,accord : hors,False,False,51,MARNE,19,REIMS
0510016R,Collège Jean Monnet,hors EP,96.0,8.9,110.0,False,True,note seule,False,False,accord : hors,False,False,51,MARNE,19,REIMS
0510022X,Collège Stéphane Mallarmé,hors EP,88.6,9.4,65.0,True,False,IPS seul,False,False,accord : hors,False,False,51,MARNE,19,REIMS
0510026B,Collège de la Brie Champenoise,hors EP,92.2,9.5,78.0,False,False,accord : hors,False,False,accord : hors,False,False,51,MARNE,19,REIMS
0510027C,Collège Montmort-Lucy,hors EP,91.8,11.7,38.0,False,False,accord : hors,False,False,accord : hors,False,False,51,MARNE,19,REIMS
0510028D,Collège professeur Nicaise,hors EP,98.6,9.8,64.0,False,False,accord : hors,False,False,accord : hors,False,False,51,MARNE,19,REIMS
0510029E,Collège Henri Guillaumet,hors EP,102.2,9.4,127.0,False,False,accord : hors,False,False,accord : hors,False,False,51,MARNE,19,REIMS
0510030F,Collège Pierre Souverville,hors EP,105.7,9.8,83.0,False,False,accord : hors,False,False,accord : hors,False,False,51,MARNE,19,REIMS
0510044W,Collège Colbert,REP+,76.7,8.4,105.0,True,True,accord : à classer,True,True,accord : à classer,False,False,51,MARNE,19,REIMS
0510048A,Collège la Source,hors EP,122.3,10.7,77.0,False,False,accord : hors,False,False,accord : hors,False,False,51,MARNE,19,REIMS
0510051D,Collège du Mont d'Hor,hors EP,117.6,11.7,112.0,False,False,accord : hors,False,False,accord : hors,False,False,51,MARNE,19,REIMS
0510052E,Collège Louis Pasteur,REP,89.6,8.9,77.0,False,True,note seule,False,False,accord : hors,False,False,51,MARNE,19,REIMS
0510054G,Collège la Fontaine du Vé,hors EP,96.4,10.2,93.0,False,False,accord : hors,False,False,accord : hors,False,False,51,MARNE,19,REIMS
0510056J,Collège Louis Pasteur,hors EP,96.7,10.6,65.0,False,False,accord : hors,False,False,accord : hors,False,False,51,MARNE,19,REIMS
0510059M,Collège Eustache Deschamps,hors EP,101.3,10.3,59.0,False,False,accord : hors,False,False,accord : hors,False,False,51,MARNE,19,REIMS
0510060N,Collège Paul Éluard,hors EP,117.8,11.2,91.0,False,False,accord : hors,False,False,accord : hors,False,False,51,MARNE,19,REIMS
0511083A,Collège Nicolas Appert,hors EP,87.7,8.3,113.0,True,True,accord : à classer,False,True,note seule,False,False,51,MARNE,19,REIMS
0511084B,Collège université,hors EP,121.5,12.5,135.0,False,False,accord : hors,False,False,accord : hors,False,False,51,MARNE,19,REIMS
0511085C,Collège Robert Schuman,hors EP,87.1,8.3,160.0,True,True,accord : à classer,False,True,note seule,False,False,51,MARNE,19,REIMS
0511108C,Collège Paul Fort,REP+,76.2,7.5,107.0,True,True,accord : à classer,True,True,accord : à classer,False,False,51,MARNE,19,REIMS
0511179E,Collège Saint-Rémi,hors EP,98.5,10.0,128.0,False,False,accord : hors,False,False,accord : hors,False,False,51,MARNE,19,REIMS
0511187N,Collège Paulette Billa,hors EP,103.7,9.7,151.0,False,False,accord : hors,False,False,accord : hors,False,False,51,MARNE,19,REIMS
0511188P,Collège Thibaud de Champagne,hors EP,105.3,9.9,123.0,False,False,accord : hors,False,False,accord : hors,False,False,51,MARNE,19,REIMS
0511189R,Collège Côte Legris,hors EP,102.5,10.3,104.0,False,False,accord : hors,False,False,accord : hors,False,False,51,MARNE,19,REIMS
0511191T,Collège Jean Baptiste Drouet,hors EP,91.4,9.4,89.0,False,False,accord : hors,False,False,accord : hors,False,False,51,MARNE,19,REIMS
0511214T,Collège trois Fontaines,REP,84.6,7.9,120.0,True,True,accord : à classer,True,True,accord : à classer,False,False,51,MARNE,19,REIMS
0511216V,Collège Jean Moulin,hors EP,102.8,9.8,160.0,False,False,accord : hors,False,False,accord : hors,False,False,51,MARNE,19,REIMS
0511251H,Collège Joliot-Curie,REP+,68.4,7.0,110.0,True,True,accord : à classer,True,True,accord : à classer,False,False,51,MARNE,19,REIMS
0511254L,Collège François Legros,REP,76.6,8.4,153.0,True,True,accord : à classer,True,True,accord : à classer,False,False,51,MARNE,19,REIMS
0511256N,Collège les Indes,REP,87.4,10.0,79.0,True,False,IPS seul,False,False,accord : hors,False,False,51,MARNE,19,REIMS
0511258R,Collège Claude Nicolas le Doux,hors EP,100.0,10.4,95.0,False,False,accord : hors,False,False,accord : hors,False,False,51,MARNE,19,REIMS
0511326P,Collège Georges Charpak,hors EP,109.8,11.1,139.0,False,False,accord : hors,False,False,accord : hors,False,False,51,MARNE,19,REIMS
0511327R,Collège Terres Rouges,hors EP,88.3,8.6,89.0,True,True,accord : à classer,False,True,note seule,False,False,51,MARNE,19,REIMS
0511432E,Collège Yvette Lundy,hors EP,107.8,10.5,100.0,False,False,accord : hors,False,False,accord : hors,False,False,51,MARNE,19,REIMS
0511470W,Collège Maryse Bastié,REP,86.1,8.1,124.0,True,True,accord : à classer,True,True,accord : à classer,False,False,51,MARNE,19,REIMS
0511472Y,Collège Louis Grignon,hors EP,97.7,9.8,123.0,False,False,accord : hors,False,False,accord : hors,False,False,51,MARNE,19,REIMS
0511474A,Collège Pierre Gilles de Gennes,hors EP,85.8,10.2,70.0,True,False,IPS seul,True,False,IPS seul,False,False,51,MARNE,19,REIMS
0511476C,Collège Gisèle Probst,hors EP,95.3,10.6,86.0,False,False,accord : hors,False,False,accord : hors,False,False,51,MARNE,19,REIMS
0511531M,Collège Pierre Brossolette,hors EP,96.2,10.0,101.0,False,False,accord : hors,False,False,accord : hors,False,False,51,MARNE,19,REIMS
0511564Y,Collège Raymond Sirot,hors EP,124.1,11.6,151.0,False,False,accord : hors,False,False,accord : hors,False,False,51,MARNE,19,REIMS
0511567B,Collège du Grand Morin,hors EP,99.0,8.4,65.0,False,True,note seule,False,True,note seule,False,False,51,MARNE,19,REIMS
0511802G,Collège Georges Braque,REP+,69.1,7.1,59.0,True,True,accord : à classer,True,True,accord : à classer,False,False,51,MARNE,19,REIMS
0511961E,Collège Pierre de Coubertin,hors EP,99.1,10.2,159.0,False,False,accord : hors,False,False,accord : hors,False,False,51,MARNE,19,REIMS
0512014M,Collège Léonard de Vinci,hors EP,116.8,12.1,97.0,False,False,accord : hors,False,False,accord : hors,False,False,51,MARNE,19,REIMS
0520004X,Collège Louis Bruntz,hors EP,86.2,7.3,38.0,True,True,accord : à classer,True,True,accord : à classer,False,False,52,HAUTE-MARNE,19,REIMS
0520006Z,Collège Amiral Denis Decres,hors EP,95.3,10.2,33.0,False,False,accord : hors,False,False,accord : hors,False,False,52,HAUTE-MARNE,19,REIMS
0520014H,Collège Jouffroy d'Abbans,hors EP,91.9,10.1,49.0,False,False,accord : hors,False,False,accord : hors,False,False,52,HAUTE-MARNE,19,REIMS
0520017L,Collège des 3 provinces,hors EP,89.2,10.1,37.0,False,False,accord : hors,False,False,accord : hors,False,False,52,HAUTE-MARNE,19,REIMS
0520018M,Collège Marie Calves,hors EP,91.2,10.5,25.0,False,False,accord : hors,False,False,accord : hors,False,False,52,HAUTE-MARNE,19,REIMS
0520022S,Collège Jean Renoir,hors EP,99.0,10.3,66.0,False,False,accord : hors,False,False,accord : hors,False,False,52,HAUTE-MARNE,19,REIMS
0520023T,Collège Camille Flammarion,hors EP,95.0,10.1,39.0,False,False,accord : hors,False,False,accord : hors,False,False,52,HAUTE-MARNE,19,REIMS
0520025V,Collège Françoise Dolto,hors EP,91.1,10.9,59.0,False,False,accord : hors,False,False,accord : hors,False,False,52,HAUTE-MARNE,19,REIMS
0520026W,Collège les Vignes du Crey,hors EP,108.3,10.5,55.0,False,False,accord : hors,False,False,accord : hors,False,False,52,HAUTE-MARNE,19,REIMS
0520039K,Collège Louise Michel,hors EP,98.9,10.2,68.0,False,False,accord : hors,False,False,accord : hors,False,False,52,HAUTE-MARNE,19,REIMS
0520040L,Collège Les Franchises,hors EP,96.8,10.4,76.0,False,False,accord : hors,False,False,accord : hors,False,False,52,HAUTE-MARNE,19,REIMS
0520049W,Collège Anne Frank,REP+,74.4,7.9,63.0,True,True,accord : à classer,True,True,accord : à classer,False,False,52,HAUTE-MARNE,19,REIMS
0520050X,Collège Luis Ortiz,REP,87.2,9.7,88.0,True,False,IPS seul,False,False,accord : hors,False,False,52,HAUTE-MARNE,19,REIMS
0520051Y,Collège la Noue,hors EP,87.1,7.6,71.0,True,True,accord : à classer,False,True,note seule,False,False,52,HAUTE-MARNE,19,REIMS
0520052Z,Collège Diderot,hors EP,82.7,9.4,61.0,True,False,IPS seul,True,False,IPS seul,False,False,52,HAUTE-MARNE,19,REIMS
0520706K,Collège Montmorency,hors EP,89.7,10.6,32.0,False,False,accord : hors,False,False,accord : hors,False,False,52,HAUTE-MARNE,19,REIMS
0520708M,Collège Paul Claudel,hors EP,89.5,9.0,87.0,False,True,note seule,False,False,accord : hors,False,False,52,HAUTE-MARNE,19,REIMS
0520733P,Collège Camille Saint-Saens,hors EP,109.3,11.0,95.0,False,False,accord : hors,False,False,accord : hors,False,False,52,HAUTE-MARNE,19,REIMS
0520737U,Collège la Rochotte,REP,86.5,8.8,77.0,True,True,accord : à classer,False,True,note seule,False,False,52,HAUTE-MARNE,19,REIMS
0520794F,Collège Henri Vincenot,hors EP,94.8,10.3,41.0,False,False,accord : hors,False,False,accord : hors,False,False,52,HAUTE-MARNE,19,REIMS
0520814C,Collège Colombey les deux églises,hors EP,97.0,12.7,29.0,False,False,accord : hors,False,False,accord : hors,False,False,52,HAUTE-MARNE,19,REIMS
0520822L,Collège Cressot,REP,89.8,10.6,63.0,False,False,accord : hors,False,False,accord : hors,False,False,52,HAUTE-MARNE,19,REIMS
0520842H,Collège René Rollin,hors EP,89.2,8.8,55.0,False,True,note seule,False,True,note seule,False,False,52,HAUTE-MARNE,19,REIMS
0530001N,Collège Léo Ferré,hors EP,98.8,11.7,59.0,False,False,accord : hors,False,False,accord : hors,False,False,53,MAYENNE,17,NANTES
0530002P,Collège des 7 Fontaines,hors EP,107.4,12.0,90.0,False,False,accord : hors,False,False,accord : hors,False,False,53,MAYENNE,17,NANTES
0530003R,Collège Jean-Louis Bernard,hors EP,96.3,11.6,45.0,False,False,accord : hors,False,False,accord : hors,False,False,53,MAYENNE,17,NANTES
0530005T,Collège Volney,hors EP,94.5,11.2,54.0,False,False,accord : hors,False,False,accord : hors,False,False,53,MAYENNE,17,NANTES
0530007V,Collège Paul Langevin,hors EP,89.9,11.2,64.0,False,False,accord : hors,False,False,accord : hors,False,False,53,MAYENNE,17,NANTES
0530015D,Collège Pierre Dubois,hors EP,107.3,11.5,105.0,False,False,accord : hors,False,False,accord : hors,False,False,53,MAYENNE,17,NANTES
0530021K,Collège de Misedon,hors EP,102.4,11.1,77.0,False,False,accord : hors,False,False,accord : hors,False,False,53,MAYENNE,17,NANTES
0530025P,Collège Les Garettes,hors EP,87.0,10.8,24.0,True,False,IPS seul,True,False,IPS seul,False,False,53,MAYENNE,17,NANTES
0530030V,Collège l'Oriette,hors EP,98.9,10.5,50.0,False,False,accord : hors,False,False,accord : hors,False,False,53,MAYENNE,17,NANTES
0530031W,Collège Le grand Champ,hors EP,93.3,12.4,47.0,False,False,accord : hors,False,False,accord : hors,False,False,53,MAYENNE,17,NANTES
0530041G,Collège Emmanuel de Martonne,hors EP,91.2,8.5,98.0,False,True,note seule,False,True,note seule,False,False,53,MAYENNE,17,NANTES
0530077W,Collège René Cassin,hors EP,91.4,11.3,61.0,False,False,accord : hors,False,False,accord : hors,False,False,53,MAYENNE,17,NANTES
0530078X,Collège Jules Ferry,hors EP,98.5,11.0,115.0,False,False,accord : hors,False,False,accord : hors,False,False,53,MAYENNE,17,NANTES
0530082B,Collège Jules Renard,hors EP,107.4,11.6,121.0,False,False,accord : hors,False,False,accord : hors,False,False,53,MAYENNE,17,NANTES
0530484N,Collège Alain Gerbault,REP+,76.0,9.8,83.0,True,False,IPS seul,True,False,IPS seul,False,False,53,MAYENNE,17,NANTES
0530583W,Collège des Avaloirs,hors EP,94.0,11.1,54.0,False,False,accord : hors,False,False,accord : hors,False,False,53,MAYENNE,17,NANTES
0530584X,Collège Alfred Jarry,hors EP,85.6,9.4,53.0,True,False,IPS seul,True,True,accord : à classer,False,False,53,MAYENNE,17,NANTES
0530779J,Collège Jean Rostand,hors EP,102.4,11.9,99.0,False,False,accord : hors,False,False,accord : hors,False,False,53,MAYENNE,17,NANTES
0530790W,Collège Jacques Monod,hors EP,99.3,10.7,107.0,False,False,accord : hors,False,False,accord : hors,False,False,53,MAYENNE,17,NANTES
0530791X,Collège Maurice Genevoix,hors EP,94.5,10.8,52.0,False,False,accord : hors,False,False,accord : hors,False,False,53,MAYENNE,17,NANTES
0530792Y,Collège Béatrix de Gavre,hors EP,101.8,11.6,24.0,False,False,accord : hors,False,False,accord : hors,False,False,53,MAYENNE,17,NANTES
0530793Z,Collège Francis Lallart,hors EP,92.3,12.3,34.0,False,False,accord : hors,False,False,accord : hors,False,False,53,MAYENNE,17,NANTES
0530803K,Collège Victor Hugo,hors EP,98.6,10.5,50.0,False,False,accord : hors,False,False,accord : hors,False,False,53,MAYENNE,17,NANTES
0530804L,Collège Louis Launay,hors EP,92.5,9.8,42.0,False,False,accord : hors,False,False,accord : hors,False,False,53,MAYENNE,17,NANTES
0530826K,Collège Sévigné,hors EP,100.3,11.1,93.0,False,False,accord : hors,False,False,accord : hors,False,False,53,MAYENNE,17,NANTES
0530827L,Collège Paul-Émile Victor,hors EP,106.8,12.6,121.0,False,False,accord : hors,False,False,accord : hors,False,False,53,MAYENNE,17,NANTES
0530914F,Collège Fernand Puech,hors EP,109.9,11.2,72.0,False,False,accord : hors,False,False,accord : hors,False,False,53,MAYENNE,17,NANTES
0540001H,Collège de Baccarat,hors EP,96.8,11.1,61.0,False,False,accord : hors,False,False,accord : hors,False,False,54,MEURTHE-ET-MOSELLE,12,NANCY-METZ
0540004L,Collège René Gaillard,hors EP,100.9,11.1,66.0,False,False,accord : hors,False,False,accord : hors,False,False,54,MEURTHE-ET-MOSELLE,12,NANCY-METZ
0540005M,Collège Langevin Wallon,hors EP,99.6,11.4,97.0,False,False,accord : hors,False,False,accord : hors,False,False,54,MEURTHE-ET-MOSELLE,12,NANCY-METZ
0540008R,Collège Jules Ferry,hors EP,102.1,10.2,78.0,False,False,accord : hors,False,False,accord : hors,False,False,54,MEURTHE-ET-MOSELLE,12,NANCY-METZ
0540011U,Collège de la Haute Vezouze,hors EP,93.2,10.9,58.0,False,False,accord : hors,False,False,accord : hors,False,False,54,MEURTHE-ET-MOSELLE,12,NANCY-METZ
0540012V,Collège Jacques Grüber,hors EP,103.6,11.4,86.0,False,False,accord : hors,False,False,accord : hors,False,False,54,MEURTHE-ET-MOSELLE,12,NANCY-METZ
0540013W,Collège Joliot Curie,hors EP,110.1,11.2,104.0,False,False,accord : hors,False,False,accord : hors,False,False,54,MEURTHE-ET-MOSELLE,12,NANCY-METZ
0540014X,Collège Julienne Farenc,hors EP,97.7,11.7,71.0,False,False,accord : hors,False,False,accord : hors,False,False,54,MEURTHE-ET-MOSELLE,12,NANCY-METZ
0540017A,Collège Charles Maximilien Duvivier,hors EP,109.7,12.3,55.0,False,False,accord : hors,False,False,accord : hors,False,False,54,MEURTHE-ET-MOSELLE,12,NANCY-METZ
0540019C,Collège Louis Pergaud,hors EP,90.1,10.4,28.0,False,False,accord : hors,False,False,accord : hors,False,False,54,MEURTHE-ET-MOSELLE,12,NANCY-METZ
0540022F,Collège Eugène François,hors EP,104.6,11.5,72.0,False,False,accord : hors,False,False,accord : hors,False,False,54,MEURTHE-ET-MOSELLE,12,NANCY-METZ
0540025J,Collège Louis Aragon,hors EP,103.8,10.2,156.0,False,False,accord : hors,False,False,accord : hors,False,False,54,MEURTHE-ET-MOSELLE,12,NANCY-METZ
0540047H,Collège Victor Prouvé,hors EP,105.8,11.5,73.0,False,False,accord : hors,False,False,accord : hors,False,False,54,MEURTHE-ET-MOSELLE,12,NANCY-METZ
0540052N,Collège Jules Ferry,hors EP,112.2,11.0,106.0,False,False,accord : hors,False,False,accord : hors,False,False,54,MEURTHE-ET-MOSELLE,12,NANCY-METZ
0540054R,Collège Val de Seille,hors EP,108.9,10.5,85.0,False,False,accord : hors,False,False,accord : hors,False,False,54,MEURTHE-ET-MOSELLE,12,NANCY-METZ
0540064B,Collège Ferdinand Buisson,hors EP,97.5,11.3,55.0,False,False,accord : hors,False,False,accord : hors,False,False,54,MEURTHE-ET-MOSELLE,12,NANCY-METZ
0540071J,Collège Robert Geant,hors EP,111.8,12.1,69.0,False,False,accord : hors,False,False,accord : hors,False,False,54,MEURTHE-ET-MOSELLE,12,NANCY-METZ
0540078S,Collège Louis Marin,hors EP,109.4,11.8,79.0,False,False,accord : hors,False,False,accord : hors,False,False,54,MEURTHE-ET-MOSELLE,12,NANCY-METZ
0540088C,Collège Anatole France,REP,72.0,9.6,42.0,True,False,IPS seul,True,False,IPS seul,False,False,54,MEURTHE-ET-MOSELLE,12,NANCY-METZ
0540106X,Collège La Craffe,hors EP,121.9,11.2,140.0,False,False,accord : hors,False,False,accord : hors,False,False,54,MEURTHE-ET-MOSELLE,12,NANCY-METZ
0540110B,Collège Georges de la Tour,hors EP,94.3,11.5,114.0,False,False,accord : hors,False,False,accord : hors,False,False,54,MEURTHE-ET-MOSELLE,12,NANCY-METZ
0540111C,Collège Jacques Callot,hors EP,78.5,10.1,117.0,True,False,IPS seul,True,False,IPS seul,False,False,54,MEURTHE-ET-MOSELLE,12,NANCY-METZ
0540112D,Collège Jacques Marquette,hors EP,100.0,9.9,138.0,False,False,accord : hors,False,False,accord : hors,False,False,54,MEURTHE-ET-MOSELLE,12,NANCY-METZ
0540115G,Collège Jean Maumus,hors EP,100.7,9.7,97.0,False,False,accord : hors,False,False,accord : hors,False,False,54,MEURTHE-ET-MOSELLE,12,NANCY-METZ
0541210X,Collège Valcourt,hors EP,106.9,11.0,102.0,False,False,accord : hors,False,False,accord : hors,False,False,54,MEURTHE-ET-MOSELLE,12,NANCY-METZ
0541211Y,Collège Émile Gallé,hors EP,105.0,11.8,101.0,False,False,accord : hors,False,False,accord : hors,False,False,54,MEURTHE-ET-MOSELLE,12,NANCY-METZ
0541284C,Collège Grandville,hors EP,108.5,10.1,104.0,False,False,accord : hors,False,False,accord : hors,False,False,54,MEURTHE-ET-MOSELLE,12,NANCY-METZ
0541288G,Collège Vauban,hors EP,81.1,8.2,99.0,True,True,accord : à classer,True,True,accord : à classer,False,False,54,MEURTHE-ET-MOSELLE,12,NANCY-METZ
0541325X,Collège Embanie,hors EP,109.7,11.1,78.0,False,False,accord : hors,False,False,accord : hors,False,False,54,MEURTHE-ET-MOSELLE,12,NANCY-METZ
0541326Y,Collège Jean Lurçat,hors EP,86.7,9.4,63.0,True,False,IPS seul,False,True,note seule,False,False,54,MEURTHE-ET-MOSELLE,12,NANCY-METZ
0541327Z,Collège Jean Lamour,REP+,76.3,9.4,56.0,True,False,IPS seul,True,True,accord : à classer,False,False,54,MEURTHE-ET-MOSELLE,12,NANCY-METZ
0541328A,Collège Ernest Bichat,hors EP,98.4,9.8,139.0,False,False,accord : hors,False,False,accord : hors,False,False,54,MEURTHE-ET-MOSELLE,12,NANCY-METZ
0541329B,Collège Charles Guérin,hors EP,89.0,10.6,82.0,False,False,accord : hors,False,False,accord : hors,False,False,54,MEURTHE-ET-MOSELLE,12,NANCY-METZ
0541330C,Collège Amiral de Rigny,hors EP,110.3,11.3,89.0,False,False,accord : hors,False,False,accord : hors,False,False,54,MEURTHE-ET-MOSELLE,12,NANCY-METZ
0541331D,Collège Alfred Mézières,hors EP,95.9,10.3,100.0,False,False,accord : hors,False,False,accord : hors,False,False,54,MEURTHE-ET-MOSELLE,12,NANCY-METZ
0541332E,Collège Paul Langevin,hors EP,87.0,9.8,58.0,True,False,IPS seul,False,False,accord : hors,False,False,54,MEURTHE-ET-MOSELLE,12,NANCY-METZ
0541333F,Collège Joliot Curie,hors EP,99.2,10.0,72.0,False,False,accord : hors,False,False,accord : hors,False,False,54,MEURTHE-ET-MOSELLE,12,NANCY-METZ
0541334G,Collège Albert Lebrun,hors EP,82.2,9.9,77.0,True,False,IPS seul,True,False,IPS seul,False,False,54,MEURTHE-ET-MOSELLE,12,NANCY-METZ
0541336J,Collège Pierre Brossolette,hors EP,99.6,10.3,98.0,False,False,accord : hors,False,False,accord : hors,False,False,54,MEURTHE-ET-MOSELLE,12,NANCY-METZ
0541466A,Collège Julien Franck,hors EP,103.8,10.9,84.0,False,False,accord : hors,False,False,accord : hors,False,False,54,MEURTHE-ET-MOSELLE,12,NANCY-METZ
0541469D,Collège Jean de La Fontaine,REP+,70.7,9.0,52.0,True,True,accord : à classer,True,True,accord : à classer,False,False,54,MEURTHE-ET-MOSELLE,12,NANCY-METZ
0541470E,Collège Gaston Ramon,hors EP,101.5,11.9,74.0,False,False,accord : hors,False,False,accord : hors,False,False,54,MEURTHE-ET-MOSELLE,12,NANCY-METZ
0541471F,Collège Amilcar Zannoni,REP,81.8,8.0,87.0,True,True,accord : à classer,True,True,accord : à classer,False,False,54,MEURTHE-ET-MOSELLE,12,NANCY-METZ
0541474J,Collège Paul Verlaine,hors EP,115.3,12.0,141.0,False,False,accord : hors,False,False,accord : hors,False,False,54,MEURTHE-ET-MOSELLE,12,NANCY-METZ
0541501N,Collège Niki de Saint Phalle,hors EP,94.9,10.2,81.0,False,False,accord : hors,False,False,accord : hors,False,False,54,MEURTHE-ET-MOSELLE,12,NANCY-METZ
0541515D,Collège Simone de Beauvoir,REP,83.1,10.6,74.0,True,False,IPS seul,True,False,IPS seul,False,False,54,MEURTHE-ET-MOSELLE,12,NANCY-METZ
0541565H,Collège Croix de Metz,REP,86.4,9.7,115.0,True,False,IPS seul,False,False,accord : hors,False,False,54,MEURTHE-ET-MOSELLE,12,NANCY-METZ
0541567K,Collège La Plante Gribé,hors EP,107.6,10.2,86.0,False,False,accord : hors,False,False,accord : hors,False,False,54,MEURTHE-ET-MOSELLE,12,NANCY-METZ
0541568L,Collège Alfred Mézières,hors EP,110.7,11.1,81.0,False,False,accord : hors,False,False,accord : hors,False,False,54,MEURTHE-ET-MOSELLE,12,NANCY-METZ
0541569M,Collège Jean Moulin,hors EP,98.8,10.6,150.0,False,False,accord : hors,False,False,accord : hors,False,False,54,MEURTHE-ET-MOSELLE,12,NANCY-METZ
0541572R,Collège Antoine de Saint-Exupéry,hors EP,103.3,12.6,85.0,False,False,accord : hors,False,False,accord : hors,False,False,54,MEURTHE-ET-MOSELLE,12,NANCY-METZ
0541573S,Collège Jacques Callot,hors EP,112.8,11.9,113.0,False,False,accord : hors,False,False,accord : hors,False,False,54,MEURTHE-ET-MOSELLE,12,NANCY-METZ
0541576V,Collège Vincent Van Gogh,hors EP,94.6,9.4,116.0,False,False,accord : hors,False,True,note seule,False,False,54,MEURTHE-ET-MOSELLE,12,NANCY-METZ
0541578X,Collège Léodile Béra,REP,81.1,9.7,89.0,True,False,IPS seul,True,False,IPS seul,False,False,54,MEURTHE-ET-MOSELLE,12,NANCY-METZ
0541579Y,Collège Émile Gallé,hors EP,104.5,11.2,166.0,False,False,accord : hors,False,False,accord : hors,False,False,54,MEURTHE-ET-MOSELLE,12,NANCY-METZ
0541706L,Collège René Nicklès,hors EP,102.9,10.3,39.0,False,False,accord : hors,False,False,accord : hors,False,False,54,MEURTHE-ET-MOSELLE,12,NANCY-METZ
0541776M,Collège Georges Chepfer,hors EP,123.8,13.1,85.0,False,False,accord : hors,False,False,accord : hors,False,False,54,MEURTHE-ET-MOSELLE,12,NANCY-METZ
0541778P,Collège Fréderic Chopin,hors EP,123.3,13.1,102.0,False,False,accord : hors,False,False,accord : hors,False,False,54,MEURTHE-ET-MOSELLE,12,NANCY-METZ
0541817G,Collège Albert Camus,REP,77.2,8.2,82.0,True,True,accord : à classer,True,True,accord : à classer,False,False,54,MEURTHE-ET-MOSELLE,12,NANCY-METZ
0541819J,Collège Guynemer,hors EP,106.8,11.5,96.0,False,False,accord : hors,False,False,accord : hors,False,False,54,MEURTHE-ET-MOSELLE,12,NANCY-METZ
0541852V,Collège de l'Euron,hors EP,112.6,11.9,112.0,False,False,accord : hors,False,False,accord : hors,False,False,54,MEURTHE-ET-MOSELLE,12,NANCY-METZ
0541956H,Collège Edmond de Goncourt,hors EP,109.2,11.8,119.0,False,False,accord : hors,False,False,accord : hors,False,False,54,MEURTHE-ET-MOSELLE,12,NANCY-METZ
0542189L,Collège Jacques Monod,hors EP,121.8,12.6,160.0,False,False,accord : hors,False,False,accord : hors,False,False,54,MEURTHE-ET-MOSELLE,12,NANCY-METZ
0542349K,Collège Paul Verlaine,hors EP,94.1,10.4,92.0,False,False,accord : hors,False,False,accord : hors,False,False,54,MEURTHE-ET-MOSELLE,12,NANCY-METZ
0542418K,Collège Théodore Monod,hors EP,89.8,10.5,143.0,False,False,accord : hors,False,False,accord : hors,False,False,54,MEURTHE-ET-MOSELLE,12,NANCY-METZ
0542468P,Collège Montaigu,hors EP,102.8,9.9,121.0,False,False,accord : hors,False,False,accord : hors,False,False,54,MEURTHE-ET-MOSELLE,12,NANCY-METZ
0550006H,Collège Pierre et Marie Curie,hors EP,91.1,10.1,36.0,False,False,accord : hors,False,False,accord : hors,False,False,55,MEUSE,12,NANCY-METZ
0550007J,Collège de l'Argonne,hors EP,98.0,10.6,48.0,False,False,accord : hors,False,False,accord : hors,False,False,55,MEUSE,12,NANCY-METZ
0550009L,Collège Jules Bastien Lepage,hors EP,89.0,10.4,37.0,False,False,accord : hors,False,False,accord : hors,False,False,55,MEUSE,12,NANCY-METZ
0550011N,Collège Louise Michel,hors EP,89.3,10.9,78.0,False,False,accord : hors,False,False,accord : hors,False,False,55,MEUSE,12,NANCY-METZ
0550012P,Collège Louis Pergaud,hors EP,99.1,11.4,63.0,False,False,accord : hors,False,False,accord : hors,False,False,55,MEUSE,12,NANCY-METZ
0550013R,Collège Val d'Ornois,hors EP,88.6,9.5,30.0,True,False,IPS seul,False,False,accord : hors,False,False,55,MEUSE,12,NANCY-METZ
0550014S,Collège Robert Aubry,hors EP,92.7,10.4,73.0,False,False,accord : hors,False,False,accord : hors,False,False,55,MEUSE,12,NANCY-METZ
0550016U,Collège Jean d'Allamont,hors EP,87.6,10.2,50.0,True,False,IPS seul,False,False,accord : hors,False,False,55,MEUSE,12,NANCY-METZ
0550018W,Collège Jean Moulin,hors EP,93.7,10.6,48.0,False,False,accord : hors,False,False,accord : hors,False,False,55,MEUSE,12,NANCY-METZ
0550020Y,Collège Alfred Kastler,REP,87.6,10.2,74.0,True,False,IPS seul,False,False,accord : hors,False,False,55,MEUSE,12,NANCY-METZ
0550022A,Collège Émilie du Châtelet,hors EP,99.5,10.6,43.0,False,False,accord : hors,False,False,accord : hors,False,False,55,MEUSE,12,NANCY-METZ
0550023B,Collège Les Cuvelles,hors EP,97.1,9.6,93.0,False,False,accord : hors,False,False,accord : hors,False,False,55,MEUSE,12,NANCY-METZ
0550024C,Collège Buvignier,hors EP,88.1,9.8,89.0,True,False,IPS seul,False,False,accord : hors,False,False,55,MEUSE,12,NANCY-METZ
0550701N,Collège Jacques Prévert,REP+,80.7,9.8,42.0,True,False,IPS seul,True,False,IPS seul,False,False,55,MEUSE,12,NANCY-METZ
0550703R,Collège André Theuriet,hors EP,98.0,11.3,60.0,False,False,accord : hors,False,False,accord : hors,False,False,55,MEUSE,12,NANCY-METZ
0550758A,Collège Maurice Barrès,REP,82.2,8.6,34.0,True,True,accord : à classer,True,True,accord : à classer,False,False,55,MEUSE,12,NANCY-METZ
0550759B,Collège Saint-Exupéry,hors EP,103.8,11.3,98.0,False,False,accord : hors,False,False,accord : hors,False,False,55,MEUSE,12,NANCY-METZ
0550804A,Collège Les Avrils,hors EP,97.4,9.8,85.0,False,False,accord : hors,False,False,accord : hors,False,False,55,MEUSE,12,NANCY-METZ
0550840P,Collège Les Tilleuls,hors EP,94.8,9.6,140.0,False,False,accord : hors,False,False,accord : hors,False,False,55,MEUSE,12,NANCY-METZ
0550848Y,Collège Émilie Carles,hors EP,101.4,9.4,82.0,False,False,accord : hors,False,True,note seule,False,False,55,MEUSE,12,NANCY-METZ
0550859K,Collège Louis de Broglie,hors EP,99.3,11.0,60.0,False,False,accord : hors,False,False,accord : hors,False,False,55,MEUSE,12,NANCY-METZ
0550890U,Collège Raymond Poincaré,hors EP,103.1,10.5,79.0,False,False,accord : hors,False,False,accord : hors,False,False,55,MEUSE,12,NANCY-METZ
0560002Y,Collège Le Verger,hors EP,104.8,11.2,91.0,False,False,accord : hors,False,False,accord : hors,False,False,56,MORBIHAN,14,RENNES
0560006C,Collège Les Korrigans,hors EP,117.7,11.9,99.0,False,False,accord : hors,False,False,accord : hors,False,False,56,MORBIHAN,14,RENNES
0560009F,Collège La Rivière,hors EP,113.3,11.1,94.0,False,False,accord : hors,False,False,accord : hors,False,False,56,MORBIHAN,14,RENNES
0560010G,Collège Jean Corentin Carré,hors EP,94.2,10.0,41.0,False,False,accord : hors,False,False,accord : hors,False,False,56,MORBIHAN,14,RENNES
0560018R,Collège Pierre et Marie Curie,hors EP,108.6,11.0,134.0,False,False,accord : hors,False,False,accord : hors,False,False,56,MORBIHAN,14,RENNES
0560020T,Collège Max Jacob,REP,91.0,10.6,35.0,False,False,accord : hors,False,False,accord : hors,False,False,56,MORBIHAN,14,RENNES
0560022V,Collège Henri Wallon,hors EP,103.3,10.3,86.0,False,False,accord : hors,False,False,accord : hors,False,False,56,MORBIHAN,14,RENNES
0560024X,Collège Jean Moulin,hors EP,93.4,9.4,50.0,False,False,accord : hors,False,True,note seule,False,False,56,MORBIHAN,14,RENNES
0560029C,Collège Auguste Brizeux,hors EP,114.6,11.1,146.0,False,False,accord : hors,False,False,accord : hors,False,False,56,MORBIHAN,14,RENNES
0560032F,Collège Madame de Sévigné,hors EP,86.4,8.6,46.0,True,True,accord : à classer,True,True,accord : à classer,False,False,56,MORBIHAN,14,RENNES
0560033G,Collège Jean Rostand,hors EP,107.5,10.6,113.0,False,False,accord : hors,False,False,accord : hors,False,False,56,MORBIHAN,14,RENNES
0560034H,Collège Michel Lotte,hors EP,112.1,12.9,28.0,False,False,accord : hors,False,False,accord : hors,False,False,56,MORBIHAN,14,RENNES
0560037L,Collège Marcel Pagnol,hors EP,104.5,9.2,114.0,False,True,note seule,False,True,note seule,False,False,56,MORBIHAN,14,RENNES
0560044U,Collège Jean Loup Chrétien,hors EP,101.0,9.9,71.0,False,False,accord : hors,False,False,accord : hors,False,False,56,MORBIHAN,14,RENNES
0560047X,Collège Yves le Bec,hors EP,91.7,10.4,53.0,False,False,accord : hors,False,False,accord : hors,False,False,56,MORBIHAN,14,RENNES
0560048Y,Collège de Rhuys,hors EP,114.4,12.5,100.0,False,False,accord : hors,False,False,accord : hors,False,False,56,MORBIHAN,14,RENNES
0560050A,Collège Jules Simon,hors EP,113.3,11.8,157.0,False,False,accord : hors,False,False,accord : hors,False,False,56,MORBIHAN,14,RENNES
0560058J,Collège Yves Coppens,hors EP,97.9,11.7,66.0,False,False,accord : hors,False,False,accord : hors,False,False,56,MORBIHAN,14,RENNES
0560061M,Collège Brocéliande,hors EP,103.9,10.8,97.0,False,False,accord : hors,False,False,accord : hors,False,False,56,MORBIHAN,14,RENNES
0560063P,Collège Eugène Guillevic,hors EP,95.7,11.8,41.0,False,False,accord : hors,False,False,accord : hors,False,False,56,MORBIHAN,14,RENNES
0560214D,Collège Paul Langevin,hors EP,95.1,11.0,98.0,False,False,accord : hors,False,False,accord : hors,False,False,56,MORBIHAN,14,RENNES
0560215E,Collège Jean Lurçat,hors EP,94.1,10.3,64.0,False,False,accord : hors,False,False,accord : hors,False,False,56,MORBIHAN,14,RENNES
0560223N,Collège Antoine de Saint-Exupéry,hors EP,97.1,10.5,140.0,False,False,accord : hors,False,False,accord : hors,False,False,56,MORBIHAN,14,RENNES
0560226S,Collège Beaumanoir,hors EP,95.2,12.0,62.0,False,False,accord : hors,False,False,accord : hors,False,False,56,MORBIHAN,14,RENNES
0560802T,Collège Charles de Gaulle,hors EP,122.7,12.2,104.0,False,False,accord : hors,False,False,accord : hors,False,False,56,MORBIHAN,14,RENNES
0561329R,Collège Beg Er Vil,hors EP,109.2,9.9,31.0,False,False,accord : hors,False,False,accord : hors,False,False,56,MORBIHAN,14,RENNES
0561330S,Collège Anita Conti,hors EP,88.3,8.4,69.0,True,True,accord : à classer,True,True,accord : à classer,False,False,56,MORBIHAN,14,RENNES
0561332U,Collège Romain Rolland,hors EP,94.5,11.2,88.0,False,False,accord : hors,False,False,accord : hors,False,False,56,MORBIHAN,14,RENNES
0561356V,Collège Goh Lanno,hors EP,109.3,12.5,136.0,False,False,accord : hors,False,False,accord : hors,False,False,56,MORBIHAN,14,RENNES
0561358X,Collège Émile Mazé,hors EP,94.8,9.9,72.0,False,False,accord : hors,False,False,accord : hors,False,False,56,MORBIHAN,14,RENNES
0561383Z,Collège François René de Chateaubriand,hors EP,92.3,11.1,48.0,False,False,accord : hors,False,False,accord : hors,False,False,56,MORBIHAN,14,RENNES
0561384A,Collège Joseph Kerbellec,hors EP,107.9,10.8,146.0,False,False,accord : hors,False,False,accord : hors,False,False,56,MORBIHAN,14,RENNES
0561386C,Collège Mathurin Martin,hors EP,102.4,11.1,94.0,False,False,accord : hors,False,False,accord : hors,False,False,56,MORBIHAN,14,RENNES
0561409C,Collège de Kerdurand,hors EP,108.8,10.7,128.0,False,False,accord : hors,False,False,accord : hors,False,False,56,MORBIHAN,14,RENNES
0561410D,Collège René Guy Cadou,hors EP,100.4,11.5,59.0,False,False,accord : hors,False,False,accord : hors,False,False,56,MORBIHAN,14,RENNES
0561474Y,Collège Charles Langlais,hors EP,93.7,9.9,96.0,False,False,accord : hors,False,False,accord : hors,False,False,56,MORBIHAN,14,RENNES
0561598H,Collège Gilles Gahinet,hors EP,123.5,13.0,131.0,False,False,accord : hors,False,False,accord : hors,False,False,56,MORBIHAN,14,RENNES
0561616C,Collège de Kerfontaine,hors EP,112.5,11.3,97.0,False,False,accord : hors,False,False,accord : hors,False,False,56,MORBIHAN,14,RENNES
0561622J,Collège Cousteau,hors EP,108.6,11.2,109.0,False,False,accord : hors,False,False,accord : hors,False,False,56,MORBIHAN,14,RENNES
0561931V,Collège Anne Frank,hors EP,112.9,12.1,125.0,False,False,accord : hors,False,False,accord : hors,False,False,56,MORBIHAN,14,RENNES
0561965G,Collège Simone Veil,hors EP,104.7,12.2,109.0,False,False,accord : hors,False,False,accord : hors,False,False,56,MORBIHAN,14,RENNES
0562028A,Collège de Tréfaven,REP,78.2,8.8,96.0,True,True,accord : à classer,True,True,accord : à classer,False,False,56,MORBIHAN,14,RENNES
0570010B,Collège Victor Demange,hors EP,103.0,11.8,147.0,False,False,accord : hors,False,False,accord : hors,False,False,57,MOSELLE,12,NANCY-METZ
0570012D,Collège Adalbert,hors EP,93.9,10.2,100.0,False,False,accord : hors,False,False,accord : hors,False,False,57,MOSELLE,12,NANCY-METZ
0570020M,Collège André Malraux,hors EP,111.5,11.2,70.0,False,False,accord : hors,False,False,accord : hors,False,False,57,MOSELLE,12,NANCY-METZ
0570026U,Collège Paul Verlaine,hors EP,95.1,10.3,63.0,False,False,accord : hors,False,False,accord : hors,False,False,57,MOSELLE,12,NANCY-METZ
0570038G,Collège de la Vallée de la Bièvre,hors EP,107.8,11.0,70.0,False,False,accord : hors,False,False,accord : hors,False,False,57,MOSELLE,12,NANCY-METZ
0570055A,Collège Ernest-Jacques Barbot,hors EP,99.7,9.7,104.0,False,False,accord : hors,False,False,accord : hors,False,False,57,MOSELLE,12,NANCY-METZ
0570069R,Collège Jules Lagneau,hors EP,77.3,7.8,83.0,True,True,accord : à classer,True,True,accord : à classer,False,False,57,MOSELLE,12,NANCY-METZ
0570073V,Collège L'Arboretum,hors EP,88.5,8.9,67.0,True,True,accord : à classer,False,True,note seule,False,False,57,MOSELLE,12,NANCY-METZ
0570074W,Collège Les Étangs,hors EP,95.0,11.7,39.0,False,False,accord : hors,False,False,accord : hors,False,False,57,MOSELLE,12,NANCY-METZ
0570091P,Collège Gabriel Pierné,hors EP,104.7,10.7,132.0,False,False,accord : hors,False,False,accord : hors,False,False,57,MOSELLE,12,NANCY-METZ
0570093S,Collège Robert Doisneau,hors EP,93.9,11.2,110.0,False,False,accord : hors,False,False,accord : hors,False,False,57,MOSELLE,12,NANCY-METZ
0570097W,Collège Pierre Messmer,hors EP,99.0,11.2,92.0,False,False,accord : hors,False,False,accord : hors,False,False,57,MOSELLE,12,NANCY-METZ
0570104D,Collège Nicolas Untersteller,REP,66.9,9.7,107.0,True,False,IPS seul,True,False,IPS seul,False,False,57,MOSELLE,12,NANCY-METZ
0570115R,Collège Jean Mermoz,hors EP,100.9,10.4,176.0,False,False,accord : hors,False,False,accord : hors,False,False,57,MOSELLE,12,NANCY-METZ
0570127D,Collège Les Hauts de Blémont,REP+,59.1,8.5,83.0,True,True,accord : à classer,True,True,accord : à classer,False,False,57,MOSELLE,12,NANCY-METZ
0570128E,Collège Jean Bauchez,hors EP,120.5,11.3,154.0,False,False,accord : hors,False,False,accord : hors,False,False,57,MOSELLE,12,NANCY-METZ
0570143W,Collège Jean de La Fontaine,hors EP,97.8,11.0,63.0,False,False,accord : hors,False,False,accord : hors,False,False,57,MOSELLE,12,NANCY-METZ
0570315H,Collège de la Canner,hors EP,112.0,11.9,136.0,False,False,accord : hors,False,False,accord : hors,False,False,57,MOSELLE,12,NANCY-METZ
0570317K,Collège Louis Pasteur,hors EP,85.6,10.4,108.0,True,False,IPS seul,False,False,accord : hors,False,False,57,MOSELLE,12,NANCY-METZ
0570318L,Collège Jean Moulin,REP,80.5,8.5,96.0,True,True,accord : à classer,True,True,accord : à classer,False,False,57,MOSELLE,12,NANCY-METZ
0570326V,Collège Claudie Haigneré,REP,73.7,9.4,89.0,True,False,IPS seul,True,True,accord : à classer,False,False,57,MOSELLE,12,NANCY-METZ
0570327W,Collège de la Passepierre,hors EP,101.1,11.4,57.0,False,False,accord : hors,False,False,accord : hors,False,False,57,MOSELLE,12,NANCY-METZ
0570328X,Collège des Deux Sarres,hors EP,98.9,9.3,60.0,False,False,accord : hors,False,True,note seule,False,True,57,MOSELLE,12,NANCY-METZ
0571994H,Collège Charles Péguy,hors EP,111.3,11.3,78.0,False,False,accord : hors,False,False,accord : hors,False,False,57,MOSELLE,12,NANCY-METZ
0572009Z,Collège Marie Curie,hors EP,90.4,7.5,86.0,False,True,note seule,False,True,note seule,False,False,57,MOSELLE,12,NANCY-METZ
0572013D,Collège Lucien Pougue,hors EP,113.2,11.4,116.0,False,False,accord : hors,False,False,accord : hors,False,False,57,MOSELLE,12,NANCY-METZ
0572015F,Collège Pilâtre de Rozier,hors EP,108.7,11.2,107.0,False,False,accord : hors,False,False,accord : hors,False,False,57,MOSELLE,12,NANCY-METZ
0572017H,Collège Jean Burger,REP,84.5,7.6,66.0,True,True,accord : à classer,True,True,accord : à classer,False,False,57,MOSELLE,12,NANCY-METZ
0572019K,Collège du Justemont,hors EP,96.5,9.7,130.0,False,False,accord : hors,False,False,accord : hors,False,False,57,MOSELLE,12,NANCY-METZ
0572020L,Collège La Paraison,hors EP,99.2,10.9,74.0,False,False,accord : hors,False,False,accord : hors,False,False,57,MOSELLE,12,NANCY-METZ
0572021M,Collège du Himmelsberg,hors EP,96.0,11.1,73.0,False,False,accord : hors,False,False,accord : hors,False,False,57,MOSELLE,12,NANCY-METZ
0572023P,Collège Georges Holderith,REP,83.0,9.6,127.0,True,False,IPS seul,True,False,IPS seul,False,False,57,MOSELLE,12,NANCY-METZ
0572025S,Collège Jean-Marie Pelt annexe de Volmerange les Mines,hors EP,115.3,11.7,172.0,False,False,accord : hors,False,False,accord : hors,False,False,57,MOSELLE,12,NANCY-METZ
0572026T,Collège Général de Gaulle,hors EP,109.4,12.0,149.0,False,False,accord : hors,False,False,accord : hors,False,False,57,MOSELLE,12,NANCY-METZ
0572082D,Collège Jean Mermoz,hors EP,111.0,12.0,134.0,False,False,accord : hors,False,False,accord : hors,False,False,57,MOSELLE,12,NANCY-METZ
0572088K,Collège Jean Rostand,hors EP,82.2,8.4,77.0,True,True,accord : à classer,True,True,accord : à classer,False,False,57,MOSELLE,12,NANCY-METZ
0572164T,Collège Paul Verlaine,hors EP,101.5,11.5,195.0,False,False,accord : hors,False,False,accord : hors,False,False,57,MOSELLE,12,NANCY-METZ
0572166V,Collège Paul Valéry,hors EP,82.8,9.1,141.0,True,True,accord : à classer,True,True,accord : à classer,False,False,57,MOSELLE,12,NANCY-METZ
0572168X,Collège François Rabelais,REP,82.2,8.5,77.0,True,True,accord : à classer,True,True,accord : à classer,False,False,57,MOSELLE,12,NANCY-METZ
0572169Y,Collège Évariste Galois,hors EP,91.7,10.7,67.0,False,False,accord : hors,False,False,accord : hors,False,False,57,MOSELLE,12,NANCY-METZ
0572170Z,Collège Émile Zola,hors EP,89.3,9.7,91.0,False,False,accord : hors,False,False,accord : hors,False,False,57,MOSELLE,12,NANCY-METZ
0572171A,Collège Jacques Monod,hors EP,95.9,10.6,91.0,False,False,accord : hors,False,False,accord : hors,False,False,57,MOSELLE,12,NANCY-METZ
0572172B,Collège Paul Langevin,hors EP,92.3,9.4,128.0,False,False,accord : hors,False,True,note seule,False,False,57,MOSELLE,12,NANCY-METZ
0572174D,Collège Le Breuil,hors EP,95.0,10.0,106.0,False,False,accord : hors,False,False,accord : hors,False,False,57,MOSELLE,12,NANCY-METZ
0572176F,Collège Louis Pasteur,hors EP,101.0,10.6,72.0,False,False,accord : hors,False,False,accord : hors,False,False,57,MOSELLE,12,NANCY-METZ
0572180K,Collège Pierre Adt,REP+,70.6,8.7,86.0,True,True,accord : à classer,True,True,accord : à classer,False,False,57,MOSELLE,12,NANCY-METZ
0572183N,Collège Jean-Baptiste Éblé,REP,91.8,9.6,88.0,False,False,accord : hors,False,False,accord : hors,False,False,57,MOSELLE,12,NANCY-METZ
0572184P,Collège Fulrad,hors EP,91.1,10.0,115.0,False,False,accord : hors,False,False,accord : hors,False,False,57,MOSELLE,12,NANCY-METZ
0572186S,Collège Albert Camus,hors EP,119.1,12.7,69.0,False,False,accord : hors,False,False,accord : hors,False,False,57,MOSELLE,12,NANCY-METZ
0572187T,Collège Alexandre Dreux,hors EP,89.9,11.0,63.0,False,False,accord : hors,False,False,accord : hors,False,False,57,MOSELLE,12,NANCY-METZ
0572348T,Collège Paul Verlaine,hors EP,112.0,12.5,89.0,False,False,accord : hors,False,False,accord : hors,False,False,57,MOSELLE,12,NANCY-METZ
0572350V,Collège Philippe de Vigneulles,hors EP,91.8,9.5,126.0,False,False,accord : hors,False,False,accord : hors,False,False,57,MOSELLE,12,NANCY-METZ
0572352X,Collège Taison,hors EP,114.3,11.5,94.0,False,False,accord : hors,False,False,accord : hors,False,False,57,MOSELLE,12,NANCY-METZ
0572354Z,Collège Charles Péguy,hors EP,121.8,12.6,112.0,False,False,accord : hors,False,False,accord : hors,False,False,57,MOSELLE,12,NANCY-METZ
0572355A,Collège La Milliaire,hors EP,89.6,10.2,120.0,False,False,accord : hors,False,False,accord : hors,False,False,57,MOSELLE,12,NANCY-METZ
0572358D,Collège La Grande Saule,hors EP,98.1,10.7,85.0,False,False,accord : hors,False,False,accord : hors,False,False,57,MOSELLE,12,NANCY-METZ
0572359E,Collège Bergpfad,hors EP,102.7,11.2,85.0,False,False,accord : hors,False,False,accord : hors,False,False,57,MOSELLE,12,NANCY-METZ
0572360F,Collège Le Castel,hors EP,104.0,11.8,69.0,False,False,accord : hors,False,False,accord : hors,False,False,57,MOSELLE,12,NANCY-METZ
0572363J,Collège Val de Sarre,hors EP,103.2,10.8,99.0,False,False,accord : hors,False,False,accord : hors,False,False,57,MOSELLE,12,NANCY-METZ
0572477H,Collège Louis Armand,hors EP,107.4,12.3,58.0,False,False,accord : hors,False,False,accord : hors,False,False,57,MOSELLE,12,NANCY-METZ
0572480L,Collège Hurlevent,hors EP,89.9,10.0,175.0,False,False,accord : hors,False,False,accord : hors,False,False,57,MOSELLE,12,NANCY-METZ
0572487U,Collège François Rabelais,REP,78.3,9.5,78.0,True,False,IPS seul,True,False,IPS seul,False,False,57,MOSELLE,12,NANCY-METZ
0572488V,Collège La Carrière,hors EP,88.9,10.4,104.0,False,False,accord : hors,False,False,accord : hors,False,False,57,MOSELLE,12,NANCY-METZ
0572490X,Collège Le Herapel,hors EP,95.0,10.4,81.0,False,False,accord : hors,False,False,accord : hors,False,False,57,MOSELLE,12,NANCY-METZ
0572491Y,Collège Robert Schuman,REP+,81.3,10.4,57.0,True,False,IPS seul,True,False,IPS seul,False,False,57,MOSELLE,12,NANCY-METZ
0572493A,Collège Louis Armand,REP,74.6,9.4,58.0,True,False,IPS seul,True,False,IPS seul,False,False,57,MOSELLE,12,NANCY-METZ
0572496D,Collège Jean Seitlinger,hors EP,105.3,11.6,114.0,False,False,accord : hors,False,False,accord : hors,False,False,57,MOSELLE,12,NANCY-METZ
0572579U,Collège Jules Ferry,REP+,67.4,8.1,77.0,True,True,accord : à classer,True,True,accord : à classer,False,False,57,MOSELLE,12,NANCY-METZ
0572582X,Collège Pierre Mendès France,hors EP,97.0,10.6,109.0,False,False,accord : hors,False,False,accord : hors,False,False,57,MOSELLE,12,NANCY-METZ
0572583Y,Collège Lionel Terray,hors EP,97.4,11.8,61.0,False,False,accord : hors,False,False,accord : hors,False,False,57,MOSELLE,12,NANCY-METZ
0572585A,Collège Julie Daubié,hors EP,87.8,10.1,104.0,True,False,IPS seul,False,False,accord : hors,False,False,57,MOSELLE,12,NANCY-METZ
0572586B,Collège Les Gaudinettes,hors EP,107.0,10.8,74.0,False,False,accord : hors,False,False,accord : hors,False,False,57,MOSELLE,12,NANCY-METZ
0572587C,Collège Jean Jaurès,REP,84.8,9.5,68.0,True,False,IPS seul,True,False,IPS seul,False,False,57,MOSELLE,12,NANCY-METZ
0572640K,Collège Metz-Arsenal,hors EP,98.0,10.7,148.0,False,False,accord : hors,False,False,accord : hors,False,False,57,MOSELLE,12,NANCY-METZ
0572689N,Collège La Source,hors EP,101.7,9.3,122.0,False,False,accord : hors,False,True,note seule,False,True,57,MOSELLE,12,NANCY-METZ
0572690P,Collège Jacques-Yves Cousteau annexe Breckelberg,REP,77.2,9.2,105.0,True,True,accord : à classer,True,True,accord : à classer,False,False,57,MOSELLE,12,NANCY-METZ
0572691R,Collège de l'Albe,hors EP,98.4,11.3,69.0,False,False,accord : hors,False,False,accord : hors,False,False,57,MOSELLE,12,NANCY-METZ
0572754J,Collège La Louvière,hors EP,114.7,12.2,84.0,False,False,accord : hors,False,False,accord : hors,False,False,57,MOSELLE,12,NANCY-METZ
0572809U,Collège Georges de la Tour,hors EP,105.7,11.1,155.0,False,False,accord : hors,False,False,accord : hors,False,False,57,MOSELLE,12,NANCY-METZ
0572811W,Collège Charlemagne,hors EP,88.5,9.2,135.0,True,True,accord : à classer,False,True,note seule,False,False,57,MOSELLE,12,NANCY-METZ
0572812X,Collège Hélène Boucher,hors EP,92.1,9.0,105.0,False,True,note seule,False,True,note seule,False,False,57,MOSELLE,12,NANCY-METZ
0572813Y,Collège Jean Moulin,hors EP,82.0,8.7,108.0,True,True,accord : à classer,True,True,accord : à classer,False,False,57,MOSELLE,12,NANCY-METZ
0572814Z,Collège Charles Hermite,hors EP,95.2,11.3,82.0,False,False,accord : hors,False,False,accord : hors,False,False,57,MOSELLE,12,NANCY-METZ
0572815A,Collège Erckmann-Chatrian,hors EP,100.2,10.0,132.0,False,False,accord : hors,False,False,accord : hors,False,False,57,MOSELLE,12,NANCY-METZ
0572816B,Collège Mangin,hors EP,94.2,11.3,125.0,False,False,accord : hors,False,False,accord : hors,False,False,57,MOSELLE,12,NANCY-METZ
0573244S,Collège René Cassin,hors EP,99.3,10.9,137.0,False,False,accord : hors,False,False,accord : hors,False,False,57,MOSELLE,12,NANCY-METZ
0573268T,Collège Robert Schuman,REP+,72.1,10.0,52.0,True,False,IPS seul,True,False,IPS seul,False,False,57,MOSELLE,12,NANCY-METZ
0573269U,Collège Charles de Gaulle,REP,82.7,9.8,177.0,True,False,IPS seul,True,False,IPS seul,False,False,57,MOSELLE,12,NANCY-METZ
0573361U,Collège Jean-Jacques Kieffer,hors EP,93.7,10.7,114.0,False,False,accord : hors,False,False,accord : hors,False,False,57,MOSELLE,12,NANCY-METZ
0573754W,Collège Nelson Mandela,hors EP,117.2,11.9,135.0,False,False,accord : hors,False,False,accord : hors,False,False,57,MOSELLE,12,NANCY-METZ
0580002M,Collège Champ de la Porte,hors EP,95.4,10.1,21.0,False,False,accord : hors,False,False,accord : hors,False,False,58,NIEVRE,7,DIJON
0580012Y,Collège Noël Berrier,REP,99.5,11.6,31.0,False,False,accord : hors,False,False,accord : hors,False,False,58,NIEVRE,7,DIJON
0580017D,Collège Maurice Genevoix,hors EP,100.4,10.2,90.0,False,False,accord : hors,False,False,accord : hors,False,False,58,NIEVRE,7,DIJON
0580018E,Collège Henri Clément,hors EP,96.7,11.1,22.0,False,False,accord : hors,False,False,accord : hors,False,False,58,NIEVRE,7,DIJON
0580019F,Collège Lucien Chaussin,hors EP,96.4,11.6,21.0,False,False,accord : hors,False,False,accord : hors,False,False,58,NIEVRE,7,DIJON
0580023K,Collège Jean Jaurès,hors EP,109.3,11.9,56.0,False,False,accord : hors,False,False,accord : hors,False,False,58,NIEVRE,7,DIJON
0580026N,Collège Paul Barreau,hors EP,104.3,12.0,28.0,False,False,accord : hors,False,False,accord : hors,False,False,58,NIEVRE,7,DIJON
0580028R,Collège Jean Rostand,hors EP,92.8,10.6,33.0,False,False,accord : hors,False,False,accord : hors,False,False,58,NIEVRE,7,DIJON
0580030T,Collège Les Deux Rivières,hors EP,103.2,10.9,33.0,False,False,accord : hors,False,False,accord : hors,False,False,58,NIEVRE,7,DIJON
0580034X,Collège Victor Hugo,hors EP,106.8,9.4,69.0,False,False,accord : hors,False,False,accord : hors,False,False,58,NIEVRE,7,DIJON
0580035Y,Collège Les Guilleraults,hors EP,94.9,11.2,38.0,False,False,accord : hors,False,False,accord : hors,False,False,58,NIEVRE,7,DIJON
0580036Z,Collège Achille Millien,hors EP,99.4,10.6,26.0,False,False,accord : hors,False,False,accord : hors,False,False,58,NIEVRE,7,DIJON
0580037A,Collège Arsène Fié,hors EP,98.9,9.1,24.0,False,True,note seule,False,True,note seule,False,False,58,NIEVRE,7,DIJON
0580038B,Collège Les Amognes,hors EP,104.5,10.7,35.0,False,False,accord : hors,False,False,accord : hors,False,False,58,NIEVRE,7,DIJON
0580039C,Collège Les Allières,hors EP,104.5,10.6,90.0,False,False,accord : hors,False,False,accord : hors,False,False,58,NIEVRE,7,DIJON
0580542Z,Collège Les Loges,REP,87.1,9.9,75.0,True,False,IPS seul,True,False,IPS seul,False,False,58,NIEVRE,7,DIJON
0580553L,Collège Paul Langevin,hors EP,104.5,11.7,104.0,False,False,accord : hors,False,False,accord : hors,False,False,58,NIEVRE,7,DIJON
0580599L,Collège Adam Billaut,REP,100.3,10.2,78.0,False,False,accord : hors,False,False,accord : hors,False,False,58,NIEVRE,7,DIJON
0580610Y,Collège Aumeunier-Michot,hors EP,101.1,11.4,75.0,False,False,accord : hors,False,False,accord : hors,False,False,58,NIEVRE,7,DIJON
0580618G,Collège Louis Aragon,hors EP,100.9,10.5,52.0,False,False,accord : hors,False,False,accord : hors,False,False,58,NIEVRE,7,DIJON
0580619H,Collège Antony Duvivier,hors EP,104.6,12.1,33.0,False,False,accord : hors,False,False,accord : hors,False,False,58,NIEVRE,7,DIJON
0580620J,Collège Henri Wallon,hors EP,99.4,9.0,97.0,False,True,note seule,False,True,note seule,False,False,58,NIEVRE,7,DIJON
0580651T,Collège Giroud de Villette,hors EP,92.4,9.9,69.0,False,False,accord : hors,False,False,accord : hors,False,False,58,NIEVRE,7,DIJON
0580669M,Collège Claude Tillier,REP,97.2,9.9,84.0,False,False,accord : hors,False,False,accord : hors,False,False,58,NIEVRE,7,DIJON
0580682B,Collège Les Courlis,REP,88.9,9.9,65.0,False,False,accord : hors,True,False,IPS seul,False,False,58,NIEVRE,7,DIJON
0580746W,Collège René Cassin,hors EP,103.3,10.7,67.0,False,False,accord : hors,False,False,accord : hors,False,False,58,NIEVRE,7,DIJON
0590002G,Collège Théodore Monod,REP,82.2,7.6,171.0,True,True,accord : à classer,True,True,accord : à classer,False,False,59,NORD,9,LILLE
0590006L,Collège Les Rochambelles,REP,73.7,7.8,145.0,True,True,accord : à classer,True,True,accord : à classer,False,False,59,NORD,9,LILLE
0590007M,Collège Pierre Gilles de Gennes,hors EP,92.5,8.6,124.0,False,True,note seule,False,True,note seule,False,False,59,NORD,9,LILLE
0590030M,Collège du Septentrion,hors EP,99.0,11.7,93.0,False,False,accord : hors,False,False,accord : hors,False,False,59,NORD,9,LILLE
0590031N,Collège Jean Macé,REP,77.1,8.5,110.0,True,True,accord : à classer,True,True,accord : à classer,False,False,59,NORD,9,LILLE
0590046E,Collège Jean Monnet,hors EP,81.5,9.1,168.0,True,True,accord : à classer,True,True,accord : à classer,False,False,59,NORD,9,LILLE
0590050J,Collège Josquin des Prés,REP+,72.8,9.4,95.0,True,False,IPS seul,True,True,accord : à classer,False,False,59,NORD,9,LILLE
0590055P,Collège Alfred Jennepin,hors EP,91.5,10.3,28.0,False,False,accord : hors,False,False,accord : hors,False,False,59,NORD,9,LILLE
0590057S,Collège Paul Éluard,hors EP,126.0,12.1,167.0,False,False,accord : hors,False,False,accord : hors,False,False,59,NORD,9,LILLE
0590058T,Collège Paul Langevin,REP,81.0,10.0,80.0,True,False,IPS seul,True,False,IPS seul,False,False,59,NORD,9,LILLE
0590062X,Collège Villars,REP,73.0,7.9,112.0,True,True,accord : à classer,True,True,accord : à classer,False,False,59,NORD,9,LILLE
0590068D,Collège Jules Ferry,hors EP,88.2,10.0,132.0,True,False,IPS seul,False,False,accord : hors,False,False,59,NORD,9,LILLE
0590082U,Collège Jean Moulin,hors EP,113.3,11.6,70.0,False,False,accord : hors,False,False,accord : hors,False,False,59,NORD,9,LILLE
0590087Z,Collège Pharamond Savary,hors EP,97.0,10.3,58.0,False,False,accord : hors,False,False,accord : hors,False,False,59,NORD,9,LILLE
0590088A,Collège Jules Verne,REP+,75.9,8.9,74.0,True,True,accord : à classer,True,True,accord : à classer,False,False,59,NORD,9,LILLE
0590090C,Collège Pierre et Marie Curie,hors EP,90.3,10.1,107.0,False,False,accord : hors,False,False,accord : hors,False,False,59,NORD,9,LILLE
0590091D,Collège Lili Keller-Rosenberg,hors EP,88.2,10.2,121.0,True,False,IPS seul,False,False,accord : hors,False,False,59,NORD,9,LILLE
0590103S,Collège Fernande Benoist,hors EP,92.8,11.3,123.0,False,False,accord : hors,False,False,accord : hors,False,False,59,NORD,9,LILLE
0590107W,Collège Jean Moulin,hors EP,97.8,10.7,73.0,False,False,accord : hors,False,False,accord : hors,False,False,59,NORD,9,LILLE
0590109Y,Collège Eugène Thomas,REP+,71.4,8.9,55.0,True,True,accord : à classer,True,True,accord : à classer,False,False,59,NORD,9,LILLE
0590115E,Collège Franklin,hors EP,104.8,9.9,107.0,False,False,accord : hors,False,False,accord : hors,False,False,59,NORD,9,LILLE
0590131X,Collège Jean Jaurès,REP,82.6,9.5,114.0,True,False,IPS seul,True,False,IPS seul,False,False,59,NORD,9,LILLE
0590142J,Collège Marguerite Yourcenar,hors EP,114.3,12.2,71.0,False,False,accord : hors,False,False,accord : hors,False,False,59,NORD,9,LILLE
0590150T,Collège Guillaume Budé,hors EP,96.4,10.5,116.0,False,False,accord : hors,False,False,accord : hors,False,False,59,NORD,9,LILLE
0590151U,Collège Ernest Coutelle,REP,88.2,9.0,78.0,True,True,accord : à classer,False,True,note seule,False,False,59,NORD,9,LILLE
0590155Y,Collège Descartes,hors EP,98.1,10.4,96.0,False,False,accord : hors,False,False,accord : hors,False,False,59,NORD,9,LILLE
0590157A,Collège Saint-Exupéry,REP,83.1,8.7,109.0,True,True,accord : à classer,True,True,accord : à classer,False,False,59,NORD,9,LILLE
0590159C,Collège du Pévèle,hors EP,115.5,11.5,225.0,False,False,accord : hors,False,False,accord : hors,False,False,59,NORD,9,LILLE
0590164H,Collège Jean Zay,hors EP,84.1,11.5,50.0,True,False,IPS seul,True,False,IPS seul,False,False,59,NORD,9,LILLE
0590179Z,Collège Paul Machy,hors EP,104.8,11.4,91.0,False,False,accord : hors,False,False,accord : hors,False,False,59,NORD,9,LILLE
0590183D,Collège Madame de Sévigné,REP+,66.0,7.4,79.0,True,True,accord : à classer,True,True,accord : à classer,False,False,59,NORD,9,LILLE
0590190L,Collège Jean-Baptiste Lebas,REP+,66.9,6.9,96.0,True,True,accord : à classer,True,True,accord : à classer,False,False,59,NORD,9,LILLE
0590200X,Collège Robespierre,REP,82.6,9.1,93.0,True,True,accord : à classer,True,True,accord : à classer,False,False,59,NORD,9,LILLE
0590206D,Collège du Solrezis,hors EP,95.7,11.5,68.0,False,False,accord : hors,False,False,accord : hors,False,False,59,NORD,9,LILLE
0590211J,Collège Albert Camus,hors EP,116.7,11.4,164.0,False,False,accord : hors,False,False,accord : hors,False,False,59,NORD,9,LILLE
0590224Y,Collège Jean-Baptiste Carpeaux,hors EP,104.9,10.4,139.0,False,False,accord : hors,False,False,accord : hors,False,False,59,NORD,9,LILLE
0590228C,Collège François Villon,hors EP,93.4,9.0,97.0,False,True,note seule,False,True,note seule,False,False,59,NORD,9,LILLE
0590238N,Collège Romain Rolland,REP,79.8,9.5,65.0,True,False,IPS seul,True,False,IPS seul,False,False,59,NORD,9,LILLE
0590248Z,Collège Louis Pasteur,hors EP,91.8,10.8,130.0,False,False,accord : hors,False,False,accord : hors,False,False,59,NORD,9,LILLE
0590271Z,Collège Verlaine,REP+,83.2,10.1,62.0,True,False,IPS seul,True,False,IPS seul,False,False,59,NORD,9,LILLE
0592634T,Collège Antoine de Saint-Exupéry,REP,85.3,8.3,136.0,True,True,accord : à classer,False,True,note seule,False,False,59,NORD,9,LILLE
0592713D,Collège Guilleminot,hors EP,109.0,11.7,108.0,False,False,accord : hors,False,False,accord : hors,False,False,59,NORD,9,LILLE
0592714E,Collège Pierre Mendès France,REP+,70.0,7.3,77.0,True,True,accord : à classer,True,True,accord : à classer,False,False,59,NORD,9,LILLE
0592715F,Collège Charles Eisen,hors EP,113.9,11.3,182.0,False,False,accord : hors,False,False,accord : hors,False,False,59,NORD,9,LILLE
0592733A,Collège André Streinger,hors EP,83.6,8.5,72.0,True,True,accord : à classer,True,True,accord : à classer,False,False,59,NORD,9,LILLE
0592751V,Collège Félicien Joly,REP,80.3,8.4,99.0,True,True,accord : à classer,True,True,accord : à classer,False,False,59,NORD,9,LILLE
0592830F,Collège Jean Zay,hors EP,86.9,9.5,92.0,True,False,IPS seul,False,False,accord : hors,False,False,59,NORD,9,LILLE
0593168Y,Collège Carnot,hors EP,125.9,12.1,169.0,False,False,accord : hors,False,False,accord : hors,False,False,59,NORD,9,LILLE
0593177H,Collège Jean Zay,REP,89.9,9.1,47.0,False,True,note seule,False,True,note seule,False,False,59,NORD,9,LILLE
0593178J,Collège François Rabelais,REP+,71.4,8.5,99.0,True,True,accord : à classer,True,True,accord : à classer,False,False,59,NORD,9,LILLE
0593179K,Collège Claude Lévi-Strauss,REP,86.7,9.0,112.0,True,True,accord : à classer,False,True,note seule,False,False,59,NORD,9,LILLE
0593180L,Collège Saint-Exupéry,hors EP,101.5,11.0,187.0,False,False,accord : hors,False,False,accord : hors,False,False,59,NORD,9,LILLE
0593181M,Collège Maxence Van Der Meersch,hors EP,86.5,9.1,98.0,True,True,accord : à classer,False,True,note seule,False,False,59,NORD,9,LILLE
0593182N,Collège Jules Ferry,hors EP,96.9,10.4,45.0,False,False,accord : hors,False,False,accord : hors,False,False,59,NORD,9,LILLE
0593185S,Collège Anatole France,REP,74.2,9.1,128.0,True,True,accord : à classer,True,True,accord : à classer,False,False,59,NORD,9,LILLE
0593196D,Collège Arthur Rimbaud,hors EP,105.0,11.2,131.0,False,False,accord : hors,False,False,accord : hors,False,False,59,NORD,9,LILLE
0593226L,Collège Anne Frank,hors EP,123.2,12.1,86.0,False,False,accord : hors,False,False,accord : hors,False,False,59,NORD,9,LILLE
0593227M,Collège du Lazaro,hors EP,118.7,11.6,170.0,False,False,accord : hors,False,False,accord : hors,False,False,59,NORD,9,LILLE
0593228N,Collège Jean Moulin,hors EP,112.0,11.1,88.0,False,False,accord : hors,False,False,accord : hors,False,False,59,NORD,9,LILLE
0593231S,Collège Albert Schweitzer,hors EP,100.1,9.6,184.0,False,False,accord : hors,False,False,accord : hors,False,False,59,NORD,9,LILLE
0593233U,Collège professeur Albert Debeyre,hors EP,93.3,8.4,97.0,False,True,note seule,False,True,note seule,False,False,59,NORD,9,LILLE
0593234V,Collège Albert Ball,hors EP,113.2,11.2,129.0,False,False,accord : hors,False,False,accord : hors,False,False,59,NORD,9,LILLE
0593235W,Collège Boris Vian,REP+,90.9,9.2,117.0,False,True,note seule,False,True,note seule,False,False,59,NORD,9,LILLE
0593237Y,Collège Gernez Rieux,hors EP,95.6,9.6,101.0,False,False,accord : hors,False,False,accord : hors,False,False,59,NORD,9,LILLE
0593239A,Collège Boris Vian,hors EP,96.0,10.6,135.0,False,False,accord : hors,False,False,accord : hors,False,False,59,NORD,9,LILLE
0593240B,Collège Gambetta,hors EP,92.4,9.5,134.0,False,False,accord : hors,False,False,accord : hors,False,False,59,NORD,9,LILLE
0593241C,Collège Albert Calmette,hors EP,105.5,10.7,107.0,False,False,accord : hors,False,False,accord : hors,False,False,59,NORD,9,LILLE
0593242D,Collège Gustave Nadaud,REP,80.4,8.6,121.0,True,True,accord : à classer,True,True,accord : à classer,False,False,59,NORD,9,LILLE
0593244F,Collège Philippe de Commynes,hors EP,82.8,9.8,82.0,True,False,IPS seul,True,False,IPS seul,False,False,59,NORD,9,LILLE
0593246H,Collège Desrousseaux,hors EP,86.3,8.5,142.0,True,True,accord : à classer,False,True,note seule,False,False,59,NORD,9,LILLE
0593251N,Collège Docteur Ernest Schaffner,hors EP,97.4,10.2,122.0,False,False,accord : hors,False,False,accord : hors,False,False,59,NORD,9,LILLE
0593252P,Collège Léo Lagrange,REP,84.2,8.0,66.0,True,True,accord : à classer,True,True,accord : à classer,False,False,59,NORD,9,LILLE
0593254S,Collège Jules Verne,REP+,67.6,9.7,51.0,True,False,IPS seul,True,False,IPS seul,False,False,59,NORD,9,LILLE
0593474F,Collège professeur Albert Debeyre,hors EP,110.8,10.6,144.0,False,False,accord : hors,False,False,accord : hors,False,False,59,NORD,9,LILLE
0593475G,Collège Léon Blum,hors EP,110.3,10.8,118.0,False,False,accord : hors,False,False,accord : hors,False,False,59,NORD,9,LILLE
0593476H,Collège Jean Mermoz,hors EP,112.8,11.7,99.0,False,False,accord : hors,False,False,accord : hors,False,False,59,NORD,9,LILLE
0593479L,Collège Wenceslas Cobergher,hors EP,100.6,9.4,53.0,False,False,accord : hors,False,True,note seule,False,False,59,NORD,9,LILLE
0593482P,Collège Fréderic Joliot Curie,REP,83.3,10.0,76.0,True,False,IPS seul,True,False,IPS seul,False,False,59,NORD,9,LILLE
0593483R,Collège Robert Desnos,REP,89.4,8.3,97.0,False,True,note seule,False,True,note seule,False,False,59,NORD,9,LILLE
0593484S,Collège Émile Littré,REP,83.3,9.4,123.0,True,False,IPS seul,True,True,accord : à classer,False,False,59,NORD,9,LILLE
0593486U,Collège Félicien Joly,REP,75.8,8.0,88.0,True,True,accord : à classer,True,True,accord : à classer,False,False,59,NORD,9,LILLE
0593487V,Collège Jules Ferry,hors EP,90.3,10.2,100.0,False,False,accord : hors,False,False,accord : hors,False,False,59,NORD,9,LILLE
0593488W,Collège Lamartine,REP,88.5,10.4,86.0,True,False,IPS seul,False,False,accord : hors,False,False,59,NORD,9,LILLE
0593490Y,Collège Jean Lemaire de Belges,hors EP,107.2,11.1,122.0,False,False,accord : hors,False,False,accord : hors,False,False,59,NORD,9,LILLE
0593494C,Collège Boris Vian,hors EP,90.3,11.1,77.0,False,False,accord : hors,False,False,accord : hors,False,False,59,NORD,9,LILLE
0593658F,Collège Yvonne Abbas,hors EP,95.6,10.3,78.0,False,False,accord : hors,False,False,accord : hors,False,False,59,NORD,9,LILLE
0593660H,Collège René Descartes,REP+,77.6,8.6,67.0,True,True,accord : à classer,True,True,accord : à classer,False,False,59,NORD,9,LILLE
0593662K,Collège Jean Demailly,hors EP,92.2,10.8,92.0,False,False,accord : hors,False,False,accord : hors,False,False,59,NORD,9,LILLE
0593663L,Collège Jean Deconinck,REP,72.2,8.9,81.0,True,True,accord : à classer,True,True,accord : à classer,False,False,59,NORD,9,LILLE
0593664M,Collège Lucie Aubrac,REP+,76.1,9.1,82.0,True,True,accord : à classer,True,True,accord : à classer,False,False,59,NORD,9,LILLE
0593666P,Collège Gaspard Malo,hors EP,107.6,10.7,92.0,False,False,accord : hors,False,False,accord : hors,False,False,59,NORD,9,LILLE
0593667R,Collège Rosa Parks,REP+,61.9,8.3,107.0,True,True,accord : à classer,True,True,accord : à classer,False,False,59,NORD,9,LILLE
0593668S,Collège Paul Éluard,hors EP,100.7,9.9,62.0,False,False,accord : hors,False,False,accord : hors,False,False,59,NORD,9,LILLE
0593672W,Collège de l'Ostrevant,hors EP,96.7,9.5,160.0,False,False,accord : hors,False,False,accord : hors,False,False,59,NORD,9,LILLE
0593673X,Collège Madame d'Épinay,hors EP,90.6,10.4,69.0,False,False,accord : hors,False,False,accord : hors,False,False,59,NORD,9,LILLE
0593674Y,Collège Alphonse Terroir,hors EP,88.4,9.4,122.0,True,False,IPS seul,False,True,note seule,False,False,59,NORD,9,LILLE
0593676A,Collège Paul Langevin,hors EP,93.9,10.7,133.0,False,False,accord : hors,False,False,accord : hors,False,False,59,NORD,9,LILLE
0593678C,Collège Jean Moulin,hors EP,89.0,9.7,114.0,False,False,accord : hors,False,False,accord : hors,False,False,59,NORD,9,LILLE
0593680E,Collège Joséphine Baker,REP+,67.8,6.6,74.0,True,True,accord : à classer,True,True,accord : à classer,False,False,59,NORD,9,LILLE
0593681F,Collège Lavoisier,hors EP,87.2,9.8,105.0,True,False,IPS seul,False,False,accord : hors,False,False,59,NORD,9,LILLE
0593683H,Collège Jacques Prévert,hors EP,95.6,10.5,97.0,False,False,accord : hors,False,False,accord : hors,False,False,59,NORD,9,LILLE
0593686L,Collège Jacques Brel,REP+,69.1,8.2,55.0,True,True,accord : à classer,True,True,accord : à classer,False,False,59,NORD,9,LILLE
0593991T,Collège Théodore Monod,hors EP,123.8,11.6,124.0,False,False,accord : hors,False,False,accord : hors,False,False,59,NORD,9,LILLE
0593992U,Collège Antoine de Saint-Exupéry,hors EP,111.0,12.4,110.0,False,False,accord : hors,False,False,accord : hors,False,False,59,NORD,9,LILLE
0594168K,Collège Jean Zay,REP,88.1,8.0,73.0,True,True,accord : à classer,False,True,note seule,False,False,59,NORD,9,LILLE
0594287P,Collège Rouges Barres,hors EP,111.0,11.9,90.0,False,False,accord : hors,False,False,accord : hors,False,False,59,NORD,9,LILLE
0594288R,Collège Louise Michel,REP+,69.1,7.9,95.0,True,True,accord : à classer,True,True,accord : à classer,False,False,59,NORD,9,LILLE
0594290T,Collège Henri Matisse,REP,83.4,9.0,60.0,True,True,accord : à classer,True,True,accord : à classer,False,False,59,NORD,9,LILLE
0594291U,Collège Molière,hors EP,120.2,12.3,117.0,False,False,accord : hors,False,False,accord : hors,False,False,59,NORD,9,LILLE
0594293W,Collège Albert Roussel,REP+,72.1,6.8,121.0,True,True,accord : à classer,True,True,accord : à classer,False,False,59,NORD,9,LILLE
0594294X,Collège Henri Dunant,hors EP,80.2,9.5,62.0,True,False,IPS seul,True,False,IPS seul,False,False,59,NORD,9,LILLE
0594295Y,Collège du Westhoek,REP,87.2,9.9,35.0,True,False,IPS seul,False,False,accord : hors,False,False,59,NORD,9,LILLE
0594297A,Collège Victor Hugo,REP,80.9,9.7,74.0,True,False,IPS seul,True,False,IPS seul,False,False,59,NORD,9,LILLE
0594298B,Collège André Malraux,hors EP,100.6,10.6,127.0,False,False,accord : hors,False,False,accord : hors,False,False,59,NORD,9,LILLE
0594299C,Collège Turgot,REP+,69.9,7.8,91.0,True,True,accord : à classer,True,True,accord : à classer,False,False,59,NORD,9,LILLE
0594300D,Collège Bayard,REP+,72.9,9.0,49.0,True,True,accord : à classer,True,True,accord : à classer,False,False,59,NORD,9,LILLE
0594301E,Collège Paul Éluard,REP+,77.7,9.6,94.0,True,False,IPS seul,True,False,IPS seul,False,False,59,NORD,9,LILLE
0594303G,Collège Jehan Froissart,REP,78.9,8.9,93.0,True,True,accord : à classer,True,True,accord : à classer,False,False,59,NORD,9,LILLE
0594304H,Collège Marie Curie,hors EP,91.6,9.5,121.0,False,False,accord : hors,False,False,accord : hors,False,False,59,NORD,9,LILLE
0594308M,Collège Denis Saurat,hors EP,84.5,8.5,43.0,True,True,accord : à classer,True,True,accord : à classer,False,False,59,NORD,9,LILLE
0594309N,Collège Pierre de Ronsard,REP+,72.0,7.2,67.0,True,True,accord : à classer,True,True,accord : à classer,False,False,59,NORD,9,LILLE
0594362W,Collège Vauban,REP+,65.8,7.7,119.0,True,True,accord : à classer,True,True,accord : à classer,False,False,59,NORD,9,LILLE
0594386X,Collège Le Parc,hors EP,106.1,11.4,85.0,False,False,accord : hors,False,False,accord : hors,False,False,59,NORD,9,LILLE
0594389A,Collège Anne Frank,REP+,64.5,5.9,114.0,True,True,accord : à classer,True,True,accord : à classer,False,False,59,NORD,9,LILLE
0594392D,Collège Pablo Néruda,REP,89.4,8.8,64.0,False,True,note seule,False,True,note seule,False,False,59,NORD,9,LILLE
0594394F,Collège Marie Curie,REP,80.8,8.9,111.0,True,True,accord : à classer,True,True,accord : à classer,False,False,59,NORD,9,LILLE
0594397J,Collège Jean Rostand,hors EP,80.1,8.4,104.0,True,True,accord : à classer,True,True,accord : à classer,False,False,59,NORD,9,LILLE
0594398K,Collège Anne Frank,hors EP,83.7,9.9,82.0,True,False,IPS seul,True,False,IPS seul,False,False,59,NORD,9,LILLE
0594401N,Collège Val de la Sensée,hors EP,103.8,10.8,170.0,False,False,accord : hors,False,False,accord : hors,False,False,59,NORD,9,LILLE
0594402P,Collège André Canivez,REP,74.2,7.9,110.0,True,True,accord : à classer,True,True,accord : à classer,False,False,59,NORD,9,LILLE
0594405T,Collège Victor Hugo,REP,84.9,9.0,114.0,True,True,accord : à classer,True,True,accord : à classer,False,False,59,NORD,9,LILLE
0594408W,Collège Germinal,REP+,74.5,7.8,88.0,True,True,accord : à classer,True,True,accord : à classer,False,False,59,NORD,9,LILLE
0594409X,Collège Jean Zay,REP,71.8,8.1,56.0,True,True,accord : à classer,True,True,accord : à classer,False,False,59,NORD,9,LILLE
0594410Y,Collège Fernig,hors EP,101.9,9.7,70.0,False,False,accord : hors,False,False,accord : hors,False,False,59,NORD,9,LILLE
0594411Z,Collège Moulin Blanc,hors EP,110.7,11.3,162.0,False,False,accord : hors,False,False,accord : hors,False,False,59,NORD,9,LILLE
0594412A,Collège Jean Jaurès,REP,83.6,9.1,149.0,True,True,accord : à classer,True,True,accord : à classer,False,False,59,NORD,9,LILLE
0594415D,Collège Gilles de Chin,hors EP,96.7,9.9,78.0,False,False,accord : hors,False,False,accord : hors,False,False,59,NORD,9,LILLE
0594418G,Collège Charles de Gaulle,REP,76.7,8.0,63.0,True,True,accord : à classer,True,True,accord : à classer,False,False,59,NORD,9,LILLE
0594523W,Collège Guy Mollet,hors EP,102.7,10.7,80.0,False,False,accord : hors,False,False,accord : hors,False,False,59,NORD,9,LILLE
0594524X,Collège Jean Moulin,REP,79.2,8.5,57.0,True,True,accord : à classer,True,True,accord : à classer,False,False,59,NORD,9,LILLE
0594525Y,Collège Le Triolo,hors EP,102.1,10.6,80.0,False,False,accord : hors,False,False,accord : hors,False,False,59,NORD,9,LILLE
0594527A,Collège Maxence Van Der Meersch,hors EP,100.9,10.1,78.0,False,False,accord : hors,False,False,accord : hors,False,False,59,NORD,9,LILLE
0594533G,Collège Voltaire,REP,75.3,8.5,79.0,True,True,accord : à classer,True,True,accord : à classer,False,False,59,NORD,9,LILLE
0594534H,Collège Paul Langevin,hors EP,90.5,10.2,55.0,False,False,accord : hors,False,False,accord : hors,False,False,59,NORD,9,LILLE
0594537L,Collège Jules Verne,hors EP,105.9,10.5,71.0,False,False,accord : hors,False,False,accord : hors,False,False,59,NORD,9,LILLE
0594538M,Collège Jean Rostand,hors EP,86.7,9.4,36.0,True,False,IPS seul,False,True,note seule,False,False,59,NORD,9,LILLE
0594628K,Collège Jacques Monod,hors EP,112.3,12.5,71.0,False,False,accord : hors,False,False,accord : hors,False,False,59,NORD,9,LILLE
0594632P,Collège Raymond Devos,REP,91.1,9.3,134.0,False,False,accord : hors,False,True,note seule,False,True,59,NORD,9,LILLE
0594634S,Collège Théodore Monod,REP+,71.9,8.5,80.0,True,True,accord : à classer,True,True,accord : à classer,False,False,59,NORD,9,LILLE
0594636U,Collège Maxime Deyts,hors EP,101.6,11.5,186.0,False,False,accord : hors,False,False,accord : hors,False,False,59,NORD,9,LILLE
0594638W,Collège Roger Salengro,hors EP,98.4,12.0,118.0,False,False,accord : hors,False,False,accord : hors,False,False,59,NORD,9,LILLE
0594640Y,Collège Jean Jaurès,hors EP,83.6,11.3,63.0,True,False,IPS seul,True,False,IPS seul,False,False,59,NORD,9,LILLE
0594642A,Collège Lamartine,hors EP,87.0,9.6,91.0,True,False,IPS seul,False,False,accord : hors,False,False,59,NORD,9,LILLE
0594643B,Collège du Houtland,hors EP,100.5,11.1,118.0,False,False,accord : hors,False,False,accord : hors,False,False,59,NORD,9,LILLE
0594644C,Collège Lavoisier,hors EP,94.8,9.4,70.0,False,False,accord : hors,False,True,note seule,False,False,59,NORD,9,LILLE
0594645D,Collège Jean-Jacques Rousseau,hors EP,98.7,11.6,123.0,False,False,accord : hors,False,False,accord : hors,False,False,59,NORD,9,LILLE
0594648G,Collège Antoine de Saint-Exupéry,hors EP,95.6,10.6,150.0,False,False,accord : hors,False,False,accord : hors,False,False,59,NORD,9,LILLE
0594650J,Collège Jacques Prévert,hors EP,95.1,11.1,110.0,False,False,accord : hors,False,False,accord : hors,False,False,59,NORD,9,LILLE
0594865T,Collège Anatole France,REP,95.3,10.9,71.0,False,False,accord : hors,False,False,accord : hors,False,False,59,NORD,9,LILLE
0594866U,Collège Françoise Dolto,hors EP,129.7,12.3,120.0,False,False,accord : hors,False,False,accord : hors,False,False,59,NORD,9,LILLE
0594872A,Collège Robert le Frison,hors EP,104.7,12.3,131.0,False,False,accord : hors,False,False,accord : hors,False,False,59,NORD,9,LILLE
0594876E,Collège Montaigne,hors EP,95.4,9.6,57.0,False,False,accord : hors,False,False,accord : hors,False,False,59,NORD,9,LILLE
0594879H,Collège Joliot Curie,REP,86.5,9.2,55.0,True,True,accord : à classer,False,True,note seule,False,False,59,NORD,9,LILLE
0594881K,Collège Martha Desrumaux,hors EP,85.0,8.9,84.0,True,True,accord : à classer,True,True,accord : à classer,False,False,59,NORD,9,LILLE
0595163S,Collège Lavoisier,hors EP,101.3,10.7,74.0,False,False,accord : hors,False,False,accord : hors,False,False,59,NORD,9,LILLE
0595166V,Collège Hergé,hors EP,125.6,12.3,133.0,False,False,accord : hors,False,False,accord : hors,False,False,59,NORD,9,LILLE
0595167W,Collège Charles Baudelaire,hors EP,81.7,10.6,85.0,True,False,IPS seul,True,False,IPS seul,False,False,59,NORD,9,LILLE
0595168X,Collège Maxence Van Der Meersch,REP+,71.8,7.5,112.0,True,True,accord : à classer,True,True,accord : à classer,False,False,59,NORD,9,LILLE
0595169Y,Collège Émile Zola,REP,78.2,7.5,63.0,True,True,accord : à classer,True,True,accord : à classer,False,False,59,NORD,9,LILLE
0595170Z,Collège des Flandres,hors EP,98.8,10.7,162.0,False,False,accord : hors,False,False,accord : hors,False,False,59,NORD,9,LILLE
0595171A,Collège Albert Châtelet,hors EP,107.1,11.3,159.0,False,False,accord : hors,False,False,accord : hors,False,False,59,NORD,9,LILLE
0595172B,Collège Eugène Thomas,hors EP,115.1,11.2,214.0,False,False,accord : hors,False,False,accord : hors,False,False,59,NORD,9,LILLE
0595174D,Collège Robert Badinter,hors EP,94.0,8.9,150.0,False,True,note seule,False,True,note seule,False,False,59,NORD,9,LILLE
0595175E,Collège Fénelon,hors EP,100.3,9.0,131.0,False,True,note seule,False,True,note seule,False,False,59,NORD,9,LILLE
0595176F,Collège Renaud-Barrault,hors EP,88.9,9.9,101.0,False,False,accord : hors,False,False,accord : hors,False,False,59,NORD,9,LILLE
0595177G,Collège Camille Claudel,hors EP,81.6,9.2,52.0,True,True,accord : à classer,True,True,accord : à classer,False,False,59,NORD,9,LILLE
0595178H,Collège Dupleix,hors EP,97.7,10.3,115.0,False,False,accord : hors,False,False,accord : hors,False,False,59,NORD,9,LILLE
0595190W,Collège Gayant,REP+,76.3,6.8,49.0,True,True,accord : à classer,True,True,accord : à classer,False,False,59,NORD,9,LILLE
0595277R,Collège Jacques Prévert,REP,79.2,8.8,110.0,True,True,accord : à classer,True,True,accord : à classer,False,False,59,NORD,9,LILLE
0595328W,Collège Simone de Beauvoir,REP,80.7,9.2,116.0,True,True,accord : à classer,True,True,accord : à classer,False,False,59,NORD,9,LILLE
0595337F,Collège Jean Rostand,REP,78.7,8.0,149.0,True,True,accord : à classer,True,True,accord : à classer,False,False,59,NORD,9,LILLE
0595595L,Collège du Looweg,hors EP,96.4,11.5,59.0,False,False,accord : hors,False,False,accord : hors,False,False,59,NORD,9,LILLE
0595596M,Collège Jean Rostand,hors EP,88.5,9.5,61.0,True,False,IPS seul,False,False,accord : hors,False,False,59,NORD,9,LILLE
0595597N,Collège Voltaire,hors EP,118.4,12.2,139.0,False,False,accord : hors,False,False,accord : hors,False,False,59,NORD,9,LILLE
0595656C,Collège Camille Claudel,hors EP,110.2,10.1,79.0,False,False,accord : hors,False,False,accord : hors,False,False,59,NORD,9,LILLE
0595712N,Collège Jean Monnet,hors EP,90.4,9.4,39.0,False,False,accord : hors,False,True,note seule,False,False,59,NORD,9,LILLE
0595713P,Collège Alphonse Daudet,hors EP,112.2,10.5,114.0,False,False,accord : hors,False,False,accord : hors,False,False,59,NORD,9,LILLE
0595757M,Collège Henri Durez,hors EP,93.5,9.4,102.0,False,False,accord : hors,False,True,note seule,False,False,59,NORD,9,LILLE
0595758N,Collège Dolet,hors EP,102.1,10.1,106.0,False,False,accord : hors,False,False,accord : hors,False,False,59,NORD,9,LILLE
0595782P,Collège du Moulin,REP+,74.7,9.8,70.0,True,False,IPS seul,True,False,IPS seul,False,False,59,NORD,9,LILLE
0596059R,Collège Jules Ferry,hors EP,102.8,10.1,129.0,False,False,accord : hors,False,False,accord : hors,False,False,59,NORD,9,LILLE
0596172N,Collège Henri Matisse,hors EP,92.8,11.2,79.0,False,False,accord : hors,False,False,accord : hors,False,False,59,NORD,9,LILLE
0596529B,Collège intercommunal Maurice Schumann,REP,88.8,10.2,124.0,True,False,IPS seul,False,False,accord : hors,True,False,59,NORD,9,LILLE
0596694F,Collège Félix del Marle,hors EP,86.6,8.0,160.0,True,True,accord : à classer,False,True,note seule,False,False,59,NORD,9,LILLE
0596716E,Collège Arthur Van Hecke,hors EP,85.0,8.9,71.0,True,True,accord : à classer,True,True,accord : à classer,False,False,59,NORD,9,LILLE
0596833G,Collège Nina Simone,REP+,79.2,9.0,102.0,True,True,accord : à classer,True,True,accord : à classer,False,False,59,NORD,9,LILLE
0596860L,Collège Lucie Aubrac,REP+,77.7,8.1,106.0,True,True,accord : à classer,True,True,accord : à classer,False,False,59,NORD,9,LILLE
0596873A,Collège Simone Veil,hors EP,131.3,12.7,180.0,False,False,accord : hors,False,False,accord : hors,False,False,59,NORD,9,LILLE
0596988A,Collège Jeanne de Constantinople,hors EP,106.4,10.6,87.0,False,False,accord : hors,False,False,accord : hors,False,False,59,NORD,9,LILLE
0597004T,Collège Miriam Makeba,REP+,77.5,8.5,97.0,True,True,accord : à classer,True,True,accord : à classer,False,False,59,NORD,9,LILLE
0600007G,Collège Henri Baumont,REP+,74.7,9.2,147.0,True,True,accord : à classer,True,True,accord : à classer,False,False,60,OISE,20,AMIENS
0600012M,Collège Antoine de Saint-Exupéry,hors EP,108.7,9.8,70.0,False,False,accord : hors,False,False,accord : hors,False,False,60,OISE,20,AMIENS
0600018U,Collège Gaëtan Denain,REP,84.7,8.6,135.0,True,True,accord : à classer,True,True,accord : à classer,False,False,60,OISE,20,AMIENS
0600022Y,Collège Gabriel Havez,REP+,71.3,8.2,166.0,True,True,accord : à classer,True,True,accord : à classer,False,False,60,OISE,20,AMIENS
0600027D,Collège Jéhan le Fréron,hors EP,98.7,11.4,105.0,False,False,accord : hors,False,False,accord : hors,False,False,60,OISE,20,AMIENS
0600028E,Collège Louis Bouland,hors EP,102.9,10.5,106.0,False,False,accord : hors,False,False,accord : hors,False,False,60,OISE,20,AMIENS
0600030G,Collège Ferdinand Buisson,hors EP,94.1,9.0,92.0,False,True,note seule,False,True,note seule,False,False,60,OISE,20,AMIENS
0600032J,Collège La Rochefoucauld,hors EP,98.7,9.9,152.0,False,False,accord : hors,False,False,accord : hors,False,False,60,OISE,20,AMIENS
0600036N,Collège Édouard Herriot,REP,84.7,10.4,88.0,True,False,IPS seul,True,False,IPS seul,False,False,60,OISE,20,AMIENS
0600045Y,Collège de la Vallée du Matz,hors EP,104.1,11.4,118.0,False,False,accord : hors,False,False,accord : hors,False,False,60,OISE,20,AMIENS
0600046Z,Collège de Marly,hors EP,97.7,10.0,125.0,False,False,accord : hors,False,False,accord : hors,False,False,60,OISE,20,AMIENS
0600050D,Collège Albéric Magnard,hors EP,115.5,11.5,95.0,False,False,accord : hors,False,False,accord : hors,False,False,60,OISE,20,AMIENS
0600060P,Collège Jacques Prévert,hors EP,110.5,11.1,147.0,False,False,accord : hors,False,False,accord : hors,False,False,60,OISE,20,AMIENS
0601176C,Collège Gérard Philipe,hors EP,101.8,10.9,87.0,False,False,accord : hors,False,False,accord : hors,False,False,60,OISE,20,AMIENS
0601177D,Collège Jean-Jacques Rousseau,REP,76.4,8.1,151.0,True,True,accord : à classer,True,True,accord : à classer,False,False,60,OISE,20,AMIENS
0601178E,Collège Anatole France,REP+,79.6,8.9,170.0,True,True,accord : à classer,True,True,accord : à classer,False,False,60,OISE,20,AMIENS
0601179F,Collège Marcelin Berthelot,REP,88.4,9.0,160.0,True,True,accord : à classer,False,True,note seule,False,False,60,OISE,20,AMIENS
0601180G,Collège Madeleine et Georges Blin,hors EP,91.7,9.8,80.0,False,False,accord : hors,False,False,accord : hors,False,False,60,OISE,20,AMIENS
0601188R,Collège Jean-Baptiste Pellerin,hors EP,106.4,10.6,152.0,False,False,accord : hors,False,False,accord : hors,False,False,60,OISE,20,AMIENS
0601189S,Collège Jules Michelet,hors EP,94.4,9.4,118.0,False,False,accord : hors,False,True,note seule,False,False,60,OISE,20,AMIENS
0601190T,Collège Charles Fauqueux,REP+,74.8,8.6,116.0,True,True,accord : à classer,True,True,accord : à classer,False,False,60,OISE,20,AMIENS
0601191U,Collège du Thelle,REP,92.9,9.9,135.0,False,False,accord : hors,False,False,accord : hors,False,False,60,OISE,20,AMIENS
0601192V,Collège Sonia Delaunay,hors EP,118.7,10.8,99.0,False,False,accord : hors,False,False,accord : hors,False,False,60,OISE,20,AMIENS
0601193W,Collège Claude Debussy,hors EP,104.9,11.1,150.0,False,False,accord : hors,False,False,accord : hors,False,False,60,OISE,20,AMIENS
0601292D,Collège Les Fontainettes,hors EP,97.2,9.3,123.0,False,False,accord : hors,False,True,note seule,False,True,60,OISE,20,AMIENS
0601293E,Collège Romain Rolland,hors EP,98.2,9.3,132.0,False,False,accord : hors,False,True,note seule,False,True,60,OISE,20,AMIENS
0601294F,Collège Jean de La Fontaine,hors EP,100.6,10.3,147.0,False,False,accord : hors,False,False,accord : hors,False,False,60,OISE,20,AMIENS
0601295G,Collège Jacques Monod,hors EP,106.5,10.4,94.0,False,False,accord : hors,False,False,accord : hors,False,False,60,OISE,20,AMIENS
0601296H,Collège Lucie et Raymond Aubrac,hors EP,93.3,8.2,112.0,False,True,note seule,False,True,note seule,False,False,60,OISE,20,AMIENS
0601297J,Collège Louis Pasteur,REP,90.7,10.6,125.0,False,False,accord : hors,False,False,accord : hors,False,False,60,OISE,20,AMIENS
0601365H,Collège Phileas Lebesgue,hors EP,98.8,10.7,97.0,False,False,accord : hors,False,False,accord : hors,False,False,60,OISE,20,AMIENS
0601366J,Collège Ferdinand Bac,hors EP,114.0,11.5,150.0,False,False,accord : hors,False,False,accord : hors,False,False,60,OISE,20,AMIENS
0601367K,Collège La Fontaine des Prés,hors EP,111.4,10.9,96.0,False,False,accord : hors,False,False,accord : hors,False,False,60,OISE,20,AMIENS
0601406C,Collège Compère Morel,hors EP,90.5,10.8,104.0,False,False,accord : hors,False,False,accord : hors,False,False,60,OISE,20,AMIENS
0601407D,Collège d'Aramont,hors EP,97.8,10.8,118.0,False,False,accord : hors,False,False,accord : hors,False,False,60,OISE,20,AMIENS
0601408E,Collège Guillaume Cale,hors EP,104.8,10.4,177.0,False,False,accord : hors,False,False,accord : hors,False,False,60,OISE,20,AMIENS
0601409F,Collège Jules Vallès,hors EP,113.7,10.8,154.0,False,False,accord : hors,False,False,accord : hors,False,False,60,OISE,20,AMIENS
0601424X,Collège Condorcet,hors EP,107.4,10.8,111.0,False,False,accord : hors,False,False,accord : hors,False,False,60,OISE,20,AMIENS
0601432F,Collège Abel Didelet,hors EP,107.4,10.7,204.0,False,False,accord : hors,False,False,accord : hors,False,False,60,OISE,20,AMIENS
0601443T,Collège Anna de Noailles,hors EP,102.8,11.3,157.0,False,False,accord : hors,False,False,accord : hors,False,False,60,OISE,20,AMIENS
0601445V,Collège Louise Michel,hors EP,98.3,9.5,172.0,False,False,accord : hors,False,False,accord : hors,False,False,60,OISE,20,AMIENS
0601446W,Collège Clotaire Baujoin,hors EP,98.2,10.5,130.0,False,False,accord : hors,False,False,accord : hors,False,False,60,OISE,20,AMIENS
0601447X,Collège Marcel Pagnol,hors EP,101.7,9.2,112.0,False,True,note seule,False,True,note seule,False,False,60,OISE,20,AMIENS
0601449Z,Collège Jules Michelet,hors EP,86.7,8.8,155.0,True,True,accord : à classer,True,True,accord : à classer,False,False,60,OISE,20,AMIENS
0601469W,Collège Jean Moulin,hors EP,84.0,10.3,68.0,True,False,IPS seul,True,False,IPS seul,False,False,60,OISE,20,AMIENS
0601471Y,Collège Jean Fernel,hors EP,100.4,10.1,149.0,False,False,accord : hors,False,False,accord : hors,False,False,60,OISE,20,AMIENS
0601487R,Collège George Sand,hors EP,98.2,9.4,110.0,False,False,accord : hors,False,True,note seule,False,False,60,OISE,20,AMIENS
0601524F,Collège André Malraux,REP+,76.1,9.0,75.0,True,True,accord : à classer,True,True,accord : à classer,False,False,60,OISE,20,AMIENS
0601605U,Collège Paul Éluard,REP,84.4,8.4,156.0,True,True,accord : à classer,True,True,accord : à classer,False,False,60,OISE,20,AMIENS
0601606V,Collège des Bourgognes,hors EP,119.9,10.8,111.0,False,False,accord : hors,False,False,accord : hors,False,False,60,OISE,20,AMIENS
0601607W,Collège Simone Veil,hors EP,102.7,10.0,142.0,False,False,accord : hors,False,False,accord : hors,False,False,60,OISE,20,AMIENS
0601718S,Collège Pierre Mendès France,REP,88.1,9.4,99.0,True,False,IPS seul,False,True,note seule,False,False,60,OISE,20,AMIENS
0601766U,Collège du Servois,hors EP,123.1,12.8,76.0,False,False,accord : hors,False,False,accord : hors,False,False,60,OISE,20,AMIENS
0601786R,Collège René Cassin,hors EP,112.2,11.6,134.0,False,False,accord : hors,False,False,accord : hors,False,False,60,OISE,20,AMIENS
0601799E,Collège Le Point du Jour,hors EP,104.5,9.0,102.0,False,True,note seule,False,True,note seule,False,False,60,OISE,20,AMIENS
0601821D,Collège Émile Lambert,REP,95.7,9.3,105.0,False,False,accord : hors,False,True,note seule,False,True,60,OISE,20,AMIENS
0601833S,Collège Gérard de Nerval,hors EP,109.6,10.8,130.0,False,False,accord : hors,False,False,accord : hors,False,False,60,OISE,20,AMIENS
0601834T,Collège Jacques-Yves Cousteau,hors EP,107.5,10.7,136.0,False,False,accord : hors,False,False,accord : hors,False,False,60,OISE,20,AMIENS
0601847G,Collège Henry de Montherlant,hors EP,108.5,9.7,215.0,False,False,accord : hors,False,False,accord : hors,False,False,60,OISE,20,AMIENS
0601872J,Collège Françoise Dolto,hors EP,132.2,12.3,135.0,False,False,accord : hors,False,False,accord : hors,False,False,60,OISE,20,AMIENS
0601882V,Collège Guy de Maupassant,hors EP,110.4,10.3,123.0,False,False,accord : hors,False,False,accord : hors,False,False,60,OISE,20,AMIENS
0601937E,Collège Jules Verne,hors EP,109.9,11.2,130.0,False,False,accord : hors,False,False,accord : hors,False,False,60,OISE,20,AMIENS
0601938F,Collège Léonard de Vinci,hors EP,105.3,10.1,145.0,False,False,accord : hors,False,False,accord : hors,False,False,60,OISE,20,AMIENS
0601970R,Collège Abel Lefranc,hors EP,96.6,10.1,94.0,False,False,accord : hors,False,False,accord : hors,False,False,60,OISE,20,AMIENS
0602004C,Collège Constant Bourgeois,hors EP,91.0,9.9,75.0,False,False,accord : hors,False,False,accord : hors,False,False,60,OISE,20,AMIENS
0602077G,Collège Françoise Sagan,hors EP,108.6,9.5,114.0,False,False,accord : hors,False,False,accord : hors,False,False,60,OISE,20,AMIENS
0610003X,Collège Jean Racine,hors EP,104.7,11.0,101.0,False,False,accord : hors,False,False,accord : hors,False,False,61,ORNE,70,NORMANDIE
0610010E,Collège Roger Martin du Gard,hors EP,104.0,11.4,56.0,False,False,accord : hors,False,False,accord : hors,False,False,61,ORNE,70,NORMANDIE
0610012G,Collège Henri Delivet,hors EP,103.8,12.0,31.0,False,False,accord : hors,False,False,accord : hors,False,False,61,ORNE,70,NORMANDIE
0610016L,Collège Georges Brassens,hors EP,101.0,13.6,53.0,False,False,accord : hors,False,False,accord : hors,False,False,61,ORNE,70,NORMANDIE
0610017M,Collège Charles Léandre,hors EP,95.6,12.0,54.0,False,False,accord : hors,False,False,accord : hors,False,False,61,ORNE,70,NORMANDIE
0610023U,Collège Sévigné,hors EP,99.9,10.6,124.0,False,False,accord : hors,False,False,accord : hors,False,False,61,ORNE,70,NORMANDIE
0610031C,Collège Louis Grenier,hors EP,103.7,11.4,47.0,False,False,accord : hors,False,False,accord : hors,False,False,61,ORNE,70,NORMANDIE
0610033E,Collège Émile Chartier,hors EP,94.3,10.8,89.0,False,False,accord : hors,False,False,accord : hors,False,False,61,ORNE,70,NORMANDIE
0610036H,Collège André Collet,hors EP,97.0,12.3,41.0,False,False,accord : hors,False,False,accord : hors,False,False,61,ORNE,70,NORMANDIE
0610037J,Collège Gaston Lefavrais,hors EP,103.4,11.1,39.0,False,False,accord : hors,False,False,accord : hors,False,False,61,ORNE,70,NORMANDIE
0610040M,Collège Nicolas-Jacques Conté,hors EP,98.5,9.5,68.0,False,False,accord : hors,False,False,accord : hors,False,False,61,ORNE,70,NORMANDIE
0610042P,Collège Albert Camus,hors EP,92.7,12.3,59.0,False,False,accord : hors,False,False,accord : hors,False,False,61,ORNE,70,NORMANDIE
0610044S,Collège André Malraux,hors EP,96.1,9.5,54.0,False,False,accord : hors,False,False,accord : hors,False,False,61,ORNE,70,NORMANDIE
0610045T,Collège Arlette Hee-Fergant,REP,90.7,10.5,47.0,False,False,accord : hors,False,False,accord : hors,False,False,61,ORNE,70,NORMANDIE
0610051Z,Collège René Cassin,hors EP,104.5,11.3,65.0,False,False,accord : hors,False,False,accord : hors,False,False,61,ORNE,70,NORMANDIE
0610056E,Collège Saint-Exupéry,hors EP,93.4,9.3,79.0,False,False,accord : hors,False,False,accord : hors,False,True,61,ORNE,70,NORMANDIE
0610057F,Collège Jean Monnet,REP,83.5,9.1,88.0,True,True,accord : à classer,True,True,accord : à classer,False,False,61,ORNE,70,NORMANDIE
0610739X,Collège Félix Leclerc,hors EP,96.4,9.7,24.0,False,False,accord : hors,False,False,accord : hors,False,False,61,ORNE,70,NORMANDIE
0610740Y,Collège Paul Harel,hors EP,96.8,12.6,47.0,False,False,accord : hors,False,False,accord : hors,False,False,61,ORNE,70,NORMANDIE
0610745D,Collège Molière,hors EP,86.6,9.5,81.0,True,False,IPS seul,True,False,IPS seul,False,False,61,ORNE,70,NORMANDIE
0610800N,Collège Jacques Brel,hors EP,96.8,10.6,72.0,False,False,accord : hors,False,False,accord : hors,False,False,61,ORNE,70,NORMANDIE
0610918S,Collège Honoré de Balzac,hors EP,108.2,12.1,99.0,False,False,accord : hors,False,False,accord : hors,False,False,61,ORNE,70,NORMANDIE
0610958K,Collège Jean Moulin,hors EP,92.3,9.3,58.0,False,False,accord : hors,False,False,accord : hors,False,True,61,ORNE,70,NORMANDIE
0610959L,Collège Yves Montand,hors EP,89.0,10.6,36.0,False,False,accord : hors,True,False,IPS seul,False,False,61,ORNE,70,NORMANDIE
0610970Y,Collège Jacques Prévert,hors EP,94.2,12.3,49.0,False,False,accord : hors,False,False,accord : hors,False,False,61,ORNE,70,NORMANDIE
0611022E,Collège Jean Rostand,hors EP,87.1,10.2,44.0,True,False,IPS seul,True,False,IPS seul,False,False,61,ORNE,70,NORMANDIE
0611023F,Collège François Truffaut,hors EP,91.5,10.4,86.0,False,False,accord : hors,False,False,accord : hors,False,False,61,ORNE,70,NORMANDIE
0611024G,Collège du Houlme,hors EP,93.9,9.2,36.0,False,True,note seule,False,True,note seule,False,False,61,ORNE,70,NORMANDIE
0611026J,Collège Louise Michel,REP+,68.1,6.1,75.0,True,True,accord : à classer,True,True,accord : à classer,False,False,61,ORNE,70,NORMANDIE
0611156A,Collège Françoise Dolto,hors EP,90.6,9.4,111.0,False,False,accord : hors,False,False,accord : hors,False,False,61,ORNE,70,NORMANDIE
0611220V,Collège René Goscinny - site de Passais,hors EP,90.7,10.9,32.0,False,False,accord : hors,False,False,accord : hors,False,False,61,ORNE,70,NORMANDIE
0620004T,Collège de l'Europe,hors EP,96.1,11.2,116.0,False,False,accord : hors,False,False,accord : hors,False,False,62,PAS-DE-CALAIS,9,LILLE
0620014D,Collège Diderot,hors EP,97.5,11.6,141.0,False,False,accord : hors,False,False,accord : hors,False,False,62,PAS-DE-CALAIS,9,LILLE
0620016F,Collège Jean Monnet,hors EP,110.0,12.2,136.0,False,False,accord : hors,False,False,accord : hors,False,False,62,PAS-DE-CALAIS,9,LILLE
0620021L,Collège Sévigné,REP,76.1,8.3,72.0,True,True,accord : à classer,True,True,accord : à classer,False,False,62,PAS-DE-CALAIS,9,LILLE
0620024P,Collège du Bredenarde,hors EP,92.8,10.8,86.0,False,False,accord : hors,False,False,accord : hors,False,False,62,PAS-DE-CALAIS,9,LILLE
0620025R,Collège du Val d'Authie,hors EP,87.0,11.1,35.0,True,False,IPS seul,False,False,accord : hors,False,False,62,PAS-DE-CALAIS,9,LILLE
0620026S,Collège du Val du Gy,hors EP,94.9,11.0,84.0,False,False,accord : hors,False,False,accord : hors,False,False,62,PAS-DE-CALAIS,9,LILLE
0620031X,Collège Carlin Legrand,hors EP,90.2,9.2,147.0,False,True,note seule,False,True,note seule,False,False,62,PAS-DE-CALAIS,9,LILLE
0620036C,Collège Jean Moulin,hors EP,86.7,10.6,135.0,True,False,IPS seul,False,False,accord : hors,False,False,62,PAS-DE-CALAIS,9,LILLE
0620039F,Collège Jacques-Yves Cousteau,hors EP,88.5,8.7,66.0,True,True,accord : à classer,False,True,note seule,False,False,62,PAS-DE-CALAIS,9,LILLE
0620047P,Collège Germinal,hors EP,108.4,11.6,129.0,False,False,accord : hors,False,False,accord : hors,False,False,62,PAS-DE-CALAIS,9,LILLE
0620051U,Collège Angellier,REP,77.0,9.3,65.0,True,False,IPS seul,True,True,accord : à classer,False,True,62,PAS-DE-CALAIS,9,LILLE
0620055Y,Collège Paul Langevin,REP+,65.0,7.2,57.0,True,True,accord : à classer,True,True,accord : à classer,False,False,62,PAS-DE-CALAIS,9,LILLE
0620068M,Collège Fréderic Joliot Curie,REP,84.0,9.1,76.0,True,True,accord : à classer,True,True,accord : à classer,False,False,62,PAS-DE-CALAIS,9,LILLE
0620071R,Collège Jean-Jacques Rousseau,hors EP,95.3,9.4,97.0,False,False,accord : hors,False,True,note seule,False,False,62,PAS-DE-CALAIS,9,LILLE
0620073T,Collège Jean Monnet,hors EP,102.6,12.1,87.0,False,False,accord : hors,False,False,accord : hors,False,False,62,PAS-DE-CALAIS,9,LILLE
0620079Z,Collège Henri Wallon,REP,80.3,9.3,63.0,True,False,IPS seul,True,True,accord : à classer,False,True,62,PAS-DE-CALAIS,9,LILLE
0620082C,Collège Monsigny,hors EP,91.6,11.1,52.0,False,False,accord : hors,False,False,accord : hors,False,False,62,PAS-DE-CALAIS,9,LILLE
0620085F,Collège Jacques Brel,hors EP,90.5,10.4,66.0,False,False,accord : hors,False,False,accord : hors,False,False,62,PAS-DE-CALAIS,9,LILLE
0620088J,Collège Les Quatre Vents,hors EP,88.1,10.1,85.0,True,False,IPS seul,False,False,accord : hors,False,False,62,PAS-DE-CALAIS,9,LILLE
0620096T,Collège Jean Macé,REP,82.3,10.5,80.0,True,False,IPS seul,True,False,IPS seul,False,False,62,PAS-DE-CALAIS,9,LILLE
0620097U,Collège Romain Rolland,hors EP,92.8,9.5,85.0,False,False,accord : hors,False,False,accord : hors,False,False,62,PAS-DE-CALAIS,9,LILLE
0620099W,Collège des 7 Vallées,hors EP,85.2,8.8,74.0,True,True,accord : à classer,False,True,note seule,False,False,62,PAS-DE-CALAIS,9,LILLE
0620104B,Collège Gabriel de la Gorce,hors EP,92.3,10.9,113.0,False,False,accord : hors,False,False,accord : hors,False,False,62,PAS-DE-CALAIS,9,LILLE
0620119T,Collège Pierre et Marie Curie,REP,79.1,8.7,117.0,True,True,accord : à classer,True,True,accord : à classer,False,False,62,PAS-DE-CALAIS,9,LILLE
0620123X,Collège René Cassin,hors EP,91.1,9.8,67.0,False,False,accord : hors,False,False,accord : hors,False,False,62,PAS-DE-CALAIS,9,LILLE
0620130E,Collège des Marches de l'Artois,hors EP,96.2,10.5,95.0,False,False,accord : hors,False,False,accord : hors,False,False,62,PAS-DE-CALAIS,9,LILLE
0620136L,Collège Maurice Piquet,hors EP,90.6,10.2,102.0,False,False,accord : hors,False,False,accord : hors,False,False,62,PAS-DE-CALAIS,9,LILLE
0620154F,Collège Albert Camus,hors EP,88.4,10.0,117.0,True,False,IPS seul,False,False,accord : hors,False,False,62,PAS-DE-CALAIS,9,LILLE
0620156H,Collège du Bellimont,hors EP,98.7,10.3,82.0,False,False,accord : hors,False,False,accord : hors,False,False,62,PAS-DE-CALAIS,9,LILLE
0620158K,Collège Paul Langevin,REP,84.9,9.7,119.0,True,False,IPS seul,True,False,IPS seul,False,False,62,PAS-DE-CALAIS,9,LILLE
0620165T,Collège Esplanade,hors EP,96.9,12.2,116.0,False,False,accord : hors,False,False,accord : hors,False,False,62,PAS-DE-CALAIS,9,LILLE
0620170Y,Collège Joséphine Baker,REP+,74.7,8.1,66.0,True,True,accord : à classer,True,True,accord : à classer,False,False,62,PAS-DE-CALAIS,9,LILLE
0620172A,Collège François Mitterrand,hors EP,101.6,12.0,131.0,False,False,accord : hors,False,False,accord : hors,False,False,62,PAS-DE-CALAIS,9,LILLE
0620180J,Collège Léon Blum,REP,83.5,9.5,124.0,True,False,IPS seul,True,False,IPS seul,False,False,62,PAS-DE-CALAIS,9,LILLE
0620194Z,Collège Jean Rostand,hors EP,92.4,12.1,65.0,False,False,accord : hors,False,False,accord : hors,False,False,62,PAS-DE-CALAIS,9,LILLE
0620195A,Collège Bernard Chochoy,hors EP,95.4,11.4,95.0,False,False,accord : hors,False,False,accord : hors,False,False,62,PAS-DE-CALAIS,9,LILLE
0620196B,Collège Jean Jaurès,hors EP,85.6,9.8,107.0,True,False,IPS seul,False,False,accord : hors,False,False,62,PAS-DE-CALAIS,9,LILLE
0620197C,Collège Anita Conti,hors EP,94.3,10.2,131.0,False,False,accord : hors,False,False,accord : hors,False,False,62,PAS-DE-CALAIS,9,LILLE
0620198D,Collège Albert Camus,REP,80.6,8.7,78.0,True,True,accord : à classer,True,True,accord : à classer,False,False,62,PAS-DE-CALAIS,9,LILLE
0620199E,Collège Pierre Daunou,hors EP,88.3,9.5,83.0,True,False,IPS seul,False,False,accord : hors,False,False,62,PAS-DE-CALAIS,9,LILLE
0620219B,Collège Danielle Darras Riaumont,REP,76.7,9.4,78.0,True,False,IPS seul,True,True,accord : à classer,False,False,62,PAS-DE-CALAIS,9,LILLE
0622082B,Collège Marie Curie,hors EP,98.6,11.6,70.0,False,False,accord : hors,False,False,accord : hors,False,False,62,PAS-DE-CALAIS,9,LILLE
0622083C,Collège Jéhan Bodel,hors EP,114.7,11.6,132.0,False,False,accord : hors,False,False,accord : hors,False,False,62,PAS-DE-CALAIS,9,LILLE
0622084D,Collège Pablo Néruda,hors EP,100.6,11.5,136.0,False,False,accord : hors,False,False,accord : hors,False,False,62,PAS-DE-CALAIS,9,LILLE
0622085E,Collège Paul Duez,hors EP,93.6,10.6,142.0,False,False,accord : hors,False,False,accord : hors,False,False,62,PAS-DE-CALAIS,9,LILLE
0622086F,Collège Descartes-Montaigne,hors EP,88.8,10.7,144.0,True,False,IPS seul,False,False,accord : hors,True,False,62,PAS-DE-CALAIS,9,LILLE
0622087G,Collège Blaise Pascal,REP,79.6,10.0,77.0,True,False,IPS seul,True,False,IPS seul,False,False,62,PAS-DE-CALAIS,9,LILLE
0622090K,Collège Albert Debeyre,hors EP,93.5,11.0,162.0,False,False,accord : hors,False,False,accord : hors,False,False,62,PAS-DE-CALAIS,9,LILLE
0622091L,Collège Georges Brassens,hors EP,105.7,11.9,89.0,False,False,accord : hors,False,False,accord : hors,False,False,62,PAS-DE-CALAIS,9,LILLE
0622093N,Collège Pierre Mendès France,hors EP,90.0,10.4,118.0,False,False,accord : hors,False,False,accord : hors,False,False,62,PAS-DE-CALAIS,9,LILLE
0622094P,Collège Jean Jaurès,REP,87.9,10.8,135.0,True,False,IPS seul,False,False,accord : hors,False,False,62,PAS-DE-CALAIS,9,LILLE
0622095R,Collège Jean Moulin,REP,78.6,8.6,94.0,True,True,accord : à classer,True,True,accord : à classer,False,False,62,PAS-DE-CALAIS,9,LILLE
0622096S,Collège Jean Rostand,hors EP,96.6,12.4,156.0,False,False,accord : hors,False,False,accord : hors,False,False,62,PAS-DE-CALAIS,9,LILLE
0622097T,Collège Jean Rostand,hors EP,80.7,9.8,35.0,True,False,IPS seul,True,False,IPS seul,False,False,62,PAS-DE-CALAIS,9,LILLE
0622098U,Collège Émile Zola,REP,88.2,10.2,77.0,True,False,IPS seul,False,False,accord : hors,False,False,62,PAS-DE-CALAIS,9,LILLE
0622239X,Collège Jean de Saint-Aubert,REP,85.1,9.7,86.0,True,False,IPS seul,True,False,IPS seul,False,False,62,PAS-DE-CALAIS,9,LILLE
0622261W,Collège Pierre Cuallacci,REP,78.2,10.4,75.0,True,False,IPS seul,True,False,IPS seul,False,False,62,PAS-DE-CALAIS,9,LILLE
0622262X,Collège Henri Wallon,REP,83.9,9.8,107.0,True,False,IPS seul,True,False,IPS seul,False,False,62,PAS-DE-CALAIS,9,LILLE
0622264Z,Collège Claude Debussy,hors EP,89.7,10.3,96.0,False,False,accord : hors,False,False,accord : hors,False,False,62,PAS-DE-CALAIS,9,LILLE
0622268D,Collège Jean Moulin,hors EP,83.9,9.2,122.0,True,True,accord : à classer,True,True,accord : à classer,False,False,62,PAS-DE-CALAIS,9,LILLE
0622269E,Collège Anatole France,REP,84.7,8.9,137.0,True,True,accord : à classer,True,True,accord : à classer,False,False,62,PAS-DE-CALAIS,9,LILLE
0622272H,Collège Émile Zola,hors EP,86.5,10.0,92.0,True,False,IPS seul,False,False,accord : hors,False,False,62,PAS-DE-CALAIS,9,LILLE
0622273J,Collège Lucien Vadez,REP+,68.9,8.4,52.0,True,True,accord : à classer,True,True,accord : à classer,False,False,62,PAS-DE-CALAIS,9,LILLE
0622299M,Collège Pilâtre de Rozier,hors EP,104.9,12.0,81.0,False,False,accord : hors,False,False,accord : hors,False,False,62,PAS-DE-CALAIS,9,LILLE
0622417R,Collège Michelet,hors EP,77.7,8.6,90.0,True,True,accord : à classer,True,True,accord : à classer,False,False,62,PAS-DE-CALAIS,9,LILLE
0622418S,Collège Jean Zay,REP+,75.2,8.6,162.0,True,True,accord : à classer,True,True,accord : à classer,False,False,62,PAS-DE-CALAIS,9,LILLE
0622420U,Collège Paul Langevin,REP+,77.1,8.9,76.0,True,True,accord : à classer,True,True,accord : à classer,False,False,62,PAS-DE-CALAIS,9,LILLE
0622422W,Collège Jean-Jacques Rousseau,hors EP,87.2,10.3,105.0,True,False,IPS seul,False,False,accord : hors,False,False,62,PAS-DE-CALAIS,9,LILLE
0622423X,Collège Youri Gagarine,REP,77.0,11.3,72.0,True,False,IPS seul,True,False,IPS seul,False,False,62,PAS-DE-CALAIS,9,LILLE
0622424Y,Collège Langevin-Wallon,REP+,74.5,8.3,99.0,True,True,accord : à classer,True,True,accord : à classer,False,False,62,PAS-DE-CALAIS,9,LILLE
0622425Z,Collège Paul Verlaine,REP,85.1,9.7,138.0,True,False,IPS seul,True,False,IPS seul,False,False,62,PAS-DE-CALAIS,9,LILLE
0622427B,Collège du Pays de l'Alloeu,hors EP,114.8,11.0,154.0,False,False,accord : hors,False,False,accord : hors,False,False,62,PAS-DE-CALAIS,9,LILLE
0622428C,Collège Edmond Rostand,hors EP,85.1,10.2,84.0,True,False,IPS seul,True,False,IPS seul,False,False,62,PAS-DE-CALAIS,9,LILLE
0622431F,Collège République,hors EP,77.6,11.1,62.0,True,False,IPS seul,True,False,IPS seul,False,False,62,PAS-DE-CALAIS,9,LILLE
0622432G,Collège Jean Macé,hors EP,99.3,11.0,98.0,False,False,accord : hors,False,False,accord : hors,False,False,62,PAS-DE-CALAIS,9,LILLE
0622434J,Collège Roger Salengro,REP,88.4,10.8,100.0,True,False,IPS seul,False,False,accord : hors,False,False,62,PAS-DE-CALAIS,9,LILLE
0622435K,Collège Belrem,hors EP,89.3,10.7,105.0,False,False,accord : hors,False,False,accord : hors,False,False,62,PAS-DE-CALAIS,9,LILLE
0622572J,Collège Jean Jaurès,REP,83.8,10.8,94.0,True,False,IPS seul,True,False,IPS seul,False,False,62,PAS-DE-CALAIS,9,LILLE
0622574L,Collège Albert Camus,hors EP,92.3,11.7,180.0,False,False,accord : hors,False,False,accord : hors,False,False,62,PAS-DE-CALAIS,9,LILLE
0622575M,Collège Blaise Pascal,hors EP,97.5,10.1,98.0,False,False,accord : hors,False,False,accord : hors,False,False,62,PAS-DE-CALAIS,9,LILLE
0622576N,Collège Vauban,REP+,68.6,8.1,87.0,True,True,accord : à classer,True,True,accord : à classer,False,False,62,PAS-DE-CALAIS,9,LILLE
0622578R,Collège Jean Rostand,REP,93.4,8.9,86.0,False,True,note seule,False,True,note seule,False,False,62,PAS-DE-CALAIS,9,LILLE
0622579S,Collège Jean Vilar,hors EP,104.9,11.3,94.0,False,False,accord : hors,False,False,accord : hors,False,False,62,PAS-DE-CALAIS,9,LILLE
0622581U,Collège Gérard Philipe,hors EP,85.3,9.4,102.0,True,False,IPS seul,False,True,note seule,False,False,62,PAS-DE-CALAIS,9,LILLE
0622789V,Collège Charles Péguy,REP,81.8,9.3,66.0,True,False,IPS seul,True,True,accord : à classer,False,True,62,PAS-DE-CALAIS,9,LILLE
0622790W,Collège Roger Salengro,hors EP,92.0,9.9,109.0,False,False,accord : hors,False,False,accord : hors,False,False,62,PAS-DE-CALAIS,9,LILLE
0622791X,Collège Victor Hugo,REP,79.3,7.8,152.0,True,True,accord : à classer,True,True,accord : à classer,False,False,62,PAS-DE-CALAIS,9,LILLE
0622792Y,Collège Bracke Desrousseaux,hors EP,93.1,9.0,142.0,False,True,note seule,False,True,note seule,False,False,62,PAS-DE-CALAIS,9,LILLE
0622793Z,Collège David Marcelle,REP,83.3,9.6,107.0,True,False,IPS seul,True,False,IPS seul,False,False,62,PAS-DE-CALAIS,9,LILLE
0622795B,Collège François Rabelais,hors EP,93.9,10.6,133.0,False,False,accord : hors,False,False,accord : hors,False,False,62,PAS-DE-CALAIS,9,LILLE
0622797D,Collège Liberté,hors EP,98.5,10.1,157.0,False,False,accord : hors,False,False,accord : hors,False,False,62,PAS-DE-CALAIS,9,LILLE
0622799F,Collège Léo Lagrange,REP,81.2,9.4,95.0,True,False,IPS seul,True,True,accord : à classer,False,False,62,PAS-DE-CALAIS,9,LILLE
0622806N,Collège Maxence Van Der Meersch,hors EP,105.8,11.1,78.0,False,False,accord : hors,False,False,accord : hors,False,False,62,PAS-DE-CALAIS,9,LILLE
0622863A,Collège Adam de la Halle,hors EP,97.8,11.0,95.0,False,False,accord : hors,False,False,accord : hors,False,False,62,PAS-DE-CALAIS,9,LILLE
0622864B,Collège François Mitterrand,hors EP,99.2,10.3,96.0,False,False,accord : hors,False,False,accord : hors,False,False,62,PAS-DE-CALAIS,9,LILLE
0622866D,Collège Jacques Prévert,hors EP,91.5,11.7,44.0,False,False,accord : hors,False,False,accord : hors,False,False,62,PAS-DE-CALAIS,9,LILLE
0622867E,Collège Antoine de Saint-Exupéry,hors EP,92.9,9.8,113.0,False,False,accord : hors,False,False,accord : hors,False,False,62,PAS-DE-CALAIS,9,LILLE
0622868F,Collège Jean Jaurès,REP+,73.2,9.0,96.0,True,True,accord : à classer,True,True,accord : à classer,False,False,62,PAS-DE-CALAIS,9,LILLE
0622871J,Collège Jacques Prévert,hors EP,86.1,10.2,118.0,True,False,IPS seul,False,False,accord : hors,False,False,62,PAS-DE-CALAIS,9,LILLE
0622873L,Collège Boris Vian,hors EP,101.4,10.6,145.0,False,False,accord : hors,False,False,accord : hors,False,False,62,PAS-DE-CALAIS,9,LILLE
0622874M,Collège René Cassin,hors EP,86.1,11.6,87.0,True,False,IPS seul,False,False,accord : hors,False,False,62,PAS-DE-CALAIS,9,LILLE
0622907Y,Collège de la Morinie,REP+,77.9,9.1,55.0,True,True,accord : à classer,True,True,accord : à classer,False,False,62,PAS-DE-CALAIS,9,LILLE
0622943M,Collège Adulphe Delegorgue,REP,82.9,10.2,111.0,True,False,IPS seul,True,False,IPS seul,False,False,62,PAS-DE-CALAIS,9,LILLE
0622946R,Collège Joliot Curie,REP,89.4,9.4,103.0,False,False,accord : hors,False,False,accord : hors,False,False,62,PAS-DE-CALAIS,9,LILLE
0622947S,Collège George Sand,hors EP,96.0,10.2,143.0,False,False,accord : hors,False,False,accord : hors,False,False,62,PAS-DE-CALAIS,9,LILLE
0622950V,Collège Le Trion,hors EP,100.2,11.5,148.0,False,False,accord : hors,False,False,accord : hors,False,False,62,PAS-DE-CALAIS,9,LILLE
0622951W,Collège du Bras d'Or Écuires,hors EP,100.7,11.8,155.0,False,False,accord : hors,False,False,accord : hors,False,False,62,PAS-DE-CALAIS,9,LILLE
0623014P,Collège Paul Verlaine,hors EP,99.0,11.0,143.0,False,False,accord : hors,False,False,accord : hors,False,False,62,PAS-DE-CALAIS,9,LILLE
0623016S,Collège Pierre Brossolette,hors EP,87.1,10.5,86.0,True,False,IPS seul,False,False,accord : hors,False,False,62,PAS-DE-CALAIS,9,LILLE
0623018U,Collège Louis Pasteur,REP,84.8,10.5,77.0,True,False,IPS seul,True,False,IPS seul,False,False,62,PAS-DE-CALAIS,9,LILLE
0623022Y,Collège Paul Éluard,hors EP,88.6,9.1,102.0,True,True,accord : à classer,False,True,note seule,False,False,62,PAS-DE-CALAIS,9,LILLE
0623023Z,Collège du Caraquet,hors EP,93.4,11.7,124.0,False,False,accord : hors,False,False,accord : hors,False,False,62,PAS-DE-CALAIS,9,LILLE
0623112W,Collège Marguerite Berger,hors EP,92.9,11.0,89.0,False,False,accord : hors,False,False,accord : hors,False,False,62,PAS-DE-CALAIS,9,LILLE
0623115Z,Collège Paul Éluard,hors EP,93.3,11.6,105.0,False,False,accord : hors,False,False,accord : hors,False,False,62,PAS-DE-CALAIS,9,LILLE
0623310L,Collège Gambetta,hors EP,97.0,9.7,92.0,False,False,accord : hors,False,False,accord : hors,False,False,62,PAS-DE-CALAIS,9,LILLE
0623312N,Collège René Cassin,hors EP,90.1,11.6,100.0,False,False,accord : hors,False,False,accord : hors,False,False,62,PAS-DE-CALAIS,9,LILLE
0623313P,Collège Lavoisier,REP,83.3,9.0,84.0,True,True,accord : à classer,True,True,accord : à classer,False,False,62,PAS-DE-CALAIS,9,LILLE
0623314R,Collège Simone Signoret,REP,77.6,8.4,93.0,True,True,accord : à classer,True,True,accord : à classer,False,False,62,PAS-DE-CALAIS,9,LILLE
0623315S,Collège Les Dentelliers,hors EP,84.5,9.5,96.0,True,False,IPS seul,True,False,IPS seul,False,False,62,PAS-DE-CALAIS,9,LILLE
0623322Z,Collège Anne Frank,hors EP,93.3,9.5,128.0,False,False,accord : hors,False,False,accord : hors,False,False,62,PAS-DE-CALAIS,9,LILLE
0623759Z,Collège Les Argousiers,hors EP,97.4,10.6,104.0,False,False,accord : hors,False,False,accord : hors,False,False,62,PAS-DE-CALAIS,9,LILLE
0623865P,Collège Louis Blériot,hors EP,111.6,12.4,113.0,False,False,accord : hors,False,False,accord : hors,False,False,62,PAS-DE-CALAIS,9,LILLE
0623918X,Collège Martin Luther King,REP+,73.9,8.8,94.0,True,True,accord : à classer,True,True,accord : à classer,False,False,62,PAS-DE-CALAIS,9,LILLE
0623919Y,Collège Léonard de Vinci,hors EP,85.7,9.4,86.0,True,False,IPS seul,False,False,accord : hors,False,False,62,PAS-DE-CALAIS,9,LILLE
0630006P,Collège Jean Auguste Senèze,hors EP,100.7,11.3,22.0,False,False,accord : hors,False,False,accord : hors,False,False,63,PUY-DE-DOME,6,CLERMONT-FERRAND
0630007R,Collège Molière,hors EP,117.4,11.4,130.0,False,False,accord : hors,False,False,accord : hors,False,False,63,PUY-DE-DOME,6,CLERMONT-FERRAND
0630008S,Collège du Pavin,hors EP,111.6,12.8,48.0,False,False,accord : hors,False,False,accord : hors,False,False,63,PUY-DE-DOME,6,CLERMONT-FERRAND
0630009T,Collège du Beffroi,hors EP,106.9,11.9,177.0,False,False,accord : hors,False,False,accord : hors,False,False,63,PUY-DE-DOME,6,CLERMONT-FERRAND
0630010U,Collège Marcel Bony,hors EP,103.5,12.1,24.0,False,False,accord : hors,False,False,accord : hors,False,False,63,PUY-DE-DOME,6,CLERMONT-FERRAND
0630011V,Collège Willy Mabrut,hors EP,97.0,9.7,33.0,False,False,accord : hors,False,False,accord : hors,False,False,63,PUY-DE-DOME,6,CLERMONT-FERRAND
0630016A,Collège Antoine Grimoald Monnet,hors EP,113.3,12.3,80.0,False,False,accord : hors,False,False,accord : hors,False,False,63,PUY-DE-DOME,6,CLERMONT-FERRAND
0630017B,Collège Champclaux,hors EP,119.5,11.5,114.0,False,False,accord : hors,False,False,accord : hors,False,False,63,PUY-DE-DOME,6,CLERMONT-FERRAND
0630028N,Collège Marc Bloch,hors EP,109.7,11.1,171.0,False,False,accord : hors,False,False,accord : hors,False,False,63,PUY-DE-DOME,6,CLERMONT-FERRAND
0630036X,Collège Sancy-Artense,hors EP,101.2,10.5,28.0,False,False,accord : hors,False,False,accord : hors,False,False,63,PUY-DE-DOME,6,CLERMONT-FERRAND
0630038Z,Collège René Cassin,hors EP,111.3,11.5,53.0,False,False,accord : hors,False,False,accord : hors,False,False,63,PUY-DE-DOME,6,CLERMONT-FERRAND
0630039A,Collège Louise Michel,hors EP,96.1,11.8,102.0,False,False,accord : hors,False,False,accord : hors,False,False,63,PUY-DE-DOME,6,CLERMONT-FERRAND
0630047J,Collège Pierre Gironnet,hors EP,101.8,10.0,29.0,False,False,accord : hors,False,False,accord : hors,False,False,63,PUY-DE-DOME,6,CLERMONT-FERRAND
0630049L,Collège Anna Garcin-Mayade,hors EP,109.4,11.4,71.0,False,False,accord : hors,False,False,accord : hors,False,False,63,PUY-DE-DOME,6,CLERMONT-FERRAND
0630050M,Collège Condorcet,hors EP,98.5,10.6,64.0,False,False,accord : hors,False,False,accord : hors,False,False,63,PUY-DE-DOME,6,CLERMONT-FERRAND
0630056U,Collège Gordon Bennett,hors EP,113.2,11.3,45.0,False,False,accord : hors,False,False,accord : hors,False,False,63,PUY-DE-DOME,6,CLERMONT-FERRAND
0630059X,Collège François Villon,hors EP,104.9,10.3,38.0,False,False,accord : hors,False,False,accord : hors,False,False,63,PUY-DE-DOME,6,CLERMONT-FERRAND
0630060Y,Collège Alexandre Varenne,hors EP,91.6,10.4,50.0,False,False,accord : hors,False,False,accord : hors,False,False,63,PUY-DE-DOME,6,CLERMONT-FERRAND
0630062A,Collège de Liziniat,hors EP,101.8,10.7,103.0,False,False,accord : hors,False,False,accord : hors,False,False,63,PUY-DE-DOME,6,CLERMONT-FERRAND
0630063B,Collège Henri Pourrat,hors EP,124.4,12.1,152.0,False,False,accord : hors,False,False,accord : hors,False,False,63,PUY-DE-DOME,6,CLERMONT-FERRAND
0630064C,Collège Gaspard des Montagnes,hors EP,98.9,10.4,24.0,False,False,accord : hors,False,False,accord : hors,False,False,63,PUY-DE-DOME,6,CLERMONT-FERRAND
0630065D,Collège Baptiste Bascoulergue,hors EP,99.2,10.7,30.0,False,False,accord : hors,False,False,accord : hors,False,False,63,PUY-DE-DOME,6,CLERMONT-FERRAND
0630072L,Collège de la Comté Henri Bertrand,hors EP,112.3,12.0,91.0,False,False,accord : hors,False,False,accord : hors,False,False,63,PUY-DE-DOME,6,CLERMONT-FERRAND
0630074N,Collège Victor Hugo,hors EP,112.4,10.9,104.0,False,False,accord : hors,False,False,accord : hors,False,False,63,PUY-DE-DOME,6,CLERMONT-FERRAND
0630079U,Collège Diderot,hors EP,111.9,11.2,156.0,False,False,accord : hors,False,False,accord : hors,False,False,63,PUY-DE-DOME,6,CLERMONT-FERRAND
0630916D,Collège Mortaix,hors EP,111.9,11.7,148.0,False,False,accord : hors,False,False,accord : hors,False,False,63,PUY-DE-DOME,6,CLERMONT-FERRAND
0631120A,Collège Gérard Philipe,hors EP,71.4,7.3,93.0,True,True,accord : à classer,True,True,accord : à classer,False,False,63,PUY-DE-DOME,6,CLERMONT-FERRAND
0631121B,Collège Jean Vilar,hors EP,106.7,12.0,105.0,False,False,accord : hors,False,False,accord : hors,False,False,63,PUY-DE-DOME,6,CLERMONT-FERRAND
0631125F,Collège Teilhard de Chardin,hors EP,130.6,13.3,185.0,False,False,accord : hors,False,False,accord : hors,False,False,63,PUY-DE-DOME,6,CLERMONT-FERRAND
0631126G,Collège Lucie Aubrac,hors EP,87.9,8.6,106.0,True,True,accord : à classer,True,True,accord : à classer,False,False,63,PUY-DE-DOME,6,CLERMONT-FERRAND
0631153L,Collège Jules Romains,hors EP,97.7,12.7,62.0,False,False,accord : hors,False,False,accord : hors,False,False,63,PUY-DE-DOME,6,CLERMONT-FERRAND
0631161V,Collège Anatole France,hors EP,95.8,9.8,114.0,False,False,accord : hors,False,False,accord : hors,False,False,63,PUY-DE-DOME,6,CLERMONT-FERRAND
0631199L,Collège La Charme,REP+,67.8,8.6,106.0,True,True,accord : à classer,True,True,accord : à classer,False,False,63,PUY-DE-DOME,6,CLERMONT-FERRAND
0631238D,Collège Antoine Audembron,REP,87.0,8.8,123.0,True,True,accord : à classer,True,True,accord : à classer,False,False,63,PUY-DE-DOME,6,CLERMONT-FERRAND
0631410R,Collège Jeanne d'Arc,hors EP,102.6,10.9,182.0,False,False,accord : hors,False,False,accord : hors,False,False,63,PUY-DE-DOME,6,CLERMONT-FERRAND
0631411S,Collège Blaise Pascal,hors EP,100.4,11.6,94.0,False,False,accord : hors,False,False,accord : hors,False,False,63,PUY-DE-DOME,6,CLERMONT-FERRAND
0631412T,Collège Antoine de Saint-Exupéry,hors EP,96.5,10.3,146.0,False,False,accord : hors,False,False,accord : hors,False,False,63,PUY-DE-DOME,6,CLERMONT-FERRAND
0631448G,Collège de Verrière,hors EP,103.4,10.4,102.0,False,False,accord : hors,False,False,accord : hors,False,False,63,PUY-DE-DOME,6,CLERMONT-FERRAND
0631451K,Collège Joliot Curie,hors EP,115.6,11.6,208.0,False,False,accord : hors,False,False,accord : hors,False,False,63,PUY-DE-DOME,6,CLERMONT-FERRAND
0631479R,Collège Jean Rostand,hors EP,123.1,12.6,187.0,False,False,accord : hors,False,False,accord : hors,False,False,63,PUY-DE-DOME,6,CLERMONT-FERRAND
0631481T,Collège Georges Onslow,hors EP,107.7,10.9,142.0,False,False,accord : hors,False,False,accord : hors,False,False,63,PUY-DE-DOME,6,CLERMONT-FERRAND
0631482U,Collège,hors EP,92.8,9.6,45.0,False,False,accord : hors,False,False,accord : hors,False,False,63,PUY-DE-DOME,6,CLERMONT-FERRAND
0631502R,Collège Charles Baudelaire,REP+,75.9,7.6,97.0,True,True,accord : à classer,True,True,accord : à classer,False,False,63,PUY-DE-DOME,6,CLERMONT-FERRAND
0631503S,Collège Jules Ferry,hors EP,91.2,8.9,34.0,False,True,note seule,False,True,note seule,False,False,63,PUY-DE-DOME,6,CLERMONT-FERRAND
0631522M,Collège Albert Camus,REP+,74.4,8.0,146.0,True,True,accord : à classer,True,True,accord : à classer,False,False,63,PUY-DE-DOME,6,CLERMONT-FERRAND
0631523N,Collège Bellime,hors EP,97.9,11.2,59.0,False,False,accord : hors,False,False,accord : hors,False,False,63,PUY-DE-DOME,6,CLERMONT-FERRAND
0631580A,Collège Michel de l'Hospital,hors EP,113.1,11.2,109.0,False,False,accord : hors,False,False,accord : hors,False,False,63,PUY-DE-DOME,6,CLERMONT-FERRAND
0631604B,Collège Les Prés,hors EP,97.4,10.7,138.0,False,False,accord : hors,False,False,accord : hors,False,False,63,PUY-DE-DOME,6,CLERMONT-FERRAND
0631688T,Collège La Ribeyre,hors EP,109.0,10.6,168.0,False,False,accord : hors,False,False,accord : hors,False,False,63,PUY-DE-DOME,6,CLERMONT-FERRAND
0631762Y,Collège de la Durolle,REP,90.8,11.2,42.0,False,False,accord : hors,True,False,IPS seul,False,False,63,PUY-DE-DOME,6,CLERMONT-FERRAND
0631763Z,Collège Pierre Mendès France,hors EP,105.9,10.5,116.0,False,False,accord : hors,False,False,accord : hors,False,False,63,PUY-DE-DOME,6,CLERMONT-FERRAND
0631773K,Collège Roger Quilliot,hors EP,96.5,10.4,146.0,False,False,accord : hors,False,False,accord : hors,False,False,63,PUY-DE-DOME,6,CLERMONT-FERRAND
0640003F,Collège Endarra,hors EP,112.2,11.4,155.0,False,False,accord : hors,False,False,accord : hors,False,False,64,PYRENEES-ATLANTIQUES,4,BORDEAUX
0640004G,Collège de Baretous,hors EP,106.1,10.6,21.0,False,False,accord : hors,False,False,accord : hors,False,False,64,PYRENEES-ATLANTIQUES,4,BORDEAUX
0640005H,Collège Corisande d'Andoins,hors EP,105.7,11.8,37.0,False,False,accord : hors,False,False,accord : hors,False,False,64,PYRENEES-ATLANTIQUES,4,BORDEAUX
0640007K,Collège d'Ossau,hors EP,112.6,11.6,47.0,False,False,accord : hors,False,False,accord : hors,False,False,64,PYRENEES-ATLANTIQUES,4,BORDEAUX
0640008L,Collège d'Arzacq,hors EP,107.2,10.6,79.0,False,False,accord : hors,False,False,accord : hors,False,False,64,PYRENEES-ATLANTIQUES,4,BORDEAUX
0640016V,Collège d'Aspe,hors EP,108.3,11.4,20.0,False,False,accord : hors,False,False,accord : hors,False,False,64,PYRENEES-ATLANTIQUES,4,BORDEAUX
0640019Y,Collège du Pays de Bidache,hors EP,115.3,11.4,46.0,False,False,accord : hors,False,False,accord : hors,False,False,64,PYRENEES-ATLANTIQUES,4,BORDEAUX
0640023C,Collège Henri Barbusse,hors EP,100.0,11.4,81.0,False,False,accord : hors,False,False,accord : hors,False,False,64,PYRENEES-ATLANTIQUES,4,BORDEAUX
0640025E,Collège Joseph Peyre,hors EP,102.4,10.8,58.0,False,False,accord : hors,False,False,accord : hors,False,False,64,PYRENEES-ATLANTIQUES,4,BORDEAUX
0640035R,Collège les Cinq Monts,hors EP,104.2,11.3,24.0,False,False,accord : hors,False,False,accord : hors,False,False,64,PYRENEES-ATLANTIQUES,4,BORDEAUX
0640036S,Collège Pierre Jeliote,hors EP,118.9,12.4,56.0,False,False,accord : hors,False,False,accord : hors,False,False,64,PYRENEES-ATLANTIQUES,4,BORDEAUX
0640037T,Collège du Vic-Bilh,hors EP,107.5,12.5,48.0,False,False,accord : hors,False,False,accord : hors,False,False,64,PYRENEES-ATLANTIQUES,4,BORDEAUX
0640039V,Collège Argia,hors EP,99.2,11.1,79.0,False,False,accord : hors,False,False,accord : hors,False,False,64,PYRENEES-ATLANTIQUES,4,BORDEAUX
0640041X,Collège Recteur Jean Sarrailh,hors EP,110.3,12.8,103.0,False,False,accord : hors,False,False,accord : hors,False,False,64,PYRENEES-ATLANTIQUES,4,BORDEAUX
0640045B,Collège des Remparts,hors EP,101.6,12.6,38.0,False,False,accord : hors,False,False,accord : hors,False,False,64,PYRENEES-ATLANTIQUES,4,BORDEAUX
0640048E,Collège des Cordeliers,hors EP,103.1,11.1,87.0,False,False,accord : hors,False,False,accord : hors,False,False,64,PYRENEES-ATLANTIQUES,4,BORDEAUX
0640062V,Collège Jean Bouzet,hors EP,117.9,11.5,74.0,False,False,accord : hors,False,False,accord : hors,False,False,64,PYRENEES-ATLANTIQUES,4,BORDEAUX
0640064X,Collège Jean Pujo,hors EP,101.9,12.0,21.0,False,False,accord : hors,False,False,accord : hors,False,False,64,PYRENEES-ATLANTIQUES,4,BORDEAUX
0640069C,Collège La Citadelle,hors EP,99.6,11.6,48.0,False,False,accord : hors,False,False,accord : hors,False,False,64,PYRENEES-ATLANTIQUES,4,BORDEAUX
0640071E,Collège Félix Pécaut,hors EP,103.5,12.2,45.0,False,False,accord : hors,False,False,accord : hors,False,False,64,PYRENEES-ATLANTIQUES,4,BORDEAUX
0640073G,Collège Reine Sancie,hors EP,98.6,12.8,31.0,False,False,accord : hors,False,False,accord : hors,False,False,64,PYRENEES-ATLANTIQUES,4,BORDEAUX
0640074H,Collège Docteur Pierre Jauréguy,hors EP,103.8,11.7,28.0,False,False,accord : hors,False,False,accord : hors,False,False,64,PYRENEES-ATLANTIQUES,4,BORDEAUX
0640078M,Collège Villa Fal,hors EP,124.4,12.3,128.0,False,False,accord : hors,False,False,accord : hors,False,False,64,PYRENEES-ATLANTIQUES,4,BORDEAUX
0640211G,Collège Tristan Derème,hors EP,98.9,11.6,69.0,False,False,accord : hors,False,False,accord : hors,False,False,64,PYRENEES-ATLANTIQUES,4,BORDEAUX
0640212H,Collège Marracq,hors EP,121.4,12.0,157.0,False,False,accord : hors,False,False,accord : hors,False,False,64,PYRENEES-ATLANTIQUES,4,BORDEAUX
0640214K,Collège Daniel Argote,hors EP,101.4,12.1,65.0,False,False,accord : hors,False,False,accord : hors,False,False,64,PYRENEES-ATLANTIQUES,4,BORDEAUX
0640227Z,Collège Jeanne d'Albret,REP,97.0,10.8,169.0,False,False,accord : hors,False,False,accord : hors,False,False,64,PYRENEES-ATLANTIQUES,4,BORDEAUX
0640228A,Collège Irandatz,hors EP,101.7,10.5,129.0,False,False,accord : hors,False,False,accord : hors,False,False,64,PYRENEES-ATLANTIQUES,4,BORDEAUX
0640229B,Collège Chantaco,hors EP,106.8,11.2,99.0,False,False,accord : hors,False,False,accord : hors,False,False,64,PYRENEES-ATLANTIQUES,4,BORDEAUX
0640231D,Collège Jean Moulin,hors EP,105.6,11.8,138.0,False,False,accord : hors,False,False,accord : hors,False,False,64,PYRENEES-ATLANTIQUES,4,BORDEAUX
0640606L,Collège du Bois d'Amour,hors EP,103.0,10.5,128.0,False,False,accord : hors,False,False,accord : hors,False,False,64,PYRENEES-ATLANTIQUES,4,BORDEAUX
0640607M,Collège Marguerite de Navarre,hors EP,113.5,10.5,174.0,False,False,accord : hors,False,False,accord : hors,False,False,64,PYRENEES-ATLANTIQUES,4,BORDEAUX
0640608N,Collège Clermont,hors EP,85.0,8.4,131.0,True,True,accord : à classer,True,True,accord : à classer,False,False,64,PYRENEES-ATLANTIQUES,4,BORDEAUX
0640609P,Collège Albert Camus,REP,83.5,8.7,113.0,True,True,accord : à classer,True,True,accord : à classer,False,False,64,PYRENEES-ATLANTIQUES,4,BORDEAUX
0641232S,Collège d'Amikuze,hors EP,99.3,11.0,51.0,False,False,accord : hors,False,False,accord : hors,False,False,64,PYRENEES-ATLANTIQUES,4,BORDEAUX
0641391P,Collège Simin Palay,hors EP,119.3,12.3,186.0,False,False,accord : hors,False,False,accord : hors,False,False,64,PYRENEES-ATLANTIQUES,4,BORDEAUX
0641392R,Collège Errobi,hors EP,104.0,11.7,68.0,False,False,accord : hors,False,False,accord : hors,False,False,64,PYRENEES-ATLANTIQUES,4,BORDEAUX
0641393S,Collège Elhuyar,hors EP,104.5,11.9,121.0,False,False,accord : hors,False,False,accord : hors,False,False,64,PYRENEES-ATLANTIQUES,4,BORDEAUX
0641411L,Collège Ernest Gabard,hors EP,111.9,12.1,142.0,False,False,accord : hors,False,False,accord : hors,False,False,64,PYRENEES-ATLANTIQUES,4,BORDEAUX
0641412M,Collège La Hourquie,hors EP,118.6,12.6,168.0,False,False,accord : hors,False,False,accord : hors,False,False,64,PYRENEES-ATLANTIQUES,4,BORDEAUX
0641413N,Collège des Lavandières,hors EP,124.3,12.3,155.0,False,False,accord : hors,False,False,accord : hors,False,False,64,PYRENEES-ATLANTIQUES,4,BORDEAUX
0641414P,Collège Jean Rostand,hors EP,125.4,12.8,109.0,False,False,accord : hors,False,False,accord : hors,False,False,64,PYRENEES-ATLANTIQUES,4,BORDEAUX
0641509T,Collège Henri IV,hors EP,109.4,11.4,164.0,False,False,accord : hors,False,False,accord : hors,False,False,64,PYRENEES-ATLANTIQUES,4,BORDEAUX
0641559X,Collège Maurice Ravel,hors EP,103.8,9.7,102.0,False,False,accord : hors,False,False,accord : hors,False,False,64,PYRENEES-ATLANTIQUES,4,BORDEAUX
0641560Y,Collège Gaston Fébus,hors EP,106.8,11.8,85.0,False,False,accord : hors,False,False,accord : hors,False,False,64,PYRENEES-ATLANTIQUES,4,BORDEAUX
0641561Z,Collège Pierre Bourdieu,REP,87.5,9.9,45.0,True,False,IPS seul,True,False,IPS seul,False,False,64,PYRENEES-ATLANTIQUES,4,BORDEAUX
0641780M,Collège René Forgues,hors EP,118.8,12.8,168.0,False,False,accord : hors,False,False,accord : hors,False,False,64,PYRENEES-ATLANTIQUES,4,BORDEAUX
0642038T,Collège Aturri,hors EP,116.1,12.1,164.0,False,False,accord : hors,False,False,accord : hors,False,False,64,PYRENEES-ATLANTIQUES,4,BORDEAUX
0642095E,Collège innovant Pierre Emmanuel,hors EP,101.6,11.1,51.0,False,False,accord : hors,False,False,accord : hors,False,False,64,PYRENEES-ATLANTIQUES,4,BORDEAUX
0650003A,Collège Maréchal Foch,hors EP,113.9,11.9,67.0,False,False,accord : hors,False,False,accord : hors,False,False,65,HAUTES-PYRENEES,16,TOULOUSE
0650015N,Collège La Serre de Sarsan,hors EP,93.3,11.7,73.0,False,False,accord : hors,False,False,accord : hors,False,False,65,HAUTES-PYRENEES,16,TOULOUSE
0650017R,Collège de la Barousse,hors EP,107.0,12.8,41.0,False,False,accord : hors,False,False,accord : hors,False,False,65,HAUTES-PYRENEES,16,TOULOUSE
0650019T,Collège Jean Jaurès,hors EP,101.4,10.2,48.0,False,False,accord : hors,False,False,accord : hors,False,False,65,HAUTES-PYRENEES,16,TOULOUSE
0650022W,Collège Beaulieu,hors EP,108.2,10.6,56.0,False,False,accord : hors,False,False,accord : hors,False,False,65,HAUTES-PYRENEES,16,TOULOUSE
0650031F,Collège Desaix,hors EP,89.9,9.9,80.0,False,False,accord : hors,True,False,IPS seul,False,False,65,HAUTES-PYRENEES,16,TOULOUSE
0650033H,Collège Massey,hors EP,91.1,10.6,47.0,False,False,accord : hors,False,False,accord : hors,False,False,65,HAUTES-PYRENEES,16,TOULOUSE
0650034J,Collège Paul Éluard,REP,90.4,9.2,109.0,False,True,note seule,False,True,note seule,False,False,65,HAUTES-PYRENEES,16,TOULOUSE
0650036L,Collège du Val d'Arros,hors EP,110.3,12.0,57.0,False,False,accord : hors,False,False,accord : hors,False,False,65,HAUTES-PYRENEES,16,TOULOUSE
0650037M,Collège d'Astarac Bigorre,hors EP,101.4,11.5,35.0,False,False,accord : hors,False,False,accord : hors,False,False,65,HAUTES-PYRENEES,16,TOULOUSE
0650050B,Collège Voltaire,hors EP,100.3,12.0,90.0,False,False,accord : hors,False,False,accord : hors,False,False,65,HAUTES-PYRENEES,16,TOULOUSE
0650084N,Collège Gaston Fébus,hors EP,102.7,10.7,90.0,False,False,accord : hors,False,False,accord : hors,False,False,65,HAUTES-PYRENEES,16,TOULOUSE
0650088T,Collège Paul Valéry,hors EP,105.0,11.3,125.0,False,False,accord : hors,False,False,accord : hors,False,False,65,HAUTES-PYRENEES,16,TOULOUSE
0650089U,Collège Blanche Odin,hors EP,113.4,11.3,136.0,False,False,accord : hors,False,False,accord : hors,False,False,65,HAUTES-PYRENEES,16,TOULOUSE
0650740B,Collège Pyrénées,hors EP,91.2,10.1,112.0,False,False,accord : hors,False,False,accord : hors,False,False,65,HAUTES-PYRENEES,16,TOULOUSE
0650835E,Collège Victor Hugo,hors EP,118.3,11.9,135.0,False,False,accord : hors,False,False,accord : hors,False,False,65,HAUTES-PYRENEES,16,TOULOUSE
0650836F,Collège climatique René Billères,hors EP,114.8,11.4,113.0,False,False,accord : hors,False,False,accord : hors,False,False,65,HAUTES-PYRENEES,16,TOULOUSE
0650838H,Collège Pierre Mendès France,hors EP,99.7,10.7,111.0,False,False,accord : hors,False,False,accord : hors,False,False,65,HAUTES-PYRENEES,16,TOULOUSE
0660001T,Collège des Albères,hors EP,96.2,9.9,112.0,False,False,accord : hors,False,False,accord : hors,False,False,66,PYRENEES-ORIENTALES,11,MONTPELLIER
0660007Z,Collège Irène Joliot-Curie,hors EP,101.2,11.1,72.0,False,False,accord : hors,False,False,accord : hors,False,False,66,PYRENEES-ORIENTALES,11,MONTPELLIER
0660008A,Collège Pierre Fouché,hors EP,97.6,10.5,118.0,False,False,accord : hors,False,False,accord : hors,False,False,66,PYRENEES-ORIENTALES,11,MONTPELLIER
0660012E,Collège Joseph Sébastien Pons,REP+,68.5,8.5,106.0,True,True,accord : à classer,True,True,accord : à classer,False,False,66,PYRENEES-ORIENTALES,11,MONTPELLIER
0660016J,Collège la Garrigole,REP,78.8,8.0,109.0,True,True,accord : à classer,True,True,accord : à classer,False,False,66,PYRENEES-ORIENTALES,11,MONTPELLIER
0660017K,Collège Jean Macé,hors EP,88.4,10.3,105.0,True,False,IPS seul,False,False,accord : hors,False,False,66,PYRENEES-ORIENTALES,11,MONTPELLIER
0660018L,Collège Madame de Sévigné,REP+,76.0,8.6,130.0,True,True,accord : à classer,True,True,accord : à classer,False,False,66,PYRENEES-ORIENTALES,11,MONTPELLIER
0660019M,Collège Saint-Exupéry,hors EP,76.3,8.4,155.0,True,True,accord : à classer,True,True,accord : à classer,False,False,66,PYRENEES-ORIENTALES,11,MONTPELLIER
0660022R,Collège Gustave Violet,hors EP,97.5,10.4,146.0,False,False,accord : hors,False,False,accord : hors,False,False,66,PYRENEES-ORIENTALES,11,MONTPELLIER
0660028X,Collège Jean Mermoz,hors EP,94.3,9.0,230.0,False,True,note seule,False,False,accord : hors,False,False,66,PYRENEES-ORIENTALES,11,MONTPELLIER
0660029Y,Collège Joseph Calvet,hors EP,87.7,10.3,36.0,True,False,IPS seul,False,False,accord : hors,False,False,66,PYRENEES-ORIENTALES,11,MONTPELLIER
0660030Z,Collège Pierre Moreto,hors EP,102.9,10.3,242.0,False,False,accord : hors,False,False,accord : hors,False,False,66,PYRENEES-ORIENTALES,11,MONTPELLIER
0660037G,Collège Joffre,hors EP,91.1,9.4,158.0,False,False,accord : hors,False,False,accord : hors,False,False,66,PYRENEES-ORIENTALES,11,MONTPELLIER
0660038H,Collège de la Côte Vermeille,hors EP,97.9,10.4,63.0,False,False,accord : hors,False,False,accord : hors,False,False,66,PYRENEES-ORIENTALES,11,MONTPELLIER
0660049V,Collège Jean Moulin,REP,89.7,11.0,131.0,False,False,accord : hors,False,False,accord : hors,False,False,66,PYRENEES-ORIENTALES,11,MONTPELLIER
0660051X,Collège Albert Camus,REP,73.4,7.8,88.0,True,True,accord : à classer,True,True,accord : à classer,False,False,66,PYRENEES-ORIENTALES,11,MONTPELLIER
0660431K,Collège le Riberal,hors EP,101.5,9.7,192.0,False,False,accord : hors,False,False,accord : hors,False,False,66,PYRENEES-ORIENTALES,11,MONTPELLIER
0660480N,Collège Jean Moulin,hors EP,94.3,8.6,74.0,False,True,note seule,False,True,note seule,False,False,66,PYRENEES-ORIENTALES,11,MONTPELLIER
0660521H,Collège Pau Casals,hors EP,105.5,10.8,184.0,False,False,accord : hors,False,False,accord : hors,False,False,66,PYRENEES-ORIENTALES,11,MONTPELLIER
0660522J,Collège Marcel Pagnol,REP+,66.5,8.1,103.0,True,True,accord : à classer,True,True,accord : à classer,False,False,66,PYRENEES-ORIENTALES,11,MONTPELLIER
0660523K,Collège Paul Langevin,hors EP,96.7,9.4,226.0,False,False,accord : hors,False,False,accord : hors,False,False,66,PYRENEES-ORIENTALES,11,MONTPELLIER
0660600U,Collège Cerdanya,hors EP,110.8,12.0,78.0,False,False,accord : hors,False,False,accord : hors,False,False,66,PYRENEES-ORIENTALES,11,MONTPELLIER
0660601V,Collège Jean Amade,hors EP,101.9,11.1,199.0,False,False,accord : hors,False,False,accord : hors,False,False,66,PYRENEES-ORIENTALES,11,MONTPELLIER
0660634F,Collège climatique et sportif Pierre de Coubertin,hors EP,117.8,12.2,89.0,False,False,accord : hors,False,False,accord : hors,False,False,66,PYRENEES-ORIENTALES,11,MONTPELLIER
0660648W,Collège la Côte Radieuse,hors EP,101.7,9.9,208.0,False,False,accord : hors,False,False,accord : hors,False,False,66,PYRENEES-ORIENTALES,11,MONTPELLIER
0660653B,Collège Jules Verne,hors EP,105.3,10.4,123.0,False,False,accord : hors,False,False,accord : hors,False,False,66,PYRENEES-ORIENTALES,11,MONTPELLIER
0660848N,Collège Alice et Jean Olibo,hors EP,103.2,10.3,175.0,False,False,accord : hors,False,False,accord : hors,False,False,66,PYRENEES-ORIENTALES,11,MONTPELLIER
0660864F,Collège François Mitterrand,hors EP,107.0,12.6,165.0,False,False,accord : hors,False,False,accord : hors,False,False,66,PYRENEES-ORIENTALES,11,MONTPELLIER
0660865G,Collège Pierre Mendès France,hors EP,108.5,10.4,130.0,False,False,accord : hors,False,False,accord : hors,False,False,66,PYRENEES-ORIENTALES,11,MONTPELLIER
0660866H,Collège Jean Rous,hors EP,87.3,8.3,157.0,True,True,accord : à classer,False,True,note seule,False,False,66,PYRENEES-ORIENTALES,11,MONTPELLIER
0660925X,Collège Christian Bourquin,hors EP,98.0,9.8,134.0,False,False,accord : hors,False,False,accord : hors,False,False,66,PYRENEES-ORIENTALES,11,MONTPELLIER
0670003P,Collège Robert Schuman,hors EP,107.6,11.0,221.0,False,False,accord : hors,False,False,accord : hors,False,False,67,BAS-RHIN,15,STRASBOURG
0670004R,Collège le Ried,hors EP,83.7,8.8,148.0,True,True,accord : à classer,False,True,note seule,False,False,67,BAS-RHIN,15,STRASBOURG
0670009W,Collège Marcel Weinum,hors EP,115.1,11.7,142.0,False,False,accord : hors,False,False,accord : hors,False,False,67,BAS-RHIN,15,STRASBOURG
0670011Y,Collège du Bernstein,hors EP,113.3,12.1,104.0,False,False,accord : hors,False,False,accord : hors,False,False,67,BAS-RHIN,15,STRASBOURG
0670014B,Collège des racines et des ailes,hors EP,96.9,11.9,71.0,False,False,accord : hors,False,False,accord : hors,False,False,67,BAS-RHIN,15,STRASBOURG
0670016D,Collège Katia et Maurice Krafft,hors EP,105.9,10.8,115.0,False,False,accord : hors,False,False,accord : hors,False,False,67,BAS-RHIN,15,STRASBOURG
0670017E,Collège Romain Rolland,hors EP,106.1,10.8,191.0,False,False,accord : hors,False,False,accord : hors,False,False,67,BAS-RHIN,15,STRASBOURG
0670035Z,Collège Olympe de Gouges,hors EP,99.7,11.9,64.0,False,False,accord : hors,False,False,accord : hors,False,False,67,BAS-RHIN,15,STRASBOURG
0670056X,Collège Pierre Claude,hors EP,95.8,10.9,95.0,False,False,accord : hors,False,False,accord : hors,False,False,67,BAS-RHIN,15,STRASBOURG
0670065G,Collège Leclerc,REP,84.0,8.1,107.0,True,True,accord : à classer,False,True,note seule,False,False,67,BAS-RHIN,15,STRASBOURG
0670066H,Collège Rouget de Lisle,REP,83.0,10.3,176.0,True,False,IPS seul,False,False,accord : hors,False,False,67,BAS-RHIN,15,STRASBOURG
0670068K,Collège Haute Bruche,hors EP,100.4,11.1,67.0,False,False,accord : hors,False,False,accord : hors,False,False,67,BAS-RHIN,15,STRASBOURG
0670076U,Collège Albert Camus,hors EP,106.4,11.7,147.0,False,False,accord : hors,False,False,accord : hors,False,False,67,BAS-RHIN,15,STRASBOURG
0670105A,Collège Lezay Marnésia,REP+,70.4,8.8,118.0,True,True,accord : à classer,True,True,accord : à classer,False,False,67,BAS-RHIN,15,STRASBOURG
0670106B,Collège du Grand Ried,hors EP,106.5,11.3,119.0,False,False,accord : hors,False,False,accord : hors,False,False,67,BAS-RHIN,15,STRASBOURG
0670107C,Collège Kochersberg,hors EP,123.7,12.5,141.0,False,False,accord : hors,False,False,accord : hors,False,False,67,BAS-RHIN,15,STRASBOURG
0670133F,Collège Kléber,hors EP,91.3,9.8,186.0,False,False,accord : hors,False,False,accord : hors,False,False,67,BAS-RHIN,15,STRASBOURG
0671508A,Collège Jacques Twinger,REP,77.6,8.7,161.0,True,True,accord : à classer,True,True,accord : à classer,False,False,67,BAS-RHIN,15,STRASBOURG
0671590P,Collège Sophie Germain,REP,74.4,7.7,188.0,True,True,accord : à classer,True,True,accord : à classer,False,False,67,BAS-RHIN,15,STRASBOURG
0671593T,Collège Louise Weiss,hors EP,89.4,10.4,168.0,False,False,accord : hors,False,False,accord : hors,False,False,67,BAS-RHIN,15,STRASBOURG
0671594U,Collège Jules Hoffmann,hors EP,96.6,9.8,133.0,False,False,accord : hors,False,False,accord : hors,False,False,67,BAS-RHIN,15,STRASBOURG
0671595V,Collège Françoise Dolto,hors EP,94.0,11.2,78.0,False,False,accord : hors,False,False,accord : hors,False,False,67,BAS-RHIN,15,STRASBOURG
0671596W,Collège Maréchal de Mac Mahon,hors EP,102.7,12.1,92.0,False,False,accord : hors,False,False,accord : hors,False,False,67,BAS-RHIN,15,STRASBOURG
0671597X,Collège Charles de Gaulle,hors EP,101.7,11.8,102.0,False,False,accord : hors,False,False,accord : hors,False,False,67,BAS-RHIN,15,STRASBOURG
0671598Y,Collège Val de Moder,hors EP,102.1,11.4,103.0,False,False,accord : hors,False,False,accord : hors,False,False,67,BAS-RHIN,15,STRASBOURG
0671600A,Collège Jean Jacques Waltz,hors EP,97.8,11.8,117.0,False,False,accord : hors,False,False,accord : hors,False,False,67,BAS-RHIN,15,STRASBOURG
0671601B,Collège du Klosterwald,hors EP,112.4,12.6,105.0,False,False,accord : hors,False,False,accord : hors,False,False,67,BAS-RHIN,15,STRASBOURG
0671686U,Collège Paul Wernert,hors EP,118.2,12.1,130.0,False,False,accord : hors,False,False,accord : hors,False,False,67,BAS-RHIN,15,STRASBOURG
0671687V,Collège Sébastien Brant,hors EP,112.5,11.4,166.0,False,False,accord : hors,False,False,accord : hors,False,False,67,BAS-RHIN,15,STRASBOURG
0671688W,Collège Georges Holderith,hors EP,108.9,12.9,71.0,False,False,accord : hors,False,False,accord : hors,False,False,67,BAS-RHIN,15,STRASBOURG
0671689X,Collège André Malraux,hors EP,123.3,12.2,140.0,False,False,accord : hors,False,False,accord : hors,False,False,67,BAS-RHIN,15,STRASBOURG
0671690Y,Collège Maxime Alexandre,hors EP,87.6,9.1,149.0,True,True,accord : à classer,False,False,accord : hors,False,False,67,BAS-RHIN,15,STRASBOURG
0671691Z,Collège Stockfeld,REP,72.4,7.5,117.0,True,True,accord : à classer,True,True,accord : à classer,False,False,67,BAS-RHIN,15,STRASBOURG
0671692A,Collège Solignac,REP+,71.2,6.7,70.0,True,True,accord : à classer,True,True,accord : à classer,False,False,67,BAS-RHIN,15,STRASBOURG
0671697F,Collège Frison Roche,hors EP,89.5,10.8,101.0,False,False,accord : hors,False,False,accord : hors,False,False,67,BAS-RHIN,15,STRASBOURG
0671734W,Collège Kléber,hors EP,84.6,8.5,117.0,True,True,accord : à classer,False,True,note seule,False,False,67,BAS-RHIN,15,STRASBOURG
0671738A,Collège Charles Munch,hors EP,100.2,10.9,83.0,False,False,accord : hors,False,False,accord : hors,False,False,67,BAS-RHIN,15,STRASBOURG
0671739B,Collège Suzanne Lalique-Haviland,hors EP,98.2,11.3,46.0,False,False,accord : hors,False,False,accord : hors,False,False,67,BAS-RHIN,15,STRASBOURG
0671740C,Collège Marcel Pagnol,hors EP,102.0,11.6,109.0,False,False,accord : hors,False,False,accord : hors,False,False,67,BAS-RHIN,15,STRASBOURG
0671741D,Collège de l'Eichel,hors EP,100.5,12.3,57.0,False,False,accord : hors,False,False,accord : hors,False,False,67,BAS-RHIN,15,STRASBOURG
0671742E,Collège Caroline Aigle,hors EP,97.6,10.0,162.0,False,False,accord : hors,False,False,accord : hors,False,False,67,BAS-RHIN,15,STRASBOURG
0671822S,Collège Lamartine,REP,74.9,7.9,132.0,True,True,accord : à classer,True,True,accord : à classer,False,False,67,BAS-RHIN,15,STRASBOURG
0671824U,Collège Jean de la Fontaine,hors EP,113.6,11.8,155.0,False,False,accord : hors,False,False,accord : hors,False,False,67,BAS-RHIN,15,STRASBOURG
0671825V,Collège François Truffaut,REP+,69.2,8.2,133.0,True,True,accord : à classer,True,True,accord : à classer,False,False,67,BAS-RHIN,15,STRASBOURG
0671827X,Collège de l'Outre forêt,hors EP,101.4,11.4,121.0,False,False,accord : hors,False,False,accord : hors,False,False,67,BAS-RHIN,15,STRASBOURG
0671828Y,Collège Louis Arbogast,hors EP,103.1,11.7,144.0,False,False,accord : hors,False,False,accord : hors,False,False,67,BAS-RHIN,15,STRASBOURG
0671830A,Collège Jean Mentel,hors EP,105.2,11.3,135.0,False,False,accord : hors,False,False,accord : hors,False,False,67,BAS-RHIN,15,STRASBOURG
0671907J,Collège Hans Arp,REP+,75.3,8.5,163.0,True,True,accord : à classer,True,True,accord : à classer,False,False,67,BAS-RHIN,15,STRASBOURG
0671909L,Collège international Vauban,hors EP,95.6,10.6,104.0,False,False,accord : hors,False,False,accord : hors,False,False,67,BAS-RHIN,15,STRASBOURG
0671911N,Collège Simone Veil,hors EP,114.3,11.6,75.0,False,False,accord : hors,False,False,accord : hors,False,False,67,BAS-RHIN,15,STRASBOURG
0671912P,Collège Jacques Tati,hors EP,104.0,12.6,40.0,False,False,accord : hors,False,False,accord : hors,False,False,67,BAS-RHIN,15,STRASBOURG
0671913R,Collège Herrade de Landsberg,hors EP,123.5,13.5,163.0,False,False,accord : hors,False,False,accord : hors,False,False,67,BAS-RHIN,15,STRASBOURG
0671915T,Collège International de l'Esplanade Strasbourg (CIES),hors EP,107.2,11.8,203.0,False,False,accord : hors,False,False,accord : hors,False,False,67,BAS-RHIN,15,STRASBOURG
0671956M,Collège du Parc,hors EP,102.8,10.5,87.0,False,False,accord : hors,False,False,accord : hors,False,False,67,BAS-RHIN,15,STRASBOURG
0671958P,Collège Foch,hors EP,123.2,12.6,117.0,False,False,accord : hors,False,False,accord : hors,False,False,67,BAS-RHIN,15,STRASBOURG
0671960S,Collège du Bois fleuri,hors EP,102.6,12.0,100.0,False,False,accord : hors,False,False,accord : hors,False,False,67,BAS-RHIN,15,STRASBOURG
0671961T,Collège Gustave Doré,hors EP,116.6,12.1,182.0,False,False,accord : hors,False,False,accord : hors,False,False,67,BAS-RHIN,15,STRASBOURG
0671962U,Collège des Châteaux,hors EP,117.9,11.6,122.0,False,False,accord : hors,False,False,accord : hors,False,False,67,BAS-RHIN,15,STRASBOURG
0671963V,Collège des deux rives,hors EP,104.7,11.7,63.0,False,False,accord : hors,False,False,accord : hors,False,False,67,BAS-RHIN,15,STRASBOURG
0671984T,Collège Otfried,hors EP,99.6,11.4,109.0,False,False,accord : hors,False,False,accord : hors,False,False,67,BAS-RHIN,15,STRASBOURG
0671985U,Collège Léonard de Vinci,hors EP,107.1,12.2,75.0,False,False,accord : hors,False,False,accord : hors,False,False,67,BAS-RHIN,15,STRASBOURG
0671986V,Collège Les Sources,hors EP,92.3,11.6,84.0,False,False,accord : hors,False,False,accord : hors,False,False,67,BAS-RHIN,15,STRASBOURG
0671987W,Collège Poincaré,hors EP,109.2,11.9,105.0,False,False,accord : hors,False,False,accord : hors,False,False,67,BAS-RHIN,15,STRASBOURG
0671989Y,Collège Grégoire de Tours,hors EP,119.2,12.4,148.0,False,False,accord : hors,False,False,accord : hors,False,False,67,BAS-RHIN,15,STRASBOURG
0672012Y,Collège Baldung Grien,hors EP,118.1,12.0,99.0,False,False,accord : hors,False,False,accord : hors,False,False,67,BAS-RHIN,15,STRASBOURG
0672013Z,Collège Paul-Émile Victor,hors EP,108.2,11.1,111.0,False,False,accord : hors,False,False,accord : hors,False,False,67,BAS-RHIN,15,STRASBOURG
0672072N,Collège Martin Schongauer,hors EP,85.2,9.4,131.0,True,False,IPS seul,False,False,accord : hors,False,False,67,BAS-RHIN,15,STRASBOURG
0672074R,Collège du Rhin,hors EP,110.4,11.3,108.0,False,False,accord : hors,False,False,accord : hors,False,False,67,BAS-RHIN,15,STRASBOURG
0672076T,Collège du Bastberg,hors EP,105.0,12.8,110.0,False,False,accord : hors,False,False,accord : hors,False,False,67,BAS-RHIN,15,STRASBOURG
0672078V,Collège Europe,hors EP,111.5,12.7,120.0,False,False,accord : hors,False,False,accord : hors,False,False,67,BAS-RHIN,15,STRASBOURG
0672128Z,Collège Jean Monnet,hors EP,89.1,8.2,142.0,False,True,note seule,False,True,note seule,False,False,67,BAS-RHIN,15,STRASBOURG
0672129A,Collège Louis Pasteur,hors EP,94.7,9.6,165.0,False,False,accord : hors,False,False,accord : hors,False,False,67,BAS-RHIN,15,STRASBOURG
0672130B,Collège André Maurois,REP,87.4,10.2,166.0,True,False,IPS seul,False,False,accord : hors,False,False,67,BAS-RHIN,15,STRASBOURG
0672131C,Collège Henri Meck,hors EP,114.9,12.9,90.0,False,False,accord : hors,False,False,accord : hors,False,False,67,BAS-RHIN,15,STRASBOURG
0672132D,Collège Freppel,hors EP,115.6,12.5,112.0,False,False,accord : hors,False,False,accord : hors,False,False,67,BAS-RHIN,15,STRASBOURG
0672133E,Collège de Barr,hors EP,110.4,12.5,107.0,False,False,accord : hors,False,False,accord : hors,False,False,67,BAS-RHIN,15,STRASBOURG
0672134F,Collège Beatus Rhenanus,hors EP,93.2,9.9,94.0,False,False,accord : hors,False,False,accord : hors,False,False,67,BAS-RHIN,15,STRASBOURG
0672135G,Collège Les cigognes,hors EP,115.4,12.8,72.0,False,False,accord : hors,False,False,accord : hors,False,False,67,BAS-RHIN,15,STRASBOURG
0672136H,Collège Foch,hors EP,93.3,10.1,165.0,False,False,accord : hors,False,False,accord : hors,False,False,67,BAS-RHIN,15,STRASBOURG
0672193V,Collège de la Souffel,hors EP,124.1,12.7,126.0,False,False,accord : hors,False,False,accord : hors,False,False,67,BAS-RHIN,15,STRASBOURG
0672194W,Collège Nelson Mandela,hors EP,102.7,11.7,134.0,False,False,accord : hors,False,False,accord : hors,False,False,67,BAS-RHIN,15,STRASBOURG
0672197Z,Collège Tomi Ungerer,hors EP,108.5,10.4,52.0,False,False,accord : hors,False,False,accord : hors,False,False,67,BAS-RHIN,15,STRASBOURG
0672254L,Collège les sept Arpents,hors EP,103.6,10.5,137.0,False,False,accord : hors,False,False,accord : hors,False,False,67,BAS-RHIN,15,STRASBOURG
0672459J,Collège Érasme,REP+,68.9,9.6,81.0,True,False,IPS seul,True,False,IPS seul,False,False,67,BAS-RHIN,15,STRASBOURG
0672606U,Collège Rembrandt Bugatti,hors EP,112.6,11.5,141.0,False,False,accord : hors,False,False,accord : hors,False,False,67,BAS-RHIN,15,STRASBOURG
0672658A,Collège La pierre polie,hors EP,113.3,12.1,68.0,False,False,accord : hors,False,False,accord : hors,False,False,67,BAS-RHIN,15,STRASBOURG
0672765S,Collège Galilée,hors EP,93.7,10.1,169.0,False,False,accord : hors,False,False,accord : hors,False,False,67,BAS-RHIN,15,STRASBOURG
0672896J,Collège Nicolas Copernic,hors EP,117.7,12.4,117.0,False,False,accord : hors,False,False,accord : hors,False,False,67,BAS-RHIN,15,STRASBOURG
0673006D,Collège du Torenberg-Heiligenstein,hors EP,102.5,12.3,80.0,False,False,accord : hors,False,False,accord : hors,False,False,67,BAS-RHIN,15,STRASBOURG
0680006M,Collège René Cassin,hors EP,100.7,11.0,163.0,False,False,accord : hors,False,False,accord : hors,False,False,68,HAUT-RHIN,15,STRASBOURG
0680009R,Collège Pfeffel,REP,73.2,8.9,104.0,True,True,accord : à classer,True,True,accord : à classer,False,False,68,HAUT-RHIN,15,STRASBOURG
0680012U,Collège Jean Monnet,hors EP,104.1,11.2,98.0,False,False,accord : hors,False,False,accord : hors,False,False,68,HAUT-RHIN,15,STRASBOURG
0680013V,Collège Victor Schoelcher,hors EP,101.7,11.4,154.0,False,False,accord : hors,False,False,accord : hors,False,False,68,HAUT-RHIN,15,STRASBOURG
0680014W,Collège Adélaïde Hautval,hors EP,102.7,10.9,101.0,False,False,accord : hors,False,False,accord : hors,False,False,68,HAUT-RHIN,15,STRASBOURG
0680019B,Collège Jean Paul de Dadelsen,hors EP,103.2,11.2,120.0,False,False,accord : hors,False,False,accord : hors,False,False,68,HAUT-RHIN,15,STRASBOURG
0680020C,Collège Gérard de Nerval,hors EP,98.7,9.5,173.0,False,False,accord : hors,False,False,accord : hors,False,False,68,HAUT-RHIN,15,STRASBOURG
0680021D,Collège Jules Verne,hors EP,85.3,10.1,124.0,True,False,IPS seul,False,False,accord : hors,False,False,68,HAUT-RHIN,15,STRASBOURG
0680022E,Collège Albert Schweitzer,hors EP,113.0,13.3,64.0,False,False,accord : hors,False,False,accord : hors,False,False,68,HAUT-RHIN,15,STRASBOURG
0680056S,Collège Théodore Monod,hors EP,109.2,11.3,76.0,False,False,accord : hors,False,False,accord : hors,False,False,68,HAUT-RHIN,15,STRASBOURG
0680064A,Collège Robert Schuman,hors EP,99.3,11.5,91.0,False,False,accord : hors,False,False,accord : hors,False,False,68,HAUT-RHIN,15,STRASBOURG
0680065B,Collège René Schickele,hors EP,87.5,9.4,108.0,True,False,IPS seul,False,False,accord : hors,False,False,68,HAUT-RHIN,15,STRASBOURG
0680071H,Collège de la Largue,hors EP,99.1,10.6,77.0,False,False,accord : hors,False,False,accord : hors,False,False,68,HAUT-RHIN,15,STRASBOURG
0680079S,Collège Charles Péguy,hors EP,98.3,10.5,95.0,False,False,accord : hors,False,False,accord : hors,False,False,68,HAUT-RHIN,15,STRASBOURG
0680084X,Collège Molière,REP+,69.5,8.7,102.0,True,True,accord : à classer,True,True,accord : à classer,False,False,68,HAUT-RHIN,15,STRASBOURG
0680088B,Collège Victor Hugo,hors EP,112.5,11.0,133.0,False,False,accord : hors,False,False,accord : hors,False,False,68,HAUT-RHIN,15,STRASBOURG
0680101R,Collège les Ménétriers,hors EP,111.6,11.2,157.0,False,False,accord : hors,False,False,accord : hors,False,False,68,HAUT-RHIN,15,STRASBOURG
0680105V,Collège Kennedy,REP+,76.0,7.8,131.0,True,True,accord : à classer,True,True,accord : à classer,False,False,68,HAUT-RHIN,15,STRASBOURG
0680110A,Collège Jean Macé,REP+,68.3,8.6,120.0,True,True,accord : à classer,True,True,accord : à classer,False,False,68,HAUT-RHIN,15,STRASBOURG
0680111B,Collège Saint-Exupéry,REP+,74.5,9.5,109.0,True,False,IPS seul,True,False,IPS seul,False,False,68,HAUT-RHIN,15,STRASBOURG
0680112C,Collège Léon Gambetta,hors EP,99.7,9.3,99.0,False,False,accord : hors,False,False,accord : hors,False,True,68,HAUT-RHIN,15,STRASBOURG
0680128V,Collège Robert Beltz,hors EP,104.4,11.9,102.0,False,False,accord : hors,False,False,accord : hors,False,False,68,HAUT-RHIN,15,STRASBOURG
0680129W,Collège Capitaine Dreyfus,hors EP,95.5,9.2,153.0,False,True,note seule,False,False,accord : hors,False,False,68,HAUT-RHIN,15,STRASBOURG
0681123B,Collège Hector Berlioz,hors EP,97.9,11.1,155.0,False,False,accord : hors,False,False,accord : hors,False,False,68,HAUT-RHIN,15,STRASBOURG
0681125D,Collège Robert Schuman,hors EP,95.4,10.7,129.0,False,False,accord : hors,False,False,accord : hors,False,False,68,HAUT-RHIN,15,STRASBOURG
0681126E,Collège Marcel Pagnol,hors EP,90.0,10.0,102.0,False,False,accord : hors,False,False,accord : hors,False,False,68,HAUT-RHIN,15,STRASBOURG
0681127F,Collège Bourtzwiller,REP+,71.6,7.4,139.0,True,True,accord : à classer,True,True,accord : à classer,False,False,68,HAUT-RHIN,15,STRASBOURG
0681190Z,Collège Alice Mosnier,hors EP,112.2,12.5,190.0,False,False,accord : hors,False,False,accord : hors,False,False,68,HAUT-RHIN,15,STRASBOURG
0681265F,Collège Conrad Alexandre Gérard,hors EP,105.9,11.6,95.0,False,False,accord : hors,False,False,accord : hors,False,False,68,HAUT-RHIN,15,STRASBOURG
0681267H,Collège Katia et Maurice Krafft,hors EP,88.2,9.0,100.0,True,True,accord : à classer,False,False,accord : hors,False,False,68,HAUT-RHIN,15,STRASBOURG
0681268J,Collège des trois pays,hors EP,113.8,11.8,191.0,False,False,accord : hors,False,False,accord : hors,False,False,68,HAUT-RHIN,15,STRASBOURG
0681269K,Collège Françoise Dolto,hors EP,113.3,11.7,104.0,False,False,accord : hors,False,False,accord : hors,False,False,68,HAUT-RHIN,15,STRASBOURG
0681284B,Collège Wolf,REP+,67.9,8.8,105.0,True,True,accord : à classer,True,True,accord : à classer,False,False,68,HAUT-RHIN,15,STRASBOURG
0681318N,Collège Mathias Grunewald,hors EP,96.6,10.6,132.0,False,False,accord : hors,False,False,accord : hors,False,False,68,HAUT-RHIN,15,STRASBOURG
0681322T,Collège Jean Mermoz,hors EP,89.6,10.5,60.0,False,False,accord : hors,False,False,accord : hors,False,False,68,HAUT-RHIN,15,STRASBOURG
0681365P,Collège Jacques Prévert,hors EP,105.6,10.7,106.0,False,False,accord : hors,False,False,accord : hors,False,False,68,HAUT-RHIN,15,STRASBOURG
0681366R,Collège Jean Moulin,hors EP,113.8,12.7,95.0,False,False,accord : hors,False,False,accord : hors,False,False,68,HAUT-RHIN,15,STRASBOURG
0681368T,Collège Charles Walch,hors EP,93.7,11.5,105.0,False,False,accord : hors,False,False,accord : hors,False,False,68,HAUT-RHIN,15,STRASBOURG
0681369U,Collège Émile Zola,hors EP,85.4,9.8,130.0,True,False,IPS seul,False,False,accord : hors,False,False,68,HAUT-RHIN,15,STRASBOURG
0681370V,Collège du Nonnenbruch,hors EP,92.6,9.9,119.0,False,False,accord : hors,False,False,accord : hors,False,False,68,HAUT-RHIN,15,STRASBOURG
0681373Y,Collège Lucien Herr,hors EP,101.7,11.6,101.0,False,False,accord : hors,False,False,accord : hors,False,False,68,HAUT-RHIN,15,STRASBOURG
0681394W,Collège Jean-Georges Reber,hors EP,87.2,10.7,62.0,True,False,IPS seul,False,False,accord : hors,False,False,68,HAUT-RHIN,15,STRASBOURG
0681395X,Collège François Villon,REP+,68.0,8.2,172.0,True,True,accord : à classer,True,True,accord : à classer,False,False,68,HAUT-RHIN,15,STRASBOURG
0681448E,Collège Georges Martelot,hors EP,104.4,11.0,87.0,False,False,accord : hors,False,False,accord : hors,False,False,68,HAUT-RHIN,15,STRASBOURG
0681539D,Collège Fréderic Hartmann,hors EP,105.1,12.3,135.0,False,False,accord : hors,False,False,accord : hors,False,False,68,HAUT-RHIN,15,STRASBOURG
0681541F,Collège Rémy Faesch,hors EP,100.2,10.9,71.0,False,False,accord : hors,False,False,accord : hors,False,False,68,HAUT-RHIN,15,STRASBOURG
0681654D,Collège Lazare de Schwendi,hors EP,104.2,10.2,107.0,False,False,accord : hors,False,False,accord : hors,False,False,68,HAUT-RHIN,15,STRASBOURG
0681713T,Collège Henri Ulrich,hors EP,109.3,12.6,74.0,False,False,accord : hors,False,False,accord : hors,False,False,68,HAUT-RHIN,15,STRASBOURG
0681747E,Collège Georges Forlen,hors EP,81.8,8.9,109.0,True,True,accord : à classer,True,False,IPS seul,False,False,68,HAUT-RHIN,15,STRASBOURG
0681757R,Collège Anne Frank,hors EP,78.5,8.2,88.0,True,True,accord : à classer,True,True,accord : à classer,False,False,68,HAUT-RHIN,15,STRASBOURG
0681930D,Collège Irène Joliot Curie,hors EP,86.9,9.4,146.0,True,False,IPS seul,False,False,accord : hors,False,False,68,HAUT-RHIN,15,STRASBOURG
0681932F,Collège de l'Ill,hors EP,107.1,12.2,86.0,False,False,accord : hors,False,False,accord : hors,False,False,68,HAUT-RHIN,15,STRASBOURG
0681957H,Collège Pierre Pflimlin,hors EP,81.8,9.5,104.0,True,False,IPS seul,True,False,IPS seul,False,False,68,HAUT-RHIN,15,STRASBOURG
0681961M,Collège Bel Air,REP,82.4,8.7,123.0,True,True,accord : à classer,True,True,accord : à classer,False,False,68,HAUT-RHIN,15,STRASBOURG
0681965S,Collège Félix Éboué,hors EP,104.9,11.8,86.0,False,False,accord : hors,False,False,accord : hors,False,False,68,HAUT-RHIN,15,STRASBOURG
0682017Y,Collège Nathan Katz,hors EP,115.7,12.4,130.0,False,False,accord : hors,False,False,accord : hors,False,False,68,HAUT-RHIN,15,STRASBOURG
0682018Z,Collège du Hugstein,hors EP,99.8,10.5,91.0,False,False,accord : hors,False,False,accord : hors,False,False,68,HAUT-RHIN,15,STRASBOURG
0690001B,Collège Eugénie de Pomey,hors EP,102.0,11.4,61.0,False,False,accord : hors,False,False,accord : hors,False,False,69,RHONE,10,LYON
0690002C,Collège Asa Paulini,hors EP,122.0,11.5,191.0,False,False,accord : hors,False,False,accord : hors,False,False,69,RHONE,10,LYON
0690005F,Collège du Val d'Ardières,hors EP,102.6,12.9,66.0,False,False,accord : hors,False,False,accord : hors,False,False,69,RHONE,10,LYON
0690007H,Collège Émile Zola,hors EP,96.2,10.5,170.0,False,False,accord : hors,False,False,accord : hors,False,False,69,RHONE,10,LYON
0690015S,Collège le Bassenon,hors EP,113.4,11.4,118.0,False,False,accord : hors,False,False,accord : hors,False,False,69,RHONE,10,LYON
0690016T,Collège François Brossette,hors EP,97.7,11.9,39.0,False,False,accord : hors,False,False,accord : hors,False,False,69,RHONE,10,LYON
0690022Z,Collège de la Haute Azergues,hors EP,107.9,12.7,46.0,False,False,accord : hors,False,False,accord : hors,False,False,69,RHONE,10,LYON
0690036P,Collège Victor Schoelcher,REP+,75.0,9.4,89.0,True,False,IPS seul,True,True,accord : à classer,False,False,69,RHONE,10,LYON
0690053H,Collège Professeur Dargent,hors EP,105.6,11.3,135.0,False,False,accord : hors,False,False,accord : hors,False,False,69,RHONE,10,LYON
0690060R,Collège Jean Mermoz,REP,85.7,8.6,56.0,True,True,accord : à classer,True,True,accord : à classer,False,False,69,RHONE,10,LYON
0690070B,Collège du Mont Saint-Rigaud,hors EP,104.0,12.8,34.0,False,False,accord : hors,False,False,accord : hors,False,False,69,RHONE,10,LYON
0690075G,Collège Pierre Brossolette,hors EP,97.5,11.1,71.0,False,False,accord : hors,False,False,accord : hors,False,False,69,RHONE,10,LYON
0690076H,Collège Marcel Pagnol,REP+,85.2,10.7,68.0,True,False,IPS seul,True,False,IPS seul,False,False,69,RHONE,10,LYON
0690078K,Collège du Val d'Argent,hors EP,106.4,12.6,73.0,False,False,accord : hors,False,False,accord : hors,False,False,69,RHONE,10,LYON
0690080M,Collège Bois Franc,hors EP,114.2,12.3,161.0,False,False,accord : hors,False,False,accord : hors,False,False,69,RHONE,10,LYON
0690094C,Collège Jules Michelet,REP+,72.1,8.5,136.0,True,True,accord : à classer,True,True,accord : à classer,False,False,69,RHONE,10,LYON
0690099H,Collège Jean Moulin,REP+,76.5,10.1,69.0,True,False,IPS seul,True,False,IPS seul,False,False,69,RHONE,10,LYON
0690117C,Collège Jean Claude Ruet,hors EP,113.6,13.1,121.0,False,False,accord : hors,False,False,accord : hors,False,False,69,RHONE,10,LYON
0690131T,Collège Raoul Dufy,hors EP,111.7,11.4,100.0,False,False,accord : hors,False,False,accord : hors,False,False,69,RHONE,10,LYON
0690249W,Collège Pierre Valdo,REP+,80.2,8.2,145.0,True,True,accord : à classer,True,True,accord : à classer,False,False,69,RHONE,10,LYON
0690280E,Collège les Iris,REP,83.0,9.9,73.0,True,False,IPS seul,True,False,IPS seul,False,False,69,RHONE,10,LYON
0691478G,Collège Jean Macé,hors EP,93.3,9.7,144.0,False,False,accord : hors,False,True,note seule,False,False,69,RHONE,10,LYON
0691479H,Collège Joliot Curie,REP,78.5,8.9,86.0,True,True,accord : à classer,True,True,accord : à classer,False,False,69,RHONE,10,LYON
0691480J,Collège Honoré de Balzac,REP,82.0,9.4,158.0,True,False,IPS seul,True,True,accord : à classer,False,False,69,RHONE,10,LYON
0691481K,Collège Laurent Mourguet,hors EP,93.3,9.7,96.0,False,False,accord : hors,False,True,note seule,False,False,69,RHONE,10,LYON
0691482L,Collège les Quatre Vents,hors EP,111.6,11.8,134.0,False,False,accord : hors,False,False,accord : hors,False,False,69,RHONE,10,LYON
0691483M,Collège Lucie Aubrac,REP,77.8,8.8,93.0,True,True,accord : à classer,True,True,accord : à classer,False,False,69,RHONE,10,LYON
0691484N,Collège le Plan du Loup,hors EP,102.5,11.7,81.0,False,False,accord : hors,False,False,accord : hors,False,False,69,RHONE,10,LYON
0691495A,Collège Maryse Bastié,hors EP,97.0,9.9,115.0,False,False,accord : hors,False,False,accord : hors,False,False,69,RHONE,10,LYON
0691496B,Collège Jacques Prévert,hors EP,120.8,11.2,170.0,False,False,accord : hors,False,False,accord : hors,False,False,69,RHONE,10,LYON
0691497C,Collège Colette,REP,83.4,9.5,137.0,True,False,IPS seul,True,True,accord : à classer,False,False,69,RHONE,10,LYON
0691498D,Collège Maria Casarès,REP+,75.8,7.7,125.0,True,True,accord : à classer,True,True,accord : à classer,False,False,69,RHONE,10,LYON
0691614E,Collège Léonard de Vinci,hors EP,123.2,11.4,182.0,False,False,accord : hors,False,False,accord : hors,False,False,69,RHONE,10,LYON
0691645N,Collège Faubert,REP,81.8,10.0,87.0,True,False,IPS seul,True,False,IPS seul,False,False,69,RHONE,10,LYON
0691662G,Collège Clément Marot,hors EP,126.5,12.5,171.0,False,False,accord : hors,False,False,accord : hors,False,False,69,RHONE,10,LYON
0691663H,Collège Bellecombe,hors EP,119.6,12.5,143.0,False,False,accord : hors,False,False,accord : hors,False,False,69,RHONE,10,LYON
0691664J,Collège Jean Jaurès,REP,87.3,9.0,126.0,True,True,accord : à classer,True,True,accord : à classer,False,False,69,RHONE,10,LYON
0691666L,Collège Aimé Césaire,REP+,76.9,10.4,88.0,True,False,IPS seul,True,False,IPS seul,False,False,69,RHONE,10,LYON
0691668N,Collège les Servizières,hors EP,101.1,9.9,120.0,False,False,accord : hors,False,False,accord : hors,False,False,69,RHONE,10,LYON
0691669P,Collège Victor Grignard,REP,87.5,10.0,130.0,True,False,IPS seul,True,False,IPS seul,False,False,69,RHONE,10,LYON
0691670R,Collège Jean Charcot,hors EP,101.0,10.1,77.0,False,False,accord : hors,False,False,accord : hors,False,False,69,RHONE,10,LYON
0691673U,Collège la Clavelière,REP,92.6,9.4,75.0,False,False,accord : hors,False,True,note seule,False,False,69,RHONE,10,LYON
0691674V,Collège les Pierres Dorées,hors EP,123.6,13.1,124.0,False,False,accord : hors,False,False,accord : hors,False,False,69,RHONE,10,LYON
0691675W,Collège Louis Jouvet,hors EP,94.5,11.0,116.0,False,False,accord : hors,False,False,accord : hors,False,False,69,RHONE,10,LYON
0691728D,Collège André Lassagne,hors EP,108.5,11.4,115.0,False,False,accord : hors,False,False,accord : hors,False,False,69,RHONE,10,LYON
0691730F,Collège Paul Éluard,REP+,75.6,9.3,164.0,True,False,IPS seul,True,True,accord : à classer,False,True,69,RHONE,10,LYON
0691736M,Collège Jean de Tournes,hors EP,118.3,11.7,146.0,False,False,accord : hors,False,False,accord : hors,False,False,69,RHONE,10,LYON
0691793Z,Collège Jacques Duclos,REP+,81.0,8.2,117.0,True,True,accord : à classer,True,True,accord : à classer,False,False,69,RHONE,10,LYON
0691798E,Collège les Battières,hors EP,93.3,8.6,95.0,False,True,note seule,False,True,note seule,False,False,69,RHONE,10,LYON
0691799F,Collège Louis Aragon,REP,78.2,9.1,120.0,True,True,accord : à classer,True,True,accord : à classer,False,False,69,RHONE,10,LYON
0691824H,Collège Daisy Georges Martin,hors EP,106.9,10.9,144.0,False,False,accord : hors,False,False,accord : hors,False,False,69,RHONE,10,LYON
0692155T,Collège des Gratte-Ciel - Môrice Leroux,hors EP,97.6,9.6,151.0,False,False,accord : hors,False,True,note seule,False,False,69,RHONE,10,LYON
0692157V,Collège Georges Brassens,REP,88.4,9.7,123.0,True,False,IPS seul,False,True,note seule,False,False,69,RHONE,10,LYON
0692159X,Collège Paul-Émile Victor,REP+,74.9,10.4,100.0,True,False,IPS seul,True,False,IPS seul,False,False,69,RHONE,10,LYON
0692160Y,Collège Gérard Philipe,hors EP,90.3,9.7,120.0,False,False,accord : hors,False,True,note seule,False,False,69,RHONE,10,LYON
0692163B,Collège Jean-Jacques Rousseau,hors EP,114.7,11.5,171.0,False,False,accord : hors,False,False,accord : hors,False,False,69,RHONE,10,LYON
0692164C,Collège La Platière,hors EP,90.5,11.5,38.0,False,False,accord : hors,False,False,accord : hors,False,False,69,RHONE,10,LYON
0692165D,Collège Élie Vignal,hors EP,123.1,10.2,28.0,False,False,accord : hors,False,False,accord : hors,False,False,69,RHONE,10,LYON
0692334M,Collège Jean Monnet,hors EP,104.5,11.0,103.0,False,False,accord : hors,False,False,accord : hors,False,False,69,RHONE,10,LYON
0692335N,Collège Évariste Galois,hors EP,101.2,10.2,153.0,False,False,accord : hors,False,False,accord : hors,False,False,69,RHONE,10,LYON
0692336P,Collège Henri Barbusse,REP+,79.4,9.6,107.0,True,False,IPS seul,True,True,accord : à classer,False,False,69,RHONE,10,LYON
0692337R,Collège Lamartine,REP+,77.4,9.5,104.0,True,False,IPS seul,True,True,accord : à classer,False,False,69,RHONE,10,LYON
0692338S,Collège Vendôme,hors EP,138.5,12.9,176.0,False,False,accord : hors,False,False,accord : hors,False,False,69,RHONE,10,LYON
0692339T,Collège Georges Clemenceau,hors EP,107.6,11.1,175.0,False,False,accord : hors,False,False,accord : hors,False,False,69,RHONE,10,LYON
0692340U,Collège Henri Longchambon,REP+,78.2,8.9,116.0,True,True,accord : à classer,True,True,accord : à classer,False,False,69,RHONE,10,LYON
0692342W,Collège Alain,REP+,73.0,8.5,181.0,True,True,accord : à classer,True,True,accord : à classer,False,False,69,RHONE,10,LYON
0692343X,Collège Elsa Triolet,REP+,69.1,8.9,134.0,True,True,accord : à classer,True,True,accord : à classer,False,False,69,RHONE,10,LYON
0692346A,Collège Pierre de Ronsard,hors EP,120.0,11.4,144.0,False,False,accord : hors,False,False,accord : hors,False,False,69,RHONE,10,LYON
0692410V,Collège Charles Sénard,hors EP,101.6,10.9,119.0,False,False,accord : hors,False,False,accord : hors,False,False,69,RHONE,10,LYON
0692411W,Collège Molière,hors EP,114.8,11.3,109.0,False,False,accord : hors,False,False,accord : hors,False,False,69,RHONE,10,LYON
0692414Z,Collège Jean-Philippe Rameau,hors EP,105.4,10.7,132.0,False,False,accord : hors,False,False,accord : hors,False,False,69,RHONE,10,LYON
0692417C,Collège Boris Vian,hors EP,89.2,8.8,155.0,False,True,note seule,False,True,note seule,False,False,69,RHONE,10,LYON
0692419E,Collège Émile Malfroy,hors EP,97.5,9.4,120.0,False,False,accord : hors,False,True,note seule,False,False,69,RHONE,10,LYON
0692420F,Collège Maurice Utrillo,hors EP,94.7,11.3,119.0,False,False,accord : hors,False,False,accord : hors,False,False,69,RHONE,10,LYON
0692422H,Collège Jean Rostand,hors EP,122.2,11.8,184.0,False,False,accord : hors,False,False,accord : hors,False,False,69,RHONE,10,LYON
0692423J,Collège Jean Renoir,hors EP,113.5,11.5,216.0,False,False,accord : hors,False,False,accord : hors,False,False,69,RHONE,10,LYON
0692448L,Collège Alexis Kandelaft,hors EP,129.6,12.9,132.0,False,False,accord : hors,False,False,accord : hors,False,False,69,RHONE,10,LYON
0692520P,Collège Frédéric Mistral,hors EP,89.0,8.7,93.0,False,True,note seule,False,True,note seule,False,False,69,RHONE,10,LYON
0692521R,Collège Jean Giono,hors EP,104.5,11.2,89.0,False,False,accord : hors,False,False,accord : hors,False,False,69,RHONE,10,LYON
0692576A,Collège Pablo Picasso,hors EP,108.3,11.6,107.0,False,False,accord : hors,False,False,accord : hors,False,False,69,RHONE,10,LYON
0692578C,Collège Gabriel Rosset,REP,80.5,10.0,87.0,True,False,IPS seul,True,False,IPS seul,False,False,69,RHONE,10,LYON
0692579D,Collège Martin Luther King,hors EP,103.4,9.8,152.0,False,False,accord : hors,False,False,accord : hors,False,False,69,RHONE,10,LYON
0692582G,Collège Jean Zay,hors EP,113.6,12.3,81.0,False,False,accord : hors,False,False,accord : hors,False,False,69,RHONE,10,LYON
0692583H,Collège Paul Vallon,hors EP,79.6,8.0,117.0,True,True,accord : à classer,True,True,accord : à classer,False,False,69,RHONE,10,LYON
0692693C,Collège Ampère,hors EP,122.9,13.2,112.0,False,False,accord : hors,False,False,accord : hors,False,False,69,RHONE,10,LYON
0692694D,Collège Antoine de Saint-Exupéry,hors EP,120.9,10.9,68.0,False,False,accord : hors,False,False,accord : hors,False,False,69,RHONE,10,LYON
0692695E,Collège Lacassagne,hors EP,100.0,10.0,102.0,False,False,accord : hors,False,False,accord : hors,False,False,69,RHONE,10,LYON
0692696F,Collège Jean Moulin,hors EP,125.1,12.2,189.0,False,False,accord : hors,False,False,accord : hors,False,False,69,RHONE,10,LYON
0692698H,Collège Jean Perrin,hors EP,110.0,11.0,217.0,False,False,accord : hors,False,False,accord : hors,False,False,69,RHONE,10,LYON
0692699J,Collège Claude Bernard,hors EP,96.6,10.3,161.0,False,False,accord : hors,False,False,accord : hors,False,False,69,RHONE,10,LYON
0692700K,Collège Marie Laurencin,hors EP,97.6,10.7,138.0,False,False,accord : hors,False,False,accord : hors,False,False,69,RHONE,10,LYON
0692703N,Collège Jean de Verrazane,REP,84.1,9.0,60.0,True,True,accord : à classer,True,True,accord : à classer,False,False,69,RHONE,10,LYON
0692704P,Collège Olivier de Serres,hors EP,106.6,10.5,154.0,False,False,accord : hors,False,False,accord : hors,False,False,69,RHONE,10,LYON
0692865P,Collège Louis Lachenal,hors EP,116.4,10.9,172.0,False,False,accord : hors,False,False,accord : hors,False,False,69,RHONE,10,LYON
0692898A,Collège René Cassin,hors EP,109.0,11.1,124.0,False,False,accord : hors,False,False,accord : hors,False,False,69,RHONE,10,LYON
0693046L,Collège la Perrière,hors EP,127.2,12.7,143.0,False,False,accord : hors,False,False,accord : hors,False,False,69,RHONE,10,LYON
0693092L,Collège Hector Berlioz,hors EP,117.7,12.8,118.0,False,False,accord : hors,False,False,accord : hors,False,False,69,RHONE,10,LYON
0693093M,Collège du cinéma - Bertrand Tavernier (ex collège du Tonkin),hors EP,98.0,11.9,82.0,False,False,accord : hors,False,False,accord : hors,False,False,69,RHONE,10,LYON
0693286X,Collège Jacques Coeur,hors EP,131.6,13.2,183.0,False,False,accord : hors,False,False,accord : hors,False,False,69,RHONE,10,LYON
0693287Y,Collège Paul d'Aubarède,hors EP,107.8,9.0,77.0,False,True,note seule,False,True,note seule,False,False,69,RHONE,10,LYON
0693331W,Collège Louis Leprince-Ringuet,hors EP,125.2,12.3,226.0,False,False,accord : hors,False,False,accord : hors,False,False,69,RHONE,10,LYON
0693365H,Collège Françoise Dolto,hors EP,131.4,13.5,150.0,False,False,accord : hors,False,False,accord : hors,False,False,69,RHONE,10,LYON
0693479G,Collège de la cité scolaire internationale,hors EP,147.6,14.5,190.0,False,False,accord : hors,False,False,accord : hors,False,False,69,RHONE,10,LYON
0693834T,Collège Théodore Monod,REP,87.0,10.1,123.0,True,False,IPS seul,True,False,IPS seul,False,False,69,RHONE,10,LYON
0693890D,Collège Georges Charpak,hors EP,125.3,11.6,183.0,False,False,accord : hors,False,False,accord : hors,False,False,69,RHONE,10,LYON
0693975W,Collège Simone Veil,hors EP,127.0,12.4,183.0,False,False,accord : hors,False,False,accord : hors,False,False,69,RHONE,10,LYON
0694007F,Collège Gilbert Dru,hors EP,103.2,10.0,164.0,False,False,accord : hors,False,False,accord : hors,False,False,69,RHONE,10,LYON
0694092Y,Collège le Petit Pont,hors EP,114.3,12.0,70.0,False,False,accord : hors,False,False,accord : hors,False,False,69,RHONE,10,LYON
0694151M,Collège Christiane Bernardin,hors EP,116.0,12.4,137.0,False,False,accord : hors,False,False,accord : hors,False,False,69,RHONE,10,LYON
0694191F,Collège La Tourette,hors EP,135.0,13.5,188.0,False,False,accord : hors,False,False,accord : hors,False,False,69,RHONE,10,LYON
0694227V,Collège Charles de Gaulle,hors EP,127.4,11.6,136.0,False,False,accord : hors,False,False,accord : hors,False,False,69,RHONE,10,LYON
0694295U,Collège Alice Guy,REP,83.5,9.2,111.0,True,True,accord : à classer,True,True,accord : à classer,False,False,69,RHONE,10,LYON
0694296V,Collège Simone Lagrange,REP+,71.2,8.7,124.0,True,True,accord : à classer,True,True,accord : à classer,False,False,69,RHONE,10,LYON
0694406P,Collège Simone Veil,hors EP,92.1,10.8,133.0,False,False,accord : hors,False,False,accord : hors,False,False,69,RHONE,10,LYON
0694453R,Collège Gisèle Halimi,hors EP,99.9,10.2,133.0,False,False,accord : hors,False,False,accord : hors,False,False,69,RHONE,10,LYON
0694497N,Collège Gilbert Chabroux,REP,85.8,10.0,112.0,True,False,IPS seul,True,False,IPS seul,False,False,69,RHONE,10,LYON
0700004Z,Collège Gaston Ramon,hors EP,95.0,9.0,66.0,False,True,note seule,False,True,note seule,False,False,70,HAUTE-SAONE,3,BESANCON
0700005A,Collège Duplessis-Deville,hors EP,98.2,11.2,37.0,False,False,accord : hors,False,False,accord : hors,False,False,70,HAUTE-SAONE,3,BESANCON
0700006B,Collège Louis Pergaud,hors EP,98.8,11.5,63.0,False,False,accord : hors,False,False,accord : hors,False,False,70,HAUTE-SAONE,3,BESANCON
0700007C,Collège des Combelles,hors EP,95.6,11.5,46.0,False,False,accord : hors,False,False,accord : hors,False,False,70,HAUTE-SAONE,3,BESANCON
0700010F,Collège Romé de l'Isle,REP,92.8,9.4,39.0,False,False,accord : hors,False,True,note seule,False,False,70,HAUTE-SAONE,3,BESANCON
0700013J,Collège Raymond Gueux,hors EP,101.0,9.7,53.0,False,False,accord : hors,False,False,accord : hors,False,False,70,HAUTE-SAONE,3,BESANCON
0700016M,Collège Louis Pasteur,hors EP,91.5,9.1,61.0,False,True,note seule,False,True,note seule,False,False,70,HAUTE-SAONE,3,BESANCON
0700026Y,Collège Albert Mathiez,hors EP,108.6,11.8,126.0,False,False,accord : hors,False,False,accord : hors,False,False,70,HAUTE-SAONE,3,BESANCON
0700027Z,Collège Jacques Prevost,hors EP,100.1,9.9,83.0,False,False,accord : hors,False,False,accord : hors,False,False,70,HAUTE-SAONE,3,BESANCON
0700029B,Collège Jules Jeanneney,hors EP,109.8,11.5,173.0,False,False,accord : hors,False,False,accord : hors,False,False,70,HAUTE-SAONE,3,BESANCON
0700035H,Collège Charles Péguy,hors EP,90.3,8.9,30.0,False,True,note seule,False,True,note seule,False,False,70,HAUTE-SAONE,3,BESANCON
0700045U,Collège Albert Jacquard,REP,98.3,11.5,155.0,False,False,accord : hors,False,False,accord : hors,False,False,70,HAUTE-SAONE,3,BESANCON
0700785Y,Collège Jean Macé,hors EP,107.0,10.5,124.0,False,False,accord : hors,False,False,accord : hors,False,False,70,HAUTE-SAONE,3,BESANCON
0700786Z,Collège Jacques Brel,REP,85.7,9.7,104.0,True,False,IPS seul,True,False,IPS seul,False,False,70,HAUTE-SAONE,3,BESANCON
0700787A,Collège Pierre et Marie Curie,hors EP,99.4,11.3,147.0,False,False,accord : hors,False,False,accord : hors,False,False,70,HAUTE-SAONE,3,BESANCON
0700788B,Collège André Masson,REP,85.0,9.4,80.0,True,False,IPS seul,True,True,accord : à classer,False,False,70,HAUTE-SAONE,3,BESANCON
0700894S,Collège Château Rance,hors EP,97.2,11.6,72.0,False,False,accord : hors,False,False,accord : hors,False,False,70,HAUTE-SAONE,3,BESANCON
0700895T,Collège Victor Schoelcher,hors EP,100.9,10.5,112.0,False,False,accord : hors,False,False,accord : hors,False,False,70,HAUTE-SAONE,3,BESANCON
0700896U,Collège Louis Pergaud,hors EP,97.2,10.1,71.0,False,False,accord : hors,False,False,accord : hors,False,False,70,HAUTE-SAONE,3,BESANCON
0700904C,Collège Robert et Sonia Delaunay,hors EP,90.8,10.3,81.0,False,False,accord : hors,False,False,accord : hors,False,False,70,HAUTE-SAONE,3,BESANCON
0700925A,Collège des Mille Étangs,hors EP,96.1,10.3,77.0,False,False,accord : hors,False,False,accord : hors,False,False,70,HAUTE-SAONE,3,BESANCON
0701036W,Collège René Cassin,hors EP,105.8,11.9,117.0,False,False,accord : hors,False,False,accord : hors,False,False,70,HAUTE-SAONE,3,BESANCON
0701192R,Collège des Thermes,hors EP,88.9,9.4,88.0,False,False,accord : hors,True,True,accord : à classer,False,False,70,HAUTE-SAONE,3,BESANCON
0710005V,Collège Ferdinand Sarrien,hors EP,95.4,11.1,62.0,False,False,accord : hors,False,False,accord : hors,False,False,71,SAONE-ET-LOIRE,7,DIJON
0710007X,Collège La Varandaine,hors EP,117.3,12.5,81.0,False,False,accord : hors,False,False,accord : hors,False,False,71,SAONE-ET-LOIRE,7,DIJON
0710009Z,Collège Louise Michel,hors EP,107.7,10.9,147.0,False,False,accord : hors,False,False,accord : hors,False,False,71,SAONE-ET-LOIRE,7,DIJON
0710021M,Collège Jean Mermoz,hors EP,101.6,11.8,57.0,False,False,accord : hors,False,False,accord : hors,False,False,71,SAONE-ET-LOIRE,7,DIJON
0710022N,Collège Les Bruyères,hors EP,107.7,10.9,49.0,False,False,accord : hors,False,False,accord : hors,False,False,71,SAONE-ET-LOIRE,7,DIJON
0710024R,Collège Pierre-Paul Prud'hon,hors EP,116.1,12.0,102.0,False,False,accord : hors,False,False,accord : hors,False,False,71,SAONE-ET-LOIRE,7,DIJON
0710025S,Collège Louis Pergaud,hors EP,108.3,11.4,75.0,False,False,accord : hors,False,False,accord : hors,False,False,71,SAONE-ET-LOIRE,7,DIJON
0710033A,Collège Roger Boyer,hors EP,92.6,10.0,63.0,False,False,accord : hors,False,False,accord : hors,False,False,71,SAONE-ET-LOIRE,7,DIJON
0710034B,Collège Les Dîmes,hors EP,101.3,10.9,86.0,False,False,accord : hors,False,False,accord : hors,False,False,71,SAONE-ET-LOIRE,7,DIJON
0710037E,Collège Hubert Reeves,hors EP,94.7,10.1,32.0,False,False,accord : hors,False,False,accord : hors,False,False,71,SAONE-ET-LOIRE,7,DIJON
0710038F,Collège Claude Gabriel Bouthière,hors EP,107.6,8.8,41.0,False,True,note seule,False,True,note seule,False,False,71,SAONE-ET-LOIRE,7,DIJON
0710039G,Collège Jules Ferry,hors EP,99.3,10.6,77.0,False,False,accord : hors,False,False,accord : hors,False,False,71,SAONE-ET-LOIRE,7,DIJON
0710044M,Collège Victor Hugo,hors EP,107.5,11.1,119.0,False,False,accord : hors,False,False,accord : hors,False,False,71,SAONE-ET-LOIRE,7,DIJON
0710053X,Collège Saint-Cyr,hors EP,101.1,10.9,63.0,False,False,accord : hors,False,False,accord : hors,False,False,71,SAONE-ET-LOIRE,7,DIJON
0710056A,Collège Jean Moulin,REP,75.7,8.5,76.0,True,True,accord : à classer,True,True,accord : à classer,False,False,71,SAONE-ET-LOIRE,7,DIJON
0710060E,Collège Anne Frank,hors EP,103.2,10.1,108.0,False,False,accord : hors,False,False,accord : hors,False,False,71,SAONE-ET-LOIRE,7,DIJON
0710061F,Collège René Cassin,hors EP,101.1,11.4,104.0,False,False,accord : hors,False,False,accord : hors,False,False,71,SAONE-ET-LOIRE,7,DIJON
0710063H,Collège Pierre Vaux,hors EP,94.4,11.0,55.0,False,False,accord : hors,False,False,accord : hors,False,False,71,SAONE-ET-LOIRE,7,DIJON
0710064J,Collège En Fleurette,hors EP,103.6,12.0,39.0,False,False,accord : hors,False,False,accord : hors,False,False,71,SAONE-ET-LOIRE,7,DIJON
0710067M,Collège Les Chênes Rouges,hors EP,105.2,11.0,123.0,False,False,accord : hors,False,False,accord : hors,False,False,71,SAONE-ET-LOIRE,7,DIJON
0710069P,Collège Roger Vailland,hors EP,101.4,9.1,51.0,False,True,note seule,False,True,note seule,False,False,71,SAONE-ET-LOIRE,7,DIJON
0710070R,Collège David Niépce,hors EP,106.7,11.7,88.0,False,False,accord : hors,False,False,accord : hors,False,False,71,SAONE-ET-LOIRE,7,DIJON
0710073U,Collège Les Trois Rivières,hors EP,97.6,10.8,112.0,False,False,accord : hors,False,False,accord : hors,False,False,71,SAONE-ET-LOIRE,7,DIJON
0710154G,Collège Le Petit Prétan,hors EP,126.5,12.9,105.0,False,False,accord : hors,False,False,accord : hors,False,False,71,SAONE-ET-LOIRE,7,DIJON
0710155H,Collège Guillaume des Autels,hors EP,108.4,12.4,68.0,False,False,accord : hors,False,False,accord : hors,False,False,71,SAONE-ET-LOIRE,7,DIJON
0710534V,Collège Robert Schuman,REP,80.6,8.7,93.0,True,True,accord : à classer,True,True,accord : à classer,False,False,71,SAONE-ET-LOIRE,7,DIJON
0710535W,Collège En Bagatelle,hors EP,107.4,10.8,82.0,False,False,accord : hors,False,False,accord : hors,False,False,71,SAONE-ET-LOIRE,7,DIJON
0710536X,Collège Jacques Prévert,REP,95.9,10.5,86.0,False,False,accord : hors,False,False,accord : hors,False,False,71,SAONE-ET-LOIRE,7,DIJON
0710537Y,Collège Robert Doisneau,hors EP,82.8,7.9,101.0,True,True,accord : à classer,True,True,accord : à classer,False,False,71,SAONE-ET-LOIRE,7,DIJON
0711052H,Collège Louis Pasteur,hors EP,103.7,9.2,172.0,False,True,note seule,False,True,note seule,False,False,71,SAONE-ET-LOIRE,7,DIJON
0711053J,Collège Bréart,hors EP,97.6,10.5,152.0,False,False,accord : hors,False,False,accord : hors,False,False,71,SAONE-ET-LOIRE,7,DIJON
0711054K,Collège Saint-Exupéry,hors EP,91.2,9.9,167.0,False,False,accord : hors,True,False,IPS seul,False,False,71,SAONE-ET-LOIRE,7,DIJON
0711069B,Collège Croix-Menée,hors EP,99.4,9.9,109.0,False,False,accord : hors,False,False,accord : hors,False,False,71,SAONE-ET-LOIRE,7,DIJON
0711071D,Collège Jean Moulin,hors EP,107.8,11.4,79.0,False,False,accord : hors,False,False,accord : hors,False,False,71,SAONE-ET-LOIRE,7,DIJON
0711135Y,Collège Antoine de Saint-Exupéry,hors EP,90.9,10.0,92.0,False,False,accord : hors,True,False,IPS seul,False,False,71,SAONE-ET-LOIRE,7,DIJON
0711136Z,Collège Roger Semet,REP,92.3,10.9,78.0,False,False,accord : hors,False,False,accord : hors,False,False,71,SAONE-ET-LOIRE,7,DIJON
0711146K,Collège Bois des Dames,hors EP,94.6,10.8,66.0,False,False,accord : hors,False,False,accord : hors,False,False,71,SAONE-ET-LOIRE,7,DIJON
0711252A,Collège Jorge Semprun,hors EP,97.7,11.4,108.0,False,False,accord : hors,False,False,accord : hors,False,False,71,SAONE-ET-LOIRE,7,DIJON
0711293V,Collège Louis Pasteur,hors EP,101.7,10.6,120.0,False,False,accord : hors,False,False,accord : hors,False,False,71,SAONE-ET-LOIRE,7,DIJON
0711294W,Collège du Vallon,REP,91.4,10.0,97.0,False,False,accord : hors,True,False,IPS seul,False,False,71,SAONE-ET-LOIRE,7,DIJON
0711296Y,Collège Nicolas Copernic,hors EP,102.6,9.8,152.0,False,False,accord : hors,False,False,accord : hors,False,False,71,SAONE-ET-LOIRE,7,DIJON
0711321A,Collège Condorcet,hors EP,106.4,11.5,131.0,False,False,accord : hors,False,False,accord : hors,False,False,71,SAONE-ET-LOIRE,7,DIJON
0711323C,Collège Les Épontots,REP,83.4,8.9,54.0,True,True,accord : à classer,True,True,accord : à classer,False,False,71,SAONE-ET-LOIRE,7,DIJON
0711324D,Collège Centre,hors EP,90.9,10.8,79.0,False,False,accord : hors,True,False,IPS seul,False,False,71,SAONE-ET-LOIRE,7,DIJON
0711348E,Collège Jean Vilar,REP,92.8,8.0,154.0,False,True,note seule,False,True,note seule,False,False,71,SAONE-ET-LOIRE,7,DIJON
0711350G,Collège La Châtaigneraie,hors EP,99.7,9.9,52.0,False,False,accord : hors,False,False,accord : hors,False,False,71,SAONE-ET-LOIRE,7,DIJON
0711448N,Collège Camille Chevalier,hors EP,96.5,9.7,160.0,False,False,accord : hors,False,False,accord : hors,False,False,71,SAONE-ET-LOIRE,7,DIJON
0711449P,Collège Henri Vincenot,hors EP,96.2,10.0,132.0,False,False,accord : hors,False,False,accord : hors,False,False,71,SAONE-ET-LOIRE,7,DIJON
0711451S,Collège Olivier de la Marche,hors EP,105.4,10.9,74.0,False,False,accord : hors,False,False,accord : hors,False,False,71,SAONE-ET-LOIRE,7,DIJON
0711490J,Collège Vivant Denon,hors EP,100.7,10.3,100.0,False,False,accord : hors,False,False,accord : hors,False,False,71,SAONE-ET-LOIRE,7,DIJON
0711585M,Collège Louis Aragon,hors EP,94.7,11.0,59.0,False,False,accord : hors,False,False,accord : hors,False,False,71,SAONE-ET-LOIRE,7,DIJON
0720001K,Collège John Kennedy,REP,90.3,10.2,98.0,False,False,accord : hors,False,False,accord : hors,False,False,72,SARTHE,17,NANTES
0720002L,Collège Normandie Maine,hors EP,100.9,11.2,61.0,False,False,accord : hors,False,False,accord : hors,False,False,72,SARTHE,17,NANTES
0720004N,Collège René Cassin,hors EP,96.7,10.5,71.0,False,False,accord : hors,False,False,accord : hors,False,False,72,SARTHE,17,NANTES
0720007S,Collège Guillaume Apollinaire,hors EP,95.3,10.7,87.0,False,False,accord : hors,False,False,accord : hors,False,False,72,SARTHE,17,NANTES
0720011W,Collège Pierre de Ronsard,hors EP,96.3,11.4,39.0,False,False,accord : hors,False,False,accord : hors,False,False,72,SARTHE,17,NANTES
0720014Z,Collège André Pioger,hors EP,99.0,12.2,63.0,False,False,accord : hors,False,False,accord : hors,False,False,72,SARTHE,17,NANTES
0720015A,Collège François Grudé,hors EP,98.0,9.9,158.0,False,False,accord : hors,False,False,accord : hors,False,False,72,SARTHE,17,NANTES
0720019E,Collège Léo Delibes,hors EP,97.8,10.8,62.0,False,False,accord : hors,False,False,accord : hors,False,False,72,SARTHE,17,NANTES
0720023J,Collège Henri IV,hors EP,94.3,11.4,98.0,False,False,accord : hors,False,False,accord : hors,False,False,72,SARTHE,17,NANTES
0720024K,Collège Rosa Bonheur,hors EP,100.1,10.9,102.0,False,False,accord : hors,False,False,accord : hors,False,False,72,SARTHE,17,NANTES
0720038A,Collège Roger Vercel,hors EP,117.2,11.5,73.0,False,False,accord : hors,False,False,accord : hors,False,False,72,SARTHE,17,NANTES
0720040C,Collège Ambroise Paré,hors EP,114.2,10.9,98.0,False,False,accord : hors,False,False,accord : hors,False,False,72,SARTHE,17,NANTES
0720043F,Collège Jean Moulin,hors EP,93.6,11.0,40.0,False,False,accord : hors,False,False,accord : hors,False,False,72,SARTHE,17,NANTES
0720046J,Collège des Alpes Mancelles,hors EP,104.7,10.9,55.0,False,False,accord : hors,False,False,accord : hors,False,False,72,SARTHE,17,NANTES
0720051P,Collège Jules Ferry,hors EP,93.5,12.1,34.0,False,False,accord : hors,False,False,accord : hors,False,False,72,SARTHE,17,NANTES
0720053S,Collège Véron de Ferbonnais,hors EP,89.3,11.6,50.0,False,False,accord : hors,False,False,accord : hors,False,False,72,SARTHE,17,NANTES
0720058X,Collège Gabriel Goussault,hors EP,95.7,11.2,67.0,False,False,accord : hors,False,False,accord : hors,False,False,72,SARTHE,17,NANTES
0720062B,Collège Daphné du Maurier,hors EP,97.6,10.0,87.0,False,False,accord : hors,False,False,accord : hors,False,False,72,SARTHE,17,NANTES
0720067G,Collège de Bercé,hors EP,92.5,10.1,82.0,False,False,accord : hors,False,False,accord : hors,False,False,72,SARTHE,17,NANTES
0720068H,Collège Léon Tolstoï,hors EP,83.9,9.9,84.0,True,False,IPS seul,True,False,IPS seul,False,False,72,SARTHE,17,NANTES
0720069J,Collège Alexandre Mauboussin,hors EP,88.8,10.9,66.0,True,False,IPS seul,False,False,accord : hors,True,False,72,SARTHE,17,NANTES
0720070K,Collège Pierre Reverdy,hors EP,95.5,9.8,134.0,False,False,accord : hors,False,False,accord : hors,False,False,72,SARTHE,17,NANTES
0720081X,Collège Alain-Fournier,REP+,78.6,8.7,82.0,True,True,accord : à classer,True,True,accord : à classer,False,False,72,SARTHE,17,NANTES
0720797A,Collège Joséphine Baker,REP+,75.4,8.7,60.0,True,True,accord : à classer,True,True,accord : à classer,False,False,72,SARTHE,17,NANTES
0720798B,Collège Vieux Colombier,hors EP,117.2,12.6,108.0,False,False,accord : hors,False,False,accord : hors,False,False,72,SARTHE,17,NANTES
0720799C,Collège Jean de l'Épine,hors EP,103.4,11.3,99.0,False,False,accord : hors,False,False,accord : hors,False,False,72,SARTHE,17,NANTES
0720800D,Collège Albert Camus,hors EP,106.0,10.3,73.0,False,False,accord : hors,False,False,accord : hors,False,False,72,SARTHE,17,NANTES
0720847E,Collège Louis Cordelet,hors EP,107.6,12.3,99.0,False,False,accord : hors,False,False,accord : hors,False,False,72,SARTHE,17,NANTES
0720902P,Collège Pierre-Gilles de Gennes,REP,78.7,8.7,81.0,True,True,accord : à classer,True,True,accord : à classer,False,False,72,SARTHE,17,NANTES
0720903R,Collège Henri Lefeuvre,hors EP,100.0,11.1,99.0,False,False,accord : hors,False,False,accord : hors,False,False,72,SARTHE,17,NANTES
0720904S,Collège Albert Maignan,hors EP,95.1,11.6,47.0,False,False,accord : hors,False,False,accord : hors,False,False,72,SARTHE,17,NANTES
0720905T,Collège Ariste Jacques Trouvé Chauvel,hors EP,102.1,10.8,130.0,False,False,accord : hors,False,False,accord : hors,False,False,72,SARTHE,17,NANTES
0720906U,Collège Jean Cocteau,hors EP,99.2,10.6,107.0,False,False,accord : hors,False,False,accord : hors,False,False,72,SARTHE,17,NANTES
0720986F,Collège la Madeleine,hors EP,108.7,11.9,146.0,False,False,accord : hors,False,False,accord : hors,False,False,72,SARTHE,17,NANTES
0720987G,Collège Costa-Gavras,REP+,63.0,7.3,81.0,True,True,accord : à classer,True,True,accord : à classer,False,False,72,SARTHE,17,NANTES
0720988H,Collège Suzanne Bouteloup,hors EP,93.2,11.4,40.0,False,False,accord : hors,False,False,accord : hors,False,False,72,SARTHE,17,NANTES
0720989J,Collège Simone Veil,REP,80.3,10.0,91.0,True,False,IPS seul,True,False,IPS seul,False,False,72,SARTHE,17,NANTES
0721042S,Collège Jean Rostand,hors EP,110.9,12.8,92.0,False,False,accord : hors,False,False,accord : hors,False,False,72,SARTHE,17,NANTES
0721043T,Collège Alfred de Musset,hors EP,102.5,11.8,106.0,False,False,accord : hors,False,False,accord : hors,False,False,72,SARTHE,17,NANTES
0721044U,Collège Paul Chevallier,hors EP,100.5,12.1,56.0,False,False,accord : hors,False,False,accord : hors,False,False,72,SARTHE,17,NANTES
0721086P,Collège Wilbur Wright,hors EP,101.8,11.7,83.0,False,False,accord : hors,False,False,accord : hors,False,False,72,SARTHE,17,NANTES
0721089T,Collège Courtanvaux,hors EP,89.9,10.5,31.0,False,False,accord : hors,False,False,accord : hors,False,False,72,SARTHE,17,NANTES
0721090U,Collège Joseph Weismann,hors EP,103.7,12.1,84.0,False,False,accord : hors,False,False,accord : hors,False,False,72,SARTHE,17,NANTES
0721093X,Collège la Foresterie,hors EP,96.4,10.8,103.0,False,False,accord : hors,False,False,accord : hors,False,False,72,SARTHE,17,NANTES
0721224P,Collège Le Marin,REP,88.9,8.7,82.0,False,True,note seule,False,True,note seule,False,False,72,SARTHE,17,NANTES
0721225R,Collège Pasteur,hors EP,116.4,12.8,76.0,False,False,accord : hors,False,False,accord : hors,False,False,72,SARTHE,17,NANTES
0721226S,Collège les Quatre-Vents,hors EP,91.0,11.3,46.0,False,False,accord : hors,False,False,accord : hors,False,False,72,SARTHE,17,NANTES
0721262F,Collège Bérengère de Navarre,hors EP,91.8,8.8,74.0,False,True,note seule,False,True,note seule,False,False,72,SARTHE,17,NANTES
0721263G,Collège Marcel Pagnol,hors EP,95.1,10.6,98.0,False,False,accord : hors,False,False,accord : hors,False,False,72,SARTHE,17,NANTES
0721281B,Collège Bollée,hors EP,105.7,12.1,81.0,False,False,accord : hors,False,False,accord : hors,False,False,72,SARTHE,17,NANTES
0721304B,Collège Jacques Prévert,hors EP,99.1,11.0,70.0,False,False,accord : hors,False,False,accord : hors,False,False,72,SARTHE,17,NANTES
0721363R,Collège Berthelot,hors EP,102.4,11.1,104.0,False,False,accord : hors,False,False,accord : hors,False,False,72,SARTHE,17,NANTES
0721364S,Collège Georges Desnos,hors EP,94.5,9.8,148.0,False,False,accord : hors,False,False,accord : hors,False,False,72,SARTHE,17,NANTES
0721365T,Collège Paul Scarron,hors EP,91.0,10.1,38.0,False,False,accord : hors,False,False,accord : hors,False,False,72,SARTHE,17,NANTES
0721477P,Collège Jacques Peletier,hors EP,115.3,13.0,78.0,False,False,accord : hors,False,False,accord : hors,False,False,72,SARTHE,17,NANTES
0721483W,Collège Pierre Belon,hors EP,105.5,11.4,75.0,False,False,accord : hors,False,False,accord : hors,False,False,72,SARTHE,17,NANTES
0730001E,Collège la Lauzière,hors EP,105.3,11.1,64.0,False,False,accord : hors,False,False,accord : hors,False,False,73,SAVOIE,8,GRENOBLE
0730002F,Collège Jovet,hors EP,112.6,12.3,81.0,False,False,accord : hors,False,False,accord : hors,False,False,73,SAVOIE,8,GRENOBLE
0730004H,Collège Jacques Prévert,hors EP,116.8,12.3,125.0,False,False,accord : hors,False,False,accord : hors,False,False,73,SAVOIE,8,GRENOBLE
0730007L,Collège le Beaufortain,hors EP,115.3,12.6,42.0,False,False,accord : hors,False,False,accord : hors,False,False,73,SAVOIE,8,GRENOBLE
0730008M,Collège Jean Rostand,hors EP,102.5,11.4,169.0,False,False,accord : hors,False,False,accord : hors,False,False,73,SAVOIE,8,GRENOBLE
0730009N,Collège Saint-Exupéry,hors EP,113.8,11.2,163.0,False,False,accord : hors,False,False,accord : hors,False,False,73,SAVOIE,8,GRENOBLE
0730010P,Collège le Bonrieu,hors EP,113.9,12.0,69.0,False,False,accord : hors,False,False,accord : hors,False,False,73,SAVOIE,8,GRENOBLE
0730017X,Collège de Saint-Étienne de Cuines,hors EP,106.4,10.4,70.0,False,False,accord : hors,False,False,accord : hors,False,False,73,SAVOIE,8,GRENOBLE
0730020A,Collège des Bauges,hors EP,114.3,12.8,62.0,False,False,accord : hors,False,False,accord : hors,False,False,73,SAVOIE,8,GRENOBLE
0730022C,Collège Béatrice de Savoie,hors EP,110.7,11.2,77.0,False,False,accord : hors,False,False,accord : hors,False,False,73,SAVOIE,8,GRENOBLE
0730023D,Collège Joseph Fontanet,hors EP,106.3,10.8,88.0,False,False,accord : hors,False,False,accord : hors,False,False,73,SAVOIE,8,GRENOBLE
0730028J,Collège de Boigne,hors EP,115.1,11.0,96.0,False,False,accord : hors,False,False,accord : hors,False,False,73,SAVOIE,8,GRENOBLE
0730031M,Collège de l'Épine,hors EP,126.4,11.0,64.0,False,False,accord : hors,False,False,accord : hors,False,False,73,SAVOIE,8,GRENOBLE
0730036T,Collège La forêt,hors EP,107.5,10.8,154.0,False,False,accord : hors,False,False,accord : hors,False,False,73,SAVOIE,8,GRENOBLE
0730042Z,Collège les Frontailles,hors EP,116.8,11.0,118.0,False,False,accord : hors,False,False,accord : hors,False,False,73,SAVOIE,8,GRENOBLE
0730044B,Collège Ernest Perrier de la Bâthie,hors EP,98.0,10.7,89.0,False,False,accord : hors,False,False,accord : hors,False,False,73,SAVOIE,8,GRENOBLE
0730045C,Collège Charles Dullin,hors EP,109.9,10.2,85.0,False,False,accord : hors,False,False,accord : hors,False,False,73,SAVOIE,8,GRENOBLE
0730049G,Collège la Vanoise,hors EP,112.5,11.2,100.0,False,False,accord : hors,False,False,accord : hors,False,False,73,SAVOIE,8,GRENOBLE
0730810J,Collège J. et X. de Maistre,hors EP,120.2,12.7,117.0,False,False,accord : hors,False,False,accord : hors,False,False,73,SAVOIE,8,GRENOBLE
0730853F,Collège Marlioz,hors EP,111.4,11.0,131.0,False,False,accord : hors,False,False,accord : hors,False,False,73,SAVOIE,8,GRENOBLE
0730855H,Collège de Bissy,hors EP,117.2,12.4,89.0,False,False,accord : hors,False,False,accord : hors,False,False,73,SAVOIE,8,GRENOBLE
0730901H,Collège Côte Rousse,REP+,77.2,9.5,154.0,True,False,IPS seul,True,False,IPS seul,False,False,73,SAVOIE,8,GRENOBLE
0730902J,Collège Louise de Savoie,hors EP,107.3,10.6,153.0,False,False,accord : hors,False,False,accord : hors,False,False,73,SAVOIE,8,GRENOBLE
0730903K,Collège Maurienne,hors EP,101.8,10.3,142.0,False,False,accord : hors,False,False,accord : hors,False,False,73,SAVOIE,8,GRENOBLE
0730904L,Collège Combe de Savoie,REP,94.2,10.2,142.0,False,False,accord : hors,False,False,accord : hors,False,False,73,SAVOIE,8,GRENOBLE
0730982W,Collège Edmond Rostand,hors EP,113.9,13.0,64.0,False,False,accord : hors,False,False,accord : hors,False,False,73,SAVOIE,8,GRENOBLE
0730984Y,Collège Paul Mougin,hors EP,108.7,9.9,45.0,False,False,accord : hors,False,False,accord : hors,False,False,73,SAVOIE,8,GRENOBLE
0731041K,Collège Garibaldi,hors EP,113.1,10.3,146.0,False,False,accord : hors,False,False,accord : hors,False,False,73,SAVOIE,8,GRENOBLE
0731042L,Collège Jules Ferry,hors EP,104.1,10.6,153.0,False,False,accord : hors,False,False,accord : hors,False,False,73,SAVOIE,8,GRENOBLE
0731044N,Collège Pierre et Marie Curie,hors EP,111.0,11.5,182.0,False,False,accord : hors,False,False,accord : hors,False,False,73,SAVOIE,8,GRENOBLE
0731069R,Collège Pierre Grange,hors EP,98.0,9.7,76.0,False,False,accord : hors,False,False,accord : hors,False,False,73,SAVOIE,8,GRENOBLE
0731113N,Collège Henry Bordeaux,hors EP,113.2,11.8,105.0,False,False,accord : hors,False,False,accord : hors,False,False,73,SAVOIE,8,GRENOBLE
0731114P,Collège du Val Gelon,hors EP,112.2,11.2,124.0,False,False,accord : hors,False,False,accord : hors,False,False,73,SAVOIE,8,GRENOBLE
0731204M,Collège Jean Jacques Perret,hors EP,121.0,12.3,134.0,False,False,accord : hors,False,False,accord : hors,False,False,73,SAVOIE,8,GRENOBLE
0731224J,Collège Jean Moulin,hors EP,100.0,10.8,75.0,False,False,accord : hors,False,False,accord : hors,False,False,73,SAVOIE,8,GRENOBLE
0731306Y,Collège Jean Mermoz,hors EP,112.2,12.3,114.0,False,False,accord : hors,False,False,accord : hors,False,False,73,SAVOIE,8,GRENOBLE
0731441V,Collège George Sand,hors EP,125.9,12.6,157.0,False,False,accord : hors,False,False,accord : hors,False,False,73,SAVOIE,8,GRENOBLE
0731521G,Collège le Revard,hors EP,127.5,12.9,138.0,False,False,accord : hors,False,False,accord : hors,False,False,73,SAVOIE,8,GRENOBLE
0740001Z,Collège Val d'Abondance,hors EP,105.1,12.5,45.0,False,False,accord : hors,False,False,accord : hors,False,False,74,HAUTE-SAVOIE,8,GRENOBLE
0740002A,Collège René Long,hors EP,120.5,12.9,140.0,False,False,accord : hors,False,False,accord : hors,False,False,74,HAUTE-SAVOIE,8,GRENOBLE
0740015P,Collège François Mugnier,hors EP,110.5,11.3,165.0,False,False,accord : hors,False,False,accord : hors,False,False,74,HAUTE-SAVOIE,8,GRENOBLE
0740018T,Collège Louis Armand,hors EP,123.4,12.5,191.0,False,False,accord : hors,False,False,accord : hors,False,False,74,HAUTE-SAVOIE,8,GRENOBLE
0740020V,Collège du Bas Chablais,hors EP,110.3,11.2,144.0,False,False,accord : hors,False,False,accord : hors,False,False,74,HAUTE-SAVOIE,8,GRENOBLE
0740021W,Collège les Rives du Léman,hors EP,108.3,10.3,211.0,False,False,accord : hors,False,False,accord : hors,False,False,74,HAUTE-SAVOIE,8,GRENOBLE
0740023Y,Collège Jean Lachenal,hors EP,106.2,11.3,115.0,False,False,accord : hors,False,False,accord : hors,False,False,74,HAUTE-SAVOIE,8,GRENOBLE
0740024Z,Collège Val des Usses,hors EP,109.6,11.5,137.0,False,False,accord : hors,False,False,accord : hors,False,False,74,HAUTE-SAVOIE,8,GRENOBLE
0740025A,Collège du Parmelan,hors EP,122.6,12.0,216.0,False,False,accord : hors,False,False,accord : hors,False,False,74,HAUTE-SAVOIE,8,GRENOBLE
0740026B,Collège Émile Allais,hors EP,118.1,13.0,66.0,False,False,accord : hors,False,False,accord : hors,False,False,74,HAUTE-SAVOIE,8,GRENOBLE
0740029E,Collège La Pierre aux Fées,hors EP,107.1,11.2,200.0,False,False,accord : hors,False,False,accord : hors,False,False,74,HAUTE-SAVOIE,8,GRENOBLE
0740032H,Collège le Clergeon,hors EP,102.6,10.5,166.0,False,False,accord : hors,False,False,accord : hors,False,False,74,HAUTE-SAVOIE,8,GRENOBLE
0740034K,Collège Henri Corbet,hors EP,114.2,11.2,91.0,False,False,accord : hors,False,False,accord : hors,False,False,74,HAUTE-SAVOIE,8,GRENOBLE
0740035L,Collège Gaspard Monge,hors EP,113.4,11.8,158.0,False,False,accord : hors,False,False,accord : hors,False,False,74,HAUTE-SAVOIE,8,GRENOBLE
0740036M,Collège Jean Monnet,hors EP,126.4,11.7,107.0,False,False,accord : hors,False,False,accord : hors,False,False,74,HAUTE-SAVOIE,8,GRENOBLE
0740038P,Collège Arthur Rimbaud,hors EP,102.2,10.4,139.0,False,False,accord : hors,False,False,accord : hors,False,False,74,HAUTE-SAVOIE,8,GRENOBLE
0740039R,Collège du Verney,hors EP,106.7,10.3,118.0,False,False,accord : hors,False,False,accord : hors,False,False,74,HAUTE-SAVOIE,8,GRENOBLE
0740040S,Collège André Corbet,hors EP,116.1,12.1,41.0,False,False,accord : hors,False,False,accord : hors,False,False,74,HAUTE-SAVOIE,8,GRENOBLE
0740041T,Collège du Mont des Princes,hors EP,105.5,11.1,122.0,False,False,accord : hors,False,False,accord : hors,False,False,74,HAUTE-SAVOIE,8,GRENOBLE
0740043V,Collège Jacques Brel,hors EP,118.6,12.5,81.0,False,False,accord : hors,False,False,accord : hors,False,False,74,HAUTE-SAVOIE,8,GRENOBLE
0740048A,Collège Jean-Marie Molliet,hors EP,123.2,13.0,116.0,False,False,accord : hors,False,False,accord : hors,False,False,74,HAUTE-SAVOIE,8,GRENOBLE
0740065U,Collège Les Balmettes,hors EP,113.7,11.1,103.0,False,False,accord : hors,False,False,accord : hors,False,False,74,HAUTE-SAVOIE,8,GRENOBLE
0740071A,Collège Evire,hors EP,98.8,10.1,147.0,False,False,accord : hors,False,False,accord : hors,False,False,74,HAUTE-SAVOIE,8,GRENOBLE
0740157U,Collège Samivel,hors EP,97.7,9.8,161.0,False,False,accord : hors,False,False,accord : hors,False,False,74,HAUTE-SAVOIE,8,GRENOBLE
0740263J,Collège de Varens,hors EP,110.8,11.9,172.0,False,False,accord : hors,False,False,accord : hors,False,False,74,HAUTE-SAVOIE,8,GRENOBLE
0740274W,Collège Beauregard,hors EP,97.4,9.6,149.0,False,False,accord : hors,False,False,accord : hors,False,False,74,HAUTE-SAVOIE,8,GRENOBLE
0740910M,Collège Paul Langevin,hors EP,92.4,8.5,209.0,False,True,note seule,False,True,note seule,False,False,74,HAUTE-SAVOIE,8,GRENOBLE
0740911N,Collège Geneviève Anthonioz de Gaulle,REP,86.3,9.2,220.0,True,True,accord : à classer,True,False,IPS seul,False,False,74,HAUTE-SAVOIE,8,GRENOBLE
0740929H,Collège Raoul Blanchard,hors EP,101.7,11.5,168.0,False,False,accord : hors,False,False,accord : hors,False,False,74,HAUTE-SAVOIE,8,GRENOBLE
0740930J,Collège les Barattes,hors EP,122.5,11.2,171.0,False,False,accord : hors,False,False,accord : hors,False,False,74,HAUTE-SAVOIE,8,GRENOBLE
0740931K,Collège les Allobroges,hors EP,110.8,10.8,184.0,False,False,accord : hors,False,False,accord : hors,False,False,74,HAUTE-SAVOIE,8,GRENOBLE
0741096P,Collège Jacques Prévert,hors EP,106.2,9.8,161.0,False,False,accord : hors,False,False,accord : hors,False,False,74,HAUTE-SAVOIE,8,GRENOBLE
0741097R,Collège Jacques Prévert,REP,87.3,8.3,130.0,True,True,accord : à classer,True,True,accord : à classer,False,False,74,HAUTE-SAVOIE,8,GRENOBLE
0741116L,Collège Roger Frison-Roche,hors EP,118.9,11.9,108.0,False,False,accord : hors,False,False,accord : hors,False,False,74,HAUTE-SAVOIE,8,GRENOBLE
0741117M,Collège Le Semnoz,hors EP,97.1,10.2,172.0,False,False,accord : hors,False,False,accord : hors,False,False,74,HAUTE-SAVOIE,8,GRENOBLE
0741139L,Collège Jean-Jacques Gallay,REP,85.4,9.4,169.0,True,False,IPS seul,True,False,IPS seul,False,False,74,HAUTE-SAVOIE,8,GRENOBLE
0741165P,Collège Michel Servet,REP,83.3,8.3,259.0,True,True,accord : à classer,True,True,accord : à classer,False,False,74,HAUTE-SAVOIE,8,GRENOBLE
0741187N,Collège les Aravis,hors EP,113.7,11.8,146.0,False,False,accord : hors,False,False,accord : hors,False,False,74,HAUTE-SAVOIE,8,GRENOBLE
0741227G,Collège Jean Jacques Rousseau,hors EP,100.8,10.3,187.0,False,False,accord : hors,False,False,accord : hors,False,False,74,HAUTE-SAVOIE,8,GRENOBLE
0741308V,Collège du pays de Gavot,hors EP,113.1,11.1,132.0,False,False,accord : hors,False,False,accord : hors,False,False,74,HAUTE-SAVOIE,8,GRENOBLE
0741341F,Collège Champagne,hors EP,100.1,10.2,200.0,False,False,accord : hors,False,False,accord : hors,False,False,74,HAUTE-SAVOIE,8,GRENOBLE
0741419R,Collège Jean-Jacques Rousseau,hors EP,105.9,11.0,125.0,False,False,accord : hors,False,False,accord : hors,False,False,74,HAUTE-SAVOIE,8,GRENOBLE
0741488R,Collège la Mandallaz,hors EP,113.9,10.8,164.0,False,False,accord : hors,False,False,accord : hors,False,False,74,HAUTE-SAVOIE,8,GRENOBLE
0741501E,Collège Camille Claudel,hors EP,102.9,10.0,155.0,False,False,accord : hors,False,False,accord : hors,False,False,74,HAUTE-SAVOIE,8,GRENOBLE
0741514U,Collège Paul-Émile Victor,hors EP,104.4,9.9,226.0,False,False,accord : hors,False,False,accord : hors,False,False,74,HAUTE-SAVOIE,8,GRENOBLE
0741665H,Collège Karine Ruby,hors EP,106.4,11.8,137.0,False,False,accord : hors,False,False,accord : hors,False,False,74,HAUTE-SAVOIE,8,GRENOBLE
0741666J,Collège Théodore Monod,hors EP,106.9,10.6,133.0,False,False,accord : hors,False,False,accord : hors,False,False,74,HAUTE-SAVOIE,8,GRENOBLE
0741699V,Collège Simone Veil,hors EP,119.0,12.9,134.0,False,False,accord : hors,False,False,accord : hors,False,False,74,HAUTE-SAVOIE,8,GRENOBLE
0741757H,Collège du Chéran,hors EP,101.2,12.3,121.0,False,False,accord : hors,False,False,accord : hors,False,False,74,HAUTE-SAVOIE,8,GRENOBLE
0741816X,Collège du Vuache,hors EP,116.7,11.1,131.0,False,False,accord : hors,False,False,accord : hors,False,False,74,HAUTE-SAVOIE,8,GRENOBLE
0750360J,Collège Claude Chappe,hors EP,125.1,12.2,102.0,False,False,accord : hors,False,False,accord : hors,False,False,75,PARIS,1,PARIS
0750362L,Collège Beaumarchais,hors EP,129.3,12.9,105.0,False,False,accord : hors,False,False,accord : hors,False,False,75,PARIS,1,PARIS
0750387N,Collège Pierre Jean de Béranger,hors EP,139.2,12.6,85.0,False,False,accord : hors,False,False,accord : hors,False,False,75,PARIS,1,PARIS
0750407K,Collège Rognoni École des enfants du Spectacle,hors EP,157.2,14.3,44.0,False,False,accord : hors,False,False,accord : hors,False,False,75,PARIS,1,PARIS
0750429J,Collège Roland Dorgelès,hors EP,120.7,11.6,81.0,False,False,accord : hors,False,False,accord : hors,False,False,75,PARIS,1,PARIS
0750444A,Collège Georges Courteline,hors EP,123.3,12.4,136.0,False,False,accord : hors,False,False,accord : hors,False,False,75,PARIS,1,PARIS
0750445B,Collège Alberto Giacometti,hors EP,101.7,9.4,113.0,False,False,accord : hors,True,True,accord : à classer,False,False,75,PARIS,1,PARIS
0750465Y,Collège Lucie Aubrac,REP,114.6,10.4,92.0,False,False,accord : hors,False,False,accord : hors,False,False,75,PARIS,1,PARIS
0750478M,Collège Jean Baptiste Clément,REP,106.8,10.0,93.0,False,False,accord : hors,False,True,note seule,False,False,75,PARIS,1,PARIS
0750484U,Collège Mozart,REP,95.6,9.2,69.0,False,True,note seule,True,True,accord : à classer,False,False,75,PARIS,1,PARIS
0750507U,Collège Georges Brassens,hors EP,101.6,10.9,95.0,False,False,accord : hors,True,False,IPS seul,False,False,75,PARIS,1,PARIS
0750525N,Collège Moulin des Prés,hors EP,119.3,11.3,104.0,False,False,accord : hors,False,False,accord : hors,False,False,75,PARIS,1,PARIS
0750546L,Collège Georges Clemenceau,REP+,82.5,10.0,75.0,True,False,IPS seul,True,True,accord : à classer,False,False,75,PARIS,1,PARIS
0750550R,Collège Lucie Faure,hors EP,110.4,11.4,95.0,False,False,accord : hors,False,False,accord : hors,False,False,75,PARIS,1,PARIS
0750552T,Collège Françoise Dolto,REP,116.3,10.7,117.0,False,False,accord : hors,False,False,accord : hors,False,False,75,PARIS,1,PARIS
0750575T,Collège Sonia Delaunay,REP,96.3,10.4,84.0,False,False,accord : hors,True,False,IPS seul,False,False,75,PARIS,1,PARIS
0750584C,Collège Valmy,hors EP,109.0,11.4,83.0,False,False,accord : hors,False,False,accord : hors,False,False,75,PARIS,1,PARIS
0750591K,Collège Henri Matisse,hors EP,117.5,11.9,121.0,False,False,accord : hors,False,False,accord : hors,False,False,75,PARIS,1,PARIS
0750607C,Collège Alain Fournier,hors EP,116.3,11.5,152.0,False,False,accord : hors,False,False,accord : hors,False,False,75,PARIS,1,PARIS
0750608D,Collège Anne Frank,hors EP,122.3,11.0,103.0,False,False,accord : hors,False,False,accord : hors,False,False,75,PARIS,1,PARIS
0750609E,Collège Paul Verlaine,hors EP,123.5,10.7,134.0,False,False,accord : hors,False,False,accord : hors,False,False,75,PARIS,1,PARIS
0750610F,Collège Jules Verne,hors EP,107.2,11.1,106.0,False,False,accord : hors,False,False,accord : hors,False,False,75,PARIS,1,PARIS
0750611G,Collège Jean Moulin,hors EP,120.9,12.0,123.0,False,False,accord : hors,False,False,accord : hors,False,False,75,PARIS,1,PARIS
0751563S,Collège Madame de Staël,hors EP,107.5,10.1,94.0,False,False,accord : hors,False,True,note seule,False,False,75,PARIS,1,PARIS
0751703U,Collège Jean Baptiste Poquelin,hors EP,128.4,12.0,77.0,False,False,accord : hors,False,False,accord : hors,False,False,75,PARIS,1,PARIS
0751705W,Collège Alphonse Daudet,hors EP,100.4,10.9,117.0,False,False,accord : hors,True,False,IPS seul,False,False,75,PARIS,1,PARIS
0751706X,Collège Charles Péguy,hors EP,117.6,10.8,105.0,False,False,accord : hors,False,False,accord : hors,False,False,75,PARIS,1,PARIS
0751707Y,Collège Édouard Pailleron,REP,101.0,12.1,86.0,False,False,accord : hors,True,False,IPS seul,False,False,75,PARIS,1,PARIS
0751790N,Collège Pierre Alviset,hors EP,144.8,14.4,143.0,False,False,accord : hors,False,False,accord : hors,False,False,75,PARIS,1,PARIS
0751791P,Collège Condorcet,hors EP,142.2,12.9,173.0,False,False,accord : hors,False,False,accord : hors,False,False,75,PARIS,1,PARIS
0751793S,Collège Maurice Utrillo,REP+,85.4,9.0,101.0,True,True,accord : à classer,True,True,accord : à classer,False,False,75,PARIS,1,PARIS
0752107H,Collège Pierre de Ronsard,hors EP,122.6,12.5,191.0,False,False,accord : hors,False,False,accord : hors,False,False,75,PARIS,1,PARIS
0752108J,Collège Yvonne le Tac,hors EP,136.5,12.9,104.0,False,False,accord : hors,False,False,accord : hors,False,False,75,PARIS,1,PARIS
0752186U,Collège Raymond Queneau,hors EP,133.6,12.3,113.0,False,False,accord : hors,False,False,accord : hors,False,False,75,PARIS,1,PARIS
0752187V,Collège Jacques Prévert,hors EP,128.3,12.0,82.0,False,False,accord : hors,False,False,accord : hors,False,False,75,PARIS,1,PARIS
0752189X,Collège Guy Flavien,hors EP,114.1,11.5,108.0,False,False,accord : hors,False,False,accord : hors,False,False,75,PARIS,1,PARIS
0752190Y,Collège Guillaume Apollinaire,hors EP,94.7,11.0,88.0,False,False,accord : hors,True,False,IPS seul,False,False,75,PARIS,1,PARIS
0752192A,Collège Georges Duhamel,hors EP,120.3,12.0,103.0,False,False,accord : hors,False,False,accord : hors,False,False,75,PARIS,1,PARIS
0752195D,Collège Gérard Philipe,REP,106.7,9.1,56.0,False,True,note seule,False,True,note seule,False,False,75,PARIS,1,PARIS
0752196E,Collège Marx Dormoy,REP,90.8,8.6,68.0,False,True,note seule,True,True,accord : à classer,False,False,75,PARIS,1,PARIS
0752198G,Collège Pierre Mendès-France,REP,91.0,7.7,92.0,False,True,note seule,True,True,accord : à classer,False,False,75,PARIS,1,PARIS
0752248L,Collège César Franck,hors EP,130.4,12.1,76.0,False,False,accord : hors,False,False,accord : hors,False,False,75,PARIS,1,PARIS
0752249M,Collège Jules Romains,hors EP,124.3,12.4,164.0,False,False,accord : hors,False,False,accord : hors,False,False,75,PARIS,1,PARIS
0752250N,Collège Paul Gauguin,hors EP,136.3,12.7,93.0,False,False,accord : hors,False,False,accord : hors,False,False,75,PARIS,1,PARIS
0752251P,Collège Louise Michel,hors EP,127.0,11.5,105.0,False,False,accord : hors,False,False,accord : hors,False,False,75,PARIS,1,PARIS
0752316K,Collège George Sand,hors EP,113.8,11.1,105.0,False,False,accord : hors,False,False,accord : hors,False,False,75,PARIS,1,PARIS
0752317L,Collège Claude Debussy,hors EP,128.4,12.3,103.0,False,False,accord : hors,False,False,accord : hors,False,False,75,PARIS,1,PARIS
0752318M,Collège Modigliani,hors EP,104.7,10.1,125.0,False,False,accord : hors,False,True,note seule,False,False,75,PARIS,1,PARIS
0752319N,Collège Antoine Coysevox,hors EP,110.3,10.9,148.0,False,False,accord : hors,False,False,accord : hors,False,False,75,PARIS,1,PARIS
0752385K,Collège Elsa Triolet,hors EP,100.8,10.8,93.0,False,False,accord : hors,True,False,IPS seul,False,False,75,PARIS,1,PARIS
0752387M,Collège André Malraux,hors EP,128.7,12.5,98.0,False,False,accord : hors,False,False,accord : hors,False,False,75,PARIS,1,PARIS
0752523K,Collège Montgolfier,hors EP,121.0,12.6,108.0,False,False,accord : hors,False,False,accord : hors,False,False,75,PARIS,1,PARIS
0752524L,Collège Victor Hugo,hors EP,134.7,11.6,102.0,False,False,accord : hors,False,False,accord : hors,False,False,75,PARIS,1,PARIS
0752525M,Collège Charlemagne,hors EP,130.1,12.9,109.0,False,False,accord : hors,False,False,accord : hors,False,False,75,PARIS,1,PARIS
0752526N,Collège Henri IV,hors EP,145.3,14.3,150.0,False,False,accord : hors,False,False,accord : hors,False,False,75,PARIS,1,PARIS
0752527P,Collège Montaigne,hors EP,141.3,12.2,147.0,False,False,accord : hors,False,False,accord : hors,False,False,75,PARIS,1,PARIS
0752528R,Collège Victor Duruy,hors EP,147.8,12.5,113.0,False,False,accord : hors,False,False,accord : hors,False,False,75,PARIS,1,PARIS
0752529S,Collège Chaptal,hors EP,141.8,13.4,111.0,False,False,accord : hors,False,False,accord : hors,False,False,75,PARIS,1,PARIS
0752530T,Collège Octave Gréard,hors EP,141.9,13.2,172.0,False,False,accord : hors,False,False,accord : hors,False,False,75,PARIS,1,PARIS
0752531U,Collège Lavoisier,hors EP,149.7,13.6,93.0,False,False,accord : hors,False,False,accord : hors,False,False,75,PARIS,1,PARIS
0752532V,Collège Jacques Decour,hors EP,127.7,12.6,127.0,False,False,accord : hors,False,False,accord : hors,False,False,75,PARIS,1,PARIS
0752533W,Collège Jules Ferry,hors EP,129.7,12.7,107.0,False,False,accord : hors,False,False,accord : hors,False,False,75,PARIS,1,PARIS
0752534X,Collège Alphonse de Lamartine,hors EP,142.4,13.4,93.0,False,False,accord : hors,False,False,accord : hors,False,False,75,PARIS,1,PARIS
0752536Z,Collège Voltaire,hors EP,129.2,11.9,106.0,False,False,accord : hors,False,False,accord : hors,False,False,75,PARIS,1,PARIS
0752537A,Collège Paul Valéry,hors EP,105.4,10.6,101.0,False,False,accord : hors,False,False,accord : hors,False,False,75,PARIS,1,PARIS
0752538B,Collège Rodin,hors EP,129.3,12.5,107.0,False,False,accord : hors,False,False,accord : hors,False,False,75,PARIS,1,PARIS
0752539C,Collège Claude Monet,hors EP,121.8,13.1,110.0,False,False,accord : hors,False,False,accord : hors,False,False,75,PARIS,1,PARIS
0752540D,Collège Gabriel Fauré,hors EP,107.5,11.7,109.0,False,False,accord : hors,False,False,accord : hors,False,False,75,PARIS,1,PARIS
0752542F,Collège Jean-François Oeben,hors EP,118.2,11.1,106.0,False,False,accord : hors,False,False,accord : hors,False,False,75,PARIS,1,PARIS
0752543G,Collège Paul Bert,hors EP,122.1,11.9,86.0,False,False,accord : hors,False,False,accord : hors,False,False,75,PARIS,1,PARIS
0752544H,Collège François Villon,REP,97.9,10.1,116.0,False,False,accord : hors,True,True,accord : à classer,False,False,75,PARIS,1,PARIS
0752545J,Collège Buffon,hors EP,127.4,12.5,165.0,False,False,accord : hors,False,False,accord : hors,False,False,75,PARIS,1,PARIS
0752546K,Collège Camille Sée,hors EP,128.4,13.0,160.0,False,False,accord : hors,False,False,accord : hors,False,False,75,PARIS,1,PARIS
0752547L,Collège Claude Bernard,hors EP,107.5,10.6,85.0,False,False,accord : hors,False,False,accord : hors,False,False,75,PARIS,1,PARIS
0752548M,Collège Janson de Sailly,hors EP,128.4,12.2,352.0,False,False,accord : hors,False,False,accord : hors,False,False,75,PARIS,1,PARIS
0752549N,Collège Jean-Baptiste Say,hors EP,141.2,13.4,192.0,False,False,accord : hors,False,False,accord : hors,False,False,75,PARIS,1,PARIS
0752550P,Collège Jean de La Fontaine,hors EP,135.5,12.9,198.0,False,False,accord : hors,False,False,accord : hors,False,False,75,PARIS,1,PARIS
0752551R,Collège Molière,hors EP,115.2,10.7,115.0,False,False,accord : hors,False,False,accord : hors,False,False,75,PARIS,1,PARIS
0752552S,Collège Carnot,hors EP,139.2,13.6,136.0,False,False,accord : hors,False,False,accord : hors,False,False,75,PARIS,1,PARIS
0752553T,Collège Honoré de Balzac,hors EP,126.3,11.8,211.0,False,False,accord : hors,False,False,accord : hors,False,False,75,PARIS,1,PARIS
0752554U,Collège Stéphane Mallarmé,hors EP,121.6,12.3,156.0,False,False,accord : hors,False,False,accord : hors,False,False,75,PARIS,1,PARIS
0752555V,Collège Henri Bergson,hors EP,107.9,10.3,82.0,False,False,accord : hors,False,False,accord : hors,False,False,75,PARIS,1,PARIS
0752556W,Collège Hélène Boucher,hors EP,118.0,11.0,112.0,False,False,accord : hors,False,False,accord : hors,False,False,75,PARIS,1,PARIS
0752557X,Collège Maurice Ravel,hors EP,121.3,11.5,82.0,False,False,accord : hors,False,False,accord : hors,False,False,75,PARIS,1,PARIS
0752606A,Collège Georges Méliès,REP,82.5,9.7,70.0,True,False,IPS seul,True,True,accord : à classer,False,False,75,PARIS,1,PARIS
0752693V,Collège François Couperin,hors EP,126.5,12.7,94.0,False,False,accord : hors,False,False,accord : hors,False,False,75,PARIS,1,PARIS
0752694W,Collège Camille Claudel,REP,89.8,10.2,93.0,False,False,accord : hors,True,True,accord : à classer,False,False,75,PARIS,1,PARIS
0752695X,Collège Guillaume Budé,REP,95.7,9.9,99.0,False,False,accord : hors,True,True,accord : à classer,False,False,75,PARIS,1,PARIS
0752696Y,Collège Léon Gambetta,hors EP,103.6,9.5,128.0,False,False,accord : hors,False,True,note seule,False,False,75,PARIS,1,PARIS
0752829T,Collège Bernard Palissy,hors EP,126.9,10.0,77.0,False,False,accord : hors,False,True,note seule,False,False,75,PARIS,1,PARIS
0752957G,Collège Georges Braque,hors EP,118.4,10.4,135.0,False,False,accord : hors,False,False,accord : hors,False,False,75,PARIS,1,PARIS
0752958H,Collège Boris Vian,REP,93.2,9.5,105.0,False,False,accord : hors,True,True,accord : à classer,False,False,75,PARIS,1,PARIS
0753046D,Collège Flora Tristan,REP,101.6,10.2,119.0,False,False,accord : hors,True,True,accord : à classer,False,False,75,PARIS,1,PARIS
0753047E,Collège la Grange aux Belles,REP,109.0,10.9,90.0,False,False,accord : hors,False,False,accord : hors,False,False,75,PARIS,1,PARIS
0753345D,Collège Edmond Michelet,REP,95.1,9.5,88.0,False,False,accord : hors,True,True,accord : à classer,False,False,75,PARIS,1,PARIS
0753518S,Collège Gustave Flaubert,hors EP,108.1,9.8,134.0,False,False,accord : hors,False,True,note seule,False,False,75,PARIS,1,PARIS
0753936W,Collège Germaine Tillion,hors EP,101.4,10.1,94.0,False,False,accord : hors,True,True,accord : à classer,False,False,75,PARIS,1,PARIS
0753937X,Collège Évariste Galois,REP,95.1,10.6,85.0,False,False,accord : hors,True,False,IPS seul,False,False,75,PARIS,1,PARIS
0753938Y,Collège Georges Rouault,REP+,89.8,8.7,95.0,False,True,note seule,True,True,accord : à classer,False,False,75,PARIS,1,PARIS
0753939Z,Collège Jean Perrin,REP,87.7,9.0,83.0,True,True,accord : à classer,True,True,accord : à classer,False,False,75,PARIS,1,PARIS
0754253R,Collège Saint-Exupéry,hors EP,127.8,13.2,82.0,False,False,accord : hors,False,False,accord : hors,False,False,75,PARIS,1,PARIS
0754305X,Collège André Citroën,hors EP,110.3,10.0,139.0,False,False,accord : hors,False,True,note seule,False,False,75,PARIS,1,PARIS
0754355B,Collège Robert Doisneau,REP,98.7,10.8,80.0,False,False,accord : hors,True,False,IPS seul,False,False,75,PARIS,1,PARIS
0754528P,Collège Pilâtre de Rozier,hors EP,116.6,11.7,102.0,False,False,accord : hors,False,False,accord : hors,False,False,75,PARIS,1,PARIS
0754706H,Collège Marie Curie,REP,105.1,9.7,83.0,False,False,accord : hors,False,True,note seule,False,False,75,PARIS,1,PARIS
0755000C,Collège Thomas Mann,hors EP,102.0,9.8,118.0,False,False,accord : hors,True,True,accord : à classer,False,False,75,PARIS,1,PARIS
0755030K,Collège Daniel Mayer,REP,72.9,6.9,71.0,True,True,accord : à classer,True,True,accord : à classer,False,False,75,PARIS,1,PARIS
0755095F,Collège Edgar Varèse,REP,113.7,10.8,71.0,False,False,accord : hors,False,False,accord : hors,False,False,75,PARIS,1,PARIS
0755241P,Collège Colette Besson,REP+,103.3,10.5,84.0,False,False,accord : hors,False,False,accord : hors,False,False,75,PARIS,1,PARIS
0755433Y,Collège Aimé Césaire,REP,83.0,10.2,60.0,True,False,IPS seul,True,True,accord : à classer,False,False,75,PARIS,1,PARIS
0755747P,Collège Suzanne Lacore Paris Nord Est,REP,91.7,9.7,88.0,False,False,accord : hors,True,True,accord : à classer,False,False,75,PARIS,1,PARIS
0755778Y,Collège Françoise Seligmann,hors EP,99.2,11.2,63.0,False,False,accord : hors,True,False,IPS seul,False,False,75,PARIS,1,PARIS
0755779Z,Collège La Rose blanche,hors EP,107.2,11.0,105.0,False,False,accord : hors,False,False,accord : hors,False,False,75,PARIS,1,PARIS
0760004S,Collège Guy de Maupassant,hors EP,97.7,11.6,61.0,False,False,accord : hors,False,False,accord : hors,False,False,76,SEINE-MARITIME,70,NORMANDIE
0760009X,Collège du Campigny,hors EP,83.6,9.4,57.0,True,False,IPS seul,True,False,IPS seul,False,False,76,SEINE-MARITIME,70,NORMANDIE
0760010Y,Collège Émile Verhaeren,hors EP,119.0,12.2,101.0,False,False,accord : hors,False,False,accord : hors,False,False,76,SEINE-MARITIME,70,NORMANDIE
0760017F,Collège le Cèdre,REP,90.3,9.8,89.0,False,False,accord : hors,False,False,accord : hors,False,False,76,SEINE-MARITIME,70,NORMANDIE
0760021K,Collège Émile Chartier,hors EP,111.8,11.2,135.0,False,False,accord : hors,False,False,accord : hors,False,False,76,SEINE-MARITIME,70,NORMANDIE
0760026R,Collège Claude Delvincourt,REP,83.8,8.5,85.0,True,True,accord : à classer,True,True,accord : à classer,False,False,76,SEINE-MARITIME,70,NORMANDIE
0760034Z,Collège François Villon,hors EP,97.6,10.6,103.0,False,False,accord : hors,False,False,accord : hors,False,False,76,SEINE-MARITIME,70,NORMANDIE
0760046M,Collège Rollon,hors EP,92.9,9.2,74.0,False,True,note seule,False,True,note seule,False,False,76,SEINE-MARITIME,70,NORMANDIE
0760049R,Collège Claude Bernard,hors EP,97.2,8.7,77.0,False,True,note seule,False,True,note seule,False,False,76,SEINE-MARITIME,70,NORMANDIE
0760050S,Collège Jules Vallès,REP+,77.1,6.9,124.0,True,True,accord : à classer,True,True,accord : à classer,False,False,76,SEINE-MARITIME,70,NORMANDIE
0760053V,Collège Raoul Dufy,hors EP,118.5,11.1,151.0,False,False,accord : hors,False,False,accord : hors,False,False,76,SEINE-MARITIME,70,NORMANDIE
0760069M,Collège les Acacias,hors EP,93.2,10.0,99.0,False,False,accord : hors,False,False,accord : hors,False,False,76,SEINE-MARITIME,70,NORMANDIE
0760075U,Collège Alain,REP,86.3,9.4,130.0,True,False,IPS seul,True,False,IPS seul,False,False,76,SEINE-MARITIME,70,NORMANDIE
0760077W,Collège Jean de la Varende,hors EP,119.8,11.9,125.0,False,False,accord : hors,False,False,accord : hors,False,False,76,SEINE-MARITIME,70,NORMANDIE
0760079Y,Collège Albert Schweitzer,hors EP,96.0,10.2,94.0,False,False,accord : hors,False,False,accord : hors,False,False,76,SEINE-MARITIME,70,NORMANDIE
0760083C,Collège Jean Charcot,REP,87.7,9.2,114.0,True,True,accord : à classer,True,False,IPS seul,False,False,76,SEINE-MARITIME,70,NORMANDIE
0760086F,Collège Louis Pasteur,REP,95.2,10.2,136.0,False,False,accord : hors,False,False,accord : hors,False,False,76,SEINE-MARITIME,70,NORMANDIE
0760100W,Collège Boieldieu,REP+,77.5,8.5,55.0,True,True,accord : à classer,True,True,accord : à classer,False,False,76,SEINE-MARITIME,70,NORMANDIE
0760101X,Collège Arthur Rimbaud,hors EP,90.8,9.6,108.0,False,False,accord : hors,False,False,accord : hors,False,False,76,SEINE-MARITIME,70,NORMANDIE
0760105B,Collège Claude Monet,hors EP,95.5,9.7,156.0,False,False,accord : hors,False,False,accord : hors,False,False,76,SEINE-MARITIME,70,NORMANDIE
0760108E,Collège Jehan le Pôvremoyne,hors EP,100.9,11.6,104.0,False,False,accord : hors,False,False,accord : hors,False,False,76,SEINE-MARITIME,70,NORMANDIE
0760116N,Collège Eugène Delacroix,hors EP,95.9,9.5,92.0,False,False,accord : hors,False,False,accord : hors,False,False,76,SEINE-MARITIME,70,NORMANDIE
0760118R,Collège Albert Camus,hors EP,99.6,9.8,181.0,False,False,accord : hors,False,False,accord : hors,False,False,76,SEINE-MARITIME,70,NORMANDIE
0760136K,Collège Gustave Flaubert,hors EP,106.0,10.1,132.0,False,False,accord : hors,False,False,accord : hors,False,False,76,SEINE-MARITIME,70,NORMANDIE
0760137L,Collège Paul-Henri Cahingt,hors EP,93.1,9.0,49.0,False,True,note seule,False,True,note seule,False,False,76,SEINE-MARITIME,70,NORMANDIE
0760172Z,Collège Jean Lecanuet,hors EP,96.3,10.4,182.0,False,False,accord : hors,False,False,accord : hors,False,False,76,SEINE-MARITIME,70,NORMANDIE
0760173A,Collège Jean Zay,hors EP,100.2,9.9,114.0,False,False,accord : hors,False,False,accord : hors,False,False,76,SEINE-MARITIME,70,NORMANDIE
0761647C,Collège Paul Éluard,REP,93.7,10.3,84.0,False,False,accord : hors,False,False,accord : hors,False,False,76,SEINE-MARITIME,70,NORMANDIE
0761689Y,Collège André Siegfried,hors EP,108.7,10.9,190.0,False,False,accord : hors,False,False,accord : hors,False,False,76,SEINE-MARITIME,70,NORMANDIE
0761690Z,Collège Jean Texcier,hors EP,106.7,11.0,99.0,False,False,accord : hors,False,False,accord : hors,False,False,76,SEINE-MARITIME,70,NORMANDIE
0761691A,Collège Émile Zola,hors EP,99.1,9.9,167.0,False,False,accord : hors,False,False,accord : hors,False,False,76,SEINE-MARITIME,70,NORMANDIE
0761692B,Collège Jules Michelet,hors EP,112.7,10.5,72.0,False,False,accord : hors,False,False,accord : hors,False,False,76,SEINE-MARITIME,70,NORMANDIE
0761694D,Collège Les Hauts de Saffimbec,hors EP,103.1,10.6,122.0,False,False,accord : hors,False,False,accord : hors,False,False,76,SEINE-MARITIME,70,NORMANDIE
0761695E,Collège Saint-Exupéry,hors EP,95.9,9.4,98.0,False,False,accord : hors,False,False,accord : hors,False,False,76,SEINE-MARITIME,70,NORMANDIE
0761696F,Collège Romain Rolland,REP,90.4,9.6,90.0,False,False,accord : hors,False,False,accord : hors,False,False,76,SEINE-MARITIME,70,NORMANDIE
0761697G,Collège Claude Bernard,REP,88.2,10.4,102.0,True,False,IPS seul,True,False,IPS seul,False,False,76,SEINE-MARITIME,70,NORMANDIE
0761698H,Collège Gérard Philipe,REP,83.2,7.2,50.0,True,True,accord : à classer,True,True,accord : à classer,False,False,76,SEINE-MARITIME,70,NORMANDIE
0761699J,Collège Irène Joliot-Curie,hors EP,99.7,9.8,131.0,False,False,accord : hors,False,False,accord : hors,False,False,76,SEINE-MARITIME,70,NORMANDIE
0761701L,Collège Roncherolles,REP,87.9,9.1,114.0,True,True,accord : à classer,True,True,accord : à classer,False,False,76,SEINE-MARITIME,70,NORMANDIE
0761703N,Collège Albert Camus,REP+,79.8,9.6,48.0,True,False,IPS seul,True,False,IPS seul,False,False,76,SEINE-MARITIME,70,NORMANDIE
0761704P,Collège Jules Ferry,REP,88.8,9.2,53.0,True,True,accord : à classer,True,False,IPS seul,True,False,76,SEINE-MARITIME,70,NORMANDIE
0761737A,Collège Denis Diderot,REP,88.8,8.4,91.0,False,True,note seule,True,True,accord : à classer,True,False,76,SEINE-MARITIME,70,NORMANDIE
0761739C,Collège Descartes,REP+,72.0,8.4,70.0,True,True,accord : à classer,True,True,accord : à classer,False,False,76,SEINE-MARITIME,70,NORMANDIE
0761741E,Collège André Gide,hors EP,101.3,10.3,138.0,False,False,accord : hors,False,False,accord : hors,False,False,76,SEINE-MARITIME,70,NORMANDIE
0761745J,Collège Camille Claudel,REP,86.0,8.6,77.0,True,True,accord : à classer,True,True,accord : à classer,False,False,76,SEINE-MARITIME,70,NORMANDIE
0761746K,Collège Jean Zay,hors EP,104.8,10.0,104.0,False,False,accord : hors,False,False,accord : hors,False,False,76,SEINE-MARITIME,70,NORMANDIE
0761776T,Collège Jacques-Émile Blanche,hors EP,94.0,10.2,113.0,False,False,accord : hors,False,False,accord : hors,False,False,76,SEINE-MARITIME,70,NORMANDIE
0761777U,Collège Louise Michel,REP,88.1,10.4,110.0,True,False,IPS seul,True,False,IPS seul,False,False,76,SEINE-MARITIME,70,NORMANDIE
0761778V,Collège Jean-Jacques Rousseau,hors EP,98.6,9.3,74.0,False,False,accord : hors,False,False,accord : hors,False,True,76,SEINE-MARITIME,70,NORMANDIE
0761780X,Collège Georges Braque,REP+,63.2,9.0,98.0,True,True,accord : à classer,True,True,accord : à classer,False,False,76,SEINE-MARITIME,70,NORMANDIE
0761781Y,Collège Jean Moulin,REP,79.6,7.8,71.0,True,True,accord : à classer,True,True,accord : à classer,False,False,76,SEINE-MARITIME,70,NORMANDIE
0761782Z,Collège Eugène Varlin,REP+,72.0,7.7,81.0,True,True,accord : à classer,True,True,accord : à classer,False,False,76,SEINE-MARITIME,70,NORMANDIE
0761783A,Collège Jacques Monod,REP+,69.2,7.7,53.0,True,True,accord : à classer,True,True,accord : à classer,False,False,76,SEINE-MARITIME,70,NORMANDIE
0761784B,Collège l'Oiseau Blanc,hors EP,105.4,10.2,178.0,False,False,accord : hors,False,False,accord : hors,False,False,76,SEINE-MARITIME,70,NORMANDIE
0761785C,Collège Paul Bert,hors EP,97.5,9.9,91.0,False,False,accord : hors,False,False,accord : hors,False,False,76,SEINE-MARITIME,70,NORMANDIE
0761786D,Collège Georges Braque,hors EP,98.7,10.5,85.0,False,False,accord : hors,False,False,accord : hors,False,False,76,SEINE-MARITIME,70,NORMANDIE
0761949F,Collège Fernand Léger,REP,86.1,9.3,97.0,True,False,IPS seul,True,False,IPS seul,False,True,76,SEINE-MARITIME,70,NORMANDIE
0761950G,Collège Léonard de Vinci,hors EP,131.0,12.4,165.0,False,False,accord : hors,False,False,accord : hors,False,False,76,SEINE-MARITIME,70,NORMANDIE
0761951H,Collège Henri de Navarre,hors EP,98.8,10.3,131.0,False,False,accord : hors,False,False,accord : hors,False,False,76,SEINE-MARITIME,70,NORMANDIE
0761952J,Collège Francis Yard,hors EP,112.5,11.0,158.0,False,False,accord : hors,False,False,accord : hors,False,False,76,SEINE-MARITIME,70,NORMANDIE
0761953K,Collège Guillaume le Conquérant,hors EP,102.0,10.7,101.0,False,False,accord : hors,False,False,accord : hors,False,False,76,SEINE-MARITIME,70,NORMANDIE
0761954L,Collège Gustave Courbet,REP,85.4,8.8,112.0,True,True,accord : à classer,True,True,accord : à classer,False,False,76,SEINE-MARITIME,70,NORMANDIE
0761956N,Collège René Coty,hors EP,99.2,9.7,130.0,False,False,accord : hors,False,False,accord : hors,False,False,76,SEINE-MARITIME,70,NORMANDIE
0762080Y,Collège Henri Matisse,REP,84.5,8.7,68.0,True,True,accord : à classer,True,True,accord : à classer,False,False,76,SEINE-MARITIME,70,NORMANDIE
0762084C,Collège Victor Hugo,hors EP,101.5,10.1,131.0,False,False,accord : hors,False,False,accord : hors,False,False,76,SEINE-MARITIME,70,NORMANDIE
0762085D,Collège Commandant Charcot,hors EP,96.1,8.3,85.0,False,True,note seule,False,True,note seule,False,False,76,SEINE-MARITIME,70,NORMANDIE
0762086E,Collège Jean Malaurie,hors EP,101.7,10.5,101.0,False,False,accord : hors,False,False,accord : hors,False,False,76,SEINE-MARITIME,70,NORMANDIE
0762087F,Collège Rachel Salmona,hors EP,91.8,9.9,106.0,False,False,accord : hors,False,False,accord : hors,False,False,76,SEINE-MARITIME,70,NORMANDIE
0762089H,Collège Charles Gounod,REP,83.1,9.3,100.0,True,False,IPS seul,True,False,IPS seul,False,True,76,SEINE-MARITIME,70,NORMANDIE
0762090J,Collège Eugène Noël,hors EP,111.0,10.4,106.0,False,False,accord : hors,False,False,accord : hors,False,False,76,SEINE-MARITIME,70,NORMANDIE
0762091K,Collège Fontenelle,hors EP,116.4,11.6,198.0,False,False,accord : hors,False,False,accord : hors,False,False,76,SEINE-MARITIME,70,NORMANDIE
0762093M,Collège Édouard Branly,hors EP,90.6,9.6,80.0,False,False,accord : hors,False,False,accord : hors,False,False,76,SEINE-MARITIME,70,NORMANDIE
0762107C,Collège Henry Dunant,hors EP,85.5,9.5,61.0,True,False,IPS seul,True,False,IPS seul,False,False,76,SEINE-MARITIME,70,NORMANDIE
0762123V,Collège André Raimbourg,hors EP,97.3,10.4,74.0,False,False,accord : hors,False,False,accord : hors,False,False,76,SEINE-MARITIME,70,NORMANDIE
0762125X,Collège Jean Cocteau,hors EP,111.3,12.0,93.0,False,False,accord : hors,False,False,accord : hors,False,False,76,SEINE-MARITIME,70,NORMANDIE
0762126Y,Collège Louis Bouilhet,hors EP,93.4,9.1,132.0,False,True,note seule,False,True,note seule,False,False,76,SEINE-MARITIME,70,NORMANDIE
0762127Z,Collège Henri Wallon,REP+,78.3,8.5,79.0,True,True,accord : à classer,True,True,accord : à classer,False,False,76,SEINE-MARITIME,70,NORMANDIE
0762128A,Collège Léo Lagrange,REP,79.5,8.2,77.0,True,True,accord : à classer,True,True,accord : à classer,False,False,76,SEINE-MARITIME,70,NORMANDIE
0762129B,Collège Pablo Picasso,hors EP,91.1,8.0,129.0,False,True,note seule,False,True,note seule,False,False,76,SEINE-MARITIME,70,NORMANDIE
0762132E,Collège Robespierre,REP+,71.2,10.6,56.0,True,False,IPS seul,True,False,IPS seul,False,False,76,SEINE-MARITIME,70,NORMANDIE
0762133F,Collège Pablo Picasso,REP,90.6,9.4,115.0,False,False,accord : hors,False,False,accord : hors,False,False,76,SEINE-MARITIME,70,NORMANDIE
0762170W,Collège Louis Philippe,hors EP,95.9,10.9,108.0,False,False,accord : hors,False,False,accord : hors,False,False,76,SEINE-MARITIME,70,NORMANDIE
0762173Z,Collège Marcel Pagnol,REP+,74.1,7.2,56.0,True,True,accord : à classer,True,True,accord : à classer,False,False,76,SEINE-MARITIME,70,NORMANDIE
0762176C,Collège Albert Calmette,hors EP,94.1,10.2,157.0,False,False,accord : hors,False,False,accord : hors,False,False,76,SEINE-MARITIME,70,NORMANDIE
0762177D,Collège la Hêtraie,hors EP,106.3,11.7,65.0,False,False,accord : hors,False,False,accord : hors,False,False,76,SEINE-MARITIME,70,NORMANDIE
0762178E,Collège Barbey d'Aurevilly,hors EP,124.3,11.8,156.0,False,False,accord : hors,False,False,accord : hors,False,False,76,SEINE-MARITIME,70,NORMANDIE
0762197A,Collège Jean Delacour,hors EP,108.5,11.5,115.0,False,False,accord : hors,False,False,accord : hors,False,False,76,SEINE-MARITIME,70,NORMANDIE
0762199C,Collège Maurice Maëterlinck,hors EP,95.5,10.3,88.0,False,False,accord : hors,False,False,accord : hors,False,False,76,SEINE-MARITIME,70,NORMANDIE
0762202F,Collège Jules Verne,hors EP,96.6,8.8,103.0,False,True,note seule,False,True,note seule,False,False,76,SEINE-MARITIME,70,NORMANDIE
0762225F,Collège Alexandre Dumas,hors EP,101.6,9.7,119.0,False,False,accord : hors,False,False,accord : hors,False,False,76,SEINE-MARITIME,70,NORMANDIE
0762226G,Collège Théophile Gautier,REP,90.5,8.4,71.0,False,True,note seule,False,True,note seule,False,False,76,SEINE-MARITIME,70,NORMANDIE
0762227H,Collège Belle Étoile,hors EP,107.9,11.1,153.0,False,False,accord : hors,False,False,accord : hors,False,False,76,SEINE-MARITIME,70,NORMANDIE
0762229K,Collège Hector Malot,hors EP,124.6,12.1,178.0,False,False,accord : hors,False,False,accord : hors,False,False,76,SEINE-MARITIME,70,NORMANDIE
0762286X,Collège Catherine Bernard,hors EP,102.4,9.7,121.0,False,False,accord : hors,False,False,accord : hors,False,False,76,SEINE-MARITIME,70,NORMANDIE
0762287Y,Collège Georges Cuvier,REP,90.0,9.3,71.0,False,False,accord : hors,True,False,IPS seul,False,True,76,SEINE-MARITIME,70,NORMANDIE
0762288Z,Collège Raymond Queneau,hors EP,110.3,11.0,117.0,False,False,accord : hors,False,False,accord : hors,False,False,76,SEINE-MARITIME,70,NORMANDIE
0762289A,Collège Pierre Mendès France,hors EP,94.9,10.1,157.0,False,False,accord : hors,False,False,accord : hors,False,False,76,SEINE-MARITIME,70,NORMANDIE
0762290B,Collège Camille Saint-Saëns,hors EP,116.9,12.1,76.0,False,False,accord : hors,False,False,accord : hors,False,False,76,SEINE-MARITIME,70,NORMANDIE
0762405B,Collège La Hève,hors EP,121.4,11.4,68.0,False,False,accord : hors,False,False,accord : hors,False,False,76,SEINE-MARITIME,70,NORMANDIE
0762459K,Collège Nelson Mandela,REP+,80.5,9.7,115.0,True,False,IPS seul,True,False,IPS seul,False,False,76,SEINE-MARITIME,70,NORMANDIE
0762461M,Collège Jean Renoir,hors EP,93.5,11.0,68.0,False,False,accord : hors,False,False,accord : hors,False,False,76,SEINE-MARITIME,70,NORMANDIE
0762598L,Collège Georges Brassens,hors EP,109.1,11.6,116.0,False,False,accord : hors,False,False,accord : hors,False,False,76,SEINE-MARITIME,70,NORMANDIE
0762679Z,Collège Jacques Brel,REP,88.7,8.7,82.0,True,True,accord : à classer,True,True,accord : à classer,False,False,76,SEINE-MARITIME,70,NORMANDIE
0762738N,Collège de la Côte blanche,hors EP,89.5,8.5,73.0,False,True,note seule,True,True,accord : à classer,False,False,76,SEINE-MARITIME,70,NORMANDIE
0762764S,Collège André Marie,hors EP,105.7,11.9,126.0,False,False,accord : hors,False,False,accord : hors,False,False,76,SEINE-MARITIME,70,NORMANDIE
0762816Y,Collège Masseot Abaquesne,hors EP,119.2,11.5,125.0,False,False,accord : hors,False,False,accord : hors,False,False,76,SEINE-MARITIME,70,NORMANDIE
0762861X,Collège Jean Monnet,hors EP,90.1,8.9,100.0,False,True,note seule,False,True,note seule,False,False,76,SEINE-MARITIME,70,NORMANDIE
0762919K,Collège Jacques-Yves Cousteau,REP,75.9,8.6,82.0,True,True,accord : à classer,True,True,accord : à classer,False,False,76,SEINE-MARITIME,70,NORMANDIE
0763368Y,Collège Lucie Aubrac,hors EP,131.9,12.1,145.0,False,False,accord : hors,False,False,accord : hors,False,False,76,SEINE-MARITIME,70,NORMANDIE
0770002J,Collège Denecourt,hors EP,133.4,13.3,148.0,False,False,accord : hors,False,False,accord : hors,False,False,77,SEINE-ET-MARNE,24,CRETEIL
0770003K,Collège Jean Rostand,hors EP,101.1,9.2,141.0,False,True,note seule,False,True,note seule,False,False,77,SEINE-ET-MARNE,24,CRETEIL
0770005M,Collège Jean Jaurès,hors EP,102.4,8.9,81.0,False,True,note seule,False,True,note seule,False,False,77,SEINE-ET-MARNE,24,CRETEIL
0770009S,Collège Blanche de Castille,hors EP,119.1,11.3,133.0,False,False,accord : hors,False,False,accord : hors,False,False,77,SEINE-ET-MARNE,24,CRETEIL
0770010T,Collège Pierre Roux,hors EP,98.7,9.2,76.0,False,True,note seule,False,True,note seule,False,False,77,SEINE-ET-MARNE,24,CRETEIL
0770013W,Collège Camille Corot,hors EP,94.1,9.5,143.0,False,False,accord : hors,False,False,accord : hors,False,False,77,SEINE-ET-MARNE,24,CRETEIL
0770014X,Collège parc des Tourelles,hors EP,116.7,10.9,126.0,False,False,accord : hors,False,False,accord : hors,False,False,77,SEINE-ET-MARNE,24,CRETEIL
0770019C,Collège Robert Doisneau,REP,85.4,9.1,140.0,True,True,accord : à classer,True,True,accord : à classer,False,False,77,SEINE-ET-MARNE,24,CRETEIL
0770020D,Collège du Montois,hors EP,104.9,10.5,109.0,False,False,accord : hors,False,False,accord : hors,False,False,77,SEINE-ET-MARNE,24,CRETEIL
0770024H,Collège La Rochefoucauld,hors EP,97.0,9.2,181.0,False,True,note seule,False,True,note seule,False,False,77,SEINE-ET-MARNE,24,CRETEIL
0770027L,Collège Marcel Rivière,hors EP,111.2,10.2,120.0,False,False,accord : hors,False,False,accord : hors,False,False,77,SEINE-ET-MARNE,24,CRETEIL
0770030P,Collège Jacques Prévert,hors EP,105.4,10.6,115.0,False,False,accord : hors,False,False,accord : hors,False,False,77,SEINE-ET-MARNE,24,CRETEIL
0770032S,Collège Parc Frot,hors EP,101.6,9.4,124.0,False,False,accord : hors,False,False,accord : hors,False,False,77,SEINE-ET-MARNE,24,CRETEIL
0770033T,Collège les Capucins,REP+,86.7,9.3,83.0,True,False,IPS seul,True,True,accord : à classer,False,True,77,SEINE-ET-MARNE,24,CRETEIL
0770038Y,Collège Alfred Sisley,hors EP,117.1,12.6,158.0,False,False,accord : hors,False,False,accord : hors,False,False,77,SEINE-ET-MARNE,24,CRETEIL
0770040A,Collège René Barthélémy,hors EP,85.4,9.1,167.0,True,True,accord : à classer,True,True,accord : à classer,False,False,77,SEINE-ET-MARNE,24,CRETEIL
0770048J,Collège Émile Chevallier,hors EP,93.7,8.6,67.0,False,True,note seule,False,True,note seule,False,False,77,SEINE-ET-MARNE,24,CRETEIL
0770051M,Collège Jean Baptiste Vermay,hors EP,117.4,10.6,193.0,False,False,accord : hors,False,False,accord : hors,False,False,77,SEINE-ET-MARNE,24,CRETEIL
0770053P,Collège Elsa Triolet,hors EP,100.9,10.0,140.0,False,False,accord : hors,False,False,accord : hors,False,False,77,SEINE-ET-MARNE,24,CRETEIL
0770057U,Collège les Creusottes,hors EP,99.8,10.2,92.0,False,False,accord : hors,False,False,accord : hors,False,False,77,SEINE-ET-MARNE,24,CRETEIL
0770059W,Collège les Tournelles,hors EP,104.1,9.3,75.0,False,False,accord : hors,False,True,note seule,False,True,77,SEINE-ET-MARNE,24,CRETEIL
0770928R,Collège international,hors EP,133.5,12.4,220.0,False,False,accord : hors,False,False,accord : hors,False,False,77,SEINE-ET-MARNE,24,CRETEIL
0771029A,Collège Henri Dunant,REP+,84.7,9.2,186.0,True,True,accord : à classer,True,True,accord : à classer,False,False,77,SEINE-ET-MARNE,24,CRETEIL
0771068T,Collège Rosa Bonheur,hors EP,114.7,10.6,131.0,False,False,accord : hors,False,False,accord : hors,False,False,77,SEINE-ET-MARNE,24,CRETEIL
0771070V,Collège Fréderic Chopin,REP,77.7,8.3,84.0,True,True,accord : à classer,True,True,accord : à classer,False,False,77,SEINE-ET-MARNE,24,CRETEIL
0771172F,Collège Albert Camus,REP+,77.2,9.1,102.0,True,True,accord : à classer,True,True,accord : à classer,False,False,77,SEINE-ET-MARNE,24,CRETEIL
0771173G,Collège Henri IV,hors EP,102.2,9.5,153.0,False,False,accord : hors,False,False,accord : hors,False,False,77,SEINE-ET-MARNE,24,CRETEIL
0771174H,Collège Pierre de Montereau,hors EP,93.8,10.1,127.0,False,False,accord : hors,False,False,accord : hors,False,False,77,SEINE-ET-MARNE,24,CRETEIL
0771175J,Collège Condorcet,hors EP,108.3,10.1,214.0,False,False,accord : hors,False,False,accord : hors,False,False,77,SEINE-ET-MARNE,24,CRETEIL
0771176K,Collège Jules Verne,REP,92.8,10.4,83.0,False,False,accord : hors,False,False,accord : hors,False,False,77,SEINE-ET-MARNE,24,CRETEIL
0771177L,Collège René Goscinny,hors EP,110.5,11.0,140.0,False,False,accord : hors,False,False,accord : hors,False,False,77,SEINE-ET-MARNE,24,CRETEIL
0771178M,Collège la Mare aux Champs,hors EP,113.0,11.8,168.0,False,False,accord : hors,False,False,accord : hors,False,False,77,SEINE-ET-MARNE,24,CRETEIL
0771331D,Collège Paul Langevin,hors EP,87.9,9.2,135.0,True,True,accord : à classer,True,True,accord : à classer,False,False,77,SEINE-ET-MARNE,24,CRETEIL
0771333F,Collège Gérard Philipe,hors EP,96.6,10.0,128.0,False,False,accord : hors,False,False,accord : hors,False,False,77,SEINE-ET-MARNE,24,CRETEIL
0771334G,Collège Gérard Philipe,hors EP,108.7,10.5,137.0,False,False,accord : hors,False,False,accord : hors,False,False,77,SEINE-ET-MARNE,24,CRETEIL
0771337K,Collège Elsa Triolet,REP,84.2,8.9,157.0,True,True,accord : à classer,True,True,accord : à classer,False,False,77,SEINE-ET-MARNE,24,CRETEIL
0771339M,Collège Pierre Brossolette,REP,81.9,8.8,150.0,True,True,accord : à classer,True,True,accord : à classer,False,False,77,SEINE-ET-MARNE,24,CRETEIL
0771342R,Collège Fernand Gregh,hors EP,105.8,10.2,153.0,False,False,accord : hors,False,False,accord : hors,False,False,77,SEINE-ET-MARNE,24,CRETEIL
0771361L,Collège Louis Braille,hors EP,119.0,10.5,143.0,False,False,accord : hors,False,False,accord : hors,False,False,77,SEINE-ET-MARNE,24,CRETEIL
0771362M,Collège Camille Saint-Saens,hors EP,95.8,9.8,97.0,False,False,accord : hors,False,False,accord : hors,False,False,77,SEINE-ET-MARNE,24,CRETEIL
0771363N,Collège Arthur Chaussy,hors EP,106.6,9.7,164.0,False,False,accord : hors,False,False,accord : hors,False,False,77,SEINE-ET-MARNE,24,CRETEIL
0771365R,Collège Jean Vilar,hors EP,109.9,10.5,223.0,False,False,accord : hors,False,False,accord : hors,False,False,77,SEINE-ET-MARNE,24,CRETEIL
0771419Z,Collège Jean Moulin,hors EP,105.8,10.2,179.0,False,False,accord : hors,False,False,accord : hors,False,False,77,SEINE-ET-MARNE,24,CRETEIL
0771420A,Collège Beaumarchais,REP,75.7,8.4,117.0,True,True,accord : à classer,True,True,accord : à classer,False,False,77,SEINE-ET-MARNE,24,CRETEIL
0771421B,Collège les Hyverneaux,hors EP,121.3,10.8,189.0,False,False,accord : hors,False,False,accord : hors,False,False,77,SEINE-ET-MARNE,24,CRETEIL
0771422C,Collège de la Vallée,hors EP,95.7,10.5,126.0,False,False,accord : hors,False,False,accord : hors,False,False,77,SEINE-ET-MARNE,24,CRETEIL
0771424E,Collège Lucien Cézard,hors EP,130.0,11.7,124.0,False,False,accord : hors,False,False,accord : hors,False,False,77,SEINE-ET-MARNE,24,CRETEIL
0771471F,Collège Pierre Weczerka,hors EP,95.9,9.6,203.0,False,False,accord : hors,False,False,accord : hors,False,False,77,SEINE-ET-MARNE,24,CRETEIL
0771472G,Collège le Moulin à Vent,hors EP,110.4,10.5,173.0,False,False,accord : hors,False,False,accord : hors,False,False,77,SEINE-ET-MARNE,24,CRETEIL
0771475K,Collège les Aulnes,hors EP,101.1,10.2,162.0,False,False,accord : hors,False,False,accord : hors,False,False,77,SEINE-ET-MARNE,24,CRETEIL
0771476L,Collège Georges Politzer,REP,87.2,9.2,136.0,True,True,accord : à classer,True,True,accord : à classer,False,False,77,SEINE-ET-MARNE,24,CRETEIL
0771478N,Collège Arthur Rimbaud,hors EP,87.0,8.7,115.0,True,True,accord : à classer,True,True,accord : à classer,False,False,77,SEINE-ET-MARNE,24,CRETEIL
0771511Z,Collège Armand Lanoux,hors EP,109.9,9.8,124.0,False,False,accord : hors,False,False,accord : hors,False,False,77,SEINE-ET-MARNE,24,CRETEIL
0771513B,Collège Hippolyte Rémy,hors EP,104.3,10.0,133.0,False,False,accord : hors,False,False,accord : hors,False,False,77,SEINE-ET-MARNE,24,CRETEIL
0771514C,Collège des Remparts,hors EP,110.9,10.8,154.0,False,False,accord : hors,False,False,accord : hors,False,False,77,SEINE-ET-MARNE,24,CRETEIL
0771515D,Collège Lelorgne de Savigny,hors EP,97.9,11.2,141.0,False,False,accord : hors,False,False,accord : hors,False,False,77,SEINE-ET-MARNE,24,CRETEIL
0771517F,Collège François Villon,hors EP,108.7,9.6,212.0,False,False,accord : hors,False,False,accord : hors,False,False,77,SEINE-ET-MARNE,24,CRETEIL
0771518G,Collège Louis Armand,hors EP,88.5,9.0,167.0,True,True,accord : à classer,True,True,accord : à classer,False,False,77,SEINE-ET-MARNE,24,CRETEIL
0771519H,Collège Louise Michel,hors EP,113.4,10.1,138.0,False,False,accord : hors,False,False,accord : hors,False,False,77,SEINE-ET-MARNE,24,CRETEIL
0771562E,Collège Jean-Jacques Rousseau,hors EP,111.5,10.0,141.0,False,False,accord : hors,False,False,accord : hors,False,False,77,SEINE-ET-MARNE,24,CRETEIL
0771563F,Collège Eugène Delacroix,hors EP,111.8,10.7,160.0,False,False,accord : hors,False,False,accord : hors,False,False,77,SEINE-ET-MARNE,24,CRETEIL
0771567K,Collège Paul Éluard,REP,94.2,9.9,143.0,False,False,accord : hors,False,False,accord : hors,False,False,77,SEINE-ET-MARNE,24,CRETEIL
0771615M,Collège Georges Brassens,hors EP,103.4,10.2,180.0,False,False,accord : hors,False,False,accord : hors,False,False,77,SEINE-ET-MARNE,24,CRETEIL
0771618R,Collège les Maillettes,REP,93.0,9.8,101.0,False,False,accord : hors,False,False,accord : hors,False,False,77,SEINE-ET-MARNE,24,CRETEIL
0771619S,Collège Charles Péguy,hors EP,110.4,10.8,126.0,False,False,accord : hors,False,False,accord : hors,False,False,77,SEINE-ET-MARNE,24,CRETEIL
0771620T,Collège Nicolas Fouquet,hors EP,105.5,9.6,186.0,False,False,accord : hors,False,False,accord : hors,False,False,77,SEINE-ET-MARNE,24,CRETEIL
0771621U,Collège Honoré de Balzac,REP,91.1,9.4,74.0,False,False,accord : hors,False,False,accord : hors,False,False,77,SEINE-ET-MARNE,24,CRETEIL
0771656G,Collège Nellie Bly,hors EP,103.3,9.9,130.0,False,False,accord : hors,False,False,accord : hors,False,False,77,SEINE-ET-MARNE,24,CRETEIL
0771657H,Collège Anceau de Garlande,hors EP,100.6,10.1,150.0,False,False,accord : hors,False,False,accord : hors,False,False,77,SEINE-ET-MARNE,24,CRETEIL
0771659K,Collège la Plaine des Glacis,hors EP,102.7,10.6,126.0,False,False,accord : hors,False,False,accord : hors,False,False,77,SEINE-ET-MARNE,24,CRETEIL
0771661M,Collège Jean Campin,hors EP,88.3,8.8,127.0,True,True,accord : à classer,True,True,accord : à classer,False,False,77,SEINE-ET-MARNE,24,CRETEIL
0771662N,Collège le grand parc,hors EP,118.0,10.5,116.0,False,False,accord : hors,False,False,accord : hors,False,False,77,SEINE-ET-MARNE,24,CRETEIL
0771667U,Collège Mon Plaisir,hors EP,118.8,11.2,175.0,False,False,accord : hors,False,False,accord : hors,False,False,77,SEINE-ET-MARNE,24,CRETEIL
0771759U,Collège de l'Europe,hors EP,98.7,10.0,154.0,False,False,accord : hors,False,False,accord : hors,False,False,77,SEINE-ET-MARNE,24,CRETEIL
0771760V,Collège Madame de La Fayette,hors EP,91.3,9.2,110.0,False,True,note seule,False,True,note seule,False,False,77,SEINE-ET-MARNE,24,CRETEIL
0771761W,Collège André Malraux,REP+,71.7,9.7,108.0,True,False,IPS seul,True,False,IPS seul,False,False,77,SEINE-ET-MARNE,24,CRETEIL
0771762X,Collège Jacques Amyot,hors EP,93.0,9.0,167.0,False,True,note seule,False,True,note seule,False,False,77,SEINE-ET-MARNE,24,CRETEIL
0771766B,Collège Beau Soleil,hors EP,102.8,10.1,155.0,False,False,accord : hors,False,False,accord : hors,False,False,77,SEINE-ET-MARNE,24,CRETEIL
0771768D,Collège les 4 Arpents,hors EP,98.9,10.1,123.0,False,False,accord : hors,False,False,accord : hors,False,False,77,SEINE-ET-MARNE,24,CRETEIL
0771770F,Collège Jacques Prévert,hors EP,103.1,9.5,113.0,False,False,accord : hors,False,False,accord : hors,False,False,77,SEINE-ET-MARNE,24,CRETEIL
0771841H,Collège le Luzard,REP,89.9,9.4,104.0,False,False,accord : hors,False,False,accord : hors,False,False,77,SEINE-ET-MARNE,24,CRETEIL
0771878Y,Collège Jacques Monod,hors EP,97.6,10.9,122.0,False,False,accord : hors,False,False,accord : hors,False,False,77,SEINE-ET-MARNE,24,CRETEIL
0771911J,Collège les Tilleuls,hors EP,118.9,10.6,139.0,False,False,accord : hors,False,False,accord : hors,False,False,77,SEINE-ET-MARNE,24,CRETEIL
0771912K,Collège Jean des Barres,hors EP,105.8,10.0,135.0,False,False,accord : hors,False,False,accord : hors,False,False,77,SEINE-ET-MARNE,24,CRETEIL
0771959L,Collège les Cités Unies,hors EP,107.4,10.2,163.0,False,False,accord : hors,False,False,accord : hors,False,False,77,SEINE-ET-MARNE,24,CRETEIL
0771960M,Collège Henri Wallon,hors EP,98.7,10.4,127.0,False,False,accord : hors,False,False,accord : hors,False,False,77,SEINE-ET-MARNE,24,CRETEIL
0771991W,Collège Louis Aragon,hors EP,96.7,8.2,119.0,False,True,note seule,False,True,note seule,False,False,77,SEINE-ET-MARNE,24,CRETEIL
0771992X,Collège la Maillière,hors EP,109.2,10.9,144.0,False,False,accord : hors,False,False,accord : hors,False,False,77,SEINE-ET-MARNE,24,CRETEIL
0771993Y,Collège Georges Brassens,hors EP,108.9,9.9,108.0,False,False,accord : hors,False,False,accord : hors,False,False,77,SEINE-ET-MARNE,24,CRETEIL
0772056S,Collège Jean de La Fontaine,REP,79.1,9.1,132.0,True,True,accord : à classer,True,True,accord : à classer,False,False,77,SEINE-ET-MARNE,24,CRETEIL
0772090D,Collège Jean Wiener,hors EP,102.4,9.0,94.0,False,True,note seule,False,True,note seule,False,False,77,SEINE-ET-MARNE,24,CRETEIL
0772091E,Collège le Bois de l'Enclume,hors EP,107.0,10.4,133.0,False,False,accord : hors,False,False,accord : hors,False,False,77,SEINE-ET-MARNE,24,CRETEIL
0772119K,Collège Van Gogh,hors EP,115.3,10.9,74.0,False,False,accord : hors,False,False,accord : hors,False,False,77,SEINE-ET-MARNE,24,CRETEIL
0772125S,Collège le Segrais,hors EP,91.2,9.4,102.0,False,False,accord : hors,False,False,accord : hors,False,False,77,SEINE-ET-MARNE,24,CRETEIL
0772126T,Collège Robert Buron,hors EP,97.7,10.0,112.0,False,False,accord : hors,False,False,accord : hors,False,False,77,SEINE-ET-MARNE,24,CRETEIL
0772128V,Collège Saint-Louis,hors EP,96.5,9.7,99.0,False,False,accord : hors,False,False,accord : hors,False,False,77,SEINE-ET-MARNE,24,CRETEIL
0772154Y,Collège Léonard de Vinci,hors EP,117.5,10.6,137.0,False,False,accord : hors,False,False,accord : hors,False,False,77,SEINE-ET-MARNE,24,CRETEIL
0772189L,Collège Hutinel,hors EP,105.8,10.3,129.0,False,False,accord : hors,False,False,accord : hors,False,False,77,SEINE-ET-MARNE,24,CRETEIL
0772190M,Collège de l'Europe,hors EP,106.2,10.4,184.0,False,False,accord : hors,False,False,accord : hors,False,False,77,SEINE-ET-MARNE,24,CRETEIL
0772191N,Collège La Boétie,hors EP,106.4,11.6,141.0,False,False,accord : hors,False,False,accord : hors,False,False,77,SEINE-ET-MARNE,24,CRETEIL
0772226B,Collège Jacques-Yves Cousteau,hors EP,124.9,10.9,136.0,False,False,accord : hors,False,False,accord : hors,False,False,77,SEINE-ET-MARNE,24,CRETEIL
0772227C,Collège Stephane Mallarmé,hors EP,110.2,10.7,121.0,False,False,accord : hors,False,False,accord : hors,False,False,77,SEINE-ET-MARNE,24,CRETEIL
0772246Y,Collège le Champivert,hors EP,99.8,8.5,63.0,False,True,note seule,False,True,note seule,False,False,77,SEINE-ET-MARNE,24,CRETEIL
0772247Z,Collège George Sand,hors EP,111.3,10.1,99.0,False,False,accord : hors,False,False,accord : hors,False,False,77,SEINE-ET-MARNE,24,CRETEIL
0772248A,Collège George Sand,hors EP,111.9,10.3,165.0,False,False,accord : hors,False,False,accord : hors,False,False,77,SEINE-ET-MARNE,24,CRETEIL
0772274D,Collège La Grange du Bois,hors EP,99.0,10.8,117.0,False,False,accord : hors,False,False,accord : hors,False,False,77,SEINE-ET-MARNE,24,CRETEIL
0772293Z,Collège Marie Laurencin,hors EP,112.7,8.7,100.0,False,True,note seule,False,True,note seule,False,False,77,SEINE-ET-MARNE,24,CRETEIL
0772330P,Collège Pablo Picasso,hors EP,114.4,11.3,118.0,False,False,accord : hors,False,False,accord : hors,False,False,77,SEINE-ET-MARNE,24,CRETEIL
0772331R,Collège Monthéty,hors EP,109.0,10.4,123.0,False,False,accord : hors,False,False,accord : hors,False,False,77,SEINE-ET-MARNE,24,CRETEIL
0772396L,Collège Maria Callas,hors EP,114.4,10.5,133.0,False,False,accord : hors,False,False,accord : hors,False,False,77,SEINE-ET-MARNE,24,CRETEIL
0772413E,Collège Anne Frank,hors EP,104.6,11.0,153.0,False,False,accord : hors,False,False,accord : hors,False,False,77,SEINE-ET-MARNE,24,CRETEIL
0772427V,Collège Christine de Pisan,hors EP,119.4,10.4,127.0,False,False,accord : hors,False,False,accord : hors,False,False,77,SEINE-ET-MARNE,24,CRETEIL
0772429X,Collège de la Pyramide,hors EP,112.4,10.8,103.0,False,False,accord : hors,False,False,accord : hors,False,False,77,SEINE-ET-MARNE,24,CRETEIL
0772481D,Collège Marie Curie,REP,89.4,9.8,90.0,False,False,accord : hors,True,False,IPS seul,False,False,77,SEINE-ET-MARNE,24,CRETEIL
0772482E,Collège Victor Schoelcher,hors EP,111.7,10.9,102.0,False,False,accord : hors,False,False,accord : hors,False,False,77,SEINE-ET-MARNE,24,CRETEIL
0772483F,Collège Nicolas Tronchon,hors EP,108.2,10.0,101.0,False,False,accord : hors,False,False,accord : hors,False,False,77,SEINE-ET-MARNE,24,CRETEIL
0772499Y,Collège de la Dhuis,hors EP,110.2,11.2,162.0,False,False,accord : hors,False,False,accord : hors,False,False,77,SEINE-ET-MARNE,24,CRETEIL
0772548B,Collège Les Blés d'or,hors EP,127.2,12.4,121.0,False,False,accord : hors,False,False,accord : hors,False,False,77,SEINE-ET-MARNE,24,CRETEIL
0772573D,Collège Erik Satie,hors EP,101.9,10.2,174.0,False,False,accord : hors,False,False,accord : hors,False,False,77,SEINE-ET-MARNE,24,CRETEIL
0772574E,Collège Vasco de Gama,hors EP,105.9,11.2,82.0,False,False,accord : hors,False,False,accord : hors,False,False,77,SEINE-ET-MARNE,24,CRETEIL
0772588V,Collège Claude Monet,hors EP,122.0,11.3,141.0,False,False,accord : hors,False,False,accord : hors,False,False,77,SEINE-ET-MARNE,24,CRETEIL
0772589W,Collège Madeleine Renaud,hors EP,110.7,10.8,139.0,False,False,accord : hors,False,False,accord : hors,False,False,77,SEINE-ET-MARNE,24,CRETEIL
0772651N,Collège le vieux chêne,hors EP,116.6,11.6,126.0,False,False,accord : hors,False,False,accord : hors,False,False,77,SEINE-ET-MARNE,24,CRETEIL
0772713F,Collège Jacqueline de Romilly,hors EP,130.9,12.4,174.0,False,False,accord : hors,False,False,accord : hors,False,False,77,SEINE-ET-MARNE,24,CRETEIL
0772714G,Collège Stéphane Hessel,hors EP,115.9,12.2,123.0,False,False,accord : hors,False,False,accord : hors,False,False,77,SEINE-ET-MARNE,24,CRETEIL
0772819W,Collège Lucie Aubrac,hors EP,115.2,11.1,160.0,False,False,accord : hors,False,False,accord : hors,False,False,77,SEINE-ET-MARNE,24,CRETEIL
0772867Y,Collège Colonel Arnaud Beltrame,hors EP,126.8,12.0,118.0,False,False,accord : hors,False,False,accord : hors,False,False,77,SEINE-ET-MARNE,24,CRETEIL
0772868Z,Collège Marthe Simard,hors EP,106.4,10.6,126.0,False,False,accord : hors,False,False,accord : hors,False,False,77,SEINE-ET-MARNE,24,CRETEIL
0772944G,Collège Marie-Amélie Le Fur,hors EP,113.9,9.7,78.0,False,False,accord : hors,False,False,accord : hors,False,False,77,SEINE-ET-MARNE,24,CRETEIL
0780002D,Collège Saint-Exupéry,hors EP,128.7,10.9,190.0,False,False,accord : hors,False,False,accord : hors,False,False,78,YVELINES,25,VERSAILLES
0780032L,Collège Flora Tristan,REP,93.0,8.6,133.0,False,True,note seule,False,True,note seule,False,False,78,YVELINES,25,VERSAILLES
0780033M,Collège Les Amandiers,hors EP,139.5,12.6,174.0,False,False,accord : hors,False,False,accord : hors,False,False,78,YVELINES,25,VERSAILLES
0780036R,Collège Victor Hugo,hors EP,106.5,9.4,129.0,False,False,accord : hors,False,False,accord : hors,False,False,78,YVELINES,25,VERSAILLES
0780050F,Collège Samuel Paty,hors EP,120.8,10.4,188.0,False,False,accord : hors,False,False,accord : hors,False,False,78,YVELINES,25,VERSAILLES
0780112Y,Collège Le Prieuré,hors EP,141.2,13.0,111.0,False,False,accord : hors,False,False,accord : hors,False,False,78,YVELINES,25,VERSAILLES
0780116C,Collège Les Plaisances,REP,87.0,8.0,180.0,True,True,accord : à classer,True,True,accord : à classer,False,False,78,YVELINES,25,VERSAILLES
0780119F,Collège Louis Lumière,hors EP,137.1,11.6,235.0,False,False,accord : hors,False,False,accord : hors,False,False,78,YVELINES,25,VERSAILLES
0780179W,Collège Jean-Baptiste de la Quintinye,hors EP,134.8,12.3,126.0,False,False,accord : hors,False,False,accord : hors,False,False,78,YVELINES,25,VERSAILLES
0780180X,Collège Jules Verne,REP+,80.7,7.8,148.0,True,True,accord : à classer,True,True,accord : à classer,False,False,78,YVELINES,25,VERSAILLES
0780183A,Collège Montaigne,hors EP,111.8,9.6,190.0,False,False,accord : hors,False,False,accord : hors,False,False,78,YVELINES,25,VERSAILLES
0780184B,Collège Jean Racine,hors EP,143.5,13.5,189.0,False,False,accord : hors,False,False,accord : hors,False,False,78,YVELINES,25,VERSAILLES
0780185C,Collège Descartes,hors EP,112.1,10.9,119.0,False,False,accord : hors,False,False,accord : hors,False,False,78,YVELINES,25,VERSAILLES
0780186D,Collège Jean Racine,hors EP,105.8,9.7,139.0,False,False,accord : hors,False,False,accord : hors,False,False,78,YVELINES,25,VERSAILLES
0780187E,Collège Youri Gagarine,REP+,83.8,8.1,85.0,True,True,accord : à classer,True,True,accord : à classer,False,False,78,YVELINES,25,VERSAILLES
0780210E,Collège Saint-Exupéry,hors EP,125.2,11.2,139.0,False,False,accord : hors,False,False,accord : hors,False,False,78,YVELINES,25,VERSAILLES
0780254C,Collège François Mauriac,hors EP,123.6,10.1,187.0,False,False,accord : hors,False,False,accord : hors,False,False,78,YVELINES,25,VERSAILLES
0780255D,Collège Albert Thierry,REP,84.0,7.6,160.0,True,True,accord : à classer,True,True,accord : à classer,False,False,78,YVELINES,25,VERSAILLES
0780256E,Collège Le Racinay,hors EP,129.3,11.5,160.0,False,False,accord : hors,False,False,accord : hors,False,False,78,YVELINES,25,VERSAILLES
0780258G,Collège Colette,hors EP,118.3,10.5,193.0,False,False,accord : hors,False,False,accord : hors,False,False,78,YVELINES,25,VERSAILLES
0780260J,Collège Léon Blum,hors EP,129.2,11.1,176.0,False,False,accord : hors,False,False,accord : hors,False,False,78,YVELINES,25,VERSAILLES
0780261K,Collège Mozart,hors EP,119.8,11.0,188.0,False,False,accord : hors,False,False,accord : hors,False,False,78,YVELINES,25,VERSAILLES
0780262L,Collège Maurice Ravel,hors EP,131.8,11.5,195.0,False,False,accord : hors,False,False,accord : hors,False,False,78,YVELINES,25,VERSAILLES
0780263M,Collège Pierre et Marie Curie,hors EP,129.1,12.0,151.0,False,False,accord : hors,False,False,accord : hors,False,False,78,YVELINES,25,VERSAILLES
0780264N,Collège Les Grands Champs,REP+,78.6,7.5,118.0,True,True,accord : à classer,True,True,accord : à classer,False,False,78,YVELINES,25,VERSAILLES
0780265P,Collège Maryse Bastié,hors EP,122.1,11.0,136.0,False,False,accord : hors,False,False,accord : hors,False,False,78,YVELINES,25,VERSAILLES
0780267S,Collège Jean Zay,hors EP,104.2,9.5,157.0,False,False,accord : hors,False,False,accord : hors,False,False,78,YVELINES,25,VERSAILLES
0780269U,Collège Guy de Maupassant,hors EP,116.0,11.2,194.0,False,False,accord : hors,False,False,accord : hors,False,False,78,YVELINES,25,VERSAILLES
0780418F,Collège Pierre de Coubertin,hors EP,143.8,12.5,167.0,False,False,accord : hors,False,False,accord : hors,False,False,78,YVELINES,25,VERSAILLES
0780419G,Collège Louis Pergaud,hors EP,108.2,10.1,132.0,False,False,accord : hors,False,False,accord : hors,False,False,78,YVELINES,25,VERSAILLES
0780420H,Collège Blaise Pascal,REP,95.1,9.1,122.0,False,True,note seule,False,False,accord : hors,False,False,78,YVELINES,25,VERSAILLES
0780504Z,Collège Pasteur,hors EP,133.1,12.3,106.0,False,False,accord : hors,False,False,accord : hors,False,False,78,YVELINES,25,VERSAILLES
0780506B,Collège Arthur Rimbaud,hors EP,100.5,9.2,187.0,False,True,note seule,False,False,accord : hors,False,False,78,YVELINES,25,VERSAILLES
0780507C,Collège Auguste Renoir,hors EP,122.7,10.5,146.0,False,False,accord : hors,False,False,accord : hors,False,False,78,YVELINES,25,VERSAILLES
0780512H,Collège Philippe de Champaigne,hors EP,105.5,9.5,114.0,False,False,accord : hors,False,False,accord : hors,False,False,78,YVELINES,25,VERSAILLES
0780514K,Collège Le Village,REP,90.0,8.1,175.0,False,True,note seule,True,True,accord : à classer,False,False,78,YVELINES,25,VERSAILLES
0780569V,Collège La Vaucouleurs,hors EP,101.6,10.2,139.0,False,False,accord : hors,False,False,accord : hors,False,False,78,YVELINES,25,VERSAILLES
0780571X,Collège Henri IV,hors EP,100.2,10.2,137.0,False,False,accord : hors,False,False,accord : hors,False,False,78,YVELINES,25,VERSAILLES
0780572Y,Collège Paul Verlaine,REP,87.2,8.9,143.0,True,True,accord : à classer,True,False,IPS seul,False,False,78,YVELINES,25,VERSAILLES
0780573Z,Collège Les Châtelaines,hors EP,124.2,11.0,181.0,False,False,accord : hors,False,False,accord : hors,False,False,78,YVELINES,25,VERSAILLES
0780574A,Collège Les Molières,hors EP,126.3,11.0,178.0,False,False,accord : hors,False,False,accord : hors,False,False,78,YVELINES,25,VERSAILLES
0780575B,Collège Paul Bert,hors EP,136.8,12.5,136.0,False,False,accord : hors,False,False,accord : hors,False,False,78,YVELINES,25,VERSAILLES
0780577D,Collège Sébastienne Guyot,REP,82.9,8.6,111.0,True,True,accord : à classer,True,True,accord : à classer,False,False,78,YVELINES,25,VERSAILLES
0780578E,Collège Pablo Picasso,hors EP,125.9,12.1,147.0,False,False,accord : hors,False,False,accord : hors,False,False,78,YVELINES,25,VERSAILLES
0780579F,Collège Darius Milhaud,hors EP,118.6,11.3,134.0,False,False,accord : hors,False,False,accord : hors,False,False,78,YVELINES,25,VERSAILLES
0780580G,Collège Pierre de Nolhac,hors EP,137.4,13.5,116.0,False,False,accord : hors,False,False,accord : hors,False,False,78,YVELINES,25,VERSAILLES
0780581H,Collège Paul Éluard,hors EP,105.1,9.9,130.0,False,False,accord : hors,False,False,accord : hors,False,False,78,YVELINES,25,VERSAILLES
0780656P,Collège Benjamin Franklin,hors EP,114.3,9.9,164.0,False,False,accord : hors,False,False,accord : hors,False,False,78,YVELINES,25,VERSAILLES
0780707V,Collège Marcel Pagnol,hors EP,102.4,8.9,172.0,False,True,note seule,False,False,accord : hors,False,False,78,YVELINES,25,VERSAILLES
0780708W,Collège Jules Ferry,hors EP,109.2,10.1,140.0,False,False,accord : hors,False,False,accord : hors,False,False,78,YVELINES,25,VERSAILLES
0780709X,Collège de la Mauldre,hors EP,131.3,11.1,189.0,False,False,accord : hors,False,False,accord : hors,False,False,78,YVELINES,25,VERSAILLES
0780712A,Collège Georges Brassens,hors EP,124.0,10.8,199.0,False,False,accord : hors,False,False,accord : hors,False,False,78,YVELINES,25,VERSAILLES
0780713B,Collège François Rabelais,hors EP,131.5,11.6,153.0,False,False,accord : hors,False,False,accord : hors,False,False,78,YVELINES,25,VERSAILLES
0780714C,Collège des Hauts Grillets,hors EP,128.5,12.2,201.0,False,False,accord : hors,False,False,accord : hors,False,False,78,YVELINES,25,VERSAILLES
0780715D,Collège Martin Luther King,hors EP,147.0,13.7,158.0,False,False,accord : hors,False,False,accord : hors,False,False,78,YVELINES,25,VERSAILLES
0780718G,Collège Raymond Poincaré,hors EP,121.9,12.0,111.0,False,False,accord : hors,False,False,accord : hors,False,False,78,YVELINES,25,VERSAILLES
0780720J,Collège Alexandre Dumas,hors EP,115.0,10.5,170.0,False,False,accord : hors,False,False,accord : hors,False,False,78,YVELINES,25,VERSAILLES
0780758A,Collège Albert Camus,hors EP,110.7,11.2,138.0,False,False,accord : hors,False,False,accord : hors,False,False,78,YVELINES,25,VERSAILLES
0780760C,Collège La Fosse aux Dames,hors EP,111.3,10.6,135.0,False,False,accord : hors,False,False,accord : hors,False,False,78,YVELINES,25,VERSAILLES
0780761D,Collège Guillaume Apollinaire,hors EP,114.9,11.0,167.0,False,False,accord : hors,False,False,accord : hors,False,False,78,YVELINES,25,VERSAILLES
0780845V,Collège Émile Zola,hors EP,117.2,10.5,89.0,False,False,accord : hors,False,False,accord : hors,False,False,78,YVELINES,25,VERSAILLES
0780846W,Collège Le Rondeau,hors EP,110.3,10.4,100.0,False,False,accord : hors,False,False,accord : hors,False,False,78,YVELINES,25,VERSAILLES
0780847X,Collège Jean Moulin,hors EP,125.2,11.3,107.0,False,False,accord : hors,False,False,accord : hors,False,False,78,YVELINES,25,VERSAILLES
0780856G,Collège L'Agiot,hors EP,114.9,9.4,150.0,False,False,accord : hors,False,False,accord : hors,False,False,78,YVELINES,25,VERSAILLES
0781098V,Collège George Sand,hors EP,101.0,9.9,178.0,False,False,accord : hors,False,False,accord : hors,False,False,78,YVELINES,25,VERSAILLES
0781101Y,Collège Le Corbusier,hors EP,119.0,10.9,133.0,False,False,accord : hors,False,False,accord : hors,False,False,78,YVELINES,25,VERSAILLES
0781105C,Collège du Cèdre,hors EP,149.3,13.5,177.0,False,False,accord : hors,False,False,accord : hors,False,False,78,YVELINES,25,VERSAILLES
0781106D,Collège Hoche,hors EP,147.6,13.9,175.0,False,False,accord : hors,False,False,accord : hors,False,False,78,YVELINES,25,VERSAILLES
0781107E,Collège Jean-Philippe Rameau,hors EP,131.1,12.4,225.0,False,False,accord : hors,False,False,accord : hors,False,False,78,YVELINES,25,VERSAILLES
0781108F,Collège René Cassin,REP+,74.8,8.1,44.0,True,True,accord : à classer,True,True,accord : à classer,False,False,78,YVELINES,25,VERSAILLES
0781171Z,Collège Albert Einstein,hors EP,116.4,11.8,106.0,False,False,accord : hors,False,False,accord : hors,False,False,78,YVELINES,25,VERSAILLES
0781204K,Collège Marcel Roby,hors EP,141.1,13.8,225.0,False,False,accord : hors,False,False,accord : hors,False,False,78,YVELINES,25,VERSAILLES
0781205L,Collège Claude Debussy,hors EP,125.1,12.4,193.0,False,False,accord : hors,False,False,accord : hors,False,False,78,YVELINES,25,VERSAILLES
0781263Z,Collège La Couldre,hors EP,131.3,11.2,113.0,False,False,accord : hors,False,False,accord : hors,False,False,78,YVELINES,25,VERSAILLES
0781298M,Collège de Clagny,hors EP,110.7,9.9,77.0,False,False,accord : hors,False,False,accord : hors,False,False,78,YVELINES,25,VERSAILLES
0781511U,Collège La Mare aux Saules,hors EP,113.4,10.3,121.0,False,False,accord : hors,False,False,accord : hors,False,False,78,YVELINES,25,VERSAILLES
0781570H,Collège Hélène Boucher,hors EP,147.5,13.8,131.0,False,False,accord : hors,False,False,accord : hors,False,False,78,YVELINES,25,VERSAILLES
0781618K,Collège Gustave Courbet,REP,87.2,8.5,123.0,True,True,accord : à classer,True,True,accord : à classer,False,False,78,YVELINES,25,VERSAILLES
0781632A,Collège Saint-Simon,hors EP,138.5,11.8,138.0,False,False,accord : hors,False,False,accord : hors,False,False,78,YVELINES,25,VERSAILLES
0781683F,Collège André Derain,hors EP,131.8,11.4,132.0,False,False,accord : hors,False,False,accord : hors,False,False,78,YVELINES,25,VERSAILLES
0781695U,Collège Les Saules,hors EP,103.5,10.1,79.0,False,False,accord : hors,False,False,accord : hors,False,False,78,YVELINES,25,VERSAILLES
0781789W,Collège Jean François Champollion,hors EP,130.9,12.4,107.0,False,False,accord : hors,False,False,accord : hors,False,False,78,YVELINES,25,VERSAILLES
0781817B,Collège Claude Monet,hors EP,118.9,10.5,81.0,False,False,accord : hors,False,False,accord : hors,False,False,78,YVELINES,25,VERSAILLES
0781818C,Collège Les Prés,hors EP,115.2,10.1,98.0,False,False,accord : hors,False,False,accord : hors,False,False,78,YVELINES,25,VERSAILLES
0781846H,Collège Les Trois Moulins,hors EP,137.9,12.2,94.0,False,False,accord : hors,False,False,accord : hors,False,False,78,YVELINES,25,VERSAILLES
0781862A,Collège Les Nénuphars,hors EP,117.0,10.5,139.0,False,False,accord : hors,False,False,accord : hors,False,False,78,YVELINES,25,VERSAILLES
0781863B,Collège Jean Monnet,hors EP,145.8,13.1,128.0,False,False,accord : hors,False,False,accord : hors,False,False,78,YVELINES,25,VERSAILLES
0781864C,Collège Georges Pompidou,hors EP,128.7,11.9,135.0,False,False,accord : hors,False,False,accord : hors,False,False,78,YVELINES,25,VERSAILLES
0781885A,Collège Jacques Cartier,hors EP,107.7,9.1,146.0,False,True,note seule,False,False,accord : hors,False,False,78,YVELINES,25,VERSAILLES
0781886B,Collège Catherine de Vivonne,hors EP,128.1,11.1,180.0,False,False,accord : hors,False,False,accord : hors,False,False,78,YVELINES,25,VERSAILLES
0781896M,Collège Louis Pasteur,REP+,77.9,7.3,84.0,True,True,accord : à classer,True,True,accord : à classer,False,False,78,YVELINES,25,VERSAILLES
0781914G,Collège Jean Vilar,REP,81.6,8.1,134.0,True,True,accord : à classer,True,True,accord : à classer,False,False,78,YVELINES,25,VERSAILLES
0781915H,Collège Léonard de Vinci,hors EP,115.6,10.7,112.0,False,False,accord : hors,False,False,accord : hors,False,False,78,YVELINES,25,VERSAILLES
0781916J,Collège Sully,hors EP,96.5,9.2,141.0,False,True,note seule,False,False,accord : hors,False,False,78,YVELINES,25,VERSAILLES
0781954A,Collège Alberto Giacometti,hors EP,124.4,11.2,104.0,False,False,accord : hors,False,False,accord : hors,False,False,78,YVELINES,25,VERSAILLES
0781955B,Collège de Gassicourt,REP+,84.0,6.8,113.0,True,True,accord : à classer,True,True,accord : à classer,False,False,78,YVELINES,25,VERSAILLES
0781977A,Collège Clemenceau,REP+,73.9,8.7,79.0,True,True,accord : à classer,True,True,accord : à classer,False,False,78,YVELINES,25,VERSAILLES
0781985J,Collège Les Hautes Rayes,hors EP,119.2,10.4,128.0,False,False,accord : hors,False,False,accord : hors,False,False,78,YVELINES,25,VERSAILLES
0781986K,Collège Magellan,REP,87.2,8.3,72.0,True,True,accord : à classer,True,True,accord : à classer,False,False,78,YVELINES,25,VERSAILLES
0782114Z,Collège La Clé Saint-Pierre,hors EP,117.6,10.9,120.0,False,False,accord : hors,False,False,accord : hors,False,False,78,YVELINES,25,VERSAILLES
0782115A,Collège Galilée,hors EP,96.4,7.4,153.0,False,True,note seule,False,True,note seule,False,False,78,YVELINES,25,VERSAILLES
0783122V,Maison de la Légion d'Honneur,hors EP,142.4,15.3,143.0,False,False,accord : hors,False,False,accord : hors,False,False,78,YVELINES,25,VERSAILLES
0783156G,Collège Jean Cocteau,hors EP,137.0,12.0,140.0,False,False,accord : hors,False,False,accord : hors,False,False,78,YVELINES,25,VERSAILLES
0783215W,Collège Jean Moulin,hors EP,104.6,9.8,68.0,False,False,accord : hors,False,False,accord : hors,False,False,78,YVELINES,25,VERSAILLES
0783248G,Collège Jean Lurçat,hors EP,107.5,10.3,144.0,False,False,accord : hors,False,False,accord : hors,False,False,78,YVELINES,25,VERSAILLES
0783251K,Collège Anatole France,hors EP,108.9,11.4,109.0,False,False,accord : hors,False,False,accord : hors,False,False,78,YVELINES,25,VERSAILLES
0783252L,Collège Charles Péguy,hors EP,129.7,11.8,233.0,False,False,accord : hors,False,False,accord : hors,False,False,78,YVELINES,25,VERSAILLES
0783253M,Collège Lamartine,hors EP,124.5,11.5,164.0,False,False,accord : hors,False,False,accord : hors,False,False,78,YVELINES,25,VERSAILLES
0783358B,Collège Jean Jaurès,hors EP,104.0,9.9,189.0,False,False,accord : hors,False,False,accord : hors,False,False,78,YVELINES,25,VERSAILLES
0783378Y,Collège Ariane,hors EP,107.4,10.4,81.0,False,False,accord : hors,False,False,accord : hors,False,False,78,YVELINES,25,VERSAILLES
0783463R,Collège Louis Paulhan,REP,92.5,10.1,113.0,False,False,accord : hors,False,False,accord : hors,False,False,78,YVELINES,25,VERSAILLES
0783464S,Collège de la Montcient,hors EP,116.6,9.6,116.0,False,False,accord : hors,False,False,accord : hors,False,False,78,YVELINES,25,VERSAILLES
0783546F,Collège franco-allemand,hors EP,162.5,16.4,89.0,False,False,accord : hors,False,False,accord : hors,False,False,78,YVELINES,25,VERSAILLES
0783547G,Collège international,hors EP,152.7,14.7,151.0,False,False,accord : hors,False,False,accord : hors,False,False,78,YVELINES,25,VERSAILLES
0783636D,Collège Camille du Gast,hors EP,99.1,8.0,106.0,False,True,note seule,False,True,note seule,False,False,78,YVELINES,25,VERSAILLES
0783774D,Collège André Chénier-Nouveau,REP+,71.9,7.1,145.0,True,True,accord : à classer,True,True,accord : à classer,False,False,78,YVELINES,25,VERSAILLES
0790003Z,Collège Blaise Pascal,hors EP,92.5,11.0,39.0,False,False,accord : hors,False,False,accord : hors,False,False,79,DEUX-SEVRES,13,POITIERS
0790004A,Collège Molière,REP,87.7,10.6,37.0,True,False,IPS seul,True,False,IPS seul,False,False,79,DEUX-SEVRES,13,POITIERS
0790010G,Collège Antoine de Saint-Exupéry,hors EP,104.1,10.1,65.0,False,False,accord : hors,False,False,accord : hors,False,False,79,DEUX-SEVRES,13,POITIERS
0790011H,Collège François Albert,hors EP,112.4,11.5,116.0,False,False,accord : hors,False,False,accord : hors,False,False,79,DEUX-SEVRES,13,POITIERS
0790013K,Collège Léo Desaivre,hors EP,110.9,10.3,63.0,False,False,accord : hors,False,False,accord : hors,False,False,79,DEUX-SEVRES,13,POITIERS
0790014L,Collège François Truffaut,hors EP,91.1,10.2,57.0,False,False,accord : hors,False,False,accord : hors,False,False,79,DEUX-SEVRES,13,POITIERS
0790016N,Collège Henri Martineau,hors EP,107.5,12.6,96.0,False,False,accord : hors,False,False,accord : hors,False,False,79,DEUX-SEVRES,13,POITIERS
0790017P,Collège Jean Monnet,hors EP,99.2,9.7,57.0,False,False,accord : hors,False,False,accord : hors,False,False,79,DEUX-SEVRES,13,POITIERS
0790020T,Collège Maurice Fombeure,hors EP,96.5,10.5,35.0,False,False,accord : hors,False,False,accord : hors,False,False,79,DEUX-SEVRES,13,POITIERS
0790021U,Collège de l'Orangerie,hors EP,93.4,10.3,52.0,False,False,accord : hors,False,False,accord : hors,False,False,79,DEUX-SEVRES,13,POITIERS
0790027A,Collège Jean Zay,REP,98.5,9.5,103.0,False,False,accord : hors,False,True,note seule,False,False,79,DEUX-SEVRES,13,POITIERS
0790030D,Collège Le Marchioux,hors EP,100.7,10.7,65.0,False,False,accord : hors,False,False,accord : hors,False,False,79,DEUX-SEVRES,13,POITIERS
0790032F,Collège François Villon,hors EP,93.7,11.1,60.0,False,False,accord : hors,False,False,accord : hors,False,False,79,DEUX-SEVRES,13,POITIERS
0790033G,Collège Anne Frank,hors EP,92.5,10.6,43.0,False,False,accord : hors,False,False,accord : hors,False,False,79,DEUX-SEVRES,13,POITIERS
0790034H,Collège Louis Merle,hors EP,95.8,10.4,73.0,False,False,accord : hors,False,False,accord : hors,False,False,79,DEUX-SEVRES,13,POITIERS
0790035J,Collège Jean de La Fontaine,hors EP,96.6,11.9,32.0,False,False,accord : hors,False,False,accord : hors,False,False,79,DEUX-SEVRES,13,POITIERS
0790044U,Collège Roger Thabault,hors EP,97.9,11.0,46.0,False,False,accord : hors,False,False,accord : hors,False,False,79,DEUX-SEVRES,13,POITIERS
0790052C,Collège Pierre et Marie Curie,hors EP,104.0,10.3,111.0,False,False,accord : hors,False,False,accord : hors,False,False,79,DEUX-SEVRES,13,POITIERS
0790089T,Collège Gérard Philipe,hors EP,115.7,11.9,123.0,False,False,accord : hors,False,False,accord : hors,False,False,79,DEUX-SEVRES,13,POITIERS
0790091V,Collège Jules Supervielle,hors EP,91.9,9.4,126.0,False,False,accord : hors,False,True,note seule,False,False,79,DEUX-SEVRES,13,POITIERS
0790699F,Collège Albert Camus,hors EP,116.5,12.4,132.0,False,False,accord : hors,False,False,accord : hors,False,False,79,DEUX-SEVRES,13,POITIERS
0790703K,Collège Philippe de Commynes,hors EP,115.1,10.9,117.0,False,False,accord : hors,False,False,accord : hors,False,False,79,DEUX-SEVRES,13,POITIERS
0790704L,Collège Voltaire,hors EP,94.6,10.5,46.0,False,False,accord : hors,False,False,accord : hors,False,False,79,DEUX-SEVRES,13,POITIERS
0790708R,Collège Marie de la Tour d'auvergne,hors EP,90.2,11.1,61.0,False,False,accord : hors,False,False,accord : hors,False,False,79,DEUX-SEVRES,13,POITIERS
0790709S,Collège Fontanes,hors EP,114.2,11.9,153.0,False,False,accord : hors,False,False,accord : hors,False,False,79,DEUX-SEVRES,13,POITIERS
0790710T,Collège François Rabelais,hors EP,118.3,12.4,96.0,False,False,accord : hors,False,False,accord : hors,False,False,79,DEUX-SEVRES,13,POITIERS
0790929F,Collège René Caillié,hors EP,107.5,10.9,76.0,False,False,accord : hors,False,False,accord : hors,False,False,79,DEUX-SEVRES,13,POITIERS
0790943W,Collège du Pinier,hors EP,103.3,10.9,84.0,False,False,accord : hors,False,False,accord : hors,False,False,79,DEUX-SEVRES,13,POITIERS
0790945Y,Collège Georges Clemenceau,REP,85.6,10.4,62.0,True,False,IPS seul,True,False,IPS seul,False,False,79,DEUX-SEVRES,13,POITIERS
0790950D,Collège Émile Zola,hors EP,116.0,11.5,120.0,False,False,accord : hors,False,False,accord : hors,False,False,79,DEUX-SEVRES,13,POITIERS
0790965V,Collège Jean Vilar,hors EP,114.4,11.5,150.0,False,False,accord : hors,False,False,accord : hors,False,False,79,DEUX-SEVRES,13,POITIERS
0790966W,Collège Jacques Prévert,hors EP,96.0,10.2,62.0,False,False,accord : hors,False,False,accord : hors,False,False,79,DEUX-SEVRES,13,POITIERS
0790978J,Collège Denfert-Rochereau,hors EP,97.9,10.0,113.0,False,False,accord : hors,False,False,accord : hors,False,False,79,DEUX-SEVRES,13,POITIERS
0791002K,Collège Jean Rostand,REP,91.6,10.1,63.0,False,False,accord : hors,False,False,accord : hors,False,False,79,DEUX-SEVRES,13,POITIERS
0791042D,Collège Pierre Mendès France,hors EP,99.9,11.1,64.0,False,False,accord : hors,False,False,accord : hors,False,False,79,DEUX-SEVRES,13,POITIERS
0800002T,Collège Millevoye,hors EP,95.9,10.1,158.0,False,False,accord : hors,False,False,accord : hors,False,False,80,SOMME,20,AMIENS
0800003U,Collège Edmée Jarlaud,hors EP,102.5,10.5,77.0,False,False,accord : hors,False,False,accord : hors,False,False,80,SOMME,20,AMIENS
0800004V,Collège William Henri Classen,hors EP,109.5,11.5,108.0,False,False,accord : hors,False,False,accord : hors,False,False,80,SOMME,20,AMIENS
0800017J,Collège Jean-Marc Laurent,hors EP,90.9,9.8,99.0,False,False,accord : hors,False,False,accord : hors,False,False,80,SOMME,20,AMIENS
0800018K,Collège Édouard Lucas,REP,91.2,10.6,128.0,False,False,accord : hors,False,False,accord : hors,False,False,80,SOMME,20,AMIENS
0800019L,Collège César Franck,REP+,70.9,8.3,88.0,True,True,accord : à classer,True,True,accord : à classer,False,False,80,SOMME,20,AMIENS
0800020M,Collège Amiral Lejeune,hors EP,105.7,10.5,95.0,False,False,accord : hors,False,False,accord : hors,False,False,80,SOMME,20,AMIENS
0800022P,Collège du Bois l'Eau,hors EP,91.9,10.5,58.0,False,False,accord : hors,False,False,accord : hors,False,False,80,SOMME,20,AMIENS
0800023R,Collège Antoine de Saint-Exupéry,hors EP,94.7,11.2,36.0,False,False,accord : hors,False,False,accord : hors,False,False,80,SOMME,20,AMIENS
0800025T,Collège Jules Ferry,hors EP,115.8,12.0,100.0,False,False,accord : hors,False,False,accord : hors,False,False,80,SOMME,20,AMIENS
0800027V,Collège Jules Roy,hors EP,90.3,9.4,69.0,False,False,accord : hors,False,True,note seule,False,False,80,SOMME,20,AMIENS
0800029X,Collège Jean Rostand,REP,87.5,9.0,120.0,True,True,accord : à classer,False,True,note seule,False,False,80,SOMME,20,AMIENS
0800033B,Collège La Rose des vents,hors EP,88.7,10.8,101.0,True,False,IPS seul,False,False,accord : hors,False,False,80,SOMME,20,AMIENS
0800034C,Collège Louis Jouvet,hors EP,88.8,10.7,114.0,False,False,accord : hors,False,False,accord : hors,True,False,80,SOMME,20,AMIENS
0800036E,Collège Victor Hugo,REP,80.2,8.5,93.0,True,True,accord : à classer,True,True,accord : à classer,False,False,80,SOMME,20,AMIENS
0800037F,Collège des Cygnes,hors EP,88.7,9.9,76.0,True,False,IPS seul,False,False,accord : hors,False,False,80,SOMME,20,AMIENS
0800038G,Collège Frédéric Joliot-Curie,hors EP,109.6,11.1,111.0,False,False,accord : hors,False,False,accord : hors,False,False,80,SOMME,20,AMIENS
0800039H,Collège Joliot-Curie,hors EP,88.4,9.6,42.0,True,False,IPS seul,False,False,accord : hors,False,False,80,SOMME,20,AMIENS
0800041K,Collège Antoine Augustin Parmentier,hors EP,85.6,9.4,102.0,True,False,IPS seul,True,False,IPS seul,False,False,80,SOMME,20,AMIENS
0800045P,Collège Charles Bignon,hors EP,93.6,9.9,61.0,False,False,accord : hors,False,False,accord : hors,False,False,80,SOMME,20,AMIENS
0800050V,Collège Gaston Boucourt,hors EP,89.1,9.2,49.0,False,True,note seule,False,True,note seule,False,False,80,SOMME,20,AMIENS
0800051W,Collège Jules Verne,hors EP,87.3,9.3,76.0,True,False,IPS seul,True,True,accord : à classer,False,True,80,SOMME,20,AMIENS
0800057C,Collège Jacques Brel,hors EP,111.5,11.1,117.0,False,False,accord : hors,False,False,accord : hors,False,False,80,SOMME,20,AMIENS
0801263N,Collège Arthur Rimbaud,REP+,75.6,10.1,89.0,True,False,IPS seul,True,False,IPS seul,False,False,80,SOMME,20,AMIENS
0801264P,Collège Rosa Parks,REP+,63.8,9.5,87.0,True,False,IPS seul,True,False,IPS seul,False,False,80,SOMME,20,AMIENS
0801325F,Collège du Val de Somme,hors EP,104.6,10.2,101.0,False,False,accord : hors,False,False,accord : hors,False,False,80,SOMME,20,AMIENS
0801326G,Collège des Fontaines,hors EP,102.8,10.7,97.0,False,False,accord : hors,False,False,accord : hors,False,False,80,SOMME,20,AMIENS
0801339W,Collège Les Coudriers,hors EP,111.3,12.1,149.0,False,False,accord : hors,False,False,accord : hors,False,False,80,SOMME,20,AMIENS
0801341Y,Collège Louise Michel,REP,84.3,8.8,93.0,True,True,accord : à classer,True,True,accord : à classer,False,False,80,SOMME,20,AMIENS
0801369D,Collège Louis Pasteur,hors EP,87.4,10.0,50.0,True,False,IPS seul,False,False,accord : hors,False,False,80,SOMME,20,AMIENS
0801371F,Collège Gaston Vasseur,hors EP,90.5,10.7,87.0,False,False,accord : hors,False,False,accord : hors,False,False,80,SOMME,20,AMIENS
0801372G,Collège Alain Jacques,hors EP,96.9,10.6,70.0,False,False,accord : hors,False,False,accord : hors,False,False,80,SOMME,20,AMIENS
0801373H,Collège Jules Verne,hors EP,95.8,11.1,163.0,False,False,accord : hors,False,False,accord : hors,False,False,80,SOMME,20,AMIENS
0801375K,Collège Pierre et Marie Curie,hors EP,92.0,11.2,76.0,False,False,accord : hors,False,False,accord : hors,False,False,80,SOMME,20,AMIENS
0801437C,Collège Sagebien,hors EP,121.9,12.4,204.0,False,False,accord : hors,False,False,accord : hors,False,False,80,SOMME,20,AMIENS
0801439E,Collège Jean Moulin,hors EP,102.4,11.6,97.0,False,False,accord : hors,False,False,accord : hors,False,False,80,SOMME,20,AMIENS
0801443J,Collège Maréchal Leclerc de Hauteclocque,REP,81.5,10.9,33.0,True,False,IPS seul,True,False,IPS seul,False,False,80,SOMME,20,AMIENS
0801485E,Collège du Val de Nièvre,REP,84.9,9.5,72.0,True,False,IPS seul,True,False,IPS seul,False,False,80,SOMME,20,AMIENS
0801487G,Collège Alfred Manessier,REP,87.4,9.9,58.0,True,False,IPS seul,False,False,accord : hors,False,False,80,SOMME,20,AMIENS
0801488H,Collège Jacques Prévert,hors EP,99.6,10.8,59.0,False,False,accord : hors,False,False,accord : hors,False,False,80,SOMME,20,AMIENS
0801489J,Collège du Marquenterre,REP,91.7,9.7,73.0,False,False,accord : hors,False,False,accord : hors,False,False,80,SOMME,20,AMIENS
0801490K,Collège de la Baie de Somme,hors EP,94.9,10.1,64.0,False,False,accord : hors,False,False,accord : hors,False,False,80,SOMME,20,AMIENS
0801510G,Collège Gabrielle-Marie Scellier,hors EP,90.0,12.5,48.0,False,False,accord : hors,False,False,accord : hors,False,False,80,SOMME,20,AMIENS
0801511H,Collège Eugène Lefebvre,hors EP,95.4,9.9,63.0,False,False,accord : hors,False,False,accord : hors,False,False,80,SOMME,20,AMIENS
0801512J,Collège de Ponthieu,REP,89.5,10.0,149.0,False,False,accord : hors,False,False,accord : hors,False,False,80,SOMME,20,AMIENS
0801533G,Collège Auguste Janvier,hors EP,102.4,10.4,99.0,False,False,accord : hors,False,False,accord : hors,False,False,80,SOMME,20,AMIENS
0801536K,Collège Aristide Briand,hors EP,88.2,9.7,58.0,True,False,IPS seul,False,False,accord : hors,False,False,80,SOMME,20,AMIENS
0801537L,Collège Béranger,REP,86.8,9.0,142.0,True,True,accord : à classer,True,True,accord : à classer,False,False,80,SOMME,20,AMIENS
0801616X,Collège Guy Mareschal,REP+,78.0,9.7,75.0,True,False,IPS seul,True,False,IPS seul,False,False,80,SOMME,20,AMIENS
0801786G,Collège Jean Moulin,hors EP,84.7,10.6,41.0,True,False,IPS seul,True,False,IPS seul,False,False,80,SOMME,20,AMIENS
0810002M,Collège Alain Fournier,hors EP,101.3,12.9,45.0,False,False,accord : hors,False,False,accord : hors,False,False,81,TARN,16,TOULOUSE
0810008U,Collège La catalanié,hors EP,99.5,10.6,59.0,False,False,accord : hors,False,False,accord : hors,False,False,81,TARN,16,TOULOUSE
0810019F,Collège du Val Cérou,hors EP,108.0,13.4,62.0,False,False,accord : hors,False,False,accord : hors,False,False,81,TARN,16,TOULOUSE
0810020G,Collège Madeleine Cros,hors EP,104.2,11.0,77.0,False,False,accord : hors,False,False,accord : hors,False,False,81,TARN,16,TOULOUSE
0810025M,Collège La Vallée du Thoré,hors EP,95.4,11.0,33.0,False,False,accord : hors,False,False,accord : hors,False,False,81,TARN,16,TOULOUSE
0810026N,Collège de la Montagne noire,hors EP,103.6,11.8,72.0,False,False,accord : hors,False,False,accord : hors,False,False,81,TARN,16,TOULOUSE
0810027P,Collège du Montalet,hors EP,91.4,10.3,41.0,False,False,accord : hors,False,False,accord : hors,False,False,81,TARN,16,TOULOUSE
0810028R,Collège Les Portanelles,hors EP,111.3,12.5,68.0,False,False,accord : hors,False,False,accord : hors,False,False,81,TARN,16,TOULOUSE
0810036Z,Collège Jacques Durand,hors EP,104.9,10.7,75.0,False,False,accord : hors,False,False,accord : hors,False,False,81,TARN,16,TOULOUSE
0810037A,Collège Gambetta,hors EP,117.9,12.6,141.0,False,False,accord : hors,False,False,accord : hors,False,False,81,TARN,16,TOULOUSE
0810038B,Collège Louisa Paulin,hors EP,102.9,11.7,91.0,False,False,accord : hors,False,False,accord : hors,False,False,81,TARN,16,TOULOUSE
0810041E,Collège Pierre Suc,hors EP,121.9,12.0,162.0,False,False,accord : hors,False,False,accord : hors,False,False,81,TARN,16,TOULOUSE
0810043G,Collège Eustache de Beaumarchais,hors EP,103.9,11.4,42.0,False,False,accord : hors,False,False,accord : hors,False,False,81,TARN,16,TOULOUSE
0810044H,Collège René Cassin,hors EP,108.9,11.0,79.0,False,False,accord : hors,False,False,accord : hors,False,False,81,TARN,16,TOULOUSE
0810051R,Collège Aristide Bruant,hors EP,108.3,12.2,90.0,False,False,accord : hors,False,False,accord : hors,False,False,81,TARN,16,TOULOUSE
0810052S,Collège Honoré de Balzac,hors EP,106.2,11.5,118.0,False,False,accord : hors,False,False,accord : hors,False,False,81,TARN,16,TOULOUSE
0810061B,Collège Jean Monnet,hors EP,81.5,9.0,102.0,True,True,accord : à classer,True,True,accord : à classer,False,False,81,TARN,16,TOULOUSE
0810124V,Collège du Saut de Sabo,hors EP,103.5,10.3,171.0,False,False,accord : hors,False,False,accord : hors,False,False,81,TARN,16,TOULOUSE
0810125W,Collège Louis Pasteur,REP,91.1,10.1,145.0,False,False,accord : hors,False,False,accord : hors,False,False,81,TARN,16,TOULOUSE
0810126X,Collège Jean-Louis Étienne,REP,88.9,9.3,68.0,False,False,accord : hors,True,True,accord : à classer,False,True,81,TARN,16,TOULOUSE
0810127Y,Collège Marcel Pagnol,REP,90.5,9.6,69.0,False,False,accord : hors,False,True,note seule,False,False,81,TARN,16,TOULOUSE
0810787R,Collège Victor Hugo,REP,89.2,11.0,81.0,False,False,accord : hors,True,False,IPS seul,False,False,81,TARN,16,TOULOUSE
0810788S,Collège Augustin Malroux,hors EP,98.7,10.2,142.0,False,False,accord : hors,False,False,accord : hors,False,False,81,TARN,16,TOULOUSE
0810960D,Collège Jean Jaurès,hors EP,107.1,10.7,97.0,False,False,accord : hors,False,False,accord : hors,False,False,81,TARN,16,TOULOUSE
0810961E,Collège Thomas Pesquet,hors EP,82.9,9.8,89.0,True,False,IPS seul,True,False,IPS seul,False,False,81,TARN,16,TOULOUSE
0810993P,Collège Albert Camus,hors EP,105.5,11.4,159.0,False,False,accord : hors,False,False,accord : hors,False,False,81,TARN,16,TOULOUSE
0811030E,Collège Bellevue,hors EP,103.7,11.8,163.0,False,False,accord : hors,False,False,accord : hors,False,False,81,TARN,16,TOULOUSE
0811032G,Collège Les Clauzades,hors EP,112.2,11.5,216.0,False,False,accord : hors,False,False,accord : hors,False,False,81,TARN,16,TOULOUSE
0811197L,Collège Jean Jaurès,hors EP,95.2,10.4,149.0,False,False,accord : hors,False,False,accord : hors,False,False,81,TARN,16,TOULOUSE
0811331G,Collège Renée TAILLEFER,hors EP,106.8,10.9,96.0,False,False,accord : hors,False,False,accord : hors,False,False,81,TARN,16,TOULOUSE
0811340S,Collège Jean-Marie Gustave LE CLEZIO,hors EP,118.6,11.1,111.0,False,False,accord : hors,False,False,accord : hors,False,False,81,TARN,16,TOULOUSE
0820007M,Collège Pierre Darasse,hors EP,94.4,9.9,124.0,False,False,accord : hors,False,False,accord : hors,False,False,82,TARN-ET-GARONNE,16,TOULOUSE
0820011S,Collège Antonin Perbosc,hors EP,107.4,12.2,117.0,False,False,accord : hors,False,False,accord : hors,False,False,82,TARN-ET-GARONNE,16,TOULOUSE
0820014V,Collège du Pays de Serres,hors EP,99.0,10.7,49.0,False,False,accord : hors,False,False,accord : hors,False,False,82,TARN-ET-GARONNE,16,TOULOUSE
0820017Y,Collège François Mitterrand,REP,86.8,9.7,134.0,True,False,IPS seul,True,False,IPS seul,False,False,82,TARN-ET-GARONNE,16,TOULOUSE
0820022D,Collège Ingres,hors EP,89.9,10.5,176.0,False,False,accord : hors,True,False,IPS seul,False,False,82,TARN-ET-GARONNE,16,TOULOUSE
0820029L,Collège Jean Rostand,hors EP,93.6,9.8,171.0,False,False,accord : hors,False,False,accord : hors,False,False,82,TARN-ET-GARONNE,16,TOULOUSE
0820066B,Collège Jean de Prades,hors EP,91.0,8.7,130.0,False,True,note seule,False,True,note seule,False,False,82,TARN-ET-GARONNE,16,TOULOUSE
0820067C,Collège Théodore Despeyrous,hors EP,98.3,10.3,76.0,False,False,accord : hors,False,False,accord : hors,False,False,82,TARN-ET-GARONNE,16,TOULOUSE
0820588U,Collège Olympe de Gouges,REP,97.2,9.9,246.0,False,False,accord : hors,False,False,accord : hors,False,False,82,TARN-ET-GARONNE,16,TOULOUSE
0820683X,Collège Jean Lacaze,hors EP,106.5,12.3,125.0,False,False,accord : hors,False,False,accord : hors,False,False,82,TARN-ET-GARONNE,16,TOULOUSE
0820684Y,Collège Jean Jaurès,hors EP,98.8,10.3,134.0,False,False,accord : hors,False,False,accord : hors,False,False,82,TARN-ET-GARONNE,16,TOULOUSE
0820704V,Collège Pierre Bayrou,hors EP,108.2,10.9,70.0,False,False,accord : hors,False,False,accord : hors,False,False,82,TARN-ET-GARONNE,16,TOULOUSE
0820713E,Collège Pierre Flamens,hors EP,86.9,10.1,92.0,True,False,IPS seul,True,False,IPS seul,False,False,82,TARN-ET-GARONNE,16,TOULOUSE
0820823Z,Collège Jean-Jacques Rousseau,hors EP,101.1,10.8,141.0,False,False,accord : hors,False,False,accord : hors,False,False,82,TARN-ET-GARONNE,16,TOULOUSE
0820824A,Collège Jean-Honoré Fragonard,hors EP,98.7,11.4,149.0,False,False,accord : hors,False,False,accord : hors,False,False,82,TARN-ET-GARONNE,16,TOULOUSE
0820891Y,Collège Vercingétorix,hors EP,107.5,11.6,137.0,False,False,accord : hors,False,False,accord : hors,False,False,82,TARN-ET-GARONNE,16,TOULOUSE
0820896D,Collège Manuel Azana,hors EP,95.0,9.9,115.0,False,False,accord : hors,False,False,accord : hors,False,False,82,TARN-ET-GARONNE,16,TOULOUSE
0820922G,Collège Simone Veil,hors EP,108.2,10.6,82.0,False,False,accord : hors,False,False,accord : hors,False,False,82,TARN-ET-GARONNE,16,TOULOUSE
0830001A,Collège Jacques Prévert,hors EP,105.4,8.6,190.0,False,True,note seule,False,False,accord : hors,False,False,83,VAR,23,NICE
0830002B,Collège Henri Nans,hors EP,99.0,10.2,137.0,False,False,accord : hors,False,False,accord : hors,False,False,83,VAR,23,NICE
0830003C,Collège Raimu,hors EP,108.2,9.4,63.0,False,False,accord : hors,False,False,accord : hors,False,False,83,VAR,23,NICE
0830012M,Collège du Fenouillet,hors EP,112.0,10.2,228.0,False,False,accord : hors,False,False,accord : hors,False,False,83,VAR,23,NICE
0830013N,Collège la Ferrage,hors EP,101.1,10.2,149.0,False,False,accord : hors,False,False,accord : hors,False,False,83,VAR,23,NICE
0830019V,Collège Marie Mauron,hors EP,106.7,9.8,140.0,False,False,accord : hors,False,False,accord : hors,False,False,83,VAR,23,NICE
0830023Z,Collège les Chênes,hors EP,109.2,10.2,172.0,False,False,accord : hors,False,False,accord : hors,False,False,83,VAR,23,NICE
0830028E,Collège Jules Ferry,hors EP,101.9,9.1,170.0,False,True,note seule,False,False,accord : hors,False,False,83,VAR,23,NICE
0830031H,Collège François de Leusse,hors EP,100.7,10.3,81.0,False,False,accord : hors,False,False,accord : hors,False,False,83,VAR,23,NICE
0830038R,Collège Romain Blache,hors EP,117.5,10.9,115.0,False,False,accord : hors,False,False,accord : hors,False,False,83,VAR,23,NICE
0830039S,Collège Berty Albrecht,hors EP,100.6,8.9,131.0,False,True,note seule,False,False,accord : hors,False,False,83,VAR,23,NICE
0830051E,Collège Font de Fillol,hors EP,115.7,10.5,143.0,False,False,accord : hors,False,False,accord : hors,False,False,83,VAR,23,NICE
0830069Z,Collège Pierre Puget,REP,83.4,8.3,188.0,True,True,accord : à classer,True,True,accord : à classer,False,False,83,VAR,23,NICE
0830071B,Collège Louis Clément,hors EP,107.9,10.0,52.0,False,False,accord : hors,False,False,accord : hors,False,False,83,VAR,23,NICE
0830075F,Collège Alphonse Karr,hors EP,104.4,10.4,105.0,False,False,accord : hors,False,False,accord : hors,False,False,83,VAR,23,NICE
0830076G,Collège Thomas Edison,hors EP,104.1,10.1,154.0,False,False,accord : hors,False,False,accord : hors,False,False,83,VAR,23,NICE
0830145G,Collège Gustave Roux,hors EP,103.6,11.2,123.0,False,False,accord : hors,False,False,accord : hors,False,False,83,VAR,23,NICE
0830148K,Collège Maurice Genevoix,REP+,82.4,10.2,88.0,True,False,IPS seul,True,False,IPS seul,False,False,83,VAR,23,NICE
0830162A,Collège Maurice Ravel,hors EP,112.5,11.0,129.0,False,False,accord : hors,False,False,accord : hors,False,False,83,VAR,23,NICE
0830163B,Collège Pierre de Coubertin,hors EP,90.6,9.2,199.0,False,True,note seule,False,False,accord : hors,False,False,83,VAR,23,NICE
0830168G,Collège Gabrielle Colette,hors EP,101.8,10.2,131.0,False,False,accord : hors,False,False,accord : hors,False,False,83,VAR,23,NICE
0830178T,Collège la Guicharde,hors EP,109.9,10.0,95.0,False,False,accord : hors,False,False,accord : hors,False,False,83,VAR,23,NICE
0830179U,Collège Jacques-Yves Cousteau,hors EP,101.5,9.9,208.0,False,False,accord : hors,False,False,accord : hors,False,False,83,VAR,23,NICE
0830180V,Collège Henri Wallon,REP+,71.7,8.1,119.0,True,True,accord : à classer,True,True,accord : à classer,False,False,83,VAR,23,NICE
0830181W,Collège La Marquisanne,REP+,71.5,7.8,104.0,True,True,accord : à classer,True,True,accord : à classer,False,False,83,VAR,23,NICE
0830182X,Collège Alphonse Daudet,hors EP,110.1,9.5,163.0,False,False,accord : hors,False,False,accord : hors,False,False,83,VAR,23,NICE
0830734X,Collège Jean Moulin,hors EP,87.6,9.1,145.0,True,True,accord : à classer,False,False,accord : hors,False,False,83,VAR,23,NICE
0830823U,Collège Villeneuve,hors EP,84.6,8.4,165.0,True,True,accord : à classer,False,False,accord : hors,False,False,83,VAR,23,NICE
0830830B,Collège Paul Éluard,hors EP,92.5,9.4,100.0,False,False,accord : hors,False,False,accord : hors,False,False,83,VAR,23,NICE
0830831C,Collège Vallée du Gapeau,hors EP,109.6,10.7,176.0,False,False,accord : hors,False,False,accord : hors,False,False,83,VAR,23,NICE
0830832D,Collège Marcel Rivière,hors EP,88.7,9.0,97.0,True,True,accord : à classer,False,False,accord : hors,False,False,83,VAR,23,NICE
0830833E,Collège Paul Cézanne,hors EP,100.9,9.5,151.0,False,False,accord : hors,False,False,accord : hors,False,False,83,VAR,23,NICE
0830834F,Collège André Léotard,REP,84.2,8.8,122.0,True,True,accord : à classer,False,False,accord : hors,False,False,83,VAR,23,NICE
0830836H,Collège Frédéric Joliot Curie,hors EP,116.9,10.0,177.0,False,False,accord : hors,False,False,accord : hors,False,False,83,VAR,23,NICE
0830837J,Collège Gérard Philipe,hors EP,93.4,8.5,182.0,False,True,note seule,False,False,accord : hors,False,False,83,VAR,23,NICE
0830922B,Collège départemental les Eucalyptus,hors EP,102.5,9.5,112.0,False,False,accord : hors,False,False,accord : hors,False,False,83,VAR,23,NICE
0830925E,Collège Jean l'Herminier,hors EP,112.4,10.1,193.0,False,False,accord : hors,False,False,accord : hors,False,False,83,VAR,23,NICE
0830926F,Collège les Pins d'Alep,hors EP,100.7,9.4,163.0,False,False,accord : hors,False,False,accord : hors,False,False,83,VAR,23,NICE
0830927G,Collège Frédéric Mistral,hors EP,100.4,10.0,118.0,False,False,accord : hors,False,False,accord : hors,False,False,83,VAR,23,NICE
0830928H,Collège Joseph d'Arbaud,hors EP,99.5,8.6,132.0,False,True,note seule,False,False,accord : hors,False,False,83,VAR,23,NICE
0830929J,Collège Général Ferrié,hors EP,94.9,9.9,148.0,False,False,accord : hors,False,False,accord : hors,False,False,83,VAR,23,NICE
0830953K,Collège Nicolas-Claude Fabri de Peiresc,REP,86.2,9.1,136.0,True,True,accord : à classer,False,False,accord : hors,False,False,83,VAR,23,NICE
0830954L,Collège Voltaire,hors EP,80.9,9.4,106.0,True,False,IPS seul,True,False,IPS seul,False,False,83,VAR,23,NICE
0830955M,Collège George Sand,hors EP,79.9,8.0,68.0,True,True,accord : à classer,True,True,accord : à classer,False,False,83,VAR,23,NICE
0830956N,Collège Émile Thomas,hors EP,87.9,9.8,176.0,True,False,IPS seul,False,False,accord : hors,False,False,83,VAR,23,NICE
0830958R,Collège La Peyroua,hors EP,91.3,9.6,117.0,False,False,accord : hors,False,False,accord : hors,False,False,83,VAR,23,NICE
0830959S,Collège Lei Garrus,hors EP,115.9,10.5,163.0,False,False,accord : hors,False,False,accord : hors,False,False,83,VAR,23,NICE
0830996G,Collège Moulin Blanc,hors EP,106.6,9.3,52.0,False,False,accord : hors,False,False,accord : hors,False,True,83,VAR,23,NICE
0831012Z,Collège Reynier,hors EP,104.1,10.0,159.0,False,False,accord : hors,False,False,accord : hors,False,False,83,VAR,23,NICE
0831052T,Collège Marie Curie,hors EP,94.5,8.2,112.0,False,True,note seule,False,True,note seule,False,False,83,VAR,23,NICE
0831053U,Collège Django Reinhardt,hors EP,87.7,9.1,142.0,True,True,accord : à classer,False,False,accord : hors,False,False,83,VAR,23,NICE
0831056X,Collège Jean Giono,hors EP,113.4,11.4,156.0,False,False,accord : hors,False,False,accord : hors,False,False,83,VAR,23,NICE
0831115L,Collège Marcel Pagnol,hors EP,89.7,8.4,94.0,False,True,note seule,False,False,accord : hors,False,False,83,VAR,23,NICE
0831116M,Collège de l'Esterel,hors EP,107.1,10.1,206.0,False,False,accord : hors,False,False,accord : hors,False,False,83,VAR,23,NICE
0831218Y,Collège Henri Bosco,hors EP,97.2,10.6,120.0,False,False,accord : hors,False,False,accord : hors,False,False,83,VAR,23,NICE
0831274J,Collège Jean Rostand,hors EP,93.1,10.2,153.0,False,False,accord : hors,False,False,accord : hors,False,False,83,VAR,23,NICE
0831355X,Collège Lou Castellas,hors EP,102.7,10.2,85.0,False,False,accord : hors,False,False,accord : hors,False,False,83,VAR,23,NICE
0831379Y,Collège Paul-Émile Victor,hors EP,95.2,8.2,140.0,False,True,note seule,False,True,note seule,False,False,83,VAR,23,NICE
0831391L,Collège Guy de Maupassant,hors EP,108.5,11.2,140.0,False,False,accord : hors,False,False,accord : hors,False,False,83,VAR,23,NICE
0831442S,Collège Henri Matisse,hors EP,112.5,10.7,235.0,False,False,accord : hors,False,False,accord : hors,False,False,83,VAR,23,NICE
0831474B,Collège André Cabasse,hors EP,110.4,9.9,194.0,False,False,accord : hors,False,False,accord : hors,False,False,83,VAR,23,NICE
0831514V,Collège André Malraux,hors EP,110.1,10.9,128.0,False,False,accord : hors,False,False,accord : hors,False,False,83,VAR,23,NICE
0831537V,Collège Victor Hugo,hors EP,98.9,8.9,166.0,False,True,note seule,False,False,accord : hors,False,False,83,VAR,23,NICE
0831552L,Collège Yves Montand,hors EP,111.4,10.0,169.0,False,False,accord : hors,False,False,accord : hors,False,False,83,VAR,23,NICE
0831609Y,Collège Jean Cavaillès,hors EP,103.8,9.7,127.0,False,False,accord : hors,False,False,accord : hors,False,False,83,VAR,23,NICE
0831610Z,Collège Léonard de Vinci,hors EP,111.2,10.4,154.0,False,False,accord : hors,False,False,accord : hors,False,False,83,VAR,23,NICE
0831630W,Collège Frédéric Montenard,hors EP,98.7,9.8,192.0,False,False,accord : hors,False,False,accord : hors,False,False,83,VAR,23,NICE
0831644L,Collège Le Vigneret,hors EP,108.4,9.1,73.0,False,True,note seule,False,False,accord : hors,False,False,83,VAR,23,NICE
0831645M,Collège Pierre Gassendi,hors EP,106.6,10.2,141.0,False,False,accord : hors,False,False,accord : hors,False,False,83,VAR,23,NICE
0831657A,Collège des seize fontaines,hors EP,115.7,10.7,157.0,False,False,accord : hors,False,False,accord : hors,False,False,83,VAR,23,NICE
0831709G,Collège Geneviève De Gaulle-Anthonioz,hors EP,100.2,9.5,138.0,False,False,accord : hors,False,False,accord : hors,False,False,83,VAR,23,NICE
0840006A,Collège Joseph Viala,hors EP,96.9,11.1,75.0,False,False,accord : hors,False,False,accord : hors,False,False,84,VAUCLUSE,2,AIX-MARSEILLE
0840007B,Collège Joseph Roumanille,REP+,72.2,9.1,128.0,True,True,accord : à classer,True,True,accord : à classer,False,False,84,VAUCLUSE,2,AIX-MARSEILLE
0840011F,Collège Saint-Exupéry,hors EP,100.1,11.1,114.0,False,False,accord : hors,False,False,accord : hors,False,False,84,VAUCLUSE,2,AIX-MARSEILLE
0840014J,Collège le Luberon,hors EP,113.8,11.4,116.0,False,False,accord : hors,False,False,accord : hors,False,False,84,VAUCLUSE,2,AIX-MARSEILLE
0840018N,Collège Paul Gauthier,REP+,72.5,9.4,81.0,True,False,IPS seul,True,True,accord : à classer,False,False,84,VAUCLUSE,2,AIX-MARSEILLE
0840020R,Collège Clovis Hugues,hors EP,101.4,10.4,164.0,False,False,accord : hors,False,False,accord : hors,False,False,84,VAUCLUSE,2,AIX-MARSEILLE
0840028Z,Collège Charles Doche,hors EP,110.9,11.1,107.0,False,False,accord : hors,False,False,accord : hors,False,False,84,VAUCLUSE,2,AIX-MARSEILLE
0840029A,Collège Marcel Pagnol,hors EP,100.6,10.8,89.0,False,False,accord : hors,False,False,accord : hors,False,False,84,VAUCLUSE,2,AIX-MARSEILLE
0840032D,Collège du pays de Sault,hors EP,96.1,11.0,35.0,False,False,accord : hors,False,False,accord : hors,False,False,84,VAUCLUSE,2,AIX-MARSEILLE
0840033E,Collège Voltaire,REP,83.4,9.8,95.0,True,False,IPS seul,True,False,IPS seul,False,False,84,VAUCLUSE,2,AIX-MARSEILLE
0840035G,Collège Joseph d'Arbaud,hors EP,104.0,11.2,144.0,False,False,accord : hors,False,False,accord : hors,False,False,84,VAUCLUSE,2,AIX-MARSEILLE
0840051Z,Collège Jean Brunet,REP+,68.3,8.0,98.0,True,True,accord : à classer,True,True,accord : à classer,False,False,84,VAUCLUSE,2,AIX-MARSEILLE
0840108L,Collège Anselme Mathieu,REP+,62.9,8.6,92.0,True,True,accord : à classer,True,True,accord : à classer,False,False,84,VAUCLUSE,2,AIX-MARSEILLE
0840114T,Collège François Raspail,REP,87.5,10.2,123.0,True,False,IPS seul,True,False,IPS seul,False,False,84,VAUCLUSE,2,AIX-MARSEILLE
0840116V,Collège Jean Giono,hors EP,94.7,10.0,142.0,False,False,accord : hors,False,False,accord : hors,False,False,84,VAUCLUSE,2,AIX-MARSEILLE
0840437U,Collège Henri Boudon,hors EP,94.5,10.6,170.0,False,False,accord : hors,False,False,accord : hors,False,False,84,VAUCLUSE,2,AIX-MARSEILLE
0840583C,Collège Denis Diderot,hors EP,89.5,10.4,153.0,False,False,accord : hors,False,False,accord : hors,False,False,84,VAUCLUSE,2,AIX-MARSEILLE
0840585E,Collège Jean Bouin,hors EP,99.1,11.2,96.0,False,False,accord : hors,False,False,accord : hors,False,False,84,VAUCLUSE,2,AIX-MARSEILLE
0840664R,Collège Jules Verne,REP,73.7,8.7,141.0,True,True,accord : à classer,True,True,accord : à classer,False,False,84,VAUCLUSE,2,AIX-MARSEILLE
0840697B,Collège Joseph Vernet,hors EP,87.5,8.5,93.0,True,True,accord : à classer,False,True,note seule,False,False,84,VAUCLUSE,2,AIX-MARSEILLE
0840698C,Collège Alphonse Silve,hors EP,94.9,9.4,172.0,False,False,accord : hors,False,False,accord : hors,False,False,84,VAUCLUSE,2,AIX-MARSEILLE
0840699D,Collège Paul Éluard,REP,83.5,9.3,114.0,True,False,IPS seul,True,True,accord : à classer,False,True,84,VAUCLUSE,2,AIX-MARSEILLE
0840716X,Collège Vallis Aeria,REP,90.5,9.6,105.0,False,False,accord : hors,False,False,accord : hors,False,False,84,VAUCLUSE,2,AIX-MARSEILLE
0840738W,Collège Alphonse Tavan,hors EP,83.2,9.6,122.0,True,False,IPS seul,True,False,IPS seul,False,False,84,VAUCLUSE,2,AIX-MARSEILLE
0840758T,Collège Frédéric Mistral,REP,85.8,11.0,120.0,True,False,IPS seul,True,False,IPS seul,False,False,84,VAUCLUSE,2,AIX-MARSEILLE
0840759U,Collège Charles de Gaulle,hors EP,97.0,10.2,175.0,False,False,accord : hors,False,False,accord : hors,False,False,84,VAUCLUSE,2,AIX-MARSEILLE
0840760V,Collège Jean Henri Fabre,hors EP,86.9,9.3,99.0,True,False,IPS seul,True,True,accord : à classer,False,True,84,VAUCLUSE,2,AIX-MARSEILLE
0840761W,Collège Alphonse Daudet,REP+,72.2,8.7,106.0,True,True,accord : à classer,True,True,accord : à classer,False,False,84,VAUCLUSE,2,AIX-MARSEILLE
0840762X,Collège Barbara Hendricks,REP,78.1,8.7,111.0,True,True,accord : à classer,True,True,accord : à classer,False,False,84,VAUCLUSE,2,AIX-MARSEILLE
0840764Z,Collège Arausio,hors EP,96.7,10.5,177.0,False,False,accord : hors,False,False,accord : hors,False,False,84,VAUCLUSE,2,AIX-MARSEILLE
0840803S,Collège Lou Vignares,hors EP,105.5,10.2,180.0,False,False,accord : hors,False,False,accord : hors,False,False,84,VAUCLUSE,2,AIX-MARSEILLE
0840915N,Collège du pays des Sorgues,hors EP,114.8,12.9,125.0,False,False,accord : hors,False,False,accord : hors,False,False,84,VAUCLUSE,2,AIX-MARSEILLE
0840926A,Collège Marie Mauron,hors EP,115.2,11.9,105.0,False,False,accord : hors,False,False,accord : hors,False,False,84,VAUCLUSE,2,AIX-MARSEILLE
0840970Y,Collège Gérard Philipe,REP+,77.0,9.8,99.0,True,False,IPS seul,True,False,IPS seul,False,False,84,VAUCLUSE,2,AIX-MARSEILLE
0841019B,Collège Vallée du Calavon,hors EP,113.3,11.1,160.0,False,False,accord : hors,False,False,accord : hors,False,False,84,VAUCLUSE,2,AIX-MARSEILLE
0841027K,Collège Albert Camus,hors EP,116.1,11.1,171.0,False,False,accord : hors,False,False,accord : hors,False,False,84,VAUCLUSE,2,AIX-MARSEILLE
0841043C,Collège André Malraux,hors EP,105.8,11.2,122.0,False,False,accord : hors,False,False,accord : hors,False,False,84,VAUCLUSE,2,AIX-MARSEILLE
0841086Z,Collège Rosa Parks,hors EP,86.6,8.3,95.0,True,True,accord : à classer,True,True,accord : à classer,False,False,84,VAUCLUSE,2,AIX-MARSEILLE
0841099N,Collège Victor Schoelcher,hors EP,109.9,11.5,140.0,False,False,accord : hors,False,False,accord : hors,False,False,84,VAUCLUSE,2,AIX-MARSEILLE
0841116G,Collège Anne Frank,hors EP,109.1,10.2,189.0,False,False,accord : hors,False,False,accord : hors,False,False,84,VAUCLUSE,2,AIX-MARSEILLE
0841118J,Collège Jean Garcin,hors EP,109.4,11.7,117.0,False,False,accord : hors,False,False,accord : hors,False,False,84,VAUCLUSE,2,AIX-MARSEILLE
0850014D,Collège Golfe des Pictons,REP,92.5,10.1,61.0,False,False,accord : hors,False,False,accord : hors,False,False,85,VENDEE,17,NANTES
0850015E,Collège les Sicardières,REP,106.1,12.9,21.0,False,False,accord : hors,False,False,accord : hors,False,False,85,VENDEE,17,NANTES
0850024P,Collège Gaston Chaissac,hors EP,93.1,9.7,108.0,False,False,accord : hors,False,False,accord : hors,False,False,85,VENDEE,17,NANTES
0850039F,Collège Pays de Monts,hors EP,97.7,10.4,118.0,False,False,accord : hors,False,False,accord : hors,False,False,85,VENDEE,17,NANTES
0850063G,Collège Nicolas Haxo,hors EP,98.9,12.2,139.0,False,False,accord : hors,False,False,accord : hors,False,False,85,VENDEE,17,NANTES
0850065J,Collège Pierre Garcie Ferrande,hors EP,104.5,11.8,161.0,False,False,accord : hors,False,False,accord : hors,False,False,85,VENDEE,17,NANTES
0850066K,Collège François Viete,hors EP,95.3,10.5,113.0,False,False,accord : hors,False,False,accord : hors,False,False,85,VENDEE,17,NANTES
0850067L,Collège André Tiraqueau,REP,93.6,11.6,94.0,False,False,accord : hors,False,False,accord : hors,False,False,85,VENDEE,17,NANTES
0850145W,Collège René Couzinet,hors EP,88.6,10.1,110.0,True,False,IPS seul,True,False,IPS seul,False,False,85,VENDEE,17,NANTES
0850147Y,Collège Charles Milcendeau,hors EP,95.8,10.4,161.0,False,False,accord : hors,False,False,accord : hors,False,False,85,VENDEE,17,NANTES
0850148Z,Collège Pierre Mauger,hors EP,112.6,10.1,89.0,False,False,accord : hors,False,False,accord : hors,False,False,85,VENDEE,17,NANTES
0850149A,Collège Paul Langevin,hors EP,94.7,10.7,72.0,False,False,accord : hors,False,False,accord : hors,False,False,85,VENDEE,17,NANTES
0850604V,Collège Les Gondoliers,hors EP,99.8,10.6,118.0,False,False,accord : hors,False,False,accord : hors,False,False,85,VENDEE,17,NANTES
0850605W,Collège Édouard Herriot,hors EP,105.3,10.3,157.0,False,False,accord : hors,False,False,accord : hors,False,False,85,VENDEE,17,NANTES
0850639H,Collège Jules Ferry,hors EP,104.6,12.3,140.0,False,False,accord : hors,False,False,accord : hors,False,False,85,VENDEE,17,NANTES
0850641K,Collège Corentin Riou,hors EP,98.5,11.8,132.0,False,False,accord : hors,False,False,accord : hors,False,False,85,VENDEE,17,NANTES
0851132U,Collège les Colliberts,hors EP,95.0,10.3,67.0,False,False,accord : hors,False,False,accord : hors,False,False,85,VENDEE,17,NANTES
0851144G,Collège Molière,hors EP,95.0,9.9,40.0,False,False,accord : hors,False,False,accord : hors,False,False,85,VENDEE,17,NANTES
0851145H,Collège Marais Poitevin,hors EP,101.1,10.8,42.0,False,False,accord : hors,False,False,accord : hors,False,False,85,VENDEE,17,NANTES
0851146J,Collège de l'Anglée,hors EP,90.9,10.8,70.0,False,False,accord : hors,False,False,accord : hors,False,False,85,VENDEE,17,NANTES
0851163C,Collège Pierre Mendès France,REP,84.3,9.5,35.0,True,False,IPS seul,True,False,IPS seul,False,False,85,VENDEE,17,NANTES
0851193K,Collège Jean Rostand,hors EP,93.3,11.7,121.0,False,False,accord : hors,False,False,accord : hors,False,False,85,VENDEE,17,NANTES
0851195M,Collège Frédéric et Irène Joliot-Curie,hors EP,101.2,9.7,48.0,False,False,accord : hors,False,False,accord : hors,False,False,85,VENDEE,17,NANTES
0851220P,Collège Jean Monnet,hors EP,108.1,12.1,158.0,False,False,accord : hors,False,False,accord : hors,False,False,85,VENDEE,17,NANTES
0851304F,Collège Auguste et Jean Renoir,hors EP,98.2,10.3,129.0,False,False,accord : hors,False,False,accord : hors,False,False,85,VENDEE,17,NANTES
0851388X,Collège Olivier Messiaen,hors EP,103.3,13.2,125.0,False,False,accord : hors,False,False,accord : hors,False,False,85,VENDEE,17,NANTES
0851435Y,Collège Antoine de Saint-Exupéry,hors EP,105.4,11.5,144.0,False,False,accord : hors,False,False,accord : hors,False,False,85,VENDEE,17,NANTES
0851560J,Collège Alexandre Soljenitsyne,hors EP,100.4,11.0,135.0,False,False,accord : hors,False,False,accord : hors,False,False,85,VENDEE,17,NANTES
0851620Z,Collège Stéphane Piobetta,hors EP,108.6,12.5,133.0,False,False,accord : hors,False,False,accord : hors,False,False,85,VENDEE,17,NANTES
0851647D,Collège Georges Clemenceau,hors EP,93.3,10.6,110.0,False,False,accord : hors,False,False,accord : hors,False,False,85,VENDEE,17,NANTES
0851655M,Collège Jacques Laurent,hors EP,102.1,12.0,135.0,False,False,accord : hors,False,False,accord : hors,False,False,85,VENDEE,17,NANTES
0851662V,Collège Michel Ragon,hors EP,105.9,11.1,120.0,False,False,accord : hors,False,False,accord : hors,False,False,85,VENDEE,17,NANTES
0851698J,Collège Jacqueline Auriol,hors EP,96.0,10.0,80.0,False,False,accord : hors,False,False,accord : hors,False,False,85,VENDEE,17,NANTES
0851716D,Collège Arnaud Beltrame,hors EP,94.1,10.5,132.0,False,False,accord : hors,False,False,accord : hors,False,False,85,VENDEE,17,NANTES
0860002K,Collège Romain Rolland,hors EP,96.9,11.1,44.0,False,False,accord : hors,False,False,accord : hors,False,False,86,VIENNE,13,POITIERS
0860014Y,Collège André Brouillet,hors EP,104.4,11.3,61.0,False,False,accord : hors,False,False,accord : hors,False,False,86,VIENNE,13,POITIERS
0860015Z,Collège Bellevue,hors EP,99.2,10.7,74.0,False,False,accord : hors,False,False,accord : hors,False,False,86,VIENNE,13,POITIERS
0860016A,Collège Jean Jaurès,hors EP,105.9,11.8,106.0,False,False,accord : hors,False,False,accord : hors,False,False,86,VIENNE,13,POITIERS
0860017B,Collège René Cassin,hors EP,95.7,9.7,34.0,False,False,accord : hors,False,False,accord : hors,False,False,86,VIENNE,13,POITIERS
0860019D,Collège Arthur Rimbaud,hors EP,107.7,10.5,100.0,False,False,accord : hors,False,False,accord : hors,False,False,86,VIENNE,13,POITIERS
0860020E,Collège Arsène Lambert,hors EP,96.8,10.5,113.0,False,False,accord : hors,False,False,accord : hors,False,False,86,VIENNE,13,POITIERS
0860023H,Collège Joachim du Bellay,hors EP,93.7,9.4,78.0,False,False,accord : hors,False,True,note seule,False,False,86,VIENNE,13,POITIERS
0860026L,Collège Louise Michel,hors EP,106.1,11.0,93.0,False,False,accord : hors,False,False,accord : hors,False,False,86,VIENNE,13,POITIERS
0860027M,Collège Georges David,hors EP,99.5,10.7,96.0,False,False,accord : hors,False,False,accord : hors,False,False,86,VIENNE,13,POITIERS
0860031S,Collège Jean Moulin,hors EP,100.3,10.7,91.0,False,False,accord : hors,False,False,accord : hors,False,False,86,VIENNE,13,POITIERS
0860032T,Collège Jean Rostand,hors EP,111.8,11.5,144.0,False,False,accord : hors,False,False,accord : hors,False,False,86,VIENNE,13,POITIERS
0860040B,Collège du Jardin des Plantes,hors EP,123.1,11.8,136.0,False,False,accord : hors,False,False,accord : hors,False,False,86,VIENNE,13,POITIERS
0860043E,Collège Léon Huet,hors EP,100.4,11.1,63.0,False,False,accord : hors,False,False,accord : hors,False,False,86,VIENNE,13,POITIERS
0860044F,Collège Maurice Bedel,hors EP,102.1,10.1,62.0,False,False,accord : hors,False,False,accord : hors,False,False,86,VIENNE,13,POITIERS
0860045G,Collège Isaac de Razilly,hors EP,93.3,11.9,38.0,False,False,accord : hors,False,False,accord : hors,False,False,86,VIENNE,13,POITIERS
0860046H,Collège Prosper Merimée,hors EP,97.7,12.0,38.0,False,False,accord : hors,False,False,accord : hors,False,False,86,VIENNE,13,POITIERS
0860047J,Collège Frédéric et Irène Joliot-Curie,hors EP,111.6,11.4,125.0,False,False,accord : hors,False,False,accord : hors,False,False,86,VIENNE,13,POITIERS
0860049L,Collège Camille Guérin,hors EP,106.5,11.1,101.0,False,False,accord : hors,False,False,accord : hors,False,False,86,VIENNE,13,POITIERS
0860053R,Collège Camille Claudel,hors EP,97.5,10.4,43.0,False,False,accord : hors,False,False,accord : hors,False,False,86,VIENNE,13,POITIERS
0860076R,Collège Jean Moulin,hors EP,96.4,10.0,154.0,False,False,accord : hors,False,False,accord : hors,False,False,86,VIENNE,13,POITIERS
0860702W,Collège Jean Macé,REP,88.4,8.8,67.0,True,True,accord : à classer,True,True,accord : à classer,False,False,86,VIENNE,13,POITIERS
0860723U,Collège Pierre de Ronsard,REP,100.4,9.5,159.0,False,False,accord : hors,False,True,note seule,False,False,86,VIENNE,13,POITIERS
0860791T,Collège François Rabelais,hors EP,115.4,11.8,176.0,False,False,accord : hors,False,False,accord : hors,False,False,86,VIENNE,13,POITIERS
0860792U,Collège Gérard Philipe,hors EP,110.0,11.8,159.0,False,False,accord : hors,False,False,accord : hors,False,False,86,VIENNE,13,POITIERS
0860799B,Collège Jules Verne,REP,83.5,9.6,93.0,True,False,IPS seul,True,False,IPS seul,False,False,86,VIENNE,13,POITIERS
0860876K,Collège George Sand,REP+,83.9,10.0,127.0,True,False,IPS seul,True,False,IPS seul,False,False,86,VIENNE,13,POITIERS
0860984C,Collège René Descartes,hors EP,88.6,9.6,137.0,True,False,IPS seul,True,False,IPS seul,False,False,86,VIENNE,13,POITIERS
0861038L,Collège Saint-Exupéry,hors EP,110.7,11.0,176.0,False,False,accord : hors,False,False,accord : hors,False,False,86,VIENNE,13,POITIERS
0861053C,Collège Jean Monnet,hors EP,106.7,11.5,88.0,False,False,accord : hors,False,False,accord : hors,False,False,86,VIENNE,13,POITIERS
0861072Y,Collège France Bloch-Serazin,hors EP,105.5,9.9,130.0,False,False,accord : hors,False,False,accord : hors,False,False,86,VIENNE,13,POITIERS
0861073Z,Collège Théophraste Renaudot,hors EP,122.2,12.0,176.0,False,False,accord : hors,False,False,accord : hors,False,False,86,VIENNE,13,POITIERS
0861092V,Collège Ferdinand Clovis Pin,hors EP,114.4,10.9,105.0,False,False,accord : hors,False,False,accord : hors,False,False,86,VIENNE,13,POITIERS
0861457S,Collège Joséphine Baker,hors EP,109.0,10.3,152.0,False,False,accord : hors,False,False,accord : hors,False,False,86,VIENNE,13,POITIERS
0870001D,Collège Jean Baptiste Camille Corot,hors EP,109.0,12.3,142.0,False,False,accord : hors,False,False,accord : hors,False,False,87,HAUTE-VIENNE,22,LIMOGES
0870006J,Collège Pierre Mendès France,hors EP,106.7,11.2,61.0,False,False,accord : hors,False,False,accord : hors,False,False,87,HAUTE-VIENNE,22,LIMOGES
0870007K,Collège Pierre Desproges,hors EP,97.7,10.7,50.0,False,False,accord : hors,False,False,accord : hors,False,False,87,HAUTE-VIENNE,22,LIMOGES
0870008L,Collège Jean Monnet,hors EP,102.1,10.2,44.0,False,False,accord : hors,False,False,accord : hors,False,False,87,HAUTE-VIENNE,22,LIMOGES
0870009M,Collège Louis Timbal,hors EP,103.1,10.8,36.0,False,False,accord : hors,False,False,accord : hors,False,False,87,HAUTE-VIENNE,22,LIMOGES
0870014T,Collège Georges Guingouin,hors EP,100.9,10.6,36.0,False,False,accord : hors,False,False,accord : hors,False,False,87,HAUTE-VIENNE,22,LIMOGES
0870022B,Collège Guy de Maupassant,hors EP,89.4,9.9,96.0,False,False,accord : hors,True,False,IPS seul,False,False,87,HAUTE-VIENNE,22,LIMOGES
0870023C,Collège Léon Blum,hors EP,105.3,9.5,93.0,False,False,accord : hors,False,False,accord : hors,False,False,87,HAUTE-VIENNE,22,LIMOGES
0870031L,Collège Maryse Bastié,hors EP,101.0,11.4,90.0,False,False,accord : hors,False,False,accord : hors,False,False,87,HAUTE-VIENNE,22,LIMOGES
0870032M,Collège Arsène Bonneaud,hors EP,111.1,11.1,65.0,False,False,accord : hors,False,False,accord : hors,False,False,87,HAUTE-VIENNE,22,LIMOGES
0870036S,Collège Fernand Lagrange,hors EP,117.3,12.2,98.0,False,False,accord : hors,False,False,accord : hors,False,False,87,HAUTE-VIENNE,22,LIMOGES
0870037T,Collège Simone Veil,hors EP,97.6,10.3,81.0,False,False,accord : hors,False,False,accord : hors,False,False,87,HAUTE-VIENNE,22,LIMOGES
0870039V,Collège Arsène d'Arsonval,hors EP,101.2,11.3,44.0,False,False,accord : hors,False,False,accord : hors,False,False,87,HAUTE-VIENNE,22,LIMOGES
0870042Y,Collège Paul Langevin,hors EP,103.6,11.4,120.0,False,False,accord : hors,False,False,accord : hors,False,False,87,HAUTE-VIENNE,22,LIMOGES
0870047D,Collège Gisèle Halimi,hors EP,97.8,10.2,41.0,False,False,accord : hors,False,False,accord : hors,False,False,87,HAUTE-VIENNE,22,LIMOGES
0870048E,Collège Jean Rostand,hors EP,100.5,10.2,30.0,False,False,accord : hors,False,False,accord : hors,False,False,87,HAUTE-VIENNE,22,LIMOGES
0870049F,Collège Fabre d'Églantine,hors EP,95.8,10.4,36.0,False,False,accord : hors,False,False,accord : hors,False,False,87,HAUTE-VIENNE,22,LIMOGES
0870071E,Collège Pierre Donzelot,hors EP,105.4,10.6,165.0,False,False,accord : hors,False,False,accord : hors,False,False,87,HAUTE-VIENNE,22,LIMOGES
0870072F,Collège André Maurois,REP,87.6,9.0,163.0,True,True,accord : à classer,True,False,IPS seul,False,False,87,HAUTE-VIENNE,22,LIMOGES
0870117E,Collège Albert Calmette,REP,99.6,10.1,140.0,False,False,accord : hors,False,False,accord : hors,False,False,87,HAUTE-VIENNE,22,LIMOGES
0870120H,Collège Louis Jouvet,hors EP,92.2,9.8,62.0,False,False,accord : hors,False,False,accord : hors,False,False,87,HAUTE-VIENNE,22,LIMOGES
0870658T,Collège Jean Rebier,hors EP,112.4,11.0,165.0,False,False,accord : hors,False,False,accord : hors,False,False,87,HAUTE-VIENNE,22,LIMOGES
0870684W,Collège Jean Moulin,hors EP,110.3,11.5,168.0,False,False,accord : hors,False,False,accord : hors,False,False,87,HAUTE-VIENNE,22,LIMOGES
0870729V,Collège Pierre de Ronsard,REP+,70.4,6.7,59.0,True,True,accord : à classer,True,True,accord : à classer,False,False,87,HAUTE-VIENNE,22,LIMOGES
0870734A,Collège Louise Michel,hors EP,101.2,10.9,88.0,False,False,accord : hors,False,False,accord : hors,False,False,87,HAUTE-VIENNE,22,LIMOGES
0870771R,Collège Bernart de Ventadour,hors EP,100.1,10.4,155.0,False,False,accord : hors,False,False,accord : hors,False,False,87,HAUTE-VIENNE,22,LIMOGES
0870791M,Collège Anatole France,REP,83.9,8.4,72.0,True,True,accord : à classer,True,True,accord : à classer,False,False,87,HAUTE-VIENNE,22,LIMOGES
0870816P,Collège Léonard Limosin,hors EP,117.4,11.0,193.0,False,False,accord : hors,False,False,accord : hors,False,False,87,HAUTE-VIENNE,22,LIMOGES
0870817R,Collège Auguste Renoir,hors EP,98.1,8.6,140.0,False,True,note seule,False,True,note seule,False,False,87,HAUTE-VIENNE,22,LIMOGES
0870819T,Collège Pierre Robert,hors EP,89.2,8.6,35.0,False,True,note seule,True,True,accord : à classer,False,False,87,HAUTE-VIENNE,22,LIMOGES
0870820U,Collège Bernard Palissy,hors EP,106.3,10.4,102.0,False,False,accord : hors,False,False,accord : hors,False,False,87,HAUTE-VIENNE,22,LIMOGES
0870821V,Collège Jean-Baptiste Darnet,hors EP,101.2,10.8,108.0,False,False,accord : hors,False,False,accord : hors,False,False,87,HAUTE-VIENNE,22,LIMOGES
0870871Z,Collège Maurice Genevoix,hors EP,104.2,10.9,141.0,False,False,accord : hors,False,False,accord : hors,False,False,87,HAUTE-VIENNE,22,LIMOGES
0870960W,Collège Firmin Roz,REP,85.3,8.8,58.0,True,True,accord : à classer,True,True,accord : à classer,False,False,87,HAUTE-VIENNE,22,LIMOGES
0880002Z,Collège Julie Victoire Daubié,hors EP,92.8,8.6,33.0,False,True,note seule,False,True,note seule,False,False,88,VOSGES,12,NANCY-METZ
0880005C,Collège Charlemagne,hors EP,92.2,10.0,107.0,False,False,accord : hors,False,False,accord : hors,False,False,88,VOSGES,12,NANCY-METZ
0880011J,Collège Jean Rostand,hors EP,91.3,9.0,41.0,False,True,note seule,False,True,note seule,False,False,88,VOSGES,12,NANCY-METZ
0880014M,Collège Paul-Émile Victor,hors EP,96.1,11.3,36.0,False,False,accord : hors,False,False,accord : hors,False,False,88,VOSGES,12,NANCY-METZ
0880017R,Collège Michel de Montaigne,hors EP,106.0,11.6,81.0,False,False,accord : hors,False,False,accord : hors,False,False,88,VOSGES,12,NANCY-METZ
0880034J,Collège Guillaume de Lamarche,hors EP,90.0,11.1,35.0,False,False,accord : hors,False,False,accord : hors,False,False,88,VOSGES,12,NANCY-METZ
0880035K,Collège Guy Dolmaire,hors EP,97.6,10.4,99.0,False,False,accord : hors,False,False,accord : hors,False,False,88,VOSGES,12,NANCY-METZ
0880041S,Collège Pierre et Marie Curie,hors EP,99.5,10.8,96.0,False,False,accord : hors,False,False,accord : hors,False,False,88,VOSGES,12,NANCY-METZ
0880044V,Collège Spitzemberg,hors EP,96.1,11.6,51.0,False,False,accord : hors,False,False,accord : hors,False,False,88,VOSGES,12,NANCY-METZ
0880045W,Collège Alphonse Cytère,REP,92.9,11.2,101.0,False,False,accord : hors,False,False,accord : hors,False,False,88,VOSGES,12,NANCY-METZ
0880054F,Collège Jean Montemont,hors EP,96.6,12.5,36.0,False,False,accord : hors,False,False,accord : hors,False,False,88,VOSGES,12,NANCY-METZ
0880065T,Collège Jules Ferry,hors EP,93.2,10.9,92.0,False,False,accord : hors,False,False,accord : hors,False,False,88,VOSGES,12,NANCY-METZ
0880068W,Collège Fleurot d'Herival,hors EP,102.9,11.7,46.0,False,False,accord : hors,False,False,accord : hors,False,False,88,VOSGES,12,NANCY-METZ
0880149J,Collège Antoine de Saint-Exupéry,REP+,70.4,7.7,81.0,True,True,accord : à classer,True,True,accord : à classer,False,False,88,VOSGES,12,NANCY-METZ
0880150K,Collège Jules Ferry,hors EP,107.3,11.4,147.0,False,False,accord : hors,False,False,accord : hors,False,False,88,VOSGES,12,NANCY-METZ
0880151L,Collège Vautrin Lud,REP,92.1,10.7,128.0,False,False,accord : hors,False,False,accord : hors,False,False,88,VOSGES,12,NANCY-METZ
0880154P,Collège Charlet,hors EP,98.6,11.6,71.0,False,False,accord : hors,False,False,accord : hors,False,False,88,VOSGES,12,NANCY-METZ
0880155R,Collège Christian Poncelet,hors EP,110.0,11.0,77.0,False,False,accord : hors,False,False,accord : hors,False,False,88,VOSGES,12,NANCY-METZ
0880156S,Collège Jules Verne,hors EP,103.4,11.5,67.0,False,False,accord : hors,False,False,accord : hors,False,False,88,VOSGES,12,NANCY-METZ
0880418B,Collège Louis Pergaud,hors EP,96.5,10.6,72.0,False,False,accord : hors,False,False,accord : hors,False,False,88,VOSGES,12,NANCY-METZ
0881097P,Collège Louis Armand,hors EP,105.7,10.2,139.0,False,False,accord : hors,False,False,accord : hors,False,False,88,VOSGES,12,NANCY-METZ
0881099S,Collège Joseph Julien Souhait,REP,92.7,10.9,103.0,False,False,accord : hors,False,False,accord : hors,False,False,88,VOSGES,12,NANCY-METZ
0881101U,Collège André Malraux,REP,83.1,9.3,51.0,True,False,IPS seul,True,True,accord : à classer,False,True,88,VOSGES,12,NANCY-METZ
0881102V,Collège Lyautey,hors EP,93.5,9.6,64.0,False,False,accord : hors,False,False,accord : hors,False,False,88,VOSGES,12,NANCY-METZ
0881103W,Collège Charles Édouard Fixary,hors EP,94.0,11.4,27.0,False,False,accord : hors,False,False,accord : hors,False,False,88,VOSGES,12,NANCY-METZ
0881120P,Collège Louis Pasteur,hors EP,87.9,8.4,75.0,True,True,accord : à classer,False,True,note seule,False,False,88,VOSGES,12,NANCY-METZ
0881145S,Collège Maurice Barrès,REP,96.5,10.3,77.0,False,False,accord : hors,False,False,accord : hors,False,False,88,VOSGES,12,NANCY-METZ
0881146T,Collège Georges Clémenceau,hors EP,104.5,10.6,144.0,False,False,accord : hors,False,False,accord : hors,False,False,88,VOSGES,12,NANCY-METZ
0881147U,Collège Elsa Triolet,hors EP,98.7,10.0,102.0,False,False,accord : hors,False,False,accord : hors,False,False,88,VOSGES,12,NANCY-METZ
0881148V,Collège Guillaume Apollinaire,hors EP,101.7,12.0,37.0,False,False,accord : hors,False,False,accord : hors,False,False,88,VOSGES,12,NANCY-METZ
0881369K,Collège Camille Claudel,hors EP,103.8,11.6,77.0,False,False,accord : hors,False,False,accord : hors,False,False,88,VOSGES,12,NANCY-METZ
0881371M,Collège René Cassin,hors EP,101.4,11.2,92.0,False,False,accord : hors,False,False,accord : hors,False,False,88,VOSGES,12,NANCY-METZ
0881372N,Collège du Ban de Vagney,hors EP,104.4,11.8,72.0,False,False,accord : hors,False,False,accord : hors,False,False,88,VOSGES,12,NANCY-METZ
0881386D,Collège du Pervis,hors EP,97.8,11.5,47.0,False,False,accord : hors,False,False,accord : hors,False,False,88,VOSGES,12,NANCY-METZ
0881397R,Collège Hubert Curien,hors EP,103.0,13.1,66.0,False,False,accord : hors,False,False,accord : hors,False,False,88,VOSGES,12,NANCY-METZ
0881410E,Collège de la Haute Meurthe,hors EP,94.1,10.0,76.0,False,False,accord : hors,False,False,accord : hors,False,False,88,VOSGES,12,NANCY-METZ
0881446U,Collège La Haie Griselle,hors EP,106.9,11.1,108.0,False,False,accord : hors,False,False,accord : hors,False,False,88,VOSGES,12,NANCY-METZ
0881447V,Collège Jules Ferry,hors EP,90.2,8.1,44.0,False,True,note seule,False,True,note seule,False,False,88,VOSGES,12,NANCY-METZ
0890006Y,Collège Denfert-Rochereau,hors EP,104.6,9.3,136.0,False,False,accord : hors,False,True,note seule,False,True,89,YONNE,7,DIJON
0890009B,Collège Parc des Chaumes,hors EP,104.4,11.6,57.0,False,False,accord : hors,False,False,accord : hors,False,False,89,YONNE,7,DIJON
0890013F,Collège Pierre et Jean Lerouge,hors EP,102.6,11.4,97.0,False,False,accord : hors,False,False,accord : hors,False,False,89,YONNE,7,DIJON
0890014G,Collège Michel Gondry,hors EP,100.1,9.9,49.0,False,False,accord : hors,False,False,accord : hors,False,False,89,YONNE,7,DIJON
0890015H,Collège Jean-Roch Coignet,hors EP,102.9,10.1,56.0,False,False,accord : hors,False,False,accord : hors,False,False,89,YONNE,7,DIJON
0890017K,Collège Paul Fourrey,REP,85.4,10.2,72.0,True,False,IPS seul,True,False,IPS seul,False,False,89,YONNE,7,DIJON
0890019M,Collège Miles de Noyers,hors EP,100.5,11.0,36.0,False,False,accord : hors,False,False,accord : hors,False,False,89,YONNE,7,DIJON
0890022R,Collège de Puisaye,hors EP,102.4,10.5,79.0,False,False,accord : hors,False,False,accord : hors,False,False,89,YONNE,7,DIJON
0890024T,Collège Marcel Aymé,REP,87.2,10.2,107.0,True,False,IPS seul,True,False,IPS seul,False,False,89,YONNE,7,DIJON
0890028X,Collège du Gâtinais en Bourgogne,hors EP,99.4,9.9,142.0,False,False,accord : hors,False,False,accord : hors,False,False,89,YONNE,7,DIJON
0890030Z,Collège Stéphane Mallarmé,hors EP,91.2,9.9,110.0,False,False,accord : hors,True,False,IPS seul,False,False,89,YONNE,7,DIJON
0890035E,Collège Pierre Larousse,hors EP,102.8,9.8,77.0,False,False,accord : hors,False,False,accord : hors,False,False,89,YONNE,7,DIJON
0890037G,Collège André Leroi-Gourhan,hors EP,100.0,10.4,49.0,False,False,accord : hors,False,False,accord : hors,False,False,89,YONNE,7,DIJON
0890038H,Collège Gaston Ramon,hors EP,95.6,9.3,97.0,False,False,accord : hors,False,True,note seule,False,True,89,YONNE,7,DIJON
0890090P,Collège Albert Camus,hors EP,104.5,9.3,156.0,False,False,accord : hors,False,False,accord : hors,False,True,89,YONNE,7,DIJON
0890540D,Collège Chateaubriand,hors EP,98.8,9.2,147.0,False,True,note seule,False,True,note seule,False,False,89,YONNE,7,DIJON
0890788Y,Collège La Croix de l'Orme,hors EP,109.2,10.9,103.0,False,False,accord : hors,False,False,accord : hors,False,False,89,YONNE,7,DIJON
0890789Z,Collège Paul Bert,hors EP,98.2,9.5,182.0,False,False,accord : hors,False,False,accord : hors,False,False,89,YONNE,7,DIJON
0890790A,Collège Champs Plaisants,REP,86.0,8.3,180.0,True,True,accord : à classer,True,True,accord : à classer,False,False,89,YONNE,7,DIJON
0890822K,Collège Maurice Clavel,hors EP,86.7,9.7,61.0,True,False,IPS seul,True,False,IPS seul,False,False,89,YONNE,7,DIJON
0890823L,Collège Restif de la Bretonne,hors EP,100.8,9.0,104.0,False,True,note seule,False,True,note seule,False,False,89,YONNE,7,DIJON
0890937K,Collège Marie Noël,REP,87.3,8.2,114.0,True,True,accord : à classer,True,True,accord : à classer,False,False,89,YONNE,7,DIJON
0890977D,Collège Jacques Prévert,REP,92.8,8.8,90.0,False,True,note seule,False,True,note seule,False,False,89,YONNE,7,DIJON
0890979F,Collège La Chenevière des Arbres,hors EP,95.2,9.5,32.0,False,False,accord : hors,False,False,accord : hors,False,False,89,YONNE,7,DIJON
0890980G,Collège Abel Minard,REP,91.4,9.9,104.0,False,False,accord : hors,True,False,IPS seul,False,False,89,YONNE,7,DIJON
0891043A,Collège Jean Bertin,hors EP,109.1,11.4,148.0,False,False,accord : hors,False,False,accord : hors,False,False,89,YONNE,7,DIJON
0891057R,Collège Philippe Cousteau,hors EP,97.3,11.1,41.0,False,False,accord : hors,False,False,accord : hors,False,False,89,YONNE,7,DIJON
0891093E,Collège Montpezat,hors EP,101.2,8.8,108.0,False,True,note seule,False,True,note seule,False,False,89,YONNE,7,DIJON
0891186F,Collège Claude Debussy,hors EP,103.5,8.1,128.0,False,True,note seule,False,True,note seule,False,False,89,YONNE,7,DIJON
0891235J,Collège André Malraux,hors EP,101.7,9.1,125.0,False,True,note seule,False,True,note seule,False,False,89,YONNE,7,DIJON
0900006T,Collège Léonard de Vinci,REP,85.3,11.3,130.0,True,False,IPS seul,True,False,IPS seul,False,False,90,TERRITOIRE DE BELFORT,3,BESANCON
0900007U,Collège Jules Ferry,hors EP,90.1,10.5,89.0,False,False,accord : hors,False,False,accord : hors,False,False,90,TERRITOIRE DE BELFORT,3,BESANCON
0900009W,Collège Val de Rosemont,hors EP,100.0,10.4,89.0,False,False,accord : hors,False,False,accord : hors,False,False,90,TERRITOIRE DE BELFORT,3,BESANCON
0900011Y,Collège Camille Claudel,hors EP,108.6,11.9,79.0,False,False,accord : hors,False,False,accord : hors,False,False,90,TERRITOIRE DE BELFORT,3,BESANCON
0900013A,Collège Michel Colucci,hors EP,110.9,11.5,73.0,False,False,accord : hors,False,False,accord : hors,False,False,90,TERRITOIRE DE BELFORT,3,BESANCON
0900014B,Collège René Goscinny,hors EP,97.0,10.6,131.0,False,False,accord : hors,False,False,accord : hors,False,False,90,TERRITOIRE DE BELFORT,3,BESANCON
0900017E,Collège de Châteaudun,hors EP,89.0,9.3,87.0,False,False,accord : hors,False,True,note seule,False,True,90,TERRITOIRE DE BELFORT,3,BESANCON
0900018F,Collège Arthur Rimbaud,hors EP,96.8,11.0,115.0,False,False,accord : hors,False,False,accord : hors,False,False,90,TERRITOIRE DE BELFORT,3,BESANCON
0900237U,Collège Mozart,hors EP,108.4,10.6,112.0,False,False,accord : hors,False,False,accord : hors,False,False,90,TERRITOIRE DE BELFORT,3,BESANCON
0900275K,Collège Saint-Exupéry,hors EP,98.8,10.9,101.0,False,False,accord : hors,False,False,accord : hors,False,False,90,TERRITOIRE DE BELFORT,3,BESANCON
0900277M,Collège Lucie Aubrac,hors EP,106.7,10.4,86.0,False,False,accord : hors,False,False,accord : hors,False,False,90,TERRITOIRE DE BELFORT,3,BESANCON
0900295G,Collège Vauban,REP,101.4,11.5,141.0,False,False,accord : hors,False,False,accord : hors,False,False,90,TERRITOIRE DE BELFORT,3,BESANCON
0900351T,Collège Simone Signoret,REP+,70.3,9.7,69.0,True,False,IPS seul,True,False,IPS seul,False,False,90,TERRITOIRE DE BELFORT,3,BESANCON
0910009R,Collège Louis Pasteur,hors EP,118.2,12.2,166.0,False,False,accord : hors,False,False,accord : hors,False,False,91,ESSONNE,25,VERSAILLES
0910016Y,Collège Alphonse Daudet,hors EP,106.7,10.2,206.0,False,False,accord : hors,False,False,accord : hors,False,False,91,ESSONNE,25,VERSAILLES
0910017Z,Collège André Maurois,hors EP,125.5,11.1,169.0,False,False,accord : hors,False,False,accord : hors,False,False,91,ESSONNE,25,VERSAILLES
0910021D,Collège Le Village,hors EP,86.7,8.4,152.0,True,True,accord : à classer,True,True,accord : à classer,False,False,91,ESSONNE,25,VERSAILLES
0910024G,Collège Juliette Adam,hors EP,136.6,13.0,151.0,False,False,accord : hors,False,False,accord : hors,False,False,91,ESSONNE,25,VERSAILLES
0910025H,Collège Wolfgang Amadeus Mozart,hors EP,101.0,9.1,169.0,False,True,note seule,False,False,accord : hors,False,False,91,ESSONNE,25,VERSAILLES
0910028L,Collège Michel Vignaud,hors EP,133.0,12.0,233.0,False,False,accord : hors,False,False,accord : hors,False,False,91,ESSONNE,25,VERSAILLES
0910041A,Collège Michel Vignaud,hors EP,104.6,9.9,193.0,False,False,accord : hors,False,False,accord : hors,False,False,91,ESSONNE,25,VERSAILLES
0910042B,Collège Jean Zay,hors EP,95.2,9.4,192.0,False,False,accord : hors,False,False,accord : hors,False,False,91,ESSONNE,25,VERSAILLES
0910045E,Collège Charles Péguy,hors EP,130.0,12.2,110.0,False,False,accord : hors,False,False,accord : hors,False,False,91,ESSONNE,25,VERSAILLES
0910046F,Collège Joseph Bara,hors EP,121.3,11.5,116.0,False,False,accord : hors,False,False,accord : hors,False,False,91,ESSONNE,25,VERSAILLES
0910049J,Collège Albert Camus,REP,81.5,8.5,246.0,True,True,accord : à classer,True,True,accord : à classer,False,False,91,ESSONNE,25,VERSAILLES
0910056S,Collège Olivier de Serres,REP,81.9,7.7,105.0,True,True,accord : à classer,True,True,accord : à classer,False,False,91,ESSONNE,25,VERSAILLES
0910057T,Collège Jean Moulin,hors EP,129.7,11.4,120.0,False,False,accord : hors,False,False,accord : hors,False,False,91,ESSONNE,25,VERSAILLES
0910060W,Collège Félix Esclangon,hors EP,99.1,9.4,139.0,False,False,accord : hors,False,False,accord : hors,False,False,91,ESSONNE,25,VERSAILLES
0910062Y,Collège Guillaume Budé,hors EP,113.8,11.1,187.0,False,False,accord : hors,False,False,accord : hors,False,False,91,ESSONNE,25,VERSAILLES
0910624J,Collège Blaise Pascal,REP,85.6,8.2,133.0,True,True,accord : à classer,True,True,accord : à classer,False,False,91,ESSONNE,25,VERSAILLES
0910677S,Collège Weiler,hors EP,105.9,9.5,165.0,False,False,accord : hors,False,False,accord : hors,False,False,91,ESSONNE,25,VERSAILLES
0910678T,Collège Jean Macé,REP,87.2,10.5,115.0,True,False,IPS seul,True,False,IPS seul,False,False,91,ESSONNE,25,VERSAILLES
0910714G,Collège Albert Camus,hors EP,93.0,8.5,94.0,False,True,note seule,False,True,note seule,False,False,91,ESSONNE,25,VERSAILLES
0910716J,Collège Jean Mermoz,REP,81.8,8.1,67.0,True,True,accord : à classer,True,True,accord : à classer,False,False,91,ESSONNE,25,VERSAILLES
0910717K,Collège Jean-Étienne Guettard,hors EP,102.3,10.0,131.0,False,False,accord : hors,False,False,accord : hors,False,False,91,ESSONNE,25,VERSAILLES
0910718L,Collège Louis Pasteur,hors EP,93.9,9.0,178.0,False,True,note seule,False,False,accord : hors,False,False,91,ESSONNE,25,VERSAILLES
0910752Y,Collège Chantemerle,hors EP,87.3,8.0,167.0,True,True,accord : à classer,True,True,accord : à classer,False,False,91,ESSONNE,25,VERSAILLES
0910773W,Collège Le Saussay,hors EP,107.8,9.4,179.0,False,False,accord : hors,False,False,accord : hors,False,False,91,ESSONNE,25,VERSAILLES
0910775Y,Collège Nicolas Boileau,hors EP,86.6,8.3,175.0,True,True,accord : à classer,True,True,accord : à classer,False,False,91,ESSONNE,25,VERSAILLES
0910776Z,Collège Paul Éluard,REP,89.5,7.6,157.0,False,True,note seule,True,True,accord : à classer,False,False,91,ESSONNE,25,VERSAILLES
0910777A,Collège les Dînes Chiens,hors EP,93.7,9.1,209.0,False,True,note seule,False,False,accord : hors,False,False,91,ESSONNE,25,VERSAILLES
0910859P,Collège Gérard Philipe,hors EP,94.4,9.0,158.0,False,True,note seule,False,False,accord : hors,False,False,91,ESSONNE,25,VERSAILLES
0910860R,Collège Jules Ferry,hors EP,116.4,10.1,221.0,False,False,accord : hors,False,False,accord : hors,False,False,91,ESSONNE,25,VERSAILLES
0910967G,Collège La Guyonnerie,hors EP,127.1,11.6,129.0,False,False,accord : hors,False,False,accord : hors,False,False,91,ESSONNE,25,VERSAILLES
0910968H,Collège Alain Fournier,hors EP,141.3,12.6,145.0,False,False,accord : hors,False,False,accord : hors,False,False,91,ESSONNE,25,VERSAILLES
0910969J,Collège Émile Zola,hors EP,133.6,12.0,199.0,False,False,accord : hors,False,False,accord : hors,False,False,91,ESSONNE,25,VERSAILLES
0910971L,Collège Les Sablons,REP,84.7,7.9,131.0,True,True,accord : à classer,True,True,accord : à classer,False,False,91,ESSONNE,25,VERSAILLES
0910973N,Collège Eugène Delacroix,hors EP,92.5,7.9,134.0,False,True,note seule,False,True,note seule,False,False,91,ESSONNE,25,VERSAILLES
0910977T,Collège Albert Camus,hors EP,110.0,9.5,138.0,False,False,accord : hors,False,False,accord : hors,False,False,91,ESSONNE,25,VERSAILLES
0910979V,Collège Bellevue,hors EP,118.6,9.6,260.0,False,False,accord : hors,False,False,accord : hors,False,False,91,ESSONNE,25,VERSAILLES
0911022S,Collège André Dunoyer de Segonzac,hors EP,103.0,10.1,205.0,False,False,accord : hors,False,False,accord : hors,False,False,91,ESSONNE,25,VERSAILLES
0911024U,Collège Louise Michel,REP+,83.5,7.5,134.0,True,True,accord : à classer,True,True,accord : à classer,False,False,91,ESSONNE,25,VERSAILLES
0911025V,Collège Jean Lurçat,REP,78.9,8.5,196.0,True,True,accord : à classer,True,True,accord : à classer,False,False,91,ESSONNE,25,VERSAILLES
0911027X,Collège Michel-Richard Delalande,REP,86.2,8.2,175.0,True,True,accord : à classer,True,True,accord : à classer,False,False,91,ESSONNE,25,VERSAILLES
0911028Y,Collège Ferdinand Buisson,hors EP,96.7,10.4,144.0,False,False,accord : hors,False,False,accord : hors,False,False,91,ESSONNE,25,VERSAILLES
0911029Z,Collège Pablo Picasso,hors EP,102.8,9.8,187.0,False,False,accord : hors,False,False,accord : hors,False,False,91,ESSONNE,25,VERSAILLES
0911031B,Collège Denis Diderot,hors EP,106.0,9.1,188.0,False,True,note seule,False,False,accord : hors,False,False,91,ESSONNE,25,VERSAILLES
0911032C,Collège Pierre Mendès France,hors EP,107.4,10.5,124.0,False,False,accord : hors,False,False,accord : hors,False,False,91,ESSONNE,25,VERSAILLES
0911034E,Collège César Franck,hors EP,123.1,11.3,174.0,False,False,accord : hors,False,False,accord : hors,False,False,91,ESSONNE,25,VERSAILLES
0911036G,Collège Jean Vilar,REP+,74.6,7.9,103.0,True,True,accord : à classer,True,True,accord : à classer,False,False,91,ESSONNE,25,VERSAILLES
0911038J,Collège Paul Bert,hors EP,107.0,9.4,126.0,False,False,accord : hors,False,False,accord : hors,False,False,91,ESSONNE,25,VERSAILLES
0911039K,Collège Paul Éluard,hors EP,101.3,8.8,261.0,False,True,note seule,False,False,accord : hors,False,False,91,ESSONNE,25,VERSAILLES
0911042N,Collège Paul Éluard,REP,86.3,8.3,179.0,True,True,accord : à classer,True,True,accord : à classer,False,False,91,ESSONNE,25,VERSAILLES
0911127F,Collège Mondétour,hors EP,89.9,9.0,121.0,False,True,note seule,True,False,IPS seul,False,False,91,ESSONNE,25,VERSAILLES
0911143Y,Collège Alexandre Fleming,hors EP,141.8,13.5,147.0,False,False,accord : hors,False,False,accord : hors,False,False,91,ESSONNE,25,VERSAILLES
0911145A,Collège Blaise Pascal,hors EP,117.3,11.6,144.0,False,False,accord : hors,False,False,accord : hors,False,False,91,ESSONNE,25,VERSAILLES
0911146B,Collège Henri Wallon,hors EP,95.9,8.9,144.0,False,True,note seule,False,False,accord : hors,False,False,91,ESSONNE,25,VERSAILLES
0911150F,Collège Marie Curie,hors EP,103.6,8.9,138.0,False,True,note seule,False,False,accord : hors,False,False,91,ESSONNE,25,VERSAILLES
0911152H,Collège Jean Moulin,hors EP,100.3,9.7,163.0,False,False,accord : hors,False,False,accord : hors,False,False,91,ESSONNE,25,VERSAILLES
0911185U,Collège Le Parc de Villeroy,hors EP,112.8,10.3,264.0,False,False,accord : hors,False,False,accord : hors,False,False,91,ESSONNE,25,VERSAILLES
0911250P,Collège Paul Fort,hors EP,94.3,9.5,129.0,False,False,accord : hors,False,False,accord : hors,False,False,91,ESSONNE,25,VERSAILLES
0911252S,Collège les Gâtines - René Cassin,hors EP,112.8,10.7,237.0,False,False,accord : hors,False,False,accord : hors,False,False,91,ESSONNE,25,VERSAILLES
0911253T,Collège Pablo Neruda,REP+,67.2,8.4,118.0,True,True,accord : à classer,True,True,accord : à classer,False,False,91,ESSONNE,25,VERSAILLES
0911255V,Collège Albert Camus,hors EP,114.0,10.9,165.0,False,False,accord : hors,False,False,accord : hors,False,False,91,ESSONNE,25,VERSAILLES
0911256W,Collège du Pont de Bois,hors EP,115.8,10.5,175.0,False,False,accord : hors,False,False,accord : hors,False,False,91,ESSONNE,25,VERSAILLES
0911257X,Collège Jean Moulin,hors EP,109.6,9.9,188.0,False,False,accord : hors,False,False,accord : hors,False,False,91,ESSONNE,25,VERSAILLES
0911334F,Collège Aimé Césaire,REP,80.2,8.5,126.0,True,True,accord : à classer,True,True,accord : à classer,False,False,91,ESSONNE,25,VERSAILLES
0911335G,Collège Jules Verne,hors EP,122.7,11.5,142.0,False,False,accord : hors,False,False,accord : hors,False,False,91,ESSONNE,25,VERSAILLES
0911340M,Collège Charles Péguy,hors EP,108.5,9.8,197.0,False,False,accord : hors,False,False,accord : hors,False,False,91,ESSONNE,25,VERSAILLES
0911341N,Collège La Tuilerie,hors EP,115.0,8.6,229.0,False,True,note seule,False,True,note seule,False,False,91,ESSONNE,25,VERSAILLES
0911345T,Collège Paul Fort,hors EP,106.8,9.5,230.0,False,False,accord : hors,False,False,accord : hors,False,False,91,ESSONNE,25,VERSAILLES
0911354C,Collège Les Goussons,hors EP,143.7,12.6,202.0,False,False,accord : hors,False,False,accord : hors,False,False,91,ESSONNE,25,VERSAILLES
0911396Y,Collège Georges Pompidou,hors EP,99.8,10.1,146.0,False,False,accord : hors,False,False,accord : hors,False,False,91,ESSONNE,25,VERSAILLES
0911397Z,Collège La Vallée,REP,84.8,6.9,175.0,True,True,accord : à classer,True,True,accord : à classer,False,False,91,ESSONNE,25,VERSAILLES
0911402E,Collège de Guinette,REP,83.7,8.7,158.0,True,True,accord : à classer,True,True,accord : à classer,False,False,91,ESSONNE,25,VERSAILLES
0911403F,Collège Hubert Robert,hors EP,103.4,9.6,168.0,False,False,accord : hors,False,False,accord : hors,False,False,91,ESSONNE,25,VERSAILLES
0911404G,Collège Jean Rostand,hors EP,117.6,9.3,155.0,False,False,accord : hors,False,False,accord : hors,False,True,91,ESSONNE,25,VERSAILLES
0911441X,Collège Pierre de Ronsard,hors EP,102.8,10.1,115.0,False,False,accord : hors,False,False,accord : hors,False,False,91,ESSONNE,25,VERSAILLES
0911443Z,Collège La Nacelle,REP,81.7,7.9,143.0,True,True,accord : à classer,True,True,accord : à classer,False,False,91,ESSONNE,25,VERSAILLES
0911444A,Collège Montesquieu,hors EP,71.8,8.3,130.0,True,True,accord : à classer,True,True,accord : à classer,False,False,91,ESSONNE,25,VERSAILLES
0911447D,Collège Le Roussay,hors EP,114.8,10.4,121.0,False,False,accord : hors,False,False,accord : hors,False,False,91,ESSONNE,25,VERSAILLES
0911488Y,Collège Charles Péguy,hors EP,97.8,8.4,133.0,False,True,note seule,False,True,note seule,False,False,91,ESSONNE,25,VERSAILLES
0911490A,Collège Pablo Neruda,hors EP,103.8,9.0,132.0,False,True,note seule,False,False,accord : hors,False,False,91,ESSONNE,25,VERSAILLES
0911491B,Collège Condorcet,hors EP,110.4,9.5,162.0,False,False,accord : hors,False,False,accord : hors,False,False,91,ESSONNE,25,VERSAILLES
0911570M,Collège Sédar Senghor,REP+,75.8,8.2,106.0,True,True,accord : à classer,True,True,accord : à classer,False,False,91,ESSONNE,25,VERSAILLES
0911572P,Collège Saint-Exupéry,hors EP,125.3,10.2,177.0,False,False,accord : hors,False,False,accord : hors,False,False,91,ESSONNE,25,VERSAILLES
0911574S,Collège Léonard de Vinci,hors EP,109.6,9.6,103.0,False,False,accord : hors,False,False,accord : hors,False,False,91,ESSONNE,25,VERSAILLES
0911729K,Collège des Pyramides,REP+,76.3,8.0,110.0,True,True,accord : à classer,True,True,accord : à classer,False,False,91,ESSONNE,25,VERSAILLES
0911754M,Collège Rosa Luxemburg,hors EP,111.7,9.3,112.0,False,False,accord : hors,False,False,accord : hors,False,True,91,ESSONNE,25,VERSAILLES
0911865H,Collège Paul Éluard,REP,88.3,8.3,132.0,True,True,accord : à classer,True,True,accord : à classer,False,False,91,ESSONNE,25,VERSAILLES
0911899V,Collège Roland Garros,hors EP,90.8,8.7,132.0,False,True,note seule,True,True,accord : à classer,False,False,91,ESSONNE,25,VERSAILLES
0911920T,Collège Jean Monnet,hors EP,128.3,12.4,116.0,False,False,accord : hors,False,False,accord : hors,False,False,91,ESSONNE,25,VERSAILLES
0911940P,Collège Émile Auvray,hors EP,111.4,9.3,108.0,False,False,accord : hors,False,False,accord : hors,False,True,91,ESSONNE,25,VERSAILLES
0911948Y,Collège Camille Claudel,hors EP,109.9,9.7,166.0,False,False,accord : hors,False,False,accord : hors,False,False,91,ESSONNE,25,VERSAILLES
0912086Y,Collège de l'Ermitage,hors EP,125.0,11.1,121.0,False,False,accord : hors,False,False,accord : hors,False,False,91,ESSONNE,25,VERSAILLES
0912109Y,Collège Robert Doisneau,hors EP,117.6,10.0,133.0,False,False,accord : hors,False,False,accord : hors,False,False,91,ESSONNE,25,VERSAILLES
0912173T,Collège Galilée,REP,88.0,7.9,104.0,True,True,accord : à classer,True,True,accord : à classer,False,False,91,ESSONNE,25,VERSAILLES
0912174U,Collège Louise Weiss,hors EP,110.4,10.0,115.0,False,False,accord : hors,False,False,accord : hors,False,False,91,ESSONNE,25,VERSAILLES
0912175V,Collège La Fontaine aux Bergers,hors EP,116.1,10.3,141.0,False,False,accord : hors,False,False,accord : hors,False,False,91,ESSONNE,25,VERSAILLES
0912196T,Collège Sonia Delaunay,REP+,77.6,7.2,128.0,True,True,accord : à classer,True,True,accord : à classer,False,False,91,ESSONNE,25,VERSAILLES
0912233H,Collège Olympe de Gouges,hors EP,115.8,10.4,148.0,False,False,accord : hors,False,False,accord : hors,False,False,91,ESSONNE,25,VERSAILLES
0912257J,Collège Rosa Parks,hors EP,99.4,9.6,141.0,False,False,accord : hors,False,False,accord : hors,False,False,91,ESSONNE,25,VERSAILLES
0912276E,Collège Germaine Tillion,hors EP,118.1,10.1,114.0,False,False,accord : hors,False,False,accord : hors,False,False,91,ESSONNE,25,VERSAILLES
0920068Z,Collège Maison Blanche,hors EP,138.7,12.4,198.0,False,False,accord : hors,False,False,accord : hors,False,False,92,HAUTS-DE-SEINE,25,VERSAILLES
0920077J,Collège Jean Perrin,hors EP,105.1,9.4,134.0,False,False,accord : hors,False,False,accord : hors,False,False,92,HAUTS-DE-SEINE,25,VERSAILLES
0920081N,Collège Les Ormeaux,hors EP,114.7,10.1,195.0,False,False,accord : hors,False,False,accord : hors,False,False,92,HAUTS-DE-SEINE,25,VERSAILLES
0920592U,Collège Moulin Joly,REP,91.6,9.2,136.0,False,True,note seule,True,False,IPS seul,False,False,92,HAUTS-DE-SEINE,25,VERSAILLES
0920594W,Collège République,REP,88.7,8.4,101.0,True,True,accord : à classer,True,True,accord : à classer,False,False,92,HAUTS-DE-SEINE,25,VERSAILLES
0920624D,Collège Romain Rolland,hors EP,127.4,11.9,145.0,False,False,accord : hors,False,False,accord : hors,False,False,92,HAUTS-DE-SEINE,25,VERSAILLES
0920626F,Collège Lakanal,hors EP,124.8,10.8,145.0,False,False,accord : hors,False,False,accord : hors,False,False,92,HAUTS-DE-SEINE,25,VERSAILLES
0920653K,Collège Alain Fournier,hors EP,133.9,12.7,173.0,False,False,accord : hors,False,False,accord : hors,False,False,92,HAUTS-DE-SEINE,25,VERSAILLES
0920689Z,Collège Jean Moulin,hors EP,127.8,11.5,162.0,False,False,accord : hors,False,False,accord : hors,False,False,92,HAUTS-DE-SEINE,25,VERSAILLES
0920700L,Collège Gounod,hors EP,142.5,12.9,113.0,False,False,accord : hors,False,False,accord : hors,False,False,92,HAUTS-DE-SEINE,25,VERSAILLES
0920852B,Collège Henri Dunant,hors EP,101.6,10.1,46.0,False,False,accord : hors,False,False,accord : hors,False,False,92,HAUTS-DE-SEINE,25,VERSAILLES
0920854D,Collège Les Petits Ponts,REP,96.4,8.8,131.0,False,True,note seule,False,False,accord : hors,False,False,92,HAUTS-DE-SEINE,25,VERSAILLES
0920855E,Collège Robert Doisneau,hors EP,112.9,11.7,89.0,False,False,accord : hors,False,False,accord : hors,False,False,92,HAUTS-DE-SEINE,25,VERSAILLES
0920877D,Collège Henri Matisse,hors EP,127.1,11.2,132.0,False,False,accord : hors,False,False,accord : hors,False,False,92,HAUTS-DE-SEINE,25,VERSAILLES
0920880G,Collège Paul Éluard,hors EP,111.8,10.7,131.0,False,False,accord : hors,False,False,accord : hors,False,False,92,HAUTS-DE-SEINE,25,VERSAILLES
0920881H,Collège Henri Bergson,hors EP,128.4,11.9,138.0,False,False,accord : hors,False,False,accord : hors,False,False,92,HAUTS-DE-SEINE,25,VERSAILLES
0920882J,Collège Victor Hugo,REP,94.7,9.1,133.0,False,True,note seule,False,False,accord : hors,False,False,92,HAUTS-DE-SEINE,25,VERSAILLES
0920883K,Collège Claude-Nicolas Ledoux,hors EP,118.3,10.0,103.0,False,False,accord : hors,False,False,accord : hors,False,False,92,HAUTS-DE-SEINE,25,VERSAILLES
0920884L,Collège Jean Macé,hors EP,133.2,12.7,139.0,False,False,accord : hors,False,False,accord : hors,False,False,92,HAUTS-DE-SEINE,25,VERSAILLES
0920885M,Collège Henri Sellier,hors EP,105.5,10.1,95.0,False,False,accord : hors,False,False,accord : hors,False,False,92,HAUTS-DE-SEINE,25,VERSAILLES
0920886N,Collège La Fontaine du Roy,hors EP,138.7,12.7,130.0,False,False,accord : hors,False,False,accord : hors,False,False,92,HAUTS-DE-SEINE,25,VERSAILLES
0921157H,Collège Édouard Vaillant,REP,95.5,9.3,215.0,False,False,accord : hors,False,False,accord : hors,False,True,92,HAUTS-DE-SEINE,25,VERSAILLES
0921159K,Collège Édouard Manet,REP,84.2,8.1,160.0,True,True,accord : à classer,True,True,accord : à classer,False,False,92,HAUTS-DE-SEINE,25,VERSAILLES
0921160L,Collège Jean-Baptiste Clément,REP,87.4,9.2,141.0,True,True,accord : à classer,True,False,IPS seul,False,False,92,HAUTS-DE-SEINE,25,VERSAILLES
0921162N,Collège Les Vallées,hors EP,134.5,12.1,164.0,False,False,accord : hors,False,False,accord : hors,False,False,92,HAUTS-DE-SEINE,25,VERSAILLES
0921165S,Collège Henri Wallon,hors EP,114.4,10.6,106.0,False,False,accord : hors,False,False,accord : hors,False,False,92,HAUTS-DE-SEINE,25,VERSAILLES
0921168V,Collège Romain Rolland,REP,93.9,9.1,110.0,False,True,note seule,False,False,accord : hors,False,False,92,HAUTS-DE-SEINE,25,VERSAILLES
0921170X,Collège La Fontaine,hors EP,138.5,13.3,138.0,False,False,accord : hors,False,False,accord : hors,False,False,92,HAUTS-DE-SEINE,25,VERSAILLES
0921178F,Collège Émile Zola,hors EP,112.7,10.0,98.0,False,False,accord : hors,False,False,accord : hors,False,False,92,HAUTS-DE-SEINE,25,VERSAILLES
0921179G,Collège Léonard de Vinci,REP,104.0,9.7,71.0,False,False,accord : hors,False,False,accord : hors,False,False,92,HAUTS-DE-SEINE,25,VERSAILLES
0921180H,Collège Thomas Masaryk,REP,92.0,8.0,94.0,False,True,note seule,False,True,note seule,False,False,92,HAUTS-DE-SEINE,25,VERSAILLES
0921181J,Collège Pierre Brossolette,hors EP,130.4,12.5,136.0,False,False,accord : hors,False,False,accord : hors,False,False,92,HAUTS-DE-SEINE,25,VERSAILLES
0921190U,Collège Haut Mesnil,hors EP,102.9,10.2,89.0,False,False,accord : hors,False,False,accord : hors,False,False,92,HAUTS-DE-SEINE,25,VERSAILLES
0921219A,Collège Les Bouvets,hors EP,111.7,10.3,128.0,False,False,accord : hors,False,False,accord : hors,False,False,92,HAUTS-DE-SEINE,25,VERSAILLES
0921228K,Collège Jean Macé,hors EP,95.5,9.1,167.0,False,True,note seule,False,False,accord : hors,False,False,92,HAUTS-DE-SEINE,25,VERSAILLES
0921233R,Collège Maréchal Leclerc,hors EP,120.5,11.7,166.0,False,False,accord : hors,False,False,accord : hors,False,False,92,HAUTS-DE-SEINE,25,VERSAILLES
0921234S,Collège Les Bons Raisins,hors EP,122.2,10.7,136.0,False,False,accord : hors,False,False,accord : hors,False,False,92,HAUTS-DE-SEINE,25,VERSAILLES
0921235T,Collège Les Martinets,hors EP,118.3,11.2,159.0,False,False,accord : hors,False,False,accord : hors,False,False,92,HAUTS-DE-SEINE,25,VERSAILLES
0921236U,Collège Landowski,hors EP,136.2,12.2,196.0,False,False,accord : hors,False,False,accord : hors,False,False,92,HAUTS-DE-SEINE,25,VERSAILLES
0921237V,Collège Bartholdi,hors EP,125.5,11.2,108.0,False,False,accord : hors,False,False,accord : hors,False,False,92,HAUTS-DE-SEINE,25,VERSAILLES
0921238W,Collège Jacqueline Auriol,hors EP,104.8,9.2,133.0,False,True,note seule,False,False,accord : hors,False,False,92,HAUTS-DE-SEINE,25,VERSAILLES
0921239X,Collège Jean Renoir,hors EP,119.3,10.8,171.0,False,False,accord : hors,False,False,accord : hors,False,False,92,HAUTS-DE-SEINE,25,VERSAILLES
0921240Y,Collège Saint-Exupéry,hors EP,127.6,12.8,143.0,False,False,accord : hors,False,False,accord : hors,False,False,92,HAUTS-DE-SEINE,25,VERSAILLES
0921241Z,Collège Paul Bert,hors EP,119.1,11.2,143.0,False,False,accord : hors,False,False,accord : hors,False,False,92,HAUTS-DE-SEINE,25,VERSAILLES
0921242A,Collège Évariste Galois,hors EP,116.1,12.6,174.0,False,False,accord : hors,False,False,accord : hors,False,False,92,HAUTS-DE-SEINE,25,VERSAILLES
0921243B,Collège Anne Frank,hors EP,109.0,8.8,101.0,False,True,note seule,False,False,accord : hors,False,False,92,HAUTS-DE-SEINE,25,VERSAILLES
0921244C,Collège de Sèvres,hors EP,135.9,11.9,232.0,False,False,accord : hors,False,False,accord : hors,False,False,92,HAUTS-DE-SEINE,25,VERSAILLES
0921353W,Collège Les Chènevreux,hors EP,104.7,9.0,127.0,False,True,note seule,False,False,accord : hors,False,False,92,HAUTS-DE-SEINE,25,VERSAILLES
0921354X,Collège George Sand,hors EP,129.6,12.2,106.0,False,False,accord : hors,False,False,accord : hors,False,False,92,HAUTS-DE-SEINE,25,VERSAILLES
0921391M,Collège Jean Jaurès,hors EP,115.1,9.6,83.0,False,False,accord : hors,False,False,accord : hors,False,False,92,HAUTS-DE-SEINE,25,VERSAILLES
0921393P,Collège Danton,hors EP,128.1,12.1,157.0,False,False,accord : hors,False,False,accord : hors,False,False,92,HAUTS-DE-SEINE,25,VERSAILLES
0921394R,Collège André Doucet,REP,89.6,8.3,95.0,False,True,note seule,True,True,accord : à classer,False,False,92,HAUTS-DE-SEINE,25,VERSAILLES
0921396T,Collège Victor Hugo,hors EP,122.5,11.1,143.0,False,False,accord : hors,False,False,accord : hors,False,False,92,HAUTS-DE-SEINE,25,VERSAILLES
0921494Z,Collège Gay-Lussac,hors EP,98.6,8.6,141.0,False,True,note seule,False,True,note seule,False,False,92,HAUTS-DE-SEINE,25,VERSAILLES
0921496B,Collège Georges Pompidou,hors EP,130.2,11.9,155.0,False,False,accord : hors,False,False,accord : hors,False,False,92,HAUTS-DE-SEINE,25,VERSAILLES
0921498D,Collège André Maurois,hors EP,133.8,11.6,120.0,False,False,accord : hors,False,False,accord : hors,False,False,92,HAUTS-DE-SEINE,25,VERSAILLES
0921501G,Collège Marcel Pagnol,hors EP,127.0,12.1,141.0,False,False,accord : hors,False,False,accord : hors,False,False,92,HAUTS-DE-SEINE,25,VERSAILLES
0921502H,Collège Malmaison,hors EP,140.3,12.1,141.0,False,False,accord : hors,False,False,accord : hors,False,False,92,HAUTS-DE-SEINE,25,VERSAILLES
0921504K,Collège Maurice Genevoix,hors EP,123.7,11.4,106.0,False,False,accord : hors,False,False,accord : hors,False,False,92,HAUTS-DE-SEINE,25,VERSAILLES
0921507N,Collège François Furet,hors EP,144.7,13.1,144.0,False,False,accord : hors,False,False,accord : hors,False,False,92,HAUTS-DE-SEINE,25,VERSAILLES
0921541A,Collège Pasteur,hors EP,88.0,8.3,166.0,True,True,accord : à classer,True,True,accord : à classer,False,False,92,HAUTS-DE-SEINE,25,VERSAILLES
0921543C,Collège Georges Pompidou,REP,90.4,8.9,159.0,False,True,note seule,True,False,IPS seul,False,False,92,HAUTS-DE-SEINE,25,VERSAILLES
0921545E,Collège André Malraux,REP,86.2,9.1,139.0,True,True,accord : à classer,True,False,IPS seul,False,False,92,HAUTS-DE-SEINE,25,VERSAILLES
0921547G,Collège Voltaire,hors EP,100.1,8.9,156.0,False,True,note seule,False,False,accord : hors,False,False,92,HAUTS-DE-SEINE,25,VERSAILLES
0921550K,Collège Alfred de Vigny,hors EP,117.7,12.0,127.0,False,False,accord : hors,False,False,accord : hors,False,False,92,HAUTS-DE-SEINE,25,VERSAILLES
0921554P,Collège Bel Air,hors EP,136.2,12.9,104.0,False,False,accord : hors,False,False,accord : hors,False,False,92,HAUTS-DE-SEINE,25,VERSAILLES
0921589C,Collège Évariste Galois,REP+,76.8,8.2,90.0,True,True,accord : à classer,True,True,accord : à classer,False,False,92,HAUTS-DE-SEINE,25,VERSAILLES
0921590D,Collège Jules Verne,hors EP,138.8,13.0,139.0,False,False,accord : hors,False,False,accord : hors,False,False,92,HAUTS-DE-SEINE,25,VERSAILLES
0921591E,Collège Émile Verhaeren,hors EP,148.3,14.0,204.0,False,False,accord : hors,False,False,accord : hors,False,False,92,HAUTS-DE-SEINE,25,VERSAILLES
0921621M,Collège Guy Môquet,REP+,84.1,10.1,181.0,True,False,IPS seul,True,False,IPS seul,False,False,92,HAUTS-DE-SEINE,25,VERSAILLES
0921622N,Collège Auguste Renoir,hors EP,96.2,9.3,188.0,False,False,accord : hors,False,False,accord : hors,False,True,92,HAUTS-DE-SEINE,25,VERSAILLES
0921623P,Collège Jean Jaurès,REP,91.7,8.1,143.0,False,True,note seule,False,True,note seule,False,False,92,HAUTS-DE-SEINE,25,VERSAILLES
0921631Y,Collège Henri Barbusse,REP,88.8,8.4,106.0,False,True,note seule,True,True,accord : à classer,True,False,92,HAUTS-DE-SEINE,25,VERSAILLES
0921675W,Collège Marguerite Duras,REP,85.0,9.9,118.0,True,False,IPS seul,True,False,IPS seul,False,False,92,HAUTS-DE-SEINE,25,VERSAILLES
0921778H,Collège Joliot-Curie,REP,89.4,8.8,92.0,False,True,note seule,True,False,IPS seul,False,False,92,HAUTS-DE-SEINE,25,VERSAILLES
0921779J,Collège Albert Camus,hors EP,137.8,13.0,165.0,False,False,accord : hors,False,False,accord : hors,False,False,92,HAUTS-DE-SEINE,25,VERSAILLES
0921780K,Collège Louis Pasteur,hors EP,144.7,13.4,165.0,False,False,accord : hors,False,False,accord : hors,False,False,92,HAUTS-DE-SEINE,25,VERSAILLES
0921781L,Collège Théophile Gautier,hors EP,136.6,12.2,147.0,False,False,accord : hors,False,False,accord : hors,False,False,92,HAUTS-DE-SEINE,25,VERSAILLES
0921782M,Collège Rabelais,hors EP,138.9,11.6,170.0,False,False,accord : hors,False,False,accord : hors,False,False,92,HAUTS-DE-SEINE,25,VERSAILLES
0921783N,Collège Michelet,hors EP,139.7,12.2,144.0,False,False,accord : hors,False,False,accord : hors,False,False,92,HAUTS-DE-SEINE,25,VERSAILLES
0921784P,Collège Lakanal,hors EP,145.8,13.6,150.0,False,False,accord : hors,False,False,accord : hors,False,False,92,HAUTS-DE-SEINE,25,VERSAILLES
0921785R,Collège Marie Curie,hors EP,147.8,13.2,174.0,False,False,accord : hors,False,False,accord : hors,False,False,92,HAUTS-DE-SEINE,25,VERSAILLES
0921786S,Collège Descartes,hors EP,131.3,12.1,164.0,False,False,accord : hors,False,False,accord : hors,False,False,92,HAUTS-DE-SEINE,25,VERSAILLES
0921868F,Collège Henri-Georges Adam,hors EP,111.3,9.8,81.0,False,False,accord : hors,False,False,accord : hors,False,False,92,HAUTS-DE-SEINE,25,VERSAILLES
0921940J,Collège Paul Éluard,REP,96.2,8.7,94.0,False,True,note seule,False,True,note seule,False,False,92,HAUTS-DE-SEINE,25,VERSAILLES
0922020W,Collège Les Renardières,hors EP,113.9,11.3,110.0,False,False,accord : hors,False,False,accord : hors,False,False,92,HAUTS-DE-SEINE,25,VERSAILLES
0922143E,Collège Yves du Manoir,hors EP,134.6,11.9,68.0,False,False,accord : hors,False,False,accord : hors,False,False,92,HAUTS-DE-SEINE,25,VERSAILLES
0922247T,Collège de la Paix,hors EP,132.1,12.6,170.0,False,False,accord : hors,False,False,accord : hors,False,False,92,HAUTS-DE-SEINE,25,VERSAILLES
0922523T,Collège Les Bruyères,hors EP,137.7,13.1,158.0,False,False,accord : hors,False,False,accord : hors,False,False,92,HAUTS-DE-SEINE,25,VERSAILLES
0922565N,Collège François Truffaut,hors EP,129.7,12.9,180.0,False,False,accord : hors,False,False,accord : hors,False,False,92,HAUTS-DE-SEINE,25,VERSAILLES
0922578C,Collège Georges Seurat,hors EP,116.0,11.2,135.0,False,False,accord : hors,False,False,accord : hors,False,False,92,HAUTS-DE-SEINE,25,VERSAILLES
0922595W,Collège Vincent Van Gogh,hors EP,93.0,10.2,130.0,False,False,accord : hors,False,False,accord : hors,False,False,92,HAUTS-DE-SEINE,25,VERSAILLES
0922610M,Collège Georges Mandel,hors EP,133.6,12.3,115.0,False,False,accord : hors,False,False,accord : hors,False,False,92,HAUTS-DE-SEINE,25,VERSAILLES
0922629H,Collège Jean Mermoz,hors EP,135.7,12.2,142.0,False,False,accord : hors,False,False,accord : hors,False,False,92,HAUTS-DE-SEINE,25,VERSAILLES
0922630J,Collège Louis Blériot,hors EP,122.9,10.3,138.0,False,False,accord : hors,False,False,accord : hors,False,False,92,HAUTS-DE-SEINE,25,VERSAILLES
0922645A,Collège Les Champs Philippe,hors EP,121.1,11.2,133.0,False,False,accord : hors,False,False,accord : hors,False,False,92,HAUTS-DE-SEINE,25,VERSAILLES
0922662U,Collège Robert Paparemborde,hors EP,114.1,11.1,107.0,False,False,accord : hors,False,False,accord : hors,False,False,92,HAUTS-DE-SEINE,25,VERSAILLES
0922701L,Collège Armande Béjart,hors EP,94.8,8.7,128.0,False,True,note seule,False,True,note seule,False,False,92,HAUTS-DE-SEINE,25,VERSAILLES
0930043S,Collège Jean de Beaumont,hors EP,92.3,9.5,130.0,False,False,accord : hors,False,False,accord : hors,False,False,93,SEINE-SAINT-DENIS,24,CRETEIL
0930089S,Collège Anatole France,hors EP,89.3,8.4,132.0,False,True,note seule,True,True,accord : à classer,False,False,93,SEINE-SAINT-DENIS,24,CRETEIL
0930100D,Collège Éric Tabarly,hors EP,100.3,10.0,114.0,False,False,accord : hors,False,False,accord : hors,False,False,93,SEINE-SAINT-DENIS,24,CRETEIL
0930586G,Collège Albert Camus,hors EP,97.7,9.4,146.0,False,False,accord : hors,False,False,accord : hors,False,False,93,SEINE-SAINT-DENIS,24,CRETEIL
0930593P,Collège Saint-Exupéry,hors EP,103.6,8.4,183.0,False,True,note seule,False,True,note seule,False,False,93,SEINE-SAINT-DENIS,24,CRETEIL
0930611J,Collège Nelson Mandela,REP,76.3,8.9,94.0,True,True,accord : à classer,True,True,accord : à classer,False,False,93,SEINE-SAINT-DENIS,24,CRETEIL
0930616P,Collège Romain Rolland,REP+,71.1,7.9,151.0,True,True,accord : à classer,True,True,accord : à classer,False,False,93,SEINE-SAINT-DENIS,24,CRETEIL
0930619T,Collège Édouard Herriot,hors EP,92.5,10.0,206.0,False,False,accord : hors,False,False,accord : hors,False,False,93,SEINE-SAINT-DENIS,24,CRETEIL
0930620U,Collège Léon Jouhaux,hors EP,95.6,9.8,162.0,False,False,accord : hors,False,False,accord : hors,False,False,93,SEINE-SAINT-DENIS,24,CRETEIL
0930623X,Collège Jean Moulin,hors EP,106.0,10.5,189.0,False,False,accord : hors,False,False,accord : hors,False,False,93,SEINE-SAINT-DENIS,24,CRETEIL
0930629D,Collège Jean-Baptiste Corot,hors EP,128.9,12.4,157.0,False,False,accord : hors,False,False,accord : hors,False,False,93,SEINE-SAINT-DENIS,24,CRETEIL
0930858C,Collège Pablo Neruda,hors EP,100.0,9.7,155.0,False,False,accord : hors,False,False,accord : hors,False,False,93,SEINE-SAINT-DENIS,24,CRETEIL
0930859D,Collège Gérard Philipe,hors EP,89.5,7.6,209.0,False,True,note seule,True,True,accord : à classer,False,False,93,SEINE-SAINT-DENIS,24,CRETEIL
0930865K,Collège Jean Lurçat,REP+,79.9,7.5,133.0,True,True,accord : à classer,True,True,accord : à classer,False,False,93,SEINE-SAINT-DENIS,24,CRETEIL
0930883E,Collège Saint-Exupéry,hors EP,109.0,10.7,191.0,False,False,accord : hors,False,False,accord : hors,False,False,93,SEINE-SAINT-DENIS,24,CRETEIL
0930884F,Collège Aimé et Eugénie Cotton,hors EP,89.6,9.5,204.0,False,False,accord : hors,True,False,IPS seul,False,False,93,SEINE-SAINT-DENIS,24,CRETEIL
0930891N,Collège Victor Hugo,REP,82.2,8.3,130.0,True,True,accord : à classer,True,True,accord : à classer,False,False,93,SEINE-SAINT-DENIS,24,CRETEIL
0930892P,Collège Anatole France,hors EP,94.1,9.7,159.0,False,False,accord : hors,False,False,accord : hors,False,False,93,SEINE-SAINT-DENIS,24,CRETEIL
0930893R,Collège Roger Martin du Gard,REP+,78.4,9.1,166.0,True,True,accord : à classer,True,True,accord : à classer,False,False,93,SEINE-SAINT-DENIS,24,CRETEIL
0930894S,Collège Honoré de Balzac,hors EP,93.0,8.8,180.0,False,True,note seule,False,True,note seule,False,False,93,SEINE-SAINT-DENIS,24,CRETEIL
0930897V,Collège Paul Painlevé,REP+,75.7,8.0,153.0,True,True,accord : à classer,True,True,accord : à classer,False,False,93,SEINE-SAINT-DENIS,24,CRETEIL
0930898W,Collège Madame de Sévigné,hors EP,96.3,9.3,156.0,False,False,accord : hors,False,True,note seule,False,True,93,SEINE-SAINT-DENIS,24,CRETEIL
0930900Y,Collège Jean-Pierre Timbaud,REP,78.4,7.3,104.0,True,True,accord : à classer,True,True,accord : à classer,False,False,93,SEINE-SAINT-DENIS,24,CRETEIL
0931005M,Collège Pierre Curie,hors EP,84.8,8.9,124.0,True,True,accord : à classer,True,True,accord : à classer,False,False,93,SEINE-SAINT-DENIS,24,CRETEIL
0931143M,Collège Jean Jaurès,REP,92.5,10.5,155.0,False,False,accord : hors,False,False,accord : hors,False,False,93,SEINE-SAINT-DENIS,24,CRETEIL
0931144N,Collège Jules Michelet,REP,89.5,8.7,78.0,False,True,note seule,True,True,accord : à classer,False,False,93,SEINE-SAINT-DENIS,24,CRETEIL
0931145P,Collège Robespierre,REP,86.3,9.4,187.0,True,False,IPS seul,True,False,IPS seul,False,False,93,SEINE-SAINT-DENIS,24,CRETEIL
0931147S,Collège Barbara,REP+,78.4,8.5,134.0,True,True,accord : à classer,True,True,accord : à classer,False,False,93,SEINE-SAINT-DENIS,24,CRETEIL
0931148T,Collège Georges Politzer,REP+,83.3,8.2,154.0,True,True,accord : à classer,True,True,accord : à classer,False,False,93,SEINE-SAINT-DENIS,24,CRETEIL
0931149U,Collège Pierre de Ronsard,REP,94.4,8.9,205.0,False,True,note seule,False,True,note seule,False,False,93,SEINE-SAINT-DENIS,24,CRETEIL
0931151W,Collège Jean Moulin,REP,96.3,9.7,78.0,False,False,accord : hors,False,False,accord : hors,False,False,93,SEINE-SAINT-DENIS,24,CRETEIL
0931181D,Collège Georges Politzer,REP,87.6,9.8,138.0,True,False,IPS seul,True,False,IPS seul,False,False,93,SEINE-SAINT-DENIS,24,CRETEIL
0931184G,Collège Jean Moulin,REP+,73.2,8.0,128.0,True,True,accord : à classer,True,True,accord : à classer,False,False,93,SEINE-SAINT-DENIS,24,CRETEIL
0931185H,Collège Gabriel Péri,REP,73.4,7.4,149.0,True,True,accord : à classer,True,True,accord : à classer,False,False,93,SEINE-SAINT-DENIS,24,CRETEIL
0931186J,Collège Denis Diderot,REP,87.3,8.2,136.0,True,True,accord : à classer,True,True,accord : à classer,False,False,93,SEINE-SAINT-DENIS,24,CRETEIL
0931187K,Collège Didier Daurat,hors EP,79.6,8.6,164.0,True,True,accord : à classer,True,True,accord : à classer,False,False,93,SEINE-SAINT-DENIS,24,CRETEIL
0931188L,Collège Raymond Poincaré,REP+,79.0,8.1,153.0,True,True,accord : à classer,True,True,accord : à classer,False,False,93,SEINE-SAINT-DENIS,24,CRETEIL
0931189M,Collège Le Parc,hors EP,102.8,11.0,156.0,False,False,accord : hors,False,False,accord : hors,False,False,93,SEINE-SAINT-DENIS,24,CRETEIL
0931190N,Collège Évariste Galois,REP+,74.1,8.2,125.0,True,True,accord : à classer,True,True,accord : à classer,False,False,93,SEINE-SAINT-DENIS,24,CRETEIL
0931191P,Collège Romain Rolland,hors EP,99.6,9.6,174.0,False,False,accord : hors,False,False,accord : hors,False,False,93,SEINE-SAINT-DENIS,24,CRETEIL
0931192R,Collège Les Mousseaux,hors EP,89.1,8.5,145.0,False,True,note seule,True,True,accord : à classer,False,False,93,SEINE-SAINT-DENIS,24,CRETEIL
0931194T,Collège République,REP+,79.1,8.8,206.0,True,True,accord : à classer,True,True,accord : à classer,False,False,93,SEINE-SAINT-DENIS,24,CRETEIL
0931195U,Collège Auguste Delaune,REP,78.7,8.3,129.0,True,True,accord : à classer,True,True,accord : à classer,False,False,93,SEINE-SAINT-DENIS,24,CRETEIL
0931196V,Collège Angela Davis,REP,84.0,7.8,136.0,True,True,accord : à classer,True,True,accord : à classer,False,False,93,SEINE-SAINT-DENIS,24,CRETEIL
0931199Y,Collège Aretha Franklin (ex Paul Langevin),REP,75.8,9.4,173.0,True,False,IPS seul,True,False,IPS seul,False,False,93,SEINE-SAINT-DENIS,24,CRETEIL
0931200Z,Collège Pierre Sémard,REP,84.0,10.2,131.0,True,False,IPS seul,True,False,IPS seul,False,False,93,SEINE-SAINT-DENIS,24,CRETEIL
0931201A,Collège Paul Bert,hors EP,86.4,8.0,189.0,True,True,accord : à classer,True,True,accord : à classer,False,False,93,SEINE-SAINT-DENIS,24,CRETEIL
0931202B,Collège Liberté,REP,81.8,9.5,132.0,True,False,IPS seul,True,False,IPS seul,False,False,93,SEINE-SAINT-DENIS,24,CRETEIL
0931204D,Collège Marcel Cachin,REP,76.0,8.3,172.0,True,True,accord : à classer,True,True,accord : à classer,False,False,93,SEINE-SAINT-DENIS,24,CRETEIL
0931206F,Collège Jean Vilar,REP+,70.8,9.7,109.0,True,False,IPS seul,True,False,IPS seul,False,False,93,SEINE-SAINT-DENIS,24,CRETEIL
0931207G,Collège Évariste Galois,REP,80.3,9.3,129.0,True,False,IPS seul,True,False,IPS seul,False,True,93,SEINE-SAINT-DENIS,24,CRETEIL
0931209J,Collège Georges Politzer,REP,79.4,7.9,80.0,True,True,accord : à classer,True,True,accord : à classer,False,False,93,SEINE-SAINT-DENIS,24,CRETEIL
0931210K,Collège Marcelin Berthelot,hors EP,119.9,11.8,147.0,False,False,accord : hors,False,False,accord : hors,False,False,93,SEINE-SAINT-DENIS,24,CRETEIL
0931211L,Collège Marais de Villiers,REP,94.7,9.0,90.0,False,True,note seule,False,True,note seule,False,False,93,SEINE-SAINT-DENIS,24,CRETEIL
0931212M,Collège Oum Kalthoum,REP+,84.3,8.4,88.0,True,True,accord : à classer,True,True,accord : à classer,False,False,93,SEINE-SAINT-DENIS,24,CRETEIL
0931213N,Collège Colonel Fabien,REP,88.9,8.9,96.0,False,True,note seule,True,True,accord : à classer,False,False,93,SEINE-SAINT-DENIS,24,CRETEIL
0931214P,Collège Clos Saint-Vincent,hors EP,104.5,12.1,154.0,False,False,accord : hors,False,False,accord : hors,False,False,93,SEINE-SAINT-DENIS,24,CRETEIL
0931216S,Collège Jean Jaurès,REP+,72.0,8.6,88.0,True,True,accord : à classer,True,True,accord : à classer,False,False,93,SEINE-SAINT-DENIS,24,CRETEIL
0931217T,Collège Irène et Frédéric Joliot Curie,REP,99.6,10.9,129.0,False,False,accord : hors,False,False,accord : hors,False,False,93,SEINE-SAINT-DENIS,24,CRETEIL
0931218U,Collège Jean Lolive,REP+,82.0,9.0,107.0,True,True,accord : à classer,True,True,accord : à classer,False,False,93,SEINE-SAINT-DENIS,24,CRETEIL
0931219V,Collège Jean-Jacques Rousseau,hors EP,97.9,9.7,139.0,False,False,accord : hors,False,False,accord : hors,False,False,93,SEINE-SAINT-DENIS,24,CRETEIL
0931220W,Collège Travail Langevin,REP,86.5,8.4,123.0,True,True,accord : à classer,True,True,accord : à classer,False,False,93,SEINE-SAINT-DENIS,24,CRETEIL
0931221X,Collège Louise Michel,REP+,74.0,8.2,114.0,True,True,accord : à classer,True,True,accord : à classer,False,False,93,SEINE-SAINT-DENIS,24,CRETEIL
0931222Y,Collège Pierre-André Houël,REP,94.1,8.8,103.0,False,True,note seule,False,True,note seule,False,False,93,SEINE-SAINT-DENIS,24,CRETEIL
0931223Z,Collège Gustave Courbet,REP,80.3,7.6,179.0,True,True,accord : à classer,True,True,accord : à classer,False,False,93,SEINE-SAINT-DENIS,24,CRETEIL
0931224A,Collège Pablo Neruda,REP,78.9,8.1,153.0,True,True,accord : à classer,True,True,accord : à classer,False,False,93,SEINE-SAINT-DENIS,24,CRETEIL
0931225B,Collège Joliot Curie,REP+,78.6,8.0,131.0,True,True,accord : à classer,True,True,accord : à classer,False,False,93,SEINE-SAINT-DENIS,24,CRETEIL
0931226C,Collège Pablo Neruda,REP,78.9,8.3,164.0,True,True,accord : à classer,True,True,accord : à classer,False,False,93,SEINE-SAINT-DENIS,24,CRETEIL
0931227D,Collège Louis Pasteur,hors EP,103.8,9.4,145.0,False,False,accord : hors,False,False,accord : hors,False,False,93,SEINE-SAINT-DENIS,24,CRETEIL
0931228E,Collège Albert Camus,hors EP,97.6,10.3,122.0,False,False,accord : hors,False,False,accord : hors,False,False,93,SEINE-SAINT-DENIS,24,CRETEIL
0931229F,Collège Fabien,REP,80.5,7.9,142.0,True,True,accord : à classer,True,True,accord : à classer,False,False,93,SEINE-SAINT-DENIS,24,CRETEIL
0931230G,Collège Elsa Triolet,REP,84.2,8.2,118.0,True,True,accord : à classer,True,True,accord : à classer,False,False,93,SEINE-SAINT-DENIS,24,CRETEIL
0931231H,Collège Pierre de Geyter,REP,93.8,8.3,131.0,False,True,note seule,False,True,note seule,False,False,93,SEINE-SAINT-DENIS,24,CRETEIL
0931232J,Collège Henri Barbusse,REP,75.6,7.8,109.0,True,True,accord : à classer,True,True,accord : à classer,False,False,93,SEINE-SAINT-DENIS,24,CRETEIL
0931376R,Collège Jean-Baptiste Clément,hors EP,89.0,9.1,155.0,False,True,note seule,True,True,accord : à classer,False,False,93,SEINE-SAINT-DENIS,24,CRETEIL
0931377S,Collège Jacques Jorissen,REP,71.7,9.5,162.0,True,False,IPS seul,True,False,IPS seul,False,False,93,SEINE-SAINT-DENIS,24,CRETEIL
0931379U,Collège Pablo Neruda,REP+,77.8,7.5,156.0,True,True,accord : à classer,True,True,accord : à classer,False,False,93,SEINE-SAINT-DENIS,24,CRETEIL
0931381W,Collège Gustave Courbet,REP,98.8,9.7,166.0,False,False,accord : hors,False,False,accord : hors,False,False,93,SEINE-SAINT-DENIS,24,CRETEIL
0931382X,Collège Eugène Carrière,hors EP,122.3,12.5,110.0,False,False,accord : hors,False,False,accord : hors,False,False,93,SEINE-SAINT-DENIS,24,CRETEIL
0931428X,Collège Jean Vigo,REP+,76.5,9.7,142.0,True,False,IPS seul,True,False,IPS seul,False,False,93,SEINE-SAINT-DENIS,24,CRETEIL
0931429Y,Collège Jean Vilar,REP+,78.5,8.1,156.0,True,True,accord : à classer,True,True,accord : à classer,False,False,93,SEINE-SAINT-DENIS,24,CRETEIL
0931433C,Collège René Descartes,REP,77.0,7.8,177.0,True,True,accord : à classer,True,True,accord : à classer,False,False,93,SEINE-SAINT-DENIS,24,CRETEIL
0931434D,Collège Claude Debussy,REP+,77.9,8.4,174.0,True,True,accord : à classer,True,True,accord : à classer,False,False,93,SEINE-SAINT-DENIS,24,CRETEIL
0931439J,Collège Marie Curie,hors EP,111.6,10.2,155.0,False,False,accord : hors,False,False,accord : hors,False,False,93,SEINE-SAINT-DENIS,24,CRETEIL
0931448U,Collège Paul Éluard,hors EP,111.6,10.6,127.0,False,False,accord : hors,False,False,accord : hors,False,False,93,SEINE-SAINT-DENIS,24,CRETEIL
0931485J,Collège Georges Braque,REP,84.1,7.8,141.0,True,True,accord : à classer,True,True,accord : à classer,False,False,93,SEINE-SAINT-DENIS,24,CRETEIL
0931489N,Collège Federico Garcia Lorca,REP+,77.3,8.0,122.0,True,True,accord : à classer,True,True,accord : à classer,False,False,93,SEINE-SAINT-DENIS,24,CRETEIL
0931490P,Collège La Courtille,REP+,71.7,9.2,90.0,True,True,accord : à classer,True,True,accord : à classer,False,False,93,SEINE-SAINT-DENIS,24,CRETEIL
0931497X,Collège René Descartes,hors EP,86.1,8.7,119.0,True,True,accord : à classer,True,True,accord : à classer,False,False,93,SEINE-SAINT-DENIS,24,CRETEIL
0931546A,Collège Jean Jaurès,REP,89.1,8.0,151.0,False,True,note seule,True,True,accord : à classer,False,False,93,SEINE-SAINT-DENIS,24,CRETEIL
0931607S,Collège Jean Jaurès,REP,88.5,9.2,116.0,True,True,accord : à classer,True,True,accord : à classer,False,False,93,SEINE-SAINT-DENIS,24,CRETEIL
0931610V,Collège Jacques Prévert,hors EP,87.9,9.2,180.0,True,True,accord : à classer,True,True,accord : à classer,False,False,93,SEINE-SAINT-DENIS,24,CRETEIL
0931612X,Collège Jean Zay,REP+,73.3,7.0,135.0,True,True,accord : à classer,True,True,accord : à classer,False,False,93,SEINE-SAINT-DENIS,24,CRETEIL
0931614Z,Collège Jacques Prévert,hors EP,88.6,8.4,156.0,True,True,accord : à classer,True,True,accord : à classer,False,False,93,SEINE-SAINT-DENIS,24,CRETEIL
0931707A,Collège Pablo Picasso,REP,93.5,8.5,158.0,False,True,note seule,False,True,note seule,False,False,93,SEINE-SAINT-DENIS,24,CRETEIL
0931709C,Collège Henri Wallon,REP+,82.2,7.8,93.0,True,True,accord : à classer,True,True,accord : à classer,False,False,93,SEINE-SAINT-DENIS,24,CRETEIL
0931710D,Collège Olympe de Gouges,REP,85.5,9.5,125.0,True,False,IPS seul,True,False,IPS seul,False,False,93,SEINE-SAINT-DENIS,24,CRETEIL
0931711E,Collège Jean Renoir,REP,85.0,9.2,135.0,True,True,accord : à classer,True,True,accord : à classer,False,False,93,SEINE-SAINT-DENIS,24,CRETEIL
0931712F,Collège Jean Jaurès,hors EP,114.9,10.3,122.0,False,False,accord : hors,False,False,accord : hors,False,False,93,SEINE-SAINT-DENIS,24,CRETEIL
0931713G,Collège Antoine Laurent de Lavoisier,hors EP,93.0,9.7,146.0,False,False,accord : hors,False,False,accord : hors,False,False,93,SEINE-SAINT-DENIS,24,CRETEIL
0931723T,Collège Langevin Wallon,hors EP,87.6,8.9,124.0,True,True,accord : à classer,True,True,accord : à classer,False,False,93,SEINE-SAINT-DENIS,24,CRETEIL
0931765N,Collège Alfred Sisley,REP,80.5,8.0,80.0,True,True,accord : à classer,True,True,accord : à classer,False,False,93,SEINE-SAINT-DENIS,24,CRETEIL
0931788N,Collège Henri Sellier,REP,85.9,8.3,136.0,True,True,accord : à classer,True,True,accord : à classer,False,False,93,SEINE-SAINT-DENIS,24,CRETEIL
0931860S,Collège Pierre Brossolette,REP,82.8,9.0,112.0,True,True,accord : à classer,True,True,accord : à classer,False,False,93,SEINE-SAINT-DENIS,24,CRETEIL
0931883S,Collège René Cassin,hors EP,84.8,9.6,93.0,True,False,IPS seul,True,False,IPS seul,False,False,93,SEINE-SAINT-DENIS,24,CRETEIL
0931978V,Collège Victor Hugo,REP,90.3,9.2,135.0,False,True,note seule,False,True,note seule,False,False,93,SEINE-SAINT-DENIS,24,CRETEIL
0931979W,Collège Georges Brassens,REP,84.4,9.3,157.0,True,False,IPS seul,True,False,IPS seul,False,True,93,SEINE-SAINT-DENIS,24,CRETEIL
0932038K,Collège Françoise Dolto,hors EP,90.2,10.1,98.0,False,False,accord : hors,False,False,accord : hors,False,False,93,SEINE-SAINT-DENIS,24,CRETEIL
0932261C,Collège Joséphine Baker,REP,86.6,9.1,129.0,True,True,accord : à classer,True,True,accord : à classer,False,False,93,SEINE-SAINT-DENIS,24,CRETEIL
0932262D,Collège de la Pléiade,REP,81.0,9.3,157.0,True,False,IPS seul,True,False,IPS seul,False,True,93,SEINE-SAINT-DENIS,24,CRETEIL
0932263E,Collège Camille Claudel,REP,81.8,9.9,159.0,True,False,IPS seul,True,False,IPS seul,False,False,93,SEINE-SAINT-DENIS,24,CRETEIL
0932272P,Collège Rosa Luxembourg,REP+,76.0,8.8,83.0,True,True,accord : à classer,True,True,accord : à classer,False,False,93,SEINE-SAINT-DENIS,24,CRETEIL
0932273R,Collège Iqbal Masih,REP+,81.7,8.5,134.0,True,True,accord : à classer,True,True,accord : à classer,False,False,93,SEINE-SAINT-DENIS,24,CRETEIL
0932301W,Collège Henri IV,hors EP,88.9,9.9,129.0,False,False,accord : hors,True,False,IPS seul,False,False,93,SEINE-SAINT-DENIS,24,CRETEIL
0932310F,Collège Christine de Pisan,REP,79.4,9.3,127.0,True,False,IPS seul,True,False,IPS seul,False,True,93,SEINE-SAINT-DENIS,24,CRETEIL
0932311G,Collège Théodore Monod,hors EP,94.0,8.8,181.0,False,True,note seule,False,True,note seule,False,False,93,SEINE-SAINT-DENIS,24,CRETEIL
0932333F,Collège François Mitterrand,hors EP,106.5,10.4,122.0,False,False,accord : hors,False,False,accord : hors,False,False,93,SEINE-SAINT-DENIS,24,CRETEIL
0932334G,Collège Lucie Aubrac,REP,83.2,8.2,110.0,True,True,accord : à classer,True,True,accord : à classer,False,False,93,SEINE-SAINT-DENIS,24,CRETEIL
0932366S,Collège Robert Doisneau,REP+,79.0,8.7,131.0,True,True,accord : à classer,True,True,accord : à classer,False,False,93,SEINE-SAINT-DENIS,24,CRETEIL
0932454M,Collège Lucie Aubrac,hors EP,101.4,9.7,142.0,False,False,accord : hors,False,False,accord : hors,False,False,93,SEINE-SAINT-DENIS,24,CRETEIL
0932578X,Collège Simone Veil,hors EP,104.9,9.7,181.0,False,False,accord : hors,False,False,accord : hors,False,False,93,SEINE-SAINT-DENIS,24,CRETEIL
0932579Y,Collège Césaria Evora,REP,88.9,8.2,122.0,False,True,note seule,True,True,accord : à classer,False,False,93,SEINE-SAINT-DENIS,24,CRETEIL
0932580Z,Collège Jacqueline de Romilly,hors EP,86.3,9.3,130.0,True,False,IPS seul,True,False,IPS seul,False,True,93,SEINE-SAINT-DENIS,24,CRETEIL
0932581A,Collège international de l'Est parisien,hors EP,135.9,15.3,95.0,False,False,accord : hors,False,False,accord : hors,False,False,93,SEINE-SAINT-DENIS,24,CRETEIL
0932582B,Collège Dora Maar,REP,82.1,7.8,137.0,True,True,accord : à classer,True,True,accord : à classer,False,False,93,SEINE-SAINT-DENIS,24,CRETEIL
0932694Y,Collège Gisèle Halimi,REP+,76.2,7.9,107.0,True,True,accord : à classer,True,True,accord : à classer,False,False,93,SEINE-SAINT-DENIS,24,CRETEIL
0932695Z,Collège Germaine Tillion,hors EP,96.8,10.0,175.0,False,False,accord : hors,False,False,accord : hors,False,False,93,SEINE-SAINT-DENIS,24,CRETEIL
0932696A,Collège Sòlveig Anspach,hors EP,97.1,9.3,133.0,False,False,accord : hors,False,False,accord : hors,False,True,93,SEINE-SAINT-DENIS,24,CRETEIL
0932725G,Collège Françoise Héritier,hors EP,87.4,9.4,141.0,True,False,IPS seul,True,False,IPS seul,False,False,93,SEINE-SAINT-DENIS,24,CRETEIL
0932726H,Collège Miriam Makeba,REP+,89.0,8.2,102.0,False,True,note seule,True,True,accord : à classer,False,False,93,SEINE-SAINT-DENIS,24,CRETEIL
0940003T,Collège Amédée Laplace,REP,86.5,9.3,71.0,True,False,IPS seul,True,False,IPS seul,False,True,94,VAL-DE-MARNE,24,CRETEIL
0940006W,Collège Albert Schweitzer,REP,87.7,8.7,164.0,True,True,accord : à classer,True,True,accord : à classer,False,False,94,VAL-DE-MARNE,24,CRETEIL
0940012C,Collège Jules Ferry,hors EP,134.8,12.3,131.0,False,False,accord : hors,False,False,accord : hors,False,False,94,VAL-DE-MARNE,24,CRETEIL
0940022N,Collège Jean Perrin,hors EP,97.3,9.1,106.0,False,True,note seule,False,True,note seule,False,False,94,VAL-DE-MARNE,24,CRETEIL
0940024R,Collège Ovide Decroly,hors EP,149.5,12.7,35.0,False,False,accord : hors,False,False,accord : hors,False,False,94,VAL-DE-MARNE,24,CRETEIL
0940031Y,Collège Victor Hugo,hors EP,114.3,9.4,111.0,False,False,accord : hors,False,False,accord : hors,False,False,94,VAL-DE-MARNE,24,CRETEIL
0940038F,Collège Jean Charcot,hors EP,121.9,11.5,106.0,False,False,accord : hors,False,False,accord : hors,False,False,94,VAL-DE-MARNE,24,CRETEIL
0940042K,Collège Adolphe Chérioux,hors EP,96.6,8.3,106.0,False,True,note seule,False,True,note seule,False,False,94,VAL-DE-MARNE,24,CRETEIL
0940071S,Collège Liberté,hors EP,104.6,8.8,99.0,False,True,note seule,False,True,note seule,False,False,94,VAL-DE-MARNE,24,CRETEIL
0940072T,Collège les Closeaux,hors EP,127.2,12.4,75.0,False,False,accord : hors,False,False,accord : hors,False,False,94,VAL-DE-MARNE,24,CRETEIL
0940090M,Collège Paul Valéry,hors EP,114.3,12.8,169.0,False,False,accord : hors,False,False,accord : hors,False,False,94,VAL-DE-MARNE,24,CRETEIL
0940094S,Collège Francine Fromond,hors EP,96.7,10.5,65.0,False,False,accord : hors,False,False,accord : hors,False,False,94,VAL-DE-MARNE,24,CRETEIL
0940100Y,Collège Plaisance,hors EP,105.1,10.8,67.0,False,False,accord : hors,False,False,accord : hors,False,False,94,VAL-DE-MARNE,24,CRETEIL
0940101Z,Collège Antoine de Saint-Exupéry,hors EP,119.6,10.9,103.0,False,False,accord : hors,False,False,accord : hors,False,False,94,VAL-DE-MARNE,24,CRETEIL
0940516A,Collège Fréderic et Irène Joliot-Curie,hors EP,115.2,10.7,203.0,False,False,accord : hors,False,False,accord : hors,False,False,94,VAL-DE-MARNE,24,CRETEIL
0940521F,Collège Louis Pasteur,REP,89.2,10.2,115.0,False,False,accord : hors,True,False,IPS seul,False,False,94,VAL-DE-MARNE,24,CRETEIL
0940551N,Collège Eugène Chevreul,REP,94.4,9.9,134.0,False,False,accord : hors,False,False,accord : hors,False,False,94,VAL-DE-MARNE,24,CRETEIL
0940552P,Collège le Parc,hors EP,143.5,13.2,207.0,False,False,accord : hors,False,False,accord : hors,False,False,94,VAL-DE-MARNE,24,CRETEIL
0940569H,Collège Pierre de Ronsard,hors EP,132.8,12.3,174.0,False,False,accord : hors,False,False,accord : hors,False,False,94,VAL-DE-MARNE,24,CRETEIL
0940575P,Collège Paul Klee,hors EP,100.1,9.9,127.0,False,False,accord : hors,False,False,accord : hors,False,False,94,VAL-DE-MARNE,24,CRETEIL
0940581W,Collège Jean Moulin,REP,91.7,9.0,119.0,False,True,note seule,False,True,note seule,False,False,94,VAL-DE-MARNE,24,CRETEIL
0940582X,Collège Jean Charcot,hors EP,104.6,10.8,114.0,False,False,accord : hors,False,False,accord : hors,False,False,94,VAL-DE-MARNE,24,CRETEIL
0940583Y,Collège Pierre de Ronsard,hors EP,116.1,11.1,133.0,False,False,accord : hors,False,False,accord : hors,False,False,94,VAL-DE-MARNE,24,CRETEIL
0940612E,Collège Amédée Dunois,hors EP,103.4,10.4,69.0,False,False,accord : hors,False,False,accord : hors,False,False,94,VAL-DE-MARNE,24,CRETEIL
0940617K,Collège du Fort,hors EP,100.3,10.4,175.0,False,False,accord : hors,False,False,accord : hors,False,False,94,VAL-DE-MARNE,24,CRETEIL
0940625U,Collège Pierre et Marie Curie,hors EP,103.7,10.0,106.0,False,False,accord : hors,False,False,accord : hors,False,False,94,VAL-DE-MARNE,24,CRETEIL
0940748C,Collège du Parc,hors EP,129.4,12.1,154.0,False,False,accord : hors,False,False,accord : hors,False,False,94,VAL-DE-MARNE,24,CRETEIL
0940749D,Collège Roland Garros,REP,76.6,8.2,123.0,True,True,accord : à classer,True,True,accord : à classer,False,False,94,VAL-DE-MARNE,24,CRETEIL
0940786U,Collège Lucie Aubrac,REP,77.5,9.0,100.0,True,True,accord : à classer,True,True,accord : à classer,False,False,94,VAL-DE-MARNE,24,CRETEIL
0940787V,Collège Nicolas Boileau,REP,84.2,9.5,94.0,True,False,IPS seul,True,False,IPS seul,False,False,94,VAL-DE-MARNE,24,CRETEIL
0940788W,Collège Pierre Brossolette,hors EP,131.5,11.4,171.0,False,False,accord : hors,False,False,accord : hors,False,False,94,VAL-DE-MARNE,24,CRETEIL
0940789X,Collège de Lattre de Tassigny,hors EP,120.4,11.1,139.0,False,False,accord : hors,False,False,accord : hors,False,False,94,VAL-DE-MARNE,24,CRETEIL
0940790Y,Collège Jacques Offenbach,hors EP,132.2,13.5,130.0,False,False,accord : hors,False,False,accord : hors,False,False,94,VAL-DE-MARNE,24,CRETEIL
0940791Z,Collège Pierre Brossolette,REP,83.7,10.3,93.0,True,False,IPS seul,True,False,IPS seul,False,False,94,VAL-DE-MARNE,24,CRETEIL
0940792A,Collège Jules Ferry,REP+,79.8,10.2,105.0,True,False,IPS seul,True,False,IPS seul,False,False,94,VAL-DE-MARNE,24,CRETEIL
0940793B,Collège Antoine de Saint-Exupéry,hors EP,144.9,13.1,172.0,False,False,accord : hors,False,False,accord : hors,False,False,94,VAL-DE-MARNE,24,CRETEIL
0940794C,Collège Gustave Monod,REP,75.1,10.1,112.0,True,False,IPS seul,True,False,IPS seul,False,False,94,VAL-DE-MARNE,24,CRETEIL
0941014S,Collège Henri Cahn,hors EP,128.3,11.9,177.0,False,False,accord : hors,False,False,accord : hors,False,False,94,VAL-DE-MARNE,24,CRETEIL
0941015T,Collège Willy Ronis,REP,90.7,10.2,115.0,False,False,accord : hors,False,False,accord : hors,False,False,94,VAL-DE-MARNE,24,CRETEIL
0941017V,Collège Antoine de Saint-Exupéry,hors EP,120.0,10.8,113.0,False,False,accord : hors,False,False,accord : hors,False,False,94,VAL-DE-MARNE,24,CRETEIL
0941020Y,Collège Henri Barbusse,hors EP,103.0,11.6,112.0,False,False,accord : hors,False,False,accord : hors,False,False,94,VAL-DE-MARNE,24,CRETEIL
0941021Z,Collège Paul Langevin,REP,86.7,9.6,85.0,True,False,IPS seul,True,False,IPS seul,False,False,94,VAL-DE-MARNE,24,CRETEIL
0941022A,Collège Léon Blum,REP,105.4,10.1,150.0,False,False,accord : hors,False,False,accord : hors,False,False,94,VAL-DE-MARNE,24,CRETEIL
0941023B,Collège Condorcet,hors EP,117.1,12.2,63.0,False,False,accord : hors,False,False,accord : hors,False,False,94,VAL-DE-MARNE,24,CRETEIL
0941024C,Collège Jules Ferry,REP,92.3,9.8,66.0,False,False,accord : hors,False,False,accord : hors,False,False,94,VAL-DE-MARNE,24,CRETEIL
0941025D,Collège Assia Djebar,REP,87.2,8.7,73.0,True,True,accord : à classer,True,True,accord : à classer,False,False,94,VAL-DE-MARNE,24,CRETEIL
0941026E,Collège Molière,REP,91.6,9.9,117.0,False,False,accord : hors,False,False,accord : hors,False,False,94,VAL-DE-MARNE,24,CRETEIL
0941029H,Collège Jules Vallès,REP,89.2,8.8,133.0,False,True,note seule,True,True,accord : à classer,False,False,94,VAL-DE-MARNE,24,CRETEIL
0941032L,Collège Danielle Casanova,hors EP,85.4,8.6,103.0,True,True,accord : à classer,True,True,accord : à classer,False,False,94,VAL-DE-MARNE,24,CRETEIL
0941033M,Collège Jean Perrin,REP,85.0,8.2,123.0,True,True,accord : à classer,True,True,accord : à classer,False,False,94,VAL-DE-MARNE,24,CRETEIL
0941034N,Collège Joseph Lakanal,REP,83.0,8.9,103.0,True,True,accord : à classer,True,True,accord : à classer,False,False,94,VAL-DE-MARNE,24,CRETEIL
0941035P,Collège Jean Lurçat,hors EP,81.7,9.7,79.0,True,False,IPS seul,True,False,IPS seul,False,False,94,VAL-DE-MARNE,24,CRETEIL
0941036R,Collège Karl Marx,REP,85.1,8.7,103.0,True,True,accord : à classer,True,True,accord : à classer,False,False,94,VAL-DE-MARNE,24,CRETEIL
0941037S,Collège Louis Pasteur,hors EP,97.1,9.0,124.0,False,True,note seule,False,True,note seule,False,False,94,VAL-DE-MARNE,24,CRETEIL
0941038T,Collège du Centre - Aimé Césaire,hors EP,107.7,11.0,123.0,False,False,accord : hors,False,False,accord : hors,False,False,94,VAL-DE-MARNE,24,CRETEIL
0941039U,Collège Guy Môquet,hors EP,89.3,8.0,88.0,False,True,note seule,True,True,accord : à classer,False,False,94,VAL-DE-MARNE,24,CRETEIL
0941040V,Collège Émile Zola,REP,87.0,8.7,106.0,True,True,accord : à classer,True,True,accord : à classer,False,False,94,VAL-DE-MARNE,24,CRETEIL
0941042X,Collège Dorval,REP,89.0,8.9,138.0,False,True,note seule,True,True,accord : à classer,False,False,94,VAL-DE-MARNE,24,CRETEIL
0941044Z,Collège Robert Desnos,REP+,84.2,9.2,164.0,True,True,accord : à classer,True,True,accord : à classer,False,False,94,VAL-DE-MARNE,24,CRETEIL
0941046B,Collège Édouard Herriot,hors EP,130.9,12.7,135.0,False,False,accord : hors,False,False,accord : hors,False,False,94,VAL-DE-MARNE,24,CRETEIL
0941052H,Collège Fernande Flagon,REP,82.8,8.8,103.0,True,True,accord : à classer,True,True,accord : à classer,False,False,94,VAL-DE-MARNE,24,CRETEIL
0941090Z,Collège Victor Duruy,hors EP,125.4,11.2,128.0,False,False,accord : hors,False,False,accord : hors,False,False,94,VAL-DE-MARNE,24,CRETEIL
0941091A,Collège Antoine Watteau,hors EP,121.5,10.6,128.0,False,False,accord : hors,False,False,accord : hors,False,False,94,VAL-DE-MARNE,24,CRETEIL
0941092B,Collège Elsa Triolet,REP+,80.2,7.6,89.0,True,True,accord : à classer,True,True,accord : à classer,False,False,94,VAL-DE-MARNE,24,CRETEIL
0941093C,Collège Camille Pissarro,hors EP,141.3,12.5,205.0,False,False,accord : hors,False,False,accord : hors,False,False,94,VAL-DE-MARNE,24,CRETEIL
0941095E,Collège Paul Éluard,REP,80.0,9.5,103.0,True,False,IPS seul,True,False,IPS seul,False,False,94,VAL-DE-MARNE,24,CRETEIL
0941099J,Collège Rosa Parks,REP,94.9,9.2,100.0,False,True,note seule,False,True,note seule,False,False,94,VAL-DE-MARNE,24,CRETEIL
0941100K,Collège Paul Bert,hors EP,125.9,12.9,153.0,False,False,accord : hors,False,False,accord : hors,False,False,94,VAL-DE-MARNE,24,CRETEIL
0941101L,Collège Victor Hugo,hors EP,96.6,9.8,109.0,False,False,accord : hors,False,False,accord : hors,False,False,94,VAL-DE-MARNE,24,CRETEIL
0941102M,Collège Clément Guyard,hors EP,93.0,9.4,82.0,False,False,accord : hors,False,False,accord : hors,False,False,94,VAL-DE-MARNE,24,CRETEIL
0941103N,Collège Jean Macé,hors EP,89.7,9.3,134.0,False,False,accord : hors,False,False,accord : hors,False,True,94,VAL-DE-MARNE,24,CRETEIL
0941220R,Collège François Rabelais,hors EP,131.3,12.9,163.0,False,False,accord : hors,False,False,accord : hors,False,False,94,VAL-DE-MARNE,24,CRETEIL
0941221S,Collège Albert Camus,hors EP,109.4,9.6,197.0,False,False,accord : hors,False,False,accord : hors,False,False,94,VAL-DE-MARNE,24,CRETEIL
0941224V,Collège François Rabelais,REP,78.5,8.0,91.0,True,True,accord : à classer,True,True,accord : à classer,False,False,94,VAL-DE-MARNE,24,CRETEIL
0941229A,Collège Jules Vallès,hors EP,97.8,10.4,141.0,False,False,accord : hors,False,False,accord : hors,False,False,94,VAL-DE-MARNE,24,CRETEIL
0941231C,Collège Henri Matisse,REP,88.8,10.0,99.0,False,False,accord : hors,True,False,IPS seul,True,False,94,VAL-DE-MARNE,24,CRETEIL
0941233E,Collège Albert Camus,hors EP,99.5,10.2,84.0,False,False,accord : hors,False,False,accord : hors,False,False,94,VAL-DE-MARNE,24,CRETEIL
0941234F,Collège Jules Ferry,hors EP,104.3,10.2,78.0,False,False,accord : hors,False,False,accord : hors,False,False,94,VAL-DE-MARNE,24,CRETEIL
0941296Y,Collège Jean Macé,REP,85.7,8.7,128.0,True,True,accord : à classer,True,True,accord : à classer,False,False,94,VAL-DE-MARNE,24,CRETEIL
0941299B,Collège Paul Vaillant-Couturier,REP,95.1,10.2,147.0,False,False,accord : hors,False,False,accord : hors,False,False,94,VAL-DE-MARNE,24,CRETEIL
0941348E,Collège Molière,hors EP,108.0,11.0,120.0,False,False,accord : hors,False,False,accord : hors,False,False,94,VAL-DE-MARNE,24,CRETEIL
0941351H,Collège Louis Issaurat,hors EP,92.3,10.1,96.0,False,False,accord : hors,False,False,accord : hors,False,False,94,VAL-DE-MARNE,24,CRETEIL
0941353K,Collège la Cerisaie,hors EP,117.8,10.7,163.0,False,False,accord : hors,False,False,accord : hors,False,False,94,VAL-DE-MARNE,24,CRETEIL
0941410X,Collège Jean Moulin,hors EP,110.1,10.8,150.0,False,False,accord : hors,False,False,accord : hors,False,False,94,VAL-DE-MARNE,24,CRETEIL
0941411Y,Collège les Prunais,hors EP,101.3,10.2,144.0,False,False,accord : hors,False,False,accord : hors,False,False,94,VAL-DE-MARNE,24,CRETEIL
0941412Z,Collège la Guinette,hors EP,116.5,10.5,121.0,False,False,accord : hors,False,False,accord : hors,False,False,94,VAL-DE-MARNE,24,CRETEIL
0941431V,Collège Rol-Tanguy,hors EP,103.1,9.3,139.0,False,False,accord : hors,False,False,accord : hors,False,True,94,VAL-DE-MARNE,24,CRETEIL
0941478W,Collège Blaise Cendrars,REP,86.4,9.2,71.0,True,True,accord : à classer,True,True,accord : à classer,False,False,94,VAL-DE-MARNE,24,CRETEIL
0941596Z,Collège Nicolas de Staël,hors EP,122.5,12.1,137.0,False,False,accord : hors,False,False,accord : hors,False,False,94,VAL-DE-MARNE,24,CRETEIL
0941597A,Collège Edmond Nocard,hors EP,110.0,12.0,98.0,False,False,accord : hors,False,False,accord : hors,False,False,94,VAL-DE-MARNE,24,CRETEIL
0941598B,Collège Hector Berlioz,hors EP,146.7,13.7,126.0,False,False,accord : hors,False,False,accord : hors,False,False,94,VAL-DE-MARNE,24,CRETEIL
0941599C,Collège Édouard Branly,hors EP,134.6,11.7,142.0,False,False,accord : hors,False,False,accord : hors,False,False,94,VAL-DE-MARNE,24,CRETEIL
0941600D,Collège Louis Blanc,hors EP,130.8,12.1,142.0,False,False,accord : hors,False,False,accord : hors,False,False,94,VAL-DE-MARNE,24,CRETEIL
0941601E,Collège Romain Rolland,hors EP,89.9,8.5,163.0,False,True,note seule,False,True,note seule,False,False,94,VAL-DE-MARNE,24,CRETEIL
0941602F,Collège Christiane Desroches Noblecourt,REP,94.3,9.6,81.0,False,False,accord : hors,False,False,accord : hors,False,False,94,VAL-DE-MARNE,24,CRETEIL
0941603G,Collège Janusz Korczak,REP,87.2,9.0,112.0,True,True,accord : à classer,True,True,accord : à classer,False,False,94,VAL-DE-MARNE,24,CRETEIL
0941679P,Collège Albert Cron,hors EP,96.0,8.5,83.0,False,True,note seule,False,True,note seule,False,False,94,VAL-DE-MARNE,24,CRETEIL
0941781A,Collège Henri Wallon,REP,97.6,9.5,132.0,False,False,accord : hors,False,False,accord : hors,False,False,94,VAL-DE-MARNE,24,CRETEIL
0941782B,Collège Georges Brassens,hors EP,119.4,11.2,113.0,False,False,accord : hors,False,False,accord : hors,False,False,94,VAL-DE-MARNE,24,CRETEIL
0941783C,Collège Daniel Fery,hors EP,104.1,9.8,132.0,False,False,accord : hors,False,False,accord : hors,False,False,94,VAL-DE-MARNE,24,CRETEIL
0941971G,Collège Dulcie September,hors EP,100.9,9.8,178.0,False,False,accord : hors,False,False,accord : hors,False,False,94,VAL-DE-MARNE,24,CRETEIL
0942127B,Collège Simone de Beauvoir,hors EP,90.6,8.4,128.0,False,True,note seule,False,True,note seule,False,False,94,VAL-DE-MARNE,24,CRETEIL
0942187S,Collège Simone Veil,hors EP,122.6,11.3,109.0,False,False,accord : hors,False,False,accord : hors,False,False,94,VAL-DE-MARNE,24,CRETEIL
0942188T,Collège Françoise Giroud,hors EP,136.1,12.1,155.0,False,False,accord : hors,False,False,accord : hors,False,False,94,VAL-DE-MARNE,24,CRETEIL
0942434K,Collège Josette et Maurice Audin,hors EP,108.3,9.8,126.0,False,False,accord : hors,False,False,accord : hors,False,False,94,VAL-DE-MARNE,24,CRETEIL
0942482M,Collège Samuel Paty,REP,89.9,7.6,153.0,False,True,note seule,False,True,note seule,False,False,94,VAL-DE-MARNE,24,CRETEIL
0942499F,Collège Nelson Mandela,hors EP,89.1,8.9,84.0,False,True,note seule,True,True,accord : à classer,False,False,94,VAL-DE-MARNE,24,CRETEIL
0942532S,Collège Gisèle Halimi,hors EP,88.3,9.6,79.0,True,False,IPS seul,True,False,IPS seul,False,False,94,VAL-DE-MARNE,24,CRETEIL
0950014Z,Collège Aristide Briand,hors EP,97.3,9.5,192.0,False,False,accord : hors,False,False,accord : hors,False,False,95,VAL-D'OISE,25,VERSAILLES
0950019E,Collège Jules Ferry,hors EP,123.8,11.3,166.0,False,False,accord : hors,False,False,accord : hors,False,False,95,VAL-D'OISE,25,VERSAILLES
0950022H,Collège Bel Air,hors EP,93.1,8.9,119.0,False,True,note seule,False,False,accord : hors,False,False,95,VAL-D'OISE,25,VERSAILLES
0950023J,Collège Henri Wallon,REP+,68.1,7.4,147.0,True,True,accord : à classer,True,True,accord : à classer,False,False,95,VAL-D'OISE,25,VERSAILLES
0950025L,Collège Philippe Auguste,hors EP,88.0,7.3,135.0,True,True,accord : à classer,True,True,accord : à classer,False,False,95,VAL-D'OISE,25,VERSAILLES
0950026M,Collège Maximilien de Robespierre,REP,80.5,8.2,138.0,True,True,accord : à classer,True,True,accord : à classer,False,False,95,VAL-D'OISE,25,VERSAILLES
0950037Z,Collège Jean Zay,hors EP,87.8,8.5,108.0,True,True,accord : à classer,True,True,accord : à classer,False,False,95,VAL-D'OISE,25,VERSAILLES
0950039B,Collège Le Parc,REP,91.0,8.3,102.0,False,True,note seule,True,True,accord : à classer,False,False,95,VAL-D'OISE,25,VERSAILLES
0950045H,Collège Évariste Galois,REP,73.5,7.9,121.0,True,True,accord : à classer,True,True,accord : à classer,False,False,95,VAL-D'OISE,25,VERSAILLES
0950046J,Collège Descartes,hors EP,110.0,9.7,84.0,False,False,accord : hors,False,False,accord : hors,False,False,95,VAL-D'OISE,25,VERSAILLES
0950682A,Collège Denis Diderot,hors EP,115.6,10.6,166.0,False,False,accord : hors,False,False,accord : hors,False,False,95,VAL-D'OISE,25,VERSAILLES
0950711G,Collège Paul Éluard,REP+,74.7,8.2,118.0,True,True,accord : à classer,True,True,accord : à classer,False,False,95,VAL-D'OISE,25,VERSAILLES
0950722U,Collège Jean Moulin,hors EP,89.2,8.9,164.0,False,True,note seule,True,False,IPS seul,False,False,95,VAL-D'OISE,25,VERSAILLES
0950723V,Collège Jean Lurçat,REP+,65.8,8.7,173.0,True,True,accord : à classer,True,True,accord : à classer,False,False,95,VAL-D'OISE,25,VERSAILLES
0950739M,Collège Antoine de Saint-Exupéry,hors EP,90.4,8.8,160.0,False,True,note seule,True,False,IPS seul,False,False,95,VAL-D'OISE,25,VERSAILLES
0950748X,Collège Wanda Landowska,hors EP,116.4,10.6,138.0,False,False,accord : hors,False,False,accord : hors,False,False,95,VAL-D'OISE,25,VERSAILLES
0950749Y,Collège Saint-Exupéry,REP+,72.1,7.0,117.0,True,True,accord : à classer,True,True,accord : à classer,False,False,95,VAL-D'OISE,25,VERSAILLES
0950884V,Collège Carnot,hors EP,94.3,8.8,101.0,False,True,note seule,False,False,accord : hors,False,False,95,VAL-D'OISE,25,VERSAILLES
0950885W,Collège Irène Joliot-Curie,REP,80.2,8.0,119.0,True,True,accord : à classer,True,True,accord : à classer,False,False,95,VAL-D'OISE,25,VERSAILLES
0950886X,Collège Claude Monet,REP+,70.9,8.1,115.0,True,True,accord : à classer,True,True,accord : à classer,False,False,95,VAL-D'OISE,25,VERSAILLES
0950887Y,Collège Gabriel Péri,REP,88.9,8.5,180.0,False,True,note seule,True,True,accord : à classer,False,False,95,VAL-D'OISE,25,VERSAILLES
0950888Z,Collège Henri Wallon,REP,83.4,8.1,192.0,True,True,accord : à classer,True,True,accord : à classer,False,False,95,VAL-D'OISE,25,VERSAILLES
0950891C,Collège Pierre de Ronsard,hors EP,107.9,8.9,126.0,False,True,note seule,False,False,accord : hors,False,False,95,VAL-D'OISE,25,VERSAILLES
0950892D,Collège Jules Ferry,hors EP,127.2,11.1,161.0,False,False,accord : hors,False,False,accord : hors,False,False,95,VAL-D'OISE,25,VERSAILLES
0950893E,Collège André Chénier,hors EP,99.7,9.5,134.0,False,False,accord : hors,False,False,accord : hors,False,False,95,VAL-D'OISE,25,VERSAILLES
0950894F,Collège Jean-Claude Chabanne,hors EP,120.8,11.0,176.0,False,False,accord : hors,False,False,accord : hors,False,False,95,VAL-D'OISE,25,VERSAILLES
0950895G,Collège Simone Veil,REP,84.3,10.2,138.0,True,False,IPS seul,True,False,IPS seul,False,False,95,VAL-D'OISE,25,VERSAILLES
0950896H,Collège Nicolas Flamel,hors EP,89.8,8.7,136.0,False,True,note seule,True,True,accord : à classer,False,False,95,VAL-D'OISE,25,VERSAILLES
0950898K,Collège Pierre et Marie Curie,hors EP,117.0,10.7,189.0,False,False,accord : hors,False,False,accord : hors,False,False,95,VAL-D'OISE,25,VERSAILLES
0950900M,Collège Anatole France,REP,70.7,8.8,62.0,True,True,accord : à classer,True,False,IPS seul,False,False,95,VAL-D'OISE,25,VERSAILLES
0950908W,Collège François Mauriac,hors EP,99.9,8.2,142.0,False,True,note seule,False,True,note seule,False,False,95,VAL-D'OISE,25,VERSAILLES
0950926R,Collège Stendhal,hors EP,95.5,9.1,196.0,False,True,note seule,False,False,accord : hors,False,False,95,VAL-D'OISE,25,VERSAILLES
0950930V,Collège Georges Pompidou,hors EP,121.9,10.0,100.0,False,False,accord : hors,False,False,accord : hors,False,False,95,VAL-D'OISE,25,VERSAILLES
0950931W,Collège L'Ardillière de Nézant,hors EP,96.2,8.7,133.0,False,True,note seule,False,True,note seule,False,False,95,VAL-D'OISE,25,VERSAILLES
0950932X,Collège Jean Vilar,hors EP,120.5,10.1,181.0,False,False,accord : hors,False,False,accord : hors,False,False,95,VAL-D'OISE,25,VERSAILLES
0950933Y,Collège Jacques Monod,hors EP,102.3,10.6,142.0,False,False,accord : hors,False,False,accord : hors,False,False,95,VAL-D'OISE,25,VERSAILLES
0950934Z,Collège Georges Brassens,REP,84.0,8.9,97.0,True,True,accord : à classer,True,False,IPS seul,False,False,95,VAL-D'OISE,25,VERSAILLES
0950936B,Collège des Hautiers,hors EP,119.2,10.0,172.0,False,False,accord : hors,False,False,accord : hors,False,False,95,VAL-D'OISE,25,VERSAILLES
0950937C,Collège Les Touleuses,hors EP,103.1,11.0,165.0,False,False,accord : hors,False,False,accord : hors,False,False,95,VAL-D'OISE,25,VERSAILLES
0950939E,Collège Léon Blum,REP,71.5,7.3,170.0,True,True,accord : à classer,True,True,accord : à classer,False,False,95,VAL-D'OISE,25,VERSAILLES
0950941G,Collège Jean Bullant,hors EP,105.6,10.1,114.0,False,False,accord : hors,False,False,accord : hors,False,False,95,VAL-D'OISE,25,VERSAILLES
0950943J,Collège Chantereine,REP+,70.9,6.5,87.0,True,True,accord : à classer,True,True,accord : à classer,False,False,95,VAL-D'OISE,25,VERSAILLES
0950945L,Collège Le Carré Sainte-Honorine,hors EP,106.4,10.1,131.0,False,False,accord : hors,False,False,accord : hors,False,False,95,VAL-D'OISE,25,VERSAILLES
0951050A,Collège Pierre Curie,hors EP,85.8,9.4,112.0,True,False,IPS seul,True,False,IPS seul,False,False,95,VAL-D'OISE,25,VERSAILLES
0951051B,Collège Marcel Pagnol,hors EP,120.8,10.3,120.0,False,False,accord : hors,False,False,accord : hors,False,False,95,VAL-D'OISE,25,VERSAILLES
0951052C,Collège Blaise Pascal,hors EP,115.8,10.7,158.0,False,False,accord : hors,False,False,accord : hors,False,False,95,VAL-D'OISE,25,VERSAILLES
0951094Y,Collège Paul Vaillant-Couturier,REP,85.7,8.9,169.0,True,True,accord : à classer,True,False,IPS seul,False,False,95,VAL-D'OISE,25,VERSAILLES
0951098C,Collège Pablo Picasso,REP,76.9,8.1,142.0,True,True,accord : à classer,True,True,accord : à classer,False,False,95,VAL-D'OISE,25,VERSAILLES
0951099D,Collège Jacques Daguerre,hors EP,121.8,10.9,141.0,False,False,accord : hors,False,False,accord : hors,False,False,95,VAL-D'OISE,25,VERSAILLES
0951100E,Collège Épine Guyon,hors EP,107.5,9.5,162.0,False,False,accord : hors,False,False,accord : hors,False,False,95,VAL-D'OISE,25,VERSAILLES
0951102G,Collège Claude Monet,hors EP,109.4,9.5,108.0,False,False,accord : hors,False,False,accord : hors,False,False,95,VAL-D'OISE,25,VERSAILLES
0951138W,Collège Jean-Jacques Rousseau,REP,83.8,9.1,148.0,True,True,accord : à classer,True,False,IPS seul,False,False,95,VAL-D'OISE,25,VERSAILLES
0951139X,Collège Albert Camus,REP,90.9,8.6,107.0,False,True,note seule,True,True,accord : à classer,False,False,95,VAL-D'OISE,25,VERSAILLES
0951141Z,Collège Nicolas Copernic,hors EP,97.1,8.6,130.0,False,True,note seule,False,True,note seule,False,False,95,VAL-D'OISE,25,VERSAILLES
0951142A,Collège Robert Doisneau,REP,86.8,8.8,134.0,True,True,accord : à classer,True,False,IPS seul,False,False,95,VAL-D'OISE,25,VERSAILLES
0951143B,Collège Jean Moulin,hors EP,86.5,7.5,155.0,True,True,accord : à classer,True,True,accord : à classer,False,False,95,VAL-D'OISE,25,VERSAILLES
0951154N,Collège Camille Claudel,hors EP,103.5,8.6,142.0,False,True,note seule,False,True,note seule,False,False,95,VAL-D'OISE,25,VERSAILLES
0951190C,Collège Langevin-Wallon,hors EP,105.8,10.5,148.0,False,False,accord : hors,False,False,accord : hors,False,False,95,VAL-D'OISE,25,VERSAILLES
0951194G,Collège Pablo Picasso,hors EP,103.0,9.2,156.0,False,True,note seule,False,False,accord : hors,False,False,95,VAL-D'OISE,25,VERSAILLES
0951195H,Collège Marcel Pagnol,REP,93.2,8.4,173.0,False,True,note seule,False,True,note seule,False,False,95,VAL-D'OISE,25,VERSAILLES
0951196J,Collège Voltaire,REP,78.9,8.0,155.0,True,True,accord : à classer,True,True,accord : à classer,False,False,95,VAL-D'OISE,25,VERSAILLES
0951197K,Collège Georges Brassens,hors EP,105.3,9.9,184.0,False,False,accord : hors,False,False,accord : hors,False,False,95,VAL-D'OISE,25,VERSAILLES
0951230W,Collège Eugénie Cotton,REP,82.8,7.8,135.0,True,True,accord : à classer,True,True,accord : à classer,False,False,95,VAL-D'OISE,25,VERSAILLES
0951232Y,Collège Marie Sklodowska-Curie,hors EP,121.3,10.8,125.0,False,False,accord : hors,False,False,accord : hors,False,False,95,VAL-D'OISE,25,VERSAILLES
0951233Z,Collège Frania Eisenbach-Haverland,hors EP,122.2,10.9,126.0,False,False,accord : hors,False,False,accord : hors,False,False,95,VAL-D'OISE,25,VERSAILLES
0951279Z,Collège Les Coutures,hors EP,123.1,10.9,133.0,False,False,accord : hors,False,False,accord : hors,False,False,95,VAL-D'OISE,25,VERSAILLES
0951352D,Collège Albert Schweitzer,hors EP,100.3,9.1,117.0,False,True,note seule,False,False,accord : hors,False,False,95,VAL-D'OISE,25,VERSAILLES
0951354F,Collège André Malraux,hors EP,100.4,9.1,145.0,False,True,note seule,False,False,accord : hors,False,False,95,VAL-D'OISE,25,VERSAILLES
0951356H,Collège Lucie Aubrac,REP,82.6,8.7,184.0,True,True,accord : à classer,True,True,accord : à classer,False,False,95,VAL-D'OISE,25,VERSAILLES
0951357J,Collège Anna de Noailles,hors EP,113.6,9.8,153.0,False,False,accord : hors,False,False,accord : hors,False,False,95,VAL-D'OISE,25,VERSAILLES
0951400F,Collège Maubuisson,hors EP,110.6,9.2,149.0,False,True,note seule,False,False,accord : hors,False,False,95,VAL-D'OISE,25,VERSAILLES
0951401G,Collège La Justice,REP,83.7,8.2,134.0,True,True,accord : à classer,True,True,accord : à classer,False,False,95,VAL-D'OISE,25,VERSAILLES
0951403J,Collège La Bruyère,hors EP,100.4,9.5,118.0,False,False,accord : hors,False,False,accord : hors,False,False,95,VAL-D'OISE,25,VERSAILLES
0951527U,Collège Henri Guillaumet,hors EP,116.3,9.3,153.0,False,False,accord : hors,False,False,accord : hors,False,True,95,VAL-D'OISE,25,VERSAILLES
0951617S,Collège Gérard Philipe,REP,83.7,8.6,114.0,True,True,accord : à classer,True,True,accord : à classer,False,False,95,VAL-D'OISE,25,VERSAILLES
0951636M,Collège des Toupets,hors EP,104.6,9.4,110.0,False,False,accord : hors,False,False,accord : hors,False,False,95,VAL-D'OISE,25,VERSAILLES
0951672B,Collège Léonard de Vinci,hors EP,108.2,9.5,83.0,False,False,accord : hors,False,False,accord : hors,False,False,95,VAL-D'OISE,25,VERSAILLES
0951696C,Collège Georges Duhamel,hors EP,116.6,11.6,114.0,False,False,accord : hors,False,False,accord : hors,False,False,95,VAL-D'OISE,25,VERSAILLES
0951697D,Collège Le Moulin à Vent,REP,92.9,8.0,144.0,False,True,note seule,False,True,note seule,False,False,95,VAL-D'OISE,25,VERSAILLES
0951705M,Collège La Bussie,hors EP,118.8,10.5,143.0,False,False,accord : hors,False,False,accord : hors,False,False,95,VAL-D'OISE,25,VERSAILLES
0951724H,Collège Sainte-Apolline,hors EP,117.0,10.3,152.0,False,False,accord : hors,False,False,accord : hors,False,False,95,VAL-D'OISE,25,VERSAILLES
0951725J,Collège Jacques-Yves Cousteau,hors EP,107.3,9.7,144.0,False,False,accord : hors,False,False,accord : hors,False,False,95,VAL-D'OISE,25,VERSAILLES
0951726K,Collège Le Petit Bois,hors EP,98.2,9.4,99.0,False,False,accord : hors,False,False,accord : hors,False,False,95,VAL-D'OISE,25,VERSAILLES
0951754R,Collège Voltaire,hors EP,117.1,10.9,115.0,False,False,accord : hors,False,False,accord : hors,False,False,95,VAL-D'OISE,25,VERSAILLES
0951799P,Collège Charles Le Brun,hors EP,128.8,11.6,115.0,False,False,accord : hors,False,False,accord : hors,False,False,95,VAL-D'OISE,25,VERSAILLES
0951800R,Collège Louis Aragon,REP,92.3,9.0,163.0,False,True,note seule,False,False,accord : hors,False,False,95,VAL-D'OISE,25,VERSAILLES
0951801S,Collège des Merisiers,hors EP,104.0,9.4,108.0,False,False,accord : hors,False,False,accord : hors,False,False,95,VAL-D'OISE,25,VERSAILLES
0951822P,Collège Léonard de Vinci,hors EP,115.7,10.5,102.0,False,False,accord : hors,False,False,accord : hors,False,False,95,VAL-D'OISE,25,VERSAILLES
0951823R,Collège Charles François Daubigny,hors EP,123.3,10.8,111.0,False,False,accord : hors,False,False,accord : hors,False,False,95,VAL-D'OISE,25,VERSAILLES
0951909J,Collège Maurice Utrillo,hors EP,100.1,9.6,137.0,False,False,accord : hors,False,False,accord : hors,False,False,95,VAL-D'OISE,25,VERSAILLES
0951919V,Collège Françoise Dolto,hors EP,114.3,10.1,155.0,False,False,accord : hors,False,False,accord : hors,False,False,95,VAL-D'OISE,25,VERSAILLES
0951920W,Collège François Truffaut,REP,78.4,8.6,107.0,True,True,accord : à classer,True,True,accord : à classer,False,False,95,VAL-D'OISE,25,VERSAILLES
0951921X,Collège Montaigne,REP,85.1,7.7,174.0,True,True,accord : à classer,True,True,accord : à classer,False,False,95,VAL-D'OISE,25,VERSAILLES
0951945Y,Collège Victor Hugo,REP,83.6,7.3,103.0,True,True,accord : à classer,True,True,accord : à classer,False,False,95,VAL-D'OISE,25,VERSAILLES
0951964U,Collège Les Explorateurs,hors EP,94.8,9.0,118.0,False,True,note seule,False,False,accord : hors,False,False,95,VAL-D'OISE,25,VERSAILLES
0951991Y,Collège Cécile Sorel,hors EP,121.8,11.5,126.0,False,False,accord : hors,False,False,accord : hors,False,False,95,VAL-D'OISE,25,VERSAILLES
0951992Z,Collège Louis Augustin Bosc,hors EP,127.0,10.7,138.0,False,False,accord : hors,False,False,accord : hors,False,False,95,VAL-D'OISE,25,VERSAILLES
0951993A,Collège Martin Luther King,REP+,68.4,7.9,143.0,True,True,accord : à classer,True,True,accord : à classer,False,False,95,VAL-D'OISE,25,VERSAILLES
0952036X,Collège Henri Matisse,REP,77.4,8.4,113.0,True,True,accord : à classer,True,True,accord : à classer,False,False,95,VAL-D'OISE,25,VERSAILLES
0952045G,Collège Louis Hayet,hors EP,116.7,10.3,123.0,False,False,accord : hors,False,False,accord : hors,False,False,95,VAL-D'OISE,25,VERSAILLES
0952079U,Collège Rosa Bonheur,hors EP,113.2,9.7,66.0,False,False,accord : hors,False,False,accord : hors,False,False,95,VAL-D'OISE,25,VERSAILLES
0952080V,Collège Roland Vasseur,hors EP,127.4,11.6,141.0,False,False,accord : hors,False,False,accord : hors,False,False,95,VAL-D'OISE,25,VERSAILLES
0952086B,Collège Montesquieu,hors EP,113.9,10.9,149.0,False,False,accord : hors,False,False,accord : hors,False,False,95,VAL-D'OISE,25,VERSAILLES
0952087C,Collège Pierre Perret,hors EP,100.5,9.3,111.0,False,False,accord : hors,False,False,accord : hors,False,True,95,VAL-D'OISE,25,VERSAILLES
0952088D,Collège Jean-François Clervoy,hors EP,99.0,9.4,108.0,False,False,accord : hors,False,False,accord : hors,False,False,95,VAL-D'OISE,25,VERSAILLES
0952114G,Collège Ariane,hors EP,92.6,8.8,122.0,False,True,note seule,False,False,accord : hors,False,False,95,VAL-D'OISE,25,VERSAILLES
0952127W,Collège Aimé Césaire,hors EP,107.8,8.9,136.0,False,True,note seule,False,False,accord : hors,False,False,95,VAL-D'OISE,25,VERSAILLES
0952128X,Collège Georges Charpak,REP,77.7,8.4,124.0,True,True,accord : à classer,True,True,accord : à classer,False,False,95,VAL-D'OISE,25,VERSAILLES
0952140K,Collège Émilie du Châtelet,hors EP,99.2,10.0,101.0,False,False,accord : hors,False,False,accord : hors,False,False,95,VAL-D'OISE,25,VERSAILLES
0952205F,Collège Isabelle Autissier,hors EP,112.1,9.7,136.0,False,False,accord : hors,False,False,accord : hors,False,False,95,VAL-D'OISE,25,VERSAILLES
0952236P,Collège Louise Weiss,hors EP,122.5,11.5,84.0,False,False,accord : hors,False,False,accord : hors,False,False,95,VAL-D'OISE,25,VERSAILLES
0952282P,Collège Caroline Aigle,hors EP,93.3,8.2,56.0,False,True,note seule,False,True,note seule,False,False,95,VAL-D'OISE,25,VERSAILLES
0952325L,Collège Suzanne Lenglen,REP,86.4,8.4,63.0,True,True,accord : à classer,True,True,accord : à classer,False,False,95,VAL-D'OISE,25,VERSAILLES
6200006M,Collège Arthur Giovoni,REP,84.2,9.9,132.0,True,False,IPS seul,True,True,accord : à classer,False,False,2A,CORSE-DU-SUD,27,CORSE
6200010S,Collège Fesch,hors EP,127.2,11.9,135.0,False,False,accord : hors,False,False,accord : hors,False,False,2A,CORSE-DU-SUD,27,CORSE
6200011T,Collège Laetitia Bonaparte,REP,107.1,11.3,185.0,False,False,accord : hors,False,False,accord : hors,False,False,2A,CORSE-DU-SUD,27,CORSE
6200015X,Collège de Bonifacio,hors EP,97.9,8.9,63.0,False,True,note seule,False,True,note seule,False,False,2A,CORSE-DU-SUD,27,CORSE
6200040Z,Collège Léon Boujot,REP,96.0,10.9,172.0,False,False,accord : hors,True,False,IPS seul,False,False,2A,CORSE-DU-SUD,27,CORSE
6200041A,Collège Jean Nicoli,REP,98.6,9.7,53.0,False,False,accord : hors,False,True,note seule,False,False,2A,CORSE-DU-SUD,27,CORSE
6200045E,Collège du Taravo (site André Giusti),hors EP,98.9,9.3,39.0,False,False,accord : hors,False,True,note seule,False,True,2A,CORSE-DU-SUD,27,CORSE
6200048H,Collège Camille Borossi,hors EP,99.2,9.8,28.0,False,False,accord : hors,False,True,note seule,False,False,2A,CORSE-DU-SUD,27,CORSE
6200055R,Collège Georges Clemenceau,hors EP,100.9,11.0,42.0,False,False,accord : hors,False,False,accord : hors,False,False,2A,CORSE-DU-SUD,27,CORSE
6200080T,Collège de Porticcio,hors EP,112.3,10.5,106.0,False,False,accord : hors,False,False,accord : hors,False,False,2A,CORSE-DU-SUD,27,CORSE
6200084X,Collège du Stilettu,REP,106.1,10.1,157.0,False,False,accord : hors,False,False,accord : hors,False,False,2A,CORSE-DU-SUD,27,CORSE
6200191N,Collège Baleone,hors EP,106.5,10.0,127.0,False,False,accord : hors,False,False,accord : hors,False,False,2A,CORSE-DU-SUD,27,CORSE
6200697N,Collège Maria de Peretti,REP,96.3,11.0,111.0,False,False,accord : hors,True,False,IPS seul,False,False,2A,CORSE-DU-SUD,27,CORSE
7200004S,Collège Pascal Paoli,hors EP,105.7,9.4,89.0,False,False,accord : hors,False,True,note seule,False,False,2B,HAUTE-CORSE,27,CORSE
7200012A,Collège Saint-Joseph,REP+,61.9,10.4,38.0,True,False,IPS seul,True,False,IPS seul,False,False,2B,HAUTE-CORSE,27,CORSE
7200013B,Collège Montesoro,REP,91.5,11.5,137.0,False,False,accord : hors,True,False,IPS seul,False,False,2B,HAUTE-CORSE,27,CORSE
7200017F,Collège Jean Orabona,hors EP,96.5,9.1,109.0,False,True,note seule,True,True,accord : à classer,False,False,2B,HAUTE-CORSE,27,CORSE
7200020J,Collège P Pescetti,hors EP,95.1,9.1,72.0,False,True,note seule,True,True,accord : à classer,False,False,2B,HAUTE-CORSE,27,CORSE
7200025P,Collège Pascal Paoli,hors EP,99.9,10.1,100.0,False,False,accord : hors,False,False,accord : hors,False,False,2B,HAUTE-CORSE,27,CORSE
7200027S,Collège de Luri,REP,96.6,9.4,29.0,False,False,accord : hors,True,True,accord : à classer,False,False,2B,HAUTE-CORSE,27,CORSE
7200028T,Collège de Moltifao,hors EP,94.8,11.4,22.0,False,False,accord : hors,True,False,IPS seul,False,False,2B,HAUTE-CORSE,27,CORSE
7200044K,Collège Maria Ghjentile,hors EP,103.0,12.1,45.0,False,False,accord : hors,False,False,accord : hors,False,False,2B,HAUTE-CORSE,27,CORSE
7200053V,Collège de Lucciana-Mariana,hors EP,98.9,11.0,156.0,False,False,accord : hors,False,False,accord : hors,False,False,2B,HAUTE-CORSE,27,CORSE
7200086F,Collège du Fiumorbo,REP,89.0,9.4,175.0,False,False,accord : hors,True,True,accord : à classer,False,False,2B,HAUTE-CORSE,27,CORSE
7200160L,Collège Henri Tomasi Penta di Casinca,REP,93.0,9.4,107.0,False,False,accord : hors,True,True,accord : à classer,False,False,2B,HAUTE-CORSE,27,CORSE
7200612C,Collège Giraud,hors EP,116.0,11.6,131.0,False,False,accord : hors,False,False,accord : hors,False,False,2B,HAUTE-CORSE,27,CORSE
7200624R,Collège Simon Vinciguerra,hors EP,113.9,11.6,104.0,False,False,accord : hors,False,False,accord : hors,False,False,2B,HAUTE-CORSE,27,CORSE
7200727C,Collège de Biguglia,hors EP,105.4,10.8,134.0,False,False,accord : hors,False,False,accord : hors,False,False,2B,HAUTE-CORSE,27,CORSE
9710015P,Collège Général De Gaulle,hors EP,89.4,7.9,133.0,False,True,note seule,False,False,accord : hors,False,False,971,GUADELOUPE,32,GUADELOUPE
9710016R,Collège Félix Éboué,hors EP,98.3,8.5,172.0,False,True,note seule,False,False,accord : hors,False,False,971,GUADELOUPE,32,GUADELOUPE
9710021W,Collège Eugène Yssap,hors EP,97.4,8.8,176.0,False,True,note seule,False,False,accord : hors,False,False,971,GUADELOUPE,32,GUADELOUPE
9710022X,Collège du Mont des Accords,REP,87.8,5.2,195.0,True,True,accord : à classer,True,True,accord : à classer,False,False,971,GUADELOUPE,32,GUADELOUPE
9710023Y,Collège Bébel,hors EP,90.6,8.7,96.0,False,True,note seule,False,False,accord : hors,False,False,971,GUADELOUPE,32,GUADELOUPE
9710025A,Collège Fernand Balin,REP,92.9,7.5,44.0,False,True,note seule,False,True,note seule,False,False,971,GUADELOUPE,32,GUADELOUPE
9710026B,Collège Fontaines Bouillantes,REP,89.3,8.9,52.0,False,True,note seule,False,False,accord : hors,False,False,971,GUADELOUPE,32,GUADELOUPE
9710028D,Collège Maximilien Vrécord,hors EP,91.8,9.3,73.0,False,False,accord : hors,False,False,accord : hors,False,True,971,GUADELOUPE,32,GUADELOUPE
9710029E,Collège Courbaril,REP,94.2,9.2,57.0,False,True,note seule,False,False,accord : hors,False,False,971,GUADELOUPE,32,GUADELOUPE
9710030F,Collège Alexandre Macal,hors EP,97.1,9.2,147.0,False,True,note seule,False,False,accord : hors,False,False,971,GUADELOUPE,32,GUADELOUPE
9710034K,Collège Richard Samuel,hors EP,91.8,8.1,45.0,False,True,note seule,False,False,accord : hors,False,False,971,GUADELOUPE,32,GUADELOUPE
9710035L,Lycée Mireille Choisy,hors EP,106.4,11.3,85.0,False,False,accord : hors,False,False,accord : hors,False,False,971,GUADELOUPE,32,GUADELOUPE
9710036M,Collège Rémy Nainsouta,hors EP,113.9,10.4,122.0,False,False,accord : hors,False,False,accord : hors,False,False,971,GUADELOUPE,32,GUADELOUPE
9710039R,Collège Edmond Bambuck,hors EP,94.9,9.3,210.0,False,False,accord : hors,False,False,accord : hors,False,True,971,GUADELOUPE,32,GUADELOUPE
9710040S,Collège Maurice Satineau,hors EP,98.6,8.6,228.0,False,True,note seule,False,False,accord : hors,False,False,971,GUADELOUPE,32,GUADELOUPE
9710041T,Collège Jean Jaurès,REP+,85.1,7.6,41.0,True,True,accord : à classer,True,True,accord : à classer,False,False,971,GUADELOUPE,32,GUADELOUPE
9710045X,Collège Suze Angely,hors EP,84.9,7.6,85.0,True,True,accord : à classer,True,True,accord : à classer,False,False,971,GUADELOUPE,32,GUADELOUPE
9710072B,Collège Jules Michelet,hors EP,78.6,5.9,41.0,True,True,accord : à classer,True,True,accord : à classer,False,False,971,GUADELOUPE,32,GUADELOUPE
9710073C,Collège Sadi Carnot,REP,90.8,6.2,80.0,False,True,note seule,False,True,note seule,False,False,971,GUADELOUPE,32,GUADELOUPE
9710086S,Collège Appel du 18 Juin,hors EP,92.5,8.0,136.0,False,True,note seule,False,False,accord : hors,False,False,971,GUADELOUPE,32,GUADELOUPE
9710403L,Collège Florette Morand,hors EP,91.0,8.1,138.0,False,True,note seule,False,False,accord : hors,False,False,971,GUADELOUPE,32,GUADELOUPE
9710405N,Collège Raizet,hors EP,84.9,7.3,94.0,True,True,accord : à classer,True,True,accord : à classer,False,False,971,GUADELOUPE,32,GUADELOUPE
9710406P,Collège Germain Saint-Ruf,REP,87.1,8.5,109.0,True,True,accord : à classer,True,False,IPS seul,False,False,971,GUADELOUPE,32,GUADELOUPE
9710482X,Collège Joseph Pitat,hors EP,83.2,7.7,72.0,True,True,accord : à classer,True,True,accord : à classer,False,False,971,GUADELOUPE,32,GUADELOUPE
9710584H,Collège de Port-Louis,hors EP,92.6,7.2,54.0,False,True,note seule,False,True,note seule,False,False,971,GUADELOUPE,32,GUADELOUPE
9710643X,Collège Félix Aladin Flémin,hors EP,97.7,10.1,45.0,False,False,accord : hors,False,False,accord : hors,False,False,971,GUADELOUPE,32,GUADELOUPE
9710644Y,Collège Matéliane,hors EP,93.4,8.2,69.0,False,True,note seule,False,False,accord : hors,False,False,971,GUADELOUPE,32,GUADELOUPE
9710661S,Collège Nestor de Kermadec,REP+,70.2,6.9,48.0,True,True,accord : à classer,True,True,accord : à classer,False,False,971,GUADELOUPE,32,GUADELOUPE
9710686U,Collège Front de Mer,REP,80.7,6.3,63.0,True,True,accord : à classer,True,True,accord : à classer,False,False,971,GUADELOUPE,32,GUADELOUPE
9710687V,Collège Olympe Rame Decorbin,hors EP,97.1,7.8,64.0,False,True,note seule,False,False,accord : hors,False,False,971,GUADELOUPE,32,GUADELOUPE
9710707S,Collège les Roches Gravées,hors EP,97.4,8.7,77.0,False,True,note seule,False,False,accord : hors,False,False,971,GUADELOUPE,32,GUADELOUPE
9710710V,Collège Alexandre Isaac,REP,84.1,8.1,153.0,True,True,accord : à classer,True,False,IPS seul,False,False,971,GUADELOUPE,32,GUADELOUPE
9710826W,Collège Saint-John-Perse,hors EP,91.6,8.4,158.0,False,True,note seule,False,False,accord : hors,False,False,971,GUADELOUPE,32,GUADELOUPE
9710926E,Collège Gaston Calmet,hors EP,96.0,8.8,53.0,False,True,note seule,False,False,accord : hors,False,False,971,GUADELOUPE,32,GUADELOUPE
9710938T,Collège Aurélie Lambourde,REP,89.2,7.8,160.0,False,True,note seule,True,False,IPS seul,False,False,971,GUADELOUPE,32,GUADELOUPE
9711023K,Collège Soualiga,hors EP,87.9,8.0,113.0,True,True,accord : à classer,True,False,IPS seul,False,False,971,GUADELOUPE,32,GUADELOUPE
9711086D,Collège de Gourdeliane,hors EP,117.2,10.5,185.0,False,False,accord : hors,False,False,accord : hors,False,False,971,GUADELOUPE,32,GUADELOUPE
9711087E,Collège roche gravée de Moho,REP+,77.8,4.8,61.0,True,True,accord : à classer,True,True,accord : à classer,False,False,971,GUADELOUPE,32,GUADELOUPE
9711181G,Collège Bois Rada,REP,93.7,8.5,81.0,False,True,note seule,False,False,accord : hors,False,False,971,GUADELOUPE,32,GUADELOUPE
9711205H,Cité scolaire d'excellence sportive - lycée,hors EP,125.8,12.6,56.0,False,False,accord : hors,False,False,accord : hors,False,False,971,GUADELOUPE,32,GUADELOUPE
9711218X,Collège de Guenette,hors EP,99.4,8.6,165.0,False,True,note seule,False,False,accord : hors,False,False,971,GUADELOUPE,32,GUADELOUPE
9711231L,Collège Sylviane Telchid,hors EP,90.7,7.6,68.0,False,True,note seule,False,True,note seule,False,False,971,GUADELOUPE,32,GUADELOUPE
9720006Z,Collège Joseph Lagrosillière,hors EP,97.5,9.7,45.0,False,False,accord : hors,False,False,accord : hors,False,False,972,MARTINIQUE,31,MARTINIQUE
9720007A,Collège Aimé Césaire de Fort de France,REP+,71.7,5.5,39.0,True,True,accord : à classer,True,True,accord : à classer,False,False,972,MARTINIQUE,31,MARTINIQUE
9720008B,Collège du Carbet,hors EP,99.7,10.6,78.0,False,False,accord : hors,False,False,accord : hors,False,False,972,MARTINIQUE,31,MARTINIQUE
9720010D,Collège François Auguste Perrinon,hors EP,106.2,10.6,101.0,False,False,accord : hors,False,False,accord : hors,False,False,972,MARTINIQUE,31,MARTINIQUE
9720012F,Collège Euzhan Palcy,REP,92.2,8.2,75.0,False,True,note seule,False,True,note seule,False,False,972,MARTINIQUE,31,MARTINIQUE
9720016K,Collège Christiane Eda-Pierre,REP,88.5,8.0,38.0,True,True,accord : à classer,True,True,accord : à classer,False,False,972,MARTINIQUE,31,MARTINIQUE
9720017L,Collège Jacques Roumain,hors EP,90.6,7.7,88.0,False,True,note seule,True,True,accord : à classer,False,False,972,MARTINIQUE,31,MARTINIQUE
9720019N,Collège Paul Symphor,REP,93.5,9.4,73.0,False,False,accord : hors,False,False,accord : hors,False,False,972,MARTINIQUE,31,MARTINIQUE
9720020P,Collège Edmond Lucien Valard,hors EP,99.9,8.9,74.0,False,True,note seule,False,True,note seule,False,False,972,MARTINIQUE,31,MARTINIQUE
9720021R,Collège Belle étoile,REP,96.9,8.0,130.0,False,True,note seule,False,True,note seule,False,False,972,MARTINIQUE,31,MARTINIQUE
9720025V,Collège Rose Saint-Just,hors EP,108.7,9.1,60.0,False,True,note seule,False,False,accord : hors,False,False,972,MARTINIQUE,31,MARTINIQUE
9720028Y,Collège Eugène Mona,REP,88.5,8.7,22.0,True,True,accord : à classer,True,True,accord : à classer,False,False,972,MARTINIQUE,31,MARTINIQUE
9720031B,Collège du Vauclin,REP+,95.0,9.6,71.0,False,False,accord : hors,False,False,accord : hors,False,False,972,MARTINIQUE,31,MARTINIQUE
9720035F,Collège Jane Nardal (ex Collège du Diamant),hors EP,115.8,9.5,65.0,False,False,accord : hors,False,False,accord : hors,False,False,972,MARTINIQUE,31,MARTINIQUE
9720043P,Collège Constant Le Ray,hors EP,105.5,9.3,91.0,False,False,accord : hors,False,False,accord : hors,False,True,972,MARTINIQUE,31,MARTINIQUE
9720052Z,Collège Julia Nicolas,hors EP,75.4,6.0,55.0,True,True,accord : à classer,True,True,accord : à classer,False,False,972,MARTINIQUE,31,MARTINIQUE
9720083H,Collège Petit Manoir,REP,79.2,7.5,76.0,True,True,accord : à classer,True,True,accord : à classer,False,False,972,MARTINIQUE,31,MARTINIQUE
9720084J,Collège Jacqueline Julius,REP+,81.9,9.1,41.0,True,True,accord : à classer,True,False,IPS seul,False,False,972,MARTINIQUE,31,MARTINIQUE
9720349X,Collège Roger Castendet,hors EP,102.0,8.2,114.0,False,True,note seule,False,True,note seule,False,False,972,MARTINIQUE,31,MARTINIQUE
9720351Z,Collège Beauséjour,REP,87.0,9.0,36.0,True,True,accord : à classer,True,False,IPS seul,False,False,972,MARTINIQUE,31,MARTINIQUE
9720411P,Collège Tartenson,hors EP,118.3,11.3,103.0,False,False,accord : hors,False,False,accord : hors,False,False,972,MARTINIQUE,31,MARTINIQUE
9720412R,Collège Fernand Donatien,REP,79.2,6.9,75.0,True,True,accord : à classer,True,True,accord : à classer,False,False,972,MARTINIQUE,31,MARTINIQUE
9720428H,Collège Jeanne et Émile Adenet (la Jetée),hors EP,90.5,8.9,97.0,False,True,note seule,True,True,accord : à classer,False,False,972,MARTINIQUE,31,MARTINIQUE
9720445B,Collège Hubert Nero,REP+,81.9,8.9,60.0,True,True,accord : à classer,True,True,accord : à classer,False,False,972,MARTINIQUE,31,MARTINIQUE
9720446C,Collège Louis Delgrès,REP+,82.5,9.0,34.0,True,True,accord : à classer,True,False,IPS seul,False,False,972,MARTINIQUE,31,MARTINIQUE
9720447D,Collège Gérard Café,REP,91.2,7.3,83.0,False,True,note seule,True,True,accord : à classer,False,False,972,MARTINIQUE,31,MARTINIQUE
9720448E,Collège Georges Elisabeth,hors EP,91.5,8.1,84.0,False,True,note seule,True,True,accord : à classer,False,False,972,MARTINIQUE,31,MARTINIQUE
9720449F,Collège de Sainte-Luce,hors EP,101.9,10.7,52.0,False,False,accord : hors,False,False,accord : hors,False,False,972,MARTINIQUE,31,MARTINIQUE
9720455M,Collège Vincent Placoly,hors EP,114.6,9.9,99.0,False,False,accord : hors,False,False,accord : hors,False,False,972,MARTINIQUE,31,MARTINIQUE
9720469C,Collège Asselin de Beauville,hors EP,106.9,9.9,163.0,False,False,accord : hors,False,False,accord : hors,False,False,972,MARTINIQUE,31,MARTINIQUE
9720470D,Collège Édouard Glissant,hors EP,100.3,9.5,118.0,False,False,accord : hors,False,False,accord : hors,False,False,972,MARTINIQUE,31,MARTINIQUE
9720472F,Collège Aimé Césaire - Basse Pointe,REP+,80.4,8.1,48.0,True,True,accord : à classer,True,True,accord : à classer,False,False,972,MARTINIQUE,31,MARTINIQUE
9720495F,Collège Trianon,REP+,89.3,7.8,78.0,False,True,note seule,True,True,accord : à classer,False,False,972,MARTINIQUE,31,MARTINIQUE
9720498J,Collège Suzanne Roussi-Césaire,hors EP,101.1,10.3,76.0,False,False,accord : hors,False,False,accord : hors,False,False,972,MARTINIQUE,31,MARTINIQUE
9720513A,Collège Emmanuel Saldès,REP+,80.3,9.5,44.0,True,False,IPS seul,True,False,IPS seul,False,False,972,MARTINIQUE,31,MARTINIQUE
9720514B,Collège Isidore Pelage,hors EP,96.7,8.7,39.0,False,True,note seule,False,True,note seule,False,False,972,MARTINIQUE,31,MARTINIQUE
9720565G,Collège Alexandre Stellio,hors EP,90.8,10.9,21.0,False,False,accord : hors,True,False,IPS seul,False,False,972,MARTINIQUE,31,MARTINIQUE
9720682J,Collège Cassien Sainte-Claire,REP,85.4,8.3,81.0,True,True,accord : à classer,True,True,accord : à classer,False,False,972,MARTINIQUE,31,MARTINIQUE
9720684L,Collège de Terreville,hors EP,115.0,9.9,65.0,False,False,accord : hors,False,False,accord : hors,False,False,972,MARTINIQUE,31,MARTINIQUE
9720708M,Collège Jenny Alpha  (Ex Dillon 2),REP+,76.6,7.6,78.0,True,True,accord : à classer,True,True,accord : à classer,False,False,972,MARTINIQUE,31,MARTINIQUE
9720842H,Collège de Morne des Esses,REP,86.7,8.3,43.0,True,True,accord : à classer,True,True,accord : à classer,False,False,972,MARTINIQUE,31,MARTINIQUE
9720848P,Collège Mandy François-Elie (ex - Place d'Armes 2),REP,97.7,8.1,61.0,False,True,note seule,False,True,note seule,False,False,972,MARTINIQUE,31,MARTINIQUE
9720861D,Collège Robert 3,REP,89.2,9.0,77.0,False,True,note seule,True,False,IPS seul,False,False,972,MARTINIQUE,31,MARTINIQUE
9730020J,Collège Auxence Contout,REP+,73.2,6.1,162.0,True,True,accord : à classer,True,True,accord : à classer,False,False,973,GUYANE,33,GUYANE
9730083C,Collège Gérard Holder,REP+,89.5,8.4,260.0,False,True,note seule,True,True,accord : à classer,False,False,973,GUYANE,33,GUYANE
9730091L,Collège Paul Kapel,REP+,81.6,6.7,144.0,True,True,accord : à classer,True,True,accord : à classer,False,False,973,GUYANE,33,GUYANE
9730110G,Collège Eugénie Tell-Eboué (Saint-Laurent I),REP+,83.6,5.0,156.0,True,True,accord : à classer,True,True,accord : à classer,False,False,973,GUYANE,33,GUYANE
9730125Y,Collège Henri Agarande (Kourou I),REP+,81.9,8.1,146.0,True,True,accord : à classer,True,True,accord : à classer,False,False,973,GUYANE,33,GUYANE
9730130D,Collège Eugène Nonnon,REP+,76.2,6.8,89.0,True,True,accord : à classer,True,True,accord : à classer,False,False,973,GUYANE,33,GUYANE
9730145V,Collège Élie Castor,REP+,77.9,8.8,33.0,True,True,accord : à classer,True,True,accord : à classer,False,False,973,GUYANE,33,GUYANE
9730173A,Collège Chlore Constant,REP+,69.4,4.6,116.0,True,True,accord : à classer,True,True,accord : à classer,False,False,973,GUYANE,33,GUYANE
9730179G,Collège Auguste Dédé,hors EP,113.0,9.4,191.0,False,False,accord : hors,False,False,accord : hors,False,False,973,GUYANE,33,GUYANE
9730182K,Collège La Canopée -Matoury I,REP+,85.5,6.9,167.0,True,True,accord : à classer,True,True,accord : à classer,False,False,973,GUYANE,33,GUYANE
9730192W,Collège Léo Othily,REP+,72.1,4.8,136.0,True,True,accord : à classer,True,True,accord : à classer,False,False,973,GUYANE,33,GUYANE
9730193X,Collège Gran Man Difou,REP+,72.1,4.7,86.0,True,True,accord : à classer,True,True,accord : à classer,False,False,973,GUYANE,33,GUYANE
9730206L,Collège Just Hyasine,REP+,80.0,8.1,139.0,True,True,accord : à classer,True,True,accord : à classer,False,False,973,GUYANE,33,GUYANE
9730218Z,Collège Lise Ophion (Matoury II),REP+,73.0,4.9,120.0,True,True,accord : à classer,True,True,accord : à classer,False,False,973,GUYANE,33,GUYANE
9730219A,Collège Ferdinand Madeleine,REP+,77.8,6.7,33.0,True,True,accord : à classer,True,True,accord : à classer,False,False,973,GUYANE,33,GUYANE
9730237V,Collège Victor Schoelcher (Kourou II),REP+,83.5,7.5,129.0,True,True,accord : à classer,True,True,accord : à classer,False,False,973,GUYANE,33,GUYANE
9730247F,Collège Justin Catayée (Cayenne V),REP+,68.6,6.3,154.0,True,True,accord : à classer,True,True,accord : à classer,False,False,973,GUYANE,33,GUYANE
9730248G,Collège Albert Londres - Saint-Laurent II,REP+,70.4,3.9,204.0,True,True,accord : à classer,True,True,accord : à classer,False,False,973,GUYANE,33,GUYANE
9730306V,Collège Omeba Tobo (Kourou III),REP+,84.7,8.6,52.0,True,True,accord : à classer,True,True,accord : à classer,False,False,973,GUYANE,33,GUYANE
9730307W,Collège Concorde-Maurice Dumesnil,REP+,73.2,5.9,191.0,True,True,accord : à classer,True,True,accord : à classer,False,False,973,GUYANE,33,GUYANE
9730329V,Collège Paul Jean Louis,REP+,66.5,3.6,237.0,True,True,accord : à classer,True,True,accord : à classer,False,False,973,GUYANE,33,GUYANE
9730337D,Ma Aiye - Collège d'Apatou,REP+,71.2,4.5,95.0,True,True,accord : à classer,True,True,accord : à classer,False,False,973,GUYANE,33,GUYANE
9730348R,Collège Leodate Volmar,REP+,67.0,4.1,160.0,True,True,accord : à classer,True,True,accord : à classer,False,False,973,GUYANE,33,GUYANE
9730370P,Collège Réeberg Néron,REP+,82.0,8.6,110.0,True,True,accord : à classer,True,True,accord : à classer,False,False,973,GUYANE,33,GUYANE
9730373T,Collège Paule Berthelot,REP+,70.3,4.8,123.0,True,True,accord : à classer,True,True,accord : à classer,False,False,973,GUYANE,33,GUYANE
9730374U,Collège Antoine Sylvère Felix,REP+,96.8,7.4,126.0,False,True,note seule,True,True,accord : à classer,False,False,973,GUYANE,33,GUYANE
9730380A,Collège Achmat Kartadinama (Grand-Santi),REP+,71.6,3.1,64.0,True,True,accord : à classer,True,True,accord : à classer,False,False,973,GUYANE,33,GUYANE
9730394R,Collège Arsène Bouyer D'Angoma (Saint-Laurent V),REP+,70.9,4.9,185.0,True,True,accord : à classer,True,True,accord : à classer,False,False,973,GUYANE,33,GUYANE
9730451C,Collège Paul Suitman,REP+,65.5,3.7,20.0,True,True,accord : à classer,True,True,accord : à classer,False,False,973,GUYANE,33,GUYANE
9730483M,Collège Joseph Ho Ten You,REP+,86.8,9.1,68.0,True,True,accord : à classer,True,True,accord : à classer,False,False,973,GUYANE,33,GUYANE
9730587A,Collège de Montsinery-Tonnegrande,REP+,77.3,7.3,29.0,True,True,accord : à classer,True,True,accord : à classer,False,False,973,GUYANE,33,GUYANE
9740005M,Collège Adrien Cadet,hors EP,102.8,11.2,131.0,False,False,accord : hors,False,False,accord : hors,False,False,974,LA REUNION,28,LA REUNION
9740006N,Collège le Dimitile,hors EP,96.8,11.6,85.0,False,False,accord : hors,False,False,accord : hors,False,False,974,LA REUNION,28,LA REUNION
9740011U,Collège Hégésippe Hoarau,hors EP,90.6,9.4,157.0,False,False,accord : hors,False,True,note seule,False,False,974,LA REUNION,28,LA REUNION
9740012V,Collège Le Ruisseau,hors EP,92.8,10.4,153.0,False,False,accord : hors,False,False,accord : hors,False,False,974,LA REUNION,28,LA REUNION
9740018B,Collège Harry GRUCHET - La Chaloupe Saint-Leu,REP,78.4,9.3,88.0,True,False,IPS seul,True,True,accord : à classer,False,True,974,LA REUNION,28,LA REUNION
9740022F,Collège Adrien Cerneau,REP,81.6,8.7,94.0,True,True,accord : à classer,True,True,accord : à classer,False,False,974,LA REUNION,28,LA REUNION
9740027L,Collège de la Ravine des Cabris,REP,86.6,8.8,163.0,True,True,accord : à classer,False,True,note seule,False,False,974,LA REUNION,28,LA REUNION
9740035V,Collège Célimène Gaudieux,REP+,80.1,8.6,134.0,True,True,accord : à classer,True,True,accord : à classer,False,False,974,LA REUNION,28,LA REUNION
9740036W,Collège Terrain Fleury,hors EP,83.5,10.6,127.0,True,False,IPS seul,True,False,IPS seul,False,False,974,LA REUNION,28,LA REUNION
9740037X,Collège Gaston Crochet,REP,82.0,8.8,92.0,True,True,accord : à classer,True,True,accord : à classer,False,False,974,LA REUNION,28,LA REUNION
9740039Z,Collège Albert Lougnon,REP+,81.7,9.8,154.0,True,False,IPS seul,True,True,accord : à classer,False,False,974,LA REUNION,28,LA REUNION
9740042C,Collège de la Montagne,hors EP,102.7,10.8,140.0,False,False,accord : hors,False,False,accord : hors,False,False,974,LA REUNION,28,LA REUNION
9740044E,Collège Thérésien Cadet,REP,78.7,10.5,61.0,True,False,IPS seul,True,False,IPS seul,False,False,974,LA REUNION,28,LA REUNION
9740046G,Collège Fanny Desjardins,hors EP,88.4,9.1,171.0,True,True,accord : à classer,False,True,note seule,False,False,974,LA REUNION,28,LA REUNION
9740065C,Collège du Bassin Bleu,REP,83.4,10.2,91.0,True,False,IPS seul,True,False,IPS seul,False,False,974,LA REUNION,28,LA REUNION
9740069G,Collège de l'Étang Saint-Paul,REP,90.7,10.6,121.0,False,False,accord : hors,False,False,accord : hors,False,False,974,LA REUNION,28,LA REUNION
9740070H,Collège du 14e km,hors EP,85.4,10.0,211.0,True,False,IPS seul,False,False,accord : hors,False,False,974,LA REUNION,28,LA REUNION
9740080U,Collège Bourbon,REP+,74.7,8.9,135.0,True,True,accord : à classer,True,True,accord : à classer,False,False,974,LA REUNION,28,LA REUNION
9740081V,Collège Juliette Dodu,hors EP,97.9,10.7,198.0,False,False,accord : hors,False,False,accord : hors,False,False,974,LA REUNION,28,LA REUNION
9740083X,Collège Amiral Pierre Bouvet,REP+,73.0,7.9,87.0,True,True,accord : à classer,True,True,accord : à classer,False,False,974,LA REUNION,28,LA REUNION
9740084Y,Collège Raymond Vergès,hors EP,100.0,10.0,163.0,False,False,accord : hors,False,False,accord : hors,False,False,974,LA REUNION,28,LA REUNION
9740085Z,Collège Jeanne BARRET - Trois Bassins,REP,78.2,10.2,75.0,True,False,IPS seul,True,False,IPS seul,False,False,974,LA REUNION,28,LA REUNION
9740091F,Collège Leconte de Lisle,REP,75.6,7.7,168.0,True,True,accord : à classer,True,True,accord : à classer,False,False,974,LA REUNION,28,LA REUNION
9740093H,Collège Jules Solesse,hors EP,95.7,11.3,166.0,False,False,accord : hors,False,False,accord : hors,False,False,974,LA REUNION,28,LA REUNION
9740094J,Collège Hippolyte Foucque,REP,78.6,7.7,116.0,True,True,accord : à classer,True,True,accord : à classer,False,False,974,LA REUNION,28,LA REUNION
9740096L,Collège Alsace Corré,REP,76.9,9.2,52.0,True,True,accord : à classer,True,True,accord : à classer,False,False,974,LA REUNION,28,LA REUNION
9740468R,Collège Bory de Saint-Vincent,hors EP,79.6,8.9,72.0,True,True,accord : à classer,True,True,accord : à classer,False,False,974,LA REUNION,28,LA REUNION
9740546A,Collège Marcel Goulette,hors EP,93.8,9.7,207.0,False,False,accord : hors,False,True,note seule,False,False,974,LA REUNION,28,LA REUNION
9740548C,Collège Edmond Albius,REP,80.3,8.4,120.0,True,True,accord : à classer,True,True,accord : à classer,False,False,974,LA REUNION,28,LA REUNION
9740572D,Collège Les Deux Canons,REP+,78.2,8.5,198.0,True,True,accord : à classer,True,True,accord : à classer,False,False,974,LA REUNION,28,LA REUNION
9740574F,Collège Paul Hermann,REP+,72.7,7.7,109.0,True,True,accord : à classer,True,True,accord : à classer,False,False,974,LA REUNION,28,LA REUNION
9740576H,Collège les Tamarins,REP+,79.5,8.7,91.0,True,True,accord : à classer,True,True,accord : à classer,False,False,974,LA REUNION,28,LA REUNION
9740577J,Collège Joseph Hubert,REP,78.4,8.8,205.0,True,True,accord : à classer,True,True,accord : à classer,False,False,974,LA REUNION,28,LA REUNION
9740578K,Collège Achille Grondin,hors EP,89.1,10.1,187.0,False,False,accord : hors,False,False,accord : hors,False,False,974,LA REUNION,28,LA REUNION
9740595D,Collège Jules Reydellet,REP,73.8,8.2,98.0,True,True,accord : à classer,True,True,accord : à classer,False,False,974,LA REUNION,28,LA REUNION
9740596E,Collège Antoine Soubou,REP,83.6,8.6,115.0,True,True,accord : à classer,True,True,accord : à classer,False,False,974,LA REUNION,28,LA REUNION
9740598G,Collège de Mille Roches,REP+,74.3,7.6,194.0,True,True,accord : à classer,True,True,accord : à classer,False,False,974,LA REUNION,28,LA REUNION
9740599H,Collège Joseph Bédier,REP,73.1,8.8,124.0,True,True,accord : à classer,True,True,accord : à classer,False,False,974,LA REUNION,28,LA REUNION
9740618D,Collège Boris GAMALEYA Les Alizés,REP,77.9,8.5,108.0,True,True,accord : à classer,True,True,accord : à classer,False,False,974,LA REUNION,28,LA REUNION
9740620F,Collège Michel Debré,REP,78.1,9.1,174.0,True,True,accord : à classer,True,True,accord : à classer,False,False,974,LA REUNION,28,LA REUNION
9740645H,Collège Robert J. ARDON - Montgaillard,REP+,73.9,7.8,208.0,True,True,accord : à classer,True,True,accord : à classer,False,False,974,LA REUNION,28,LA REUNION
9740651P,Collège Auguste Lacaussade,REP,75.7,9.8,64.0,True,False,IPS seul,True,False,IPS seul,False,False,974,LA REUNION,28,LA REUNION
9740652R,Collège Trois Mares,hors EP,91.4,10.7,157.0,False,False,accord : hors,False,False,accord : hors,False,False,974,LA REUNION,28,LA REUNION
9740654T,Collège Joseph Suacot,hors EP,91.9,10.2,135.0,False,False,accord : hors,False,False,accord : hors,False,False,974,LA REUNION,28,LA REUNION
9740702V,Collège Hubert Delisle,REP+,76.4,8.3,121.0,True,True,accord : à classer,True,True,accord : à classer,False,False,974,LA REUNION,28,LA REUNION
9740703W,Collège Cambuston - Claude MAHOUDEAUX,REP+,76.9,8.4,114.0,True,True,accord : à classer,True,True,accord : à classer,False,False,974,LA REUNION,28,LA REUNION
9740734E,Collège François Mahé de la Bourdonnais,REP+,72.3,9.2,66.0,True,True,accord : à classer,True,True,accord : à classer,False,False,974,LA REUNION,28,LA REUNION
9740735F,Collège Jean d'Esme,hors EP,89.7,9.9,104.0,False,False,accord : hors,False,False,accord : hors,False,False,974,LA REUNION,28,LA REUNION
9740784J,Collège le Bernica,hors EP,89.4,10.1,136.0,False,False,accord : hors,False,False,accord : hors,False,False,974,LA REUNION,28,LA REUNION
9740811N,Collège Terre Sainte,REP+,80.4,10.9,121.0,True,False,IPS seul,True,False,IPS seul,False,False,974,LA REUNION,28,LA REUNION
9740812P,Collège l'Oasis,REP+,70.0,8.2,107.0,True,True,accord : à classer,True,True,accord : à classer,False,False,974,LA REUNION,28,LA REUNION
9740813R,Collège Simon Lucas,hors EP,100.6,11.1,111.0,False,False,accord : hors,False,False,accord : hors,False,False,974,LA REUNION,28,LA REUNION
9740841W,Collège Plateau Goyaves,REP+,70.8,7.0,154.0,True,True,accord : à classer,True,True,accord : à classer,False,False,974,LA REUNION,28,LA REUNION
9740909V,Collège Jean Albany,hors EP,95.0,10.4,159.0,False,False,accord : hors,False,False,accord : hors,False,False,974,LA REUNION,28,LA REUNION
9740932V,Collège les Aigrettes,hors EP,108.0,11.7,117.0,False,False,accord : hors,False,False,accord : hors,False,False,974,LA REUNION,28,LA REUNION
9741044S,Collège les Mascareignes,hors EP,90.4,10.0,121.0,False,False,accord : hors,False,False,accord : hors,False,False,974,LA REUNION,28,LA REUNION
9741045T,Collège Titan,REP+,82.2,8.7,95.0,True,True,accord : à classer,True,True,accord : à classer,False,False,974,LA REUNION,28,LA REUNION
9741047V,Collège la Marine,REP,82.3,10.2,138.0,True,False,IPS seul,True,False,IPS seul,False,False,974,LA REUNION,28,LA REUNION
9741048W,Collège Pointe des Châteaux,hors EP,98.1,10.4,137.0,False,False,accord : hors,False,False,accord : hors,False,False,974,LA REUNION,28,LA REUNION
9741049X,Collège Henri Matisse,REP+,73.4,8.8,100.0,True,True,accord : à classer,True,True,accord : à classer,False,False,974,LA REUNION,28,LA REUNION
9741188Y,Collège Bois de Nèfles,hors EP,99.4,10.6,191.0,False,False,accord : hors,False,False,accord : hors,False,False,974,LA REUNION,28,LA REUNION
9741189Z,Collège Jean Lafosse,REP+,71.2,6.5,106.0,True,True,accord : à classer,True,True,accord : à classer,False,False,974,LA REUNION,28,LA REUNION
9741190A,Collège de Plateau Caillou,REP,84.4,9.3,109.0,True,False,IPS seul,False,True,note seule,False,True,974,LA REUNION,28,LA REUNION
9741208V,Collège Elie Wiesel du Chaudron,REP+,74.0,8.9,89.0,True,True,accord : à classer,True,True,accord : à classer,False,False,974,LA REUNION,28,LA REUNION
9741235Z,Collège Émilien Adam de Villiers,hors EP,102.2,10.8,127.0,False,False,accord : hors,False,False,accord : hors,False,False,974,LA REUNION,28,LA REUNION
9741236A,Collège Texeira da Motta,hors EP,87.8,8.9,150.0,True,True,accord : à classer,False,True,note seule,False,False,974,LA REUNION,28,LA REUNION
9741237B,Collège de Quartier Français,hors EP,91.6,9.6,204.0,False,False,accord : hors,False,True,note seule,False,False,974,LA REUNION,28,LA REUNION
9741260B,Collège Émile Hugot,hors EP,105.3,11.3,106.0,False,False,accord : hors,False,False,accord : hors,False,False,974,LA REUNION,28,LA REUNION
9741261C,Collège Terrain Fayard,REP,74.5,7.3,133.0,True,True,accord : à classer,True,True,accord : à classer,False,False,974,LA REUNION,28,LA REUNION
9741262D,Collège la Chatoire,hors EP,83.3,9.9,120.0,True,False,IPS seul,True,False,IPS seul,False,False,974,LA REUNION,28,LA REUNION
9741313J,Collège Jean le Toullec,REP+,72.1,6.8,85.0,True,True,accord : à classer,True,True,accord : à classer,False,False,974,LA REUNION,28,LA REUNION
9741323V,Collège Beauséjour,hors EP,83.8,9.5,162.0,True,False,IPS seul,True,True,accord : à classer,False,False,974,LA REUNION,28,LA REUNION
9741346V,Collège Ligne des Bambous,REP,91.3,9.9,134.0,False,False,accord : hors,False,False,accord : hors,False,False,974,LA REUNION,28,LA REUNION
9741366S,Collège Guy Môquet,REP+,70.0,8.0,122.0,True,True,accord : à classer,True,True,accord : à classer,False,False,974,LA REUNION,28,LA REUNION
9741386N,Collège Héva - Chemin Morin,REP,77.9,8.8,130.0,True,True,accord : à classer,True,True,accord : à classer,False,False,974,LA REUNION,28,LA REUNION
9741387P,Collège Aimé Césaire,hors EP,108.3,11.8,106.0,False,False,accord : hors,False,False,accord : hors,False,False,974,LA REUNION,28,LA REUNION
9741581A,Collège du 12e km,hors EP,92.8,9.2,146.0,False,True,note seule,False,True,note seule,False,False,974,LA REUNION,28,LA REUNION
9741763Y,Collège Roquefeuil,hors EP,113.1,11.6,140.0,False,False,accord : hors,False,False,accord : hors,False,False,974,LA REUNION,28,LA REUNION
9760008E,Collège Bouéni-MTiti,REP,71.3,11.7,333.0,True,False,IPS seul,True,True,accord : à classer,False,False,976,MAYOTTE,43,MAYOTTE
9760009F,Collège Nelson Mandela de Doujani,REP+,56.0,10.1,352.0,True,False,IPS seul,True,True,accord : à classer,False,False,976,MAYOTTE,43,MAYOTTE
9760042S,Collège de Tsimkoura,REP,82.8,13.9,143.0,True,False,IPS seul,True,True,accord : à classer,False,False,976,MAYOTTE,43,MAYOTTE
9760094Y,Collège Bakari Kusu de Dzoumogné,REP,57.2,7.4,278.0,True,True,accord : à classer,True,True,accord : à classer,False,False,976,MAYOTTE,43,MAYOTTE
9760119A,Collège Ali Halidi de Chiconi,REP+,75.8,12.6,122.0,True,False,IPS seul,True,True,accord : à classer,False,False,976,MAYOTTE,43,MAYOTTE
9760162X,Collège de Kawéni 1,REP+,60.5,8.7,278.0,True,True,accord : à classer,True,True,accord : à classer,False,False,976,MAYOTTE,43,MAYOTTE
9760166B,Collège des Ylangs Ylangs,REP,78.0,8.7,195.0,True,True,accord : à classer,True,True,accord : à classer,False,False,976,MAYOTTE,43,MAYOTTE
9760167C,Collège de M'Tsangamouji,REP,78.8,12.2,237.0,True,False,IPS seul,True,True,accord : à classer,False,False,976,MAYOTTE,43,MAYOTTE
9760179R,Collège de Bandrelé,REP+,77.8,9.6,212.0,True,False,IPS seul,True,True,accord : à classer,False,False,976,MAYOTTE,43,MAYOTTE
9760180S,Collège Mariama Salim de Sada,REP,91.8,12.5,163.0,False,False,accord : hors,True,True,accord : à classer,False,False,976,MAYOTTE,43,MAYOTTE
9760183V,Collège de Zena M'Dere,REP,90.4,11.0,293.0,False,False,accord : hors,True,True,accord : à classer,False,False,976,MAYOTTE,43,MAYOTTE
9760219J,Collège Halidi-Selemani de M'Gombani,REP,78.2,11.7,378.0,True,False,IPS seul,True,True,accord : à classer,False,False,976,MAYOTTE,43,MAYOTTE
9760230W,Collège de M'Tsamboro,REP+,77.6,11.4,325.0,True,False,IPS seul,True,True,accord : à classer,False,False,976,MAYOTTE,43,MAYOTTE
9760244L,Collège Frédéric d'Achery,REP,62.6,8.9,353.0,True,True,accord : à classer,True,True,accord : à classer,False,False,976,MAYOTTE,43,MAYOTTE
9760245M,Collège Zakia Madi,REP+,61.4,11.5,363.0,True,False,IPS seul,True,True,accord : à classer,False,False,976,MAYOTTE,43,MAYOTTE
9760274U,Collège de Tsingoni,REP+,68.6,9.5,254.0,True,False,IPS seul,True,True,accord : à classer,False,False,976,MAYOTTE,43,MAYOTTE
9760308F,Collège de Passamaïnty,REP,64.8,8.1,385.0,True,True,accord : à classer,True,True,accord : à classer,False,False,976,MAYOTTE,43,MAYOTTE
9760314M,Collège de Kawéni 2,REP,69.2,9.3,267.0,True,False,IPS seul,True,True,accord : à classer,False,True,976,MAYOTTE,43,MAYOTTE
9760368W,Collège de Kwalé,REP,59.9,10.8,349.0,True,False,IPS seul,True,True,accord : à classer,False,False,976,MAYOTTE,43,MAYOTTE
9760369X,Collège de Majicavo,REP+,64.6,11.1,385.0,True,False,IPS seul,True,True,accord : à classer,False,False,976,MAYOTTE,43,MAYOTTE
9760371Z,Collège Musakua de Ouangani,REP+,62.9,8.9,208.0,True,True,accord : à classer,True,True,accord : à classer,False,False,976,MAYOTTE,43,MAYOTTE
9760379H,Collège de Boueni,REP,91.8,12.0,145.0,False,False,accord : hors,True,True,accord : à classer,False,False,976,MAYOTTE,43,MAYOTTE
