uai,nom,secteur,ep,valeur,seuil,score_ecart,type_ecart,seuil_academie,score_ecart_academie,type_ecart_academie,code_commune,nom_commune,code_departement,departement,code_academie,academie,latitude,longitude
0010002X,Collège Saint-Exupéry,public,hors EP,94.9,88.8,0.0,conforme,87.5,0.0,conforme,01004,AMBERIEU EN BUGEY,01,AIN,10,LYON,45.961858148873226,5.355969061372386
0010005A,Collège Roger Poulnard,public,hors EP,112.3,88.8,0.0,conforme,87.5,0.0,conforme,01025,BAGE DOMMARTIN,01,AIN,10,LYON,46.31650727674668,4.946032513123555
0010008D,Collège Saint-Exupéry,public,hors EP,93.8,88.8,0.0,conforme,87.5,0.0,conforme,01033,VALSERHONE,01,AIN,10,LYON,46.11413270166479,5.816508636186252
0010018P,Collège du Revermont,public,hors EP,96.7,88.8,0.0,conforme,87.5,0.0,conforme,01053,BOURG EN BRESSE,01,AIN,10,LYON,46.21138275963634,5.2423729558971885
0010022U,Collège Henri Dunant,public,hors EP,97.5,88.8,0.0,conforme,87.5,0.0,conforme,01138,CULOZ BEON,01,AIN,10,LYON,45.84718099859087,5.788893710781113
0010024W,Collège Georges Charpak,public,hors EP,108.2,88.8,0.0,conforme,87.5,0.0,conforme,01173,GEX,01,AIN,10,LYON,46.336949399815765,6.06656580368074
0010025X,Collège Paul Sixdenier,public,hors EP,111.5,88.8,0.0,conforme,87.5,0.0,conforme,01185,PLATEAU D HAUTEVILLE,01,AIN,10,LYON,45.97645525475186,5.6011244479026345
0010026Y,Collège Paul Claudel,public,hors EP,110.3,88.8,0.0,conforme,87.5,0.0,conforme,01202,LAGNIEU,01,AIN,10,LYON,45.89879671505029,5.344473532560308
0010035H,Collège Louis Lumière,public,REP+,77.0,88.8,0.0,conforme,87.5,0.0,conforme,01283,OYONNAX,01,AIN,10,LYON,46.25485364646008,5.638289823414171
0010036J,Collège Roger Vailland,public,hors EP,108.7,88.8,0.0,conforme,87.5,0.0,conforme,01303,PONCIN,01,AIN,10,LYON,46.08397870499455,5.409410125663021
0010037K,Collège Louise de Savoie,public,hors EP,110.0,88.8,0.0,conforme,87.5,0.0,conforme,01304,PONT D AIN,01,AIN,10,LYON,46.04609599567188,5.345419311339154
0010039M,Collège de l'Albarine,public,REP,98.3,88.8,9.5,sur-inclus,87.5,10.799999999999997,sur-inclus,01384,SAINT RAMBERT EN BUGEY,01,AIN,10,LYON,45.94159937621002,5.431279290071879
0010040N,Collège Louis Vuitton,public,hors EP,96.9,88.8,0.0,conforme,87.5,0.0,conforme,01388,SAINT TRIVIER DE COURTES,01,AIN,10,LYON,46.45889674279775,5.0788299644210895
0010041P,Collège Vaugelas,public,hors EP,115.3,88.8,0.0,conforme,87.5,0.0,conforme,01244,MEXIMIEUX,01,AIN,10,LYON,45.90737716354867,5.188676448858519
0010042R,Collège Bel Air,public,hors EP,103.2,88.8,0.0,conforme,87.5,0.0,conforme,01420,THOISSEY,01,AIN,10,LYON,46.1753642968195,4.80121940626568
0010046V,Collège du Renon,public,hors EP,102.4,88.8,0.0,conforme,87.5,0.0,conforme,01457,VONNAS,01,AIN,10,LYON,46.218235660938845,4.987215772462851
0010066S,Collège Jean Moulin,public,hors EP,116.2,88.8,0.0,conforme,87.5,0.0,conforme,01347,SAINT DIDIER DE FORMANS,01,AIN,10,LYON,45.94640627763804,4.789989426151341
0010794H,Collège du Valromey,public,hors EP,101.4,88.8,0.0,conforme,87.5,0.0,conforme,01022,ARTEMARE,01,AIN,10,LYON,45.87505390107548,5.687240041911121
0010796K,Collège Émile Cizain,public,hors EP,113.5,88.8,0.0,conforme,87.5,0.0,conforme,01262,MONTLUEL,01,AIN,10,LYON,45.85457587951508,5.057797456002799
0010802S,Collège Ampère,public,REP+,72.7,88.8,0.0,conforme,87.5,0.0,conforme,01283,OYONNAX,01,AIN,10,LYON,46.25359723802941,5.637920168031979
0010820L,Collège George Sand,public,hors EP,106.6,88.8,0.0,conforme,87.5,0.0,conforme,01306,PONT DE VEYLE,01,AIN,10,LYON,46.2640084547234,4.8850399080287845
0010821M,Collège Eugène Dubois,public,hors EP,106.1,88.8,0.0,conforme,87.5,0.0,conforme,01093,CHATILLON SUR CHALARONNE,01,AIN,10,LYON,46.1268347667876,4.960150009493587
0010823P,Collège de Brou,public,hors EP,96.6,88.8,0.0,conforme,87.5,0.0,conforme,01053,BOURG EN BRESSE,01,AIN,10,LYON,46.20298787085863,5.231608708269316
0010895T,Collège de l'Huppe,public,hors EP,105.5,88.8,0.0,conforme,87.5,0.0,conforme,01266,MONTREVEL EN BRESSE,01,AIN,10,LYON,46.33718967380458,5.122019471696921
0010896U,Collège international,public,hors EP,123.7,88.8,0.0,conforme,87.5,0.0,conforme,01160,FERNEY VOLTAIRE,01,AIN,10,LYON,46.26481114826655,6.116650067099341
0010938P,Collège les Côtes,public,hors EP,99.0,88.8,0.0,conforme,87.5,0.0,conforme,01289,PERONNAS,01,AIN,10,LYON,46.190008673040886,5.205570413701443
0010939R,Collège Léon Comas,public,hors EP,112.3,88.8,0.0,conforme,87.5,0.0,conforme,01443,VILLARS LES DOMBES,01,AIN,10,LYON,46.00092920181816,5.026534295001
0010964T,Collège Anne Frank,public,hors EP,114.3,88.8,0.0,conforme,87.5,0.0,conforme,01249,MIRIBEL,01,AIN,10,LYON,45.82801247837263,4.968140162413298
0010974D,Collège Victoire Daubié,public,hors EP,89.0,88.8,0.0,conforme,87.5,0.0,conforme,01053,BOURG EN BRESSE,01,AIN,10,LYON,46.207523162832295,5.245951910373269
0010975E,Collège Jacques Prévert,public,hors EP,112.0,88.8,0.0,conforme,87.5,0.0,conforme,01354,SAINT GENIS POUILLY,01,AIN,10,LYON,46.24759716365001,6.030618822460007
0010987T,Collège Jean Rostand,public,REP,86.7,88.8,0.0,conforme,87.5,0.0,conforme,01014,ARBENT,01,AIN,10,LYON,46.269703224742685,5.671333666877445
0011011U,Collège Marcel Anthonioz,public,hors EP,124.7,88.8,0.0,conforme,87.5,0.0,conforme,01143,DIVONNE LES BAINS,01,AIN,10,LYON,46.34723248412472,6.148069254459329
0011066D,Collège Louis Dumont,public,hors EP,97.4,88.8,0.0,conforme,87.5,0.0,conforme,01033,VALSERHONE,01,AIN,10,LYON,46.10808718274259,5.823844379889335
0011067E,Collège Sabine Zlatin,public,hors EP,97.4,88.8,0.0,conforme,87.5,0.0,conforme,01034,BELLEY,01,AIN,10,LYON,45.75904070033518,5.698736754678792
0011068F,Collège Xavier Bichat,public,hors EP,93.4,88.8,0.0,conforme,87.5,0.0,conforme,01269,NANTUA,01,AIN,10,LYON,46.15422559529567,5.607216344330416
0011070H,Collège Antoine Chintreuil,public,hors EP,102.2,88.8,0.0,conforme,87.5,0.0,conforme,01305,PONT DE VAUX,01,AIN,10,LYON,46.43174204320366,4.939341175606893
0011071J,Collège le Grand Cèdre,public,hors EP,108.3,88.8,0.0,conforme,87.5,0.0,conforme,01108,COLIGNY,01,AIN,10,LYON,46.38326886192653,5.348956457282995
0011142L,Collège Marcel Aymé,public,hors EP,106.2,88.8,0.0,conforme,87.5,0.0,conforme,01142,DAGNEUX,01,AIN,10,LYON,45.85240324180457,5.0850104115852695
0011193S,Collège Léon-Marie Fournet,public,hors EP,107.7,88.8,0.0,conforme,87.5,0.0,conforme,01194,JASSANS RIOTTIER,01,AIN,10,LYON,45.98325429922439,4.762520019071818
0011257L,Collège de la Dombes,public,hors EP,125.2,88.8,0.0,conforme,87.5,0.0,conforme,01333,SAINT ANDRE DE CORCY,01,AIN,10,LYON,45.92738359489197,4.958240008978529
0011275F,Collège Thomas Riboud,public,hors EP,103.9,88.8,0.0,conforme,87.5,0.0,conforme,01053,BOURG EN BRESSE,01,AIN,10,LYON,46.19340841704188,5.228480410467756
0011300H,Collège de la Plaine de l'Ain,public,hors EP,115.3,88.8,0.0,conforme,87.5,0.0,conforme,01213,LEYMENT,01,AIN,10,LYON,45.92683535266706,5.291529628596416
0011301J,Collège le Joran,public,hors EP,116.8,88.8,0.0,conforme,87.5,0.0,conforme,01313,PREVESSIN MOENS,01,AIN,10,LYON,46.256497115136,6.073308498122567
0011325K,Collège Théodore Rosset,public,hors EP,93.7,88.8,0.0,conforme,87.5,0.0,conforme,01265,MONTREAL LA CLUSE,01,AIN,10,LYON,46.17796794143402,5.579750326328749
0011333U,Collège Yvon Morandat,public,hors EP,99.4,88.8,0.0,conforme,87.5,0.0,conforme,01344,SAINT DENIS LES BOURG,01,AIN,10,LYON,46.20342649258542,5.195336675335103
0011338Z,Collège Jean Compagnon,public,hors EP,119.5,88.8,0.0,conforme,87.5,0.0,conforme,01322,REYRIEUX,01,AIN,10,LYON,45.93058145169168,4.8144176771785405
0011360Y,Collège Louis Armstrong,public,hors EP,115.6,88.8,0.0,conforme,87.5,0.0,conforme,01043,BEYNOST,01,AIN,10,LYON,45.83674843683666,5.00935618962292
0011387C,Collège Lucie Aubrac,public,hors EP,112.7,88.8,0.0,conforme,87.5,0.0,conforme,01072,CEYZERIAT,01,AIN,10,LYON,46.18442946878535,5.322575324230682
0011388D,Collège Le Paruthiol,public,hors EP,111.7,88.8,0.0,conforme,87.5,0.0,conforme,01288,PERON,01,AIN,10,LYON,46.18676474455207,5.923181051392
0011415H,Collège du Val de Saône,public,hors EP,116.1,88.8,0.0,conforme,87.5,0.0,conforme,01258,MONTCEAUX,01,AIN,10,LYON,46.0950702948998,4.775849169285247
0011429Y,Collège Chartreuse de Portes,public,hors EP,98.1,88.8,0.0,conforme,87.5,0.0,conforme,01064,BRIORD,01,AIN,10,LYON,45.78818346451945,5.450613987839789
0011465M,Collège Simone Veil,public,hors EP,119.1,88.8,0.0,conforme,87.5,0.0,conforme,01281,ORNEX,01,AIN,10,LYON,46.27553684188343,6.097111661710789
0020002S,Collège Louis Sandras,public,hors EP,97.4,88.8,0.0,conforme,87.3,0.0,conforme,02018,ANIZY LE GRAND,02,AISNE,20,AMIENS,49.51231464139956,3.45270459002626
0020004U,Collège Josquin des Prés,public,hors EP,89.7,88.8,0.0,conforme,87.3,0.0,conforme,02057,BEAUREVOIR,02,AISNE,20,AMIENS,49.99446534481847,3.317054657859704
0020007X,Collège Henri Matisse,public,REP+,70.0,88.8,0.0,conforme,87.3,0.0,conforme,02095,BOHAIN EN VERMANDOIS,02,AISNE,20,AMIENS,49.98511574605554,3.4559336532059315
0020009Z,Collège Pierre et Marie Curie,public,hors EP,95.2,88.8,0.0,conforme,87.3,0.0,conforme,02110,BRAINE,02,AISNE,20,AMIENS,49.346263598409614,3.533642554555612
0020011B,Collège François Truffaut,public,hors EP,100.4,88.8,0.0,conforme,87.3,0.0,conforme,02163,CHARLY SUR MARNE,02,AISNE,20,AMIENS,48.974603995467966,3.2781057309194703
0020015F,Collège Jacques Cartier,public,hors EP,100.0,88.8,0.0,conforme,87.3,0.0,conforme,02173,CHAUNY,02,AISNE,20,AMIENS,49.62350210237791,3.227077801456039
0020016G,Collège de la Faye,public,hors EP,96.6,88.8,0.0,conforme,87.3,0.0,conforme,02209,CONDE EN BRIE,02,AISNE,20,AMIENS,49.00528793353625,3.548209947139671
0020017H,Collège Léopold Sédar Senghor,public,hors EP,96.1,88.8,0.0,conforme,87.3,0.0,conforme,02215,CORBENY,02,AISNE,20,AMIENS,49.46156980199107,3.823419544666859
0020018J,Collège Léon Droussent,public,hors EP,88.9,88.8,0.0,conforme,87.3,0.0,conforme,02217,COUCY LE CHATEAU AUFFRIQUE,02,AISNE,20,AMIENS,49.51950805149229,3.313275539179969
0020024R,Collège Anne de Montmorency,public,REP,92.2,88.8,3.4000000000000057,sur-inclus,87.3,4.900000000000006,sur-inclus,02305,FERE EN TARDENOIS,02,AISNE,20,AMIENS,49.19904472696814,3.50725239029094
0020029W,Collège Alexandre Dumas,public,hors EP,106.8,88.8,0.0,conforme,87.3,0.0,conforme,02360,VILLENEUVE SUR AISNE,02,AISNE,20,AMIENS,49.44178172963967,3.966691615290368
0020030X,Collège Camille Desmoulins,public,REP,73.5,88.8,0.0,conforme,87.3,0.0,conforme,02361,GUISE,02,AISNE,20,AMIENS,49.904117444645166,3.636139990380132
0020037E,Collège Suzanne Deutsch de la Meurthe,public,hors EP,104.1,88.8,0.0,conforme,87.3,0.0,conforme,02532,MOY DE L AISNE,02,AISNE,20,AMIENS,49.75363768450617,3.3592386701911563
0020038F,Collège Joseph Boury,public,hors EP,98.6,88.8,0.0,conforme,87.3,0.0,conforme,02543,NEUILLY SAINT FRONT,02,AISNE,20,AMIENS,49.17053091365011,3.2683108232090192
0020039G,Collège Colbert Quentin,public,REP,83.7,88.8,0.0,conforme,87.3,0.0,conforme,02558,LE NOUVION EN THIERACHE,02,AISNE,20,AMIENS,50.010015248146175,3.7837402781289136
0020043L,Collège Jules Ferry,public,hors EP,85.5,88.8,3.299999999999997,oublie,87.3,1.7999999999999972,oublie,02666,ROZOY SUR SERRE,02,AISNE,20,AMIENS,49.70993167942958,4.128460557349915
0020044M,Collège Quentin de la Tour,public,hors EP,86.1,88.8,2.700000000000003,oublie,87.3,1.2000000000000028,oublie,02668,SAINS RICHAUMONT,02,AISNE,20,AMIENS,49.824426940069024,3.706205342043718
0020046P,Collège de la Chesnoye,public,hors EP,104.5,88.8,0.0,conforme,87.3,0.0,conforme,02680,SAINT GOBAIN,02,AISNE,20,AMIENS,49.5909497033646,3.377980155607044
0020054Y,Collège Montaigne,public,REP+,65.5,88.8,0.0,conforme,87.3,0.0,conforme,02691,SAINT QUENTIN,02,AISNE,20,AMIENS,49.8637429703753,3.3002977308922103
0020055Z,Collège Gabriel Hanotaux,public,REP,90.6,88.8,1.7999999999999972,sur-inclus,87.3,3.299999999999997,sur-inclus,02691,SAINT QUENTIN,02,AISNE,20,AMIENS,49.8601981056491,3.2734825582972458
0020056A,Collège Marthe Lefèvre,public,REP,72.1,88.8,0.0,conforme,87.3,0.0,conforme,02691,SAINT QUENTIN,02,AISNE,20,AMIENS,49.83643237465847,3.3176153003160387
0020063H,Collège Joliot-Curie,public,hors EP,82.1,88.8,6.700000000000003,oublie,87.3,5.200000000000003,oublie,02738,TERGNIER,02,AISNE,20,AMIENS,49.64962878338595,3.285998176872905
0020065K,Collège Alan Seeger,public,hors EP,93.2,88.8,0.0,conforme,87.3,0.0,conforme,02758,VAILLY SUR AISNE,02,AISNE,20,AMIENS,49.40375068879271,3.5204544093084347
0020066L,Collège Marcel Pagnol,public,hors EP,103.2,88.8,0.0,conforme,87.3,0.0,conforme,02785,VERMAND,02,AISNE,20,AMIENS,49.87772579721371,3.142815017493035
0020067M,Collège Condorcet,public,REP,84.7,88.8,0.0,conforme,87.3,0.0,conforme,02789,VERVINS,02,AISNE,20,AMIENS,49.83633842228259,3.913780610941681
0020072T,Collège Simone Veil,public,REP,77.0,88.8,0.0,conforme,87.3,0.0,conforme,02830,WASSIGNY,02,AISNE,20,AMIENS,50.0142430908917,3.5989303801184933
0020075W,Collège Georges Cobast,public,REP,75.9,88.8,0.0,conforme,87.3,0.0,conforme,02381,HIRSON,02,AISNE,20,AMIENS,49.92307140960063,4.095099370679356
0020076X,Collège Jean Moulin,public,REP,80.7,88.8,0.0,conforme,87.3,0.0,conforme,02691,SAINT QUENTIN,02,AISNE,20,AMIENS,49.83805624837902,3.274040462303788
0020080B,Collège Pierre de la Ramée,public,hors EP,98.7,88.8,0.0,conforme,87.3,0.0,conforme,02691,SAINT QUENTIN,02,AISNE,20,AMIENS,49.84928362783708,3.291024728403998
0020090M,Collège Charlemagne,public,REP+,79.2,88.8,0.0,conforme,87.3,0.0,conforme,02408,LAON,02,AISNE,20,AMIENS,49.56234806579853,3.640005323490414
0021489H,Collège Charles de Gaulle,public,hors EP,80.4,88.8,8.399999999999991,oublie,87.3,6.8999999999999915,oublie,02502,MONTCORNET,02,AISNE,20,AMIENS,49.69109206546104,4.022158968885628
0021490J,Collège Louise Michel,public,hors EP,90.9,88.8,0.0,conforme,87.3,0.0,conforme,02805,VILLENEUVE SAINT GERMAIN,02,AISNE,20,AMIENS,49.377438263240926,3.3632096806347542
0021491K,Collège Maurice Wajsfelner,public,hors EP,99.2,88.8,0.0,conforme,87.3,0.0,conforme,02245,CUFFIES,02,AISNE,20,AMIENS,49.40484094369813,3.322560320064687
0021492L,Collège Gérard Philipe,public,REP+,65.5,88.8,0.0,conforme,87.3,0.0,conforme,02722,SOISSONS,02,AISNE,20,AMIENS,49.371487249651416,3.3055198039834224
0021493M,Collège Victor Hugo,public,hors EP,89.3,88.8,0.0,conforme,87.3,0.0,conforme,02173,CHAUNY,02,AISNE,20,AMIENS,49.62082861270309,3.214260433490945
0021494N,Collège Paul Éluard,public,hors EP,91.5,88.8,0.0,conforme,87.3,0.0,conforme,02340,GAUCHY,02,AISNE,20,AMIENS,49.82775122976316,3.2897660162720066
0021518P,Collège Marie de Luxembourg,public,REP,84.1,88.8,0.0,conforme,87.3,0.0,conforme,02304,LA FERE,02,AISNE,20,AMIENS,49.66394617719562,3.364258172471261
0021534G,Collège Anne Frank,public,hors EP,99.4,88.8,0.0,conforme,87.3,0.0,conforme,02371,HARLY,02,AISNE,20,AMIENS,49.8434917917358,3.317329964035204
0021535H,Collège Lamartine,public,hors EP,100.9,88.8,0.0,conforme,87.3,0.0,conforme,02722,SOISSONS,02,AISNE,20,AMIENS,49.38631594913509,3.313900745733597
0021593W,Collège Jacques Prévert,public,hors EP,97.3,88.8,0.0,conforme,87.3,0.0,conforme,02315,FLAVY LE MARTEL,02,AISNE,20,AMIENS,49.7084873656439,3.194484031860701
0021595Y,Collège Pierre Sellier,public,hors EP,91.9,88.8,0.0,conforme,87.3,0.0,conforme,02141,LA CAPELLE,02,AISNE,20,AMIENS,49.97649632147184,3.921080301257122
0021598B,Collège Jean Mermoz,public,hors EP,95.2,88.8,0.0,conforme,87.3,0.0,conforme,02408,LAON,02,AISNE,20,AMIENS,49.5669662128098,3.596839663752246
0021659T,Collège Jean Mermoz,public,hors EP,97.7,88.8,0.0,conforme,87.3,0.0,conforme,02064,BELLEU,02,AISNE,20,AMIENS,49.3624879671078,3.333639950895916
0021661V,Collège Villard de Honnecourt,public,hors EP,87.4,88.8,1.3999999999999915,oublie,87.3,0.0,conforme,02334,FRESNOY LE GRAND,02,AISNE,20,AMIENS,49.94919327347448,3.4195717526868616
0021663X,Collège César Savart,public,hors EP,88.0,88.8,0.7999999999999972,oublie,87.3,0.0,conforme,02684,SAINT MICHEL,02,AISNE,20,AMIENS,49.92180137271177,4.134878254519563
0021685W,Collège Les Frères Le Nain,public,hors EP,102.6,88.8,0.0,conforme,87.3,0.0,conforme,02408,LAON,02,AISNE,20,AMIENS,49.56064461783822,3.611133464477401
0021686X,Collège Froëhlicher,public,hors EP,89.2,88.8,0.0,conforme,87.3,0.0,conforme,02720,SISSONNE,02,AISNE,20,AMIENS,49.56711422111585,3.900699841961604
0021688Z,Collège Max Dussuchal,public,hors EP,91.7,88.8,0.0,conforme,87.3,0.0,conforme,02810,VILLERS COTTERETS,02,AISNE,20,AMIENS,49.25852193347909,3.082377349166112
0021689A,Collège Antoine-Nicolas de Condorcet,public,hors EP,83.0,88.8,5.799999999999997,oublie,87.3,4.299999999999997,oublie,02648,RIBEMONT,02,AISNE,20,AMIENS,49.8008502141269,3.466936411574937
0021691C,Collège Saint-Just,public,hors EP,90.5,88.8,0.0,conforme,87.3,0.0,conforme,02722,SOISSONS,02,AISNE,20,AMIENS,49.38269994394837,3.324418143436471
0021721K,Collège Charles Brazier,public,hors EP,96.3,88.8,0.0,conforme,87.3,0.0,conforme,02237,CRECY SUR SERRE,02,AISNE,20,AMIENS,49.70041659887373,3.624923206336424
0021722L,Collège La Feuillade,public,hors EP,96.9,88.8,0.0,conforme,87.3,0.0,conforme,02795,VIC SUR AISNE,02,AISNE,20,AMIENS,49.406792279870345,3.126317643581769
0021724N,Collège Jean Racine,public,hors EP,103.3,88.8,0.0,conforme,87.3,0.0,conforme,02168,CHATEAU THIERRY,02,AISNE,20,AMIENS,49.04169168198944,3.4016631356670994
0021778X,Collège Jacques Prévert,public,hors EP,86.3,88.8,2.5,oublie,87.3,1.0,oublie,02468,MARLE,02,AISNE,20,AMIENS,49.73574959588357,3.771872821690146
0021823W,Collège Henri Martin,public,hors EP,85.2,88.8,3.5999999999999943,oublie,87.3,2.0999999999999943,oublie,02691,SAINT QUENTIN,02,AISNE,20,AMIENS,49.849873875581736,3.284153372490604
0021826Z,Collège Jean Rostand,public,REP,82.4,88.8,0.0,conforme,87.3,0.0,conforme,02168,CHATEAU THIERRY,02,AISNE,20,AMIENS,49.05854164952275,3.38393437237485
0021989B,Collège François 1er,public,hors EP,99.2,88.8,0.0,conforme,87.3,0.0,conforme,02810,VILLERS COTTERETS,02,AISNE,20,AMIENS,49.24198119952212,3.074697649910028
0030001K,Collège Jean Baptiste Desfilhes,public,hors EP,100.9,88.8,0.0,conforme,90.8,0.0,conforme,03022,BELLENAVES,03,ALLIER,6,CLERMONT-FERRAND,46.19781114512129,3.080490449532516
0030002L,Collège Jean Rostand,public,hors EP,98.0,88.8,0.0,conforme,90.8,0.0,conforme,03023,BELLERIVE SUR ALLIER,03,ALLIER,6,CLERMONT-FERRAND,46.12086630897759,3.4000964203754216
0030004N,Collège Achille Allier,public,hors EP,104.3,88.8,0.0,conforme,90.8,0.0,conforme,03036,BOURBON L ARCHAMBAULT,03,ALLIER,6,CLERMONT-FERRAND,46.58252590672317,3.058739506631912
0030005P,Collège François Péron,public,hors EP,97.5,88.8,0.0,conforme,90.8,0.0,conforme,03048,CERILLY,03,ALLIER,6,CLERMONT-FERRAND,46.6184647741682,2.8172315853373595
0030009U,Collège Émile Guillaumin,public,hors EP,98.0,88.8,0.0,conforme,90.8,0.0,conforme,03084,COSNE D ALLIER,03,ALLIER,6,CLERMONT-FERRAND,46.47727637172922,2.8321569023244715
0030010V,Collège Maurice Constantin Weyer,public,REP,93.4,88.8,4.6000000000000085,sur-inclus,90.8,2.6000000000000085,sur-inclus,03095,CUSSET,03,ALLIER,6,CLERMONT-FERRAND,46.13596769070815,3.4542099569016824
0030013Y,Collège Louis Pergaud,public,hors EP,97.2,88.8,0.0,conforme,90.8,0.0,conforme,03102,DOMPIERRE SUR BESBRE,03,ALLIER,6,CLERMONT-FERRAND,46.519578595549184,3.6710413793654455
0030014Z,Collège Victor Hugo,public,hors EP,91.9,88.8,0.0,conforme,90.8,0.0,conforme,03103,LE DONJON,03,ALLIER,6,CLERMONT-FERRAND,46.35181821739912,3.7988455069701854
0030015A,Collège Ferdinand Dubreuil,public,hors EP,93.4,88.8,0.0,conforme,90.8,0.0,conforme,03104,DOYET,03,ALLIER,6,CLERMONT-FERRAND,46.33585603592924,2.8000039647395067
0030017C,Collège Joseph Hennequin,public,hors EP,102.9,88.8,0.0,conforme,90.8,0.0,conforme,03118,GANNAT,03,ALLIER,6,CLERMONT-FERRAND,46.08792417399401,3.1982225426581867
0030018D,Collège George Sand,public,hors EP,100.7,88.8,0.0,conforme,90.8,0.0,conforme,03128,HURIEL,03,ALLIER,6,CLERMONT-FERRAND,46.37239630927762,2.4755703504116755
0030019E,Collège des Chenevières,public,hors EP,95.7,88.8,0.0,conforme,90.8,0.0,conforme,03132,JALIGNY SUR BESBRE,03,ALLIER,6,CLERMONT-FERRAND,46.38152893125647,3.593040329995032
0030021G,Collège André Boutry,public,REP,91.4,88.8,2.6000000000000085,sur-inclus,90.8,0.6000000000000085,sur-inclus,03155,LURCY LEVIS,03,ALLIER,6,CLERMONT-FERRAND,46.73330275355253,2.9382700300091456
0030022H,Collège de La Combraille,public,hors EP,101.2,88.8,0.0,conforme,90.8,0.0,conforme,03161,MARCILLAT EN COMBRAILLE,03,ALLIER,6,CLERMONT-FERRAND,46.16611331525626,2.6356798433273574
0030023J,Collège Jules Verne,public,hors EP,98.3,88.8,0.0,conforme,90.8,0.0,conforme,03165,LE MAYET DE MONTAGNE,03,ALLIER,6,CLERMONT-FERRAND,46.07169244643268,3.661201885373425
0030030S,Collège Jean Zay,public,REP+,76.5,88.8,0.0,conforme,90.8,0.0,conforme,03185,MONTLUCON,03,ALLIER,6,CLERMONT-FERRAND,46.34955241504296,2.5935176650293226
0030035X,Collège Jeanne Cluzel,public,hors EP,96.8,88.8,0.0,conforme,90.8,0.0,conforme,03186,MONTMARAULT,03,ALLIER,6,CLERMONT-FERRAND,46.315756198075896,2.949840719124757
0030039B,Collège Charles Péguy,public,hors EP,107.1,88.8,0.0,conforme,90.8,0.0,conforme,03190,MOULINS,03,ALLIER,6,CLERMONT-FERRAND,46.5703209743868,3.336200446009154
0030042E,Collège François Rabelais,public,hors EP,110.2,88.8,0.0,conforme,90.8,0.0,conforme,03195,NERIS LES BAINS,03,ALLIER,6,CLERMONT-FERRAND,46.285446990613,2.664303499777832
0030043F,Collège Jean de la Fontaine,public,hors EP,93.6,88.8,0.0,conforme,90.8,0.0,conforme,03236,SAINT GERMAIN DES FOSSES,03,ALLIER,6,CLERMONT-FERRAND,46.20986844727405,3.4387605902586245
0030046J,Collège Charlotte Delbo,public,hors EP,96.2,88.8,0.0,conforme,90.8,0.0,conforme,03292,TRONGET,03,ALLIER,6,CLERMONT-FERRAND,46.42083468419626,3.067259468183447
0030047K,Collège Alain Fournier,public,hors EP,91.8,88.8,0.0,conforme,90.8,0.0,conforme,03297,VALLON EN SULLY,03,ALLIER,6,CLERMONT-FERRAND,46.53139374743477,2.6036455051419662
0030048L,Collège Antoine de Saint-Exupéry,public,hors EP,85.5,88.8,3.299999999999997,oublie,90.8,5.299999999999997,oublie,03298,VARENNES SUR ALLIER,03,ALLIER,6,CLERMONT-FERRAND,46.313579646768176,3.4075601035613667
0030049M,Collège Les Célestins,public,hors EP,97.3,88.8,0.0,conforme,90.8,0.0,conforme,03310,VICHY,03,ALLIER,6,CLERMONT-FERRAND,46.12100661215207,3.4242098309003715
0030050N,Collège Jules Ferry,public,REP,95.8,88.8,7.0,sur-inclus,90.8,5.0,sur-inclus,03310,VICHY,03,ALLIER,6,CLERMONT-FERRAND,46.14846315988265,3.413383369193596
0030062B,Collège Anne de Beaujeu,public,hors EP,102.9,88.8,0.0,conforme,90.8,0.0,conforme,03190,MOULINS,03,ALLIER,6,CLERMONT-FERRAND,46.55946622285816,3.33152019497371
0030091H,Collège Jean-Jacques Soulier,public,hors EP,97.1,88.8,0.0,conforme,90.8,0.0,conforme,03185,MONTLUCON,03,ALLIER,6,CLERMONT-FERRAND,46.32905243625909,2.58711852071946
0030092J,Collège Lucien Colon,public,hors EP,93.7,88.8,0.0,conforme,90.8,0.0,conforme,03138,LAPALISSE,03,ALLIER,6,CLERMONT-FERRAND,46.24670397152887,3.626740041241456
0030119N,Collège Jules Verne,public,REP+,91.4,88.8,2.6000000000000085,sur-inclus,90.8,0.6000000000000085,sur-inclus,03185,MONTLUCON,03,ALLIER,6,CLERMONT-FERRAND,46.34282993604286,2.57200599116538
0030758H,Collège Jules Ferry,public,hors EP,100.8,88.8,0.0,conforme,90.8,0.0,conforme,03185,MONTLUCON,03,ALLIER,6,CLERMONT-FERRAND,46.340059668900295,2.6001774255239414
0030837U,Collège François Villon,public,hors EP,106.4,88.8,0.0,conforme,90.8,0.0,conforme,03321,YZEURE,03,ALLIER,6,CLERMONT-FERRAND,46.56107062099065,3.354428500638001
0030838V,Collège Émile Guillaumin,public,REP,84.8,88.8,0.0,conforme,90.8,0.0,conforme,03190,MOULINS,03,ALLIER,6,CLERMONT-FERRAND,46.54428184924849,3.33648869332148
0030860U,Collège Marie Curie,public,hors EP,100.8,88.8,0.0,conforme,90.8,0.0,conforme,03098,DESERTINES,03,ALLIER,6,CLERMONT-FERRAND,46.34727320947616,2.6187805024506723
0030890B,Collège Émile Mâle,public,hors EP,93.7,88.8,0.0,conforme,90.8,0.0,conforme,03082,COMMENTRY,03,ALLIER,6,CLERMONT-FERRAND,46.285765099923374,2.756050493026853
0030892D,Collège Blaise de Vigenère,public,hors EP,98.1,88.8,0.0,conforme,90.8,0.0,conforme,03254,SAINT POURCAIN SUR SIOULE,03,ALLIER,6,CLERMONT-FERRAND,46.311310154344056,3.2927816779870382
0030956Y,Collège Louis Aragon,public,hors EP,96.4,88.8,0.0,conforme,90.8,0.0,conforme,03101,DOMERAT,03,ALLIER,6,CLERMONT-FERRAND,46.36330245078188,2.532340375762792
0031010G,Collège Victor Hugo,public,hors EP,101.2,88.8,0.0,conforme,90.8,0.0,conforme,03264,SAINT YORRE,03,ALLIER,6,CLERMONT-FERRAND,46.06073092103497,3.4689505544622024
0040001E,Collège Émile Honnoraty,public,hors EP,100.3,88.8,0.0,conforme,87.5,0.0,conforme,04008,ANNOT,04,ALPES-DE-HAUTE-PROVENCE,2,AIX-MARSEILLE,43.96821667241157,6.66549372854823
0040002F,Collège du Pays de Banon,public,hors EP,105.8,88.8,0.0,conforme,87.5,0.0,conforme,04018,BANON,04,ALPES-DE-HAUTE-PROVENCE,2,AIX-MARSEILLE,44.03787107733002,5.629589777630617
0040004H,Collège du Verdon,public,hors EP,101.1,88.8,0.0,conforme,87.5,0.0,conforme,04039,CASTELLANE,04,ALPES-DE-HAUTE-PROVENCE,2,AIX-MARSEILLE,43.84717601052359,6.510789947933673
0040013T,Collège Le Mont d'Or,public,hors EP,90.2,88.8,0.0,conforme,87.5,0.0,conforme,04112,MANOSQUE,04,ALPES-DE-HAUTE-PROVENCE,2,AIX-MARSEILLE,43.83528869404598,5.787123117417129
0040014U,Collège Marcel Massot,public,hors EP,100.8,88.8,0.0,conforme,87.5,0.0,conforme,04134,LA MOTTE DU CAIRE,04,ALPES-DE-HAUTE-PROVENCE,2,AIX-MARSEILLE,44.34521473138083,6.029739592971908
0040017X,Collège Maxime Javelly,public,hors EP,100.7,88.8,0.0,conforme,87.5,0.0,conforme,04166,RIEZ,04,ALPES-DE-HAUTE-PROVENCE,2,AIX-MARSEILLE,43.81591095374647,6.092710520618963
0040019Z,Collège René Cassin,public,hors EP,102.8,88.8,0.0,conforme,87.5,0.0,conforme,04173,SAINT ANDRE LES ALPES,04,ALPES-DE-HAUTE-PROVENCE,2,AIX-MARSEILLE,43.969668379570734,6.511859832104923
0040021B,Collège Marcel André,public,hors EP,103.9,88.8,0.0,conforme,87.5,0.0,conforme,04205,SEYNE,04,ALPES-DE-HAUTE-PROVENCE,2,AIX-MARSEILLE,44.35016520974136,6.356979551984686
0040022C,Collège Gassendi,public,hors EP,108.7,88.8,0.0,conforme,87.5,0.0,conforme,04070,DIGNE LES BAINS,04,ALPES-DE-HAUTE-PROVENCE,2,AIX-MARSEILLE,44.08887437367677,6.231821653161229
0040044B,Collège Maria Borrély,public,hors EP,94.4,88.8,0.0,conforme,87.5,0.0,conforme,04070,DIGNE LES BAINS,04,ALPES-DE-HAUTE-PROVENCE,2,AIX-MARSEILLE,44.09466363651695,6.23740648376762
0040051J,Collège Docteur JMG Itard,public,hors EP,105.4,88.8,0.0,conforme,87.5,0.0,conforme,04143,ORAISON,04,ALPES-DE-HAUTE-PROVENCE,2,AIX-MARSEILLE,43.91530621125855,5.916470238097404
0040052K,Collège Camille Reymond,public,hors EP,100.3,88.8,0.0,conforme,87.5,0.0,conforme,04049,CHATEAU ARNOUX SAINT AUBAN,04,ALPES-DE-HAUTE-PROVENCE,2,AIX-MARSEILLE,44.081165204080165,5.997600380300948
0040055N,Collège Jean Giono,public,REP,87.5,88.8,0.0,conforme,87.5,0.0,au seuil,04112,MANOSQUE,04,ALPES-DE-HAUTE-PROVENCE,2,AIX-MARSEILLE,43.82531251715252,5.776499993006937
0040382U,Collège Henri Laugier,public,hors EP,114.3,88.8,0.0,conforme,87.5,0.0,conforme,04088,FORCALQUIER,04,ALPES-DE-HAUTE-PROVENCE,2,AIX-MARSEILLE,43.965377112318514,5.778224913123385
0040419J,Collège André Honnorat,public,hors EP,106.2,88.8,0.0,conforme,87.5,0.0,conforme,04019,BARCELONNETTE,04,ALPES-DE-HAUTE-PROVENCE,2,AIX-MARSEILLE,44.38855909210432,6.652749646236224
0040420K,Collège Paul Arène,public,hors EP,104.3,88.8,0.0,conforme,87.5,0.0,conforme,04209,SISTERON,04,ALPES-DE-HAUTE-PROVENCE,2,AIX-MARSEILLE,44.18160066306098,5.945989683114227
0040524Y,Collège Pierre Girardot,public,hors EP,111.8,88.8,0.0,conforme,87.5,0.0,conforme,04197,SAINTE TULLE,04,ALPES-DE-HAUTE-PROVENCE,2,AIX-MARSEILLE,43.78402429350668,5.761347276428633
0040535K,Collège André Ailhaud,public,hors EP,107.6,88.8,0.0,conforme,87.5,0.0,conforme,04245,VOLX,04,ALPES-DE-HAUTE-PROVENCE,2,AIX-MARSEILLE,43.86965407358692,5.83826989658575
0040587S,Collège international PACA,public,hors EP,149.2,88.8,0.0,conforme,87.5,0.0,conforme,04112,MANOSQUE,04,ALPES-DE-HAUTE-PROVENCE,2,AIX-MARSEILLE,43.82838173622962,5.804171136978848
0050010J,Collège Centre,public,hors EP,107.5,88.8,0.0,conforme,87.5,0.0,conforme,05061,GAP,05,HAUTES-ALPES,2,AIX-MARSEILLE,44.56098044735989,6.074839737462087
0050013M,Collège des Hautes Vallées,public,hors EP,112.2,88.8,0.0,conforme,87.5,0.0,conforme,05065,GUILLESTRE,05,HAUTES-ALPES,2,AIX-MARSEILLE,44.662056226008666,6.654170315748365
0050019U,Collège Vivian Maïer,public,hors EP,109.9,88.8,0.0,conforme,87.5,0.0,conforme,05132,SAINT BONNET EN CHAMPSAUR,05,HAUTES-ALPES,2,AIX-MARSEILLE,44.67987112257961,6.078969435323396
0050022X,Collège François Mitterrand,public,hors EP,102.1,88.8,0.0,conforme,87.5,0.0,conforme,05179,VEYNES,05,HAUTES-ALPES,2,AIX-MARSEILLE,44.534916677889306,5.819979923564859
0050023Y,Collège les Écrins,public,hors EP,114.1,88.8,0.0,conforme,87.5,0.0,conforme,05046,EMBRUN,05,HAUTES-ALPES,2,AIX-MARSEILLE,44.56817446479054,6.494978984097453
0050025A,Collège Achille Mauzan,public,hors EP,101.5,88.8,0.0,conforme,87.5,0.0,conforme,05061,GAP,05,HAUTES-ALPES,2,AIX-MARSEILLE,44.56586249724505,6.083530538566897
0050043V,Collège climatique Vauban,public,hors EP,119.2,88.8,0.0,conforme,87.5,0.0,conforme,05023,BRIANCON,05,HAUTES-ALPES,2,AIX-MARSEILLE,44.900429154132496,6.639095004565116
0050409T,Collège Les Giraudes,public,hors EP,113.5,88.8,0.0,conforme,87.5,0.0,conforme,05006,L ARGENTIERE LA BESSEE,05,HAUTES-ALPES,2,AIX-MARSEILLE,44.793827501956464,6.5611896701809975
0050452P,Collège Les Hauts de Plaine,public,REP,95.2,88.8,6.400000000000006,sur-inclus,87.5,7.700000000000003,sur-inclus,05070,LARAGNE MONTEGLIN,05,HAUTES-ALPES,2,AIX-MARSEILLE,44.31947008493472,5.822222481299328
0050480V,Collège Fontreyne,public,hors EP,107.7,88.8,0.0,conforme,87.5,0.0,conforme,05061,GAP,05,HAUTES-ALPES,2,AIX-MARSEILLE,44.53904841153986,6.061104063275448
0050519M,Collège les Garcins,public,hors EP,108.9,88.8,0.0,conforme,87.5,0.0,conforme,05023,BRIANCON,05,HAUTES-ALPES,2,AIX-MARSEILLE,44.88830358095816,6.636850303011386
0050520N,Collège Alexandre Corréard,public,hors EP,107.9,88.8,0.0,conforme,87.5,0.0,conforme,05166,SERRES,05,HAUTES-ALPES,2,AIX-MARSEILLE,44.42730423609833,5.710239501924068
0050638S,Collège Marie Marvingt,public,hors EP,108.4,88.8,0.0,conforme,87.5,0.0,conforme,05170,TALLARD,05,HAUTES-ALPES,2,AIX-MARSEILLE,44.45589210861373,6.047175271786855
0050639T,Collège Simone Veil,public,hors EP,110.6,88.8,0.0,conforme,87.5,0.0,conforme,05017,LA BATIE NEUVE,05,HAUTES-ALPES,2,AIX-MARSEILLE,44.56419135590082,6.201393289853617
0060008B,Collège l'Eau vive,public,hors EP,99.9,88.8,0.0,conforme,83.9,0.0,conforme,06023,BREIL SUR ROYA,06,ALPES-MARITIMES,23,NICE,43.94046483826578,7.515636096635353
0060019N,Collège Vallées du Paillon - Roger Carlès,public,hors EP,98.2,88.8,0.0,conforme,83.9,0.0,conforme,06048,CONTES,06,ALPES-MARITIMES,23,NICE,43.80947436529086,7.312790596786327
0060021R,Collège Saint-Hilaire,public,hors EP,91.7,88.8,0.0,conforme,83.9,0.0,conforme,06069,GRASSE,06,ALPES-MARITIMES,23,NICE,43.656930086708,6.919428518221593
0060032C,Collège Ségurane,public,hors EP,103.9,88.8,0.0,conforme,83.9,0.0,conforme,06088,NICE,06,ALPES-MARITIMES,23,NICE,43.69964330112428,7.280408026718372
0060045S,Collège Antoine Risso,public,hors EP,77.9,88.8,10.899999999999991,oublie,83.9,6.0,oublie,06088,NICE,06,ALPES-MARITIMES,23,NICE,43.70745335207465,7.285264302320845
0060048V,Collège Raoul Dufy,public,hors EP,113.6,88.8,0.0,conforme,83.9,0.0,conforme,06088,NICE,06,ALPES-MARITIMES,23,NICE,43.680352089182456,7.215791649689514
0060050X,Collège Valéri,public,hors EP,102.0,88.8,0.0,conforme,83.9,0.0,conforme,06088,NICE,06,ALPES-MARITIMES,23,NICE,43.716986487328704,7.262520927456549
0060061J,Collège Auguste Blanqui,public,hors EP,97.9,88.8,0.0,conforme,83.9,0.0,conforme,06099,PUGET THENIERS,06,ALPES-MARITIMES,23,NICE,43.95690271301239,6.895279827194109
0060063L,Collège Jean Franco,public,hors EP,111.4,88.8,0.0,conforme,83.9,0.0,conforme,06120,SAINT ETIENNE DE TINEE,06,ALPES-MARITIMES,23,NICE,44.25762470031705,6.922340383554523
0060066P,Collège Saint-Blaise,public,hors EP,104.9,88.8,0.0,conforme,83.9,0.0,conforme,06129,SAINT SAUVEUR SUR TINEE,06,ALPES-MARITIMES,23,NICE,44.08483235849585,7.105028152695483
0060067R,Collège Jean Médecin,public,hors EP,104.9,88.8,0.0,conforme,83.9,0.0,conforme,06136,SOSPEL,06,ALPES-MARITIMES,23,NICE,43.879892684483046,7.448563424002073
0060068S,Collège René Cassin,public,hors EP,113.9,88.8,0.0,conforme,83.9,0.0,conforme,06147,TOURRETTE LEVENS,06,ALPES-MARITIMES,23,NICE,43.78664625251019,7.27164010430185
0060072W,Collège Jean-Baptiste Rusca,public,hors EP,107.2,88.8,0.0,conforme,83.9,0.0,conforme,06163,TENDE,06,ALPES-MARITIMES,23,NICE,44.05463247686336,7.587081307144321
0060076A,Collège Roustan,public,hors EP,92.7,88.8,0.0,conforme,83.9,0.0,conforme,06004,ANTIBES,06,ALPES-MARITIMES,23,NICE,43.57631493965117,7.121680384798208
0060083H,Collège Fersen,public,hors EP,107.2,88.8,0.0,conforme,83.9,0.0,conforme,06004,ANTIBES,06,ALPES-MARITIMES,23,NICE,43.58018628990469,7.124577373365746
0060084J,Collège Jean Giono,public,hors EP,84.1,88.8,4.700000000000003,oublie,83.9,0.0,conforme,06088,NICE,06,ALPES-MARITIMES,23,NICE,43.712394807356254,7.290624924477312
0060085K,Collège international Joseph Vernier,public,hors EP,86.9,88.8,1.8999999999999915,oublie,83.9,0.0,conforme,06088,NICE,06,ALPES-MARITIMES,23,NICE,43.7069754072585,7.258916906595487
0060086L,Collège Roland Garros,public,hors EP,105.0,88.8,0.0,conforme,83.9,0.0,conforme,06088,NICE,06,ALPES-MARITIMES,23,NICE,43.70792622370125,7.270770328436331
0060795G,Collège Sidney Bechet,public,hors EP,101.8,88.8,0.0,conforme,83.9,0.0,conforme,06004,ANTIBES,06,ALPES-MARITIMES,23,NICE,43.57340585853426,7.091943709173119
0060799L,Collège les Mûriers,public,REP,83.9,88.8,0.0,conforme,83.9,0.0,au seuil,06029,CANNES,06,ALPES-MARITIMES,23,NICE,43.55147064052586,6.967656439751635
0060838D,Collège Simone Veil,public,REP,75.3,88.8,0.0,conforme,83.9,0.0,conforme,06088,NICE,06,ALPES-MARITIMES,23,NICE,43.7094724406476,7.2793245596524
0060840F,Collège Frédéric Mistral,public,hors EP,86.1,88.8,2.700000000000003,oublie,83.9,0.0,conforme,06088,NICE,06,ALPES-MARITIMES,23,NICE,43.67326970441906,7.212764963574961
0060841G,Collège Jean-Henri Fabre,public,hors EP,88.4,88.8,0.3999999999999915,oublie,83.9,0.0,conforme,06088,NICE,06,ALPES-MARITIMES,23,NICE,43.731182936513065,7.251520493631353
0060842H,Collège Pierre Bertone,public,hors EP,106.5,88.8,0.0,conforme,83.9,0.0,conforme,06004,ANTIBES,06,ALPES-MARITIMES,23,NICE,43.59345723400168,7.099286421349929
0060910G,Collège La Bourgade,public,hors EP,88.7,88.8,0.09999999999999432,oublie,83.9,0.0,conforme,06149,LA TRINITE,06,ALPES-MARITIMES,23,NICE,43.73681036115314,7.311751259642266
0060911H,Collège les Bréguières,public,hors EP,101.5,88.8,0.0,conforme,83.9,0.0,conforme,06027,CAGNES SUR MER,06,ALPES-MARITIMES,23,NICE,43.661342154308905,7.159125673279768
0061001F,Collège Louis Nucera,public,REP+,73.6,88.8,0.0,conforme,83.9,0.0,conforme,06088,NICE,06,ALPES-MARITIMES,23,NICE,43.72306121126284,7.289568455643817
0061002G,Collège Alphonse Daudet,public,hors EP,92.7,88.8,0.0,conforme,83.9,0.0,conforme,06088,NICE,06,ALPES-MARITIMES,23,NICE,43.69202422798745,7.246396524188614
0061003H,Collège Jean Rostand,public,hors EP,86.7,88.8,2.0999999999999943,oublie,83.9,0.0,conforme,06088,NICE,06,ALPES-MARITIMES,23,NICE,43.6984856327651,7.240176467756171
0061006L,Collège Henri Matisse,public,hors EP,124.3,88.8,0.0,conforme,83.9,0.0,conforme,06088,NICE,06,ALPES-MARITIMES,23,NICE,43.72326978431928,7.272385436143306
0061068D,Collège les Campelières,public,hors EP,97.8,88.8,0.0,conforme,83.9,0.0,conforme,06085,MOUGINS,06,ALPES-MARITIMES,23,NICE,43.57991264621911,7.000555449878346
0061129V,Collège Jules Romains,public,REP+,71.6,88.8,0.0,conforme,83.9,0.0,conforme,06088,NICE,06,ALPES-MARITIMES,23,NICE,43.67795278695616,7.201261495979608
0061130W,Collège Paul Langevin,public,REP,98.6,88.8,9.799999999999997,sur-inclus,83.9,14.699999999999989,sur-inclus,06033,CARROS,06,ALPES-MARITIMES,23,NICE,43.768663732880455,7.196883172175359
0061131X,Collège Maurice Jaubert,public,REP+,69.7,88.8,0.0,conforme,83.9,0.0,conforme,06088,NICE,06,ALPES-MARITIMES,23,NICE,43.73776974723289,7.299920102794202
0061133Z,Collège la Fontonne,public,hors EP,108.4,88.8,0.0,conforme,83.9,0.0,conforme,06004,ANTIBES,06,ALPES-MARITIMES,23,NICE,43.60019433963946,7.124700139925895
0061134A,Collège Joseph Pagnol,public,hors EP,102.8,88.8,0.0,conforme,83.9,0.0,conforme,06123,SAINT LAURENT DU VAR,06,ALPES-MARITIMES,23,NICE,43.68254159607178,7.18835995658047
0061135B,Collège la Sine,public,hors EP,112.0,88.8,0.0,conforme,83.9,0.0,conforme,06157,VENCE,06,ALPES-MARITIMES,23,NICE,43.721167212918,7.082647160632887
0061174U,Collège Gérard Philipe,public,hors EP,83.8,88.8,5.0,oublie,83.9,0.10000000000000853,oublie,06029,CANNES,06,ALPES-MARITIMES,23,NICE,43.56994589845756,6.963340154600625
0061175V,Collège Albert Camus,public,hors EP,109.1,88.8,0.0,conforme,83.9,0.0,conforme,06079,MANDELIEU LA NAPOULE,06,ALPES-MARITIMES,23,NICE,43.53905460023586,6.920425246086394
0061209G,Collège Jean Cocteau,public,hors EP,116.3,88.8,0.0,conforme,83.9,0.0,conforme,06011,BEAULIEU SUR MER,06,ALPES-MARITIMES,23,NICE,43.70342034049595,7.3284783393020785
0061211J,Collège Pablo Picasso,public,REP,85.2,88.8,0.0,conforme,83.9,1.2999999999999972,sur-inclus,06155,VALLAURIS,06,ALPES-MARITIMES,23,NICE,43.57929435165341,7.0554674135111375
0061237M,Collège la Vésubie-Jean Salines,public,hors EP,97.3,88.8,0.0,conforme,83.9,0.0,conforme,06103,ROQUEBILLIERE,06,ALPES-MARITIMES,23,NICE,44.01247614847132,7.309126519002663
0061238N,Collège André Maurois,public,hors EP,99.5,88.8,0.0,conforme,83.9,0.0,conforme,06083,MENTON,06,ALPES-MARITIMES,23,NICE,43.776381446076414,7.50327832330148
0061239P,Collège Pierre Bonnard,public,hors EP,94.1,88.8,0.0,conforme,83.9,0.0,conforme,06030,LE CANNET,06,ALPES-MARITIMES,23,NICE,43.569496631136126,6.984978126398075
0061240R,Collège Carnot,public,hors EP,89.7,88.8,0.0,conforme,83.9,0.0,conforme,06069,GRASSE,06,ALPES-MARITIMES,23,NICE,43.65661937006678,6.922721566577969
0061244V,Collège Canteperdrix,public,hors EP,111.8,88.8,0.0,conforme,83.9,0.0,conforme,06069,GRASSE,06,ALPES-MARITIMES,23,NICE,43.6378632951332,6.9109570930773865
0061277F,Collège Port Lympia,public,hors EP,106.6,88.8,0.0,conforme,83.9,0.0,conforme,06088,NICE,06,ALPES-MARITIMES,23,NICE,43.69718095697464,7.287051283889586
0061278G,Collège Bellevue,public,hors EP,87.7,88.8,1.0999999999999943,oublie,83.9,0.0,conforme,06012,BEAUSOLEIL,06,ALPES-MARITIMES,23,NICE,43.740683904714906,7.418911062768697
0061279H,Collège les Vallergues,public,REP,80.1,88.8,0.0,conforme,83.9,0.0,conforme,06029,CANNES,06,ALPES-MARITIMES,23,NICE,43.5592378366373,7.010706661153617
0061280J,Collège Jules Verne,public,hors EP,99.1,88.8,0.0,conforme,83.9,0.0,conforme,06027,CAGNES SUR MER,06,ALPES-MARITIMES,23,NICE,43.65985230032437,7.147797884162942
0061339Y,Collège Parc Impérial,public,hors EP,107.8,88.8,0.0,conforme,83.9,0.0,conforme,06088,NICE,06,ALPES-MARITIMES,23,NICE,43.70401017304592,7.2505924659984675
0061342B,Collège André Capron,public,hors EP,97.3,88.8,0.0,conforme,83.9,0.0,conforme,06029,CANNES,06,ALPES-MARITIMES,23,NICE,43.54717094392861,7.034059901828304
0061376N,Collège Yves Klein,public,hors EP,126.7,88.8,0.0,conforme,83.9,0.0,conforme,06044,LA COLLE SUR LOUP,06,ALPES-MARITIMES,23,NICE,43.684634878560345,7.102800451989727
0061400P,Collège Ludovic Bréa,public,hors EP,106.9,88.8,0.0,conforme,83.9,0.0,conforme,06126,SAINT MARTIN DU VAR,06,ALPES-MARITIMES,23,NICE,43.81855773750844,7.191289442393502
0061666D,Collège Les Baous,public,hors EP,125.5,88.8,0.0,conforme,83.9,0.0,conforme,06122,SAINT JEANNET,06,ALPES-MARITIMES,23,NICE,43.746237988760136,7.15287243202371
0061668F,Collège les Jasmins - Sainte Marguerite,public,hors EP,92.6,88.8,0.0,conforme,83.9,0.0,conforme,06069,GRASSE,06,ALPES-MARITIMES,23,NICE,43.64330273816388,6.948743917265188
0061670H,Collège de l'Éganaude,public,hors EP,134.6,88.8,0.0,conforme,83.9,0.0,conforme,06018,BIOT,06,ALPES-MARITIMES,23,NICE,43.62356924923152,7.0561112757137865
0061694J,Collège de l'Archet,public,hors EP,118.8,88.8,0.0,conforme,83.9,0.0,conforme,06088,NICE,06,ALPES-MARITIMES,23,NICE,43.69327323190176,7.23037675771233
0061723R,Collège Émile Roux,public,hors EP,99.1,88.8,0.0,conforme,83.9,0.0,conforme,06030,LE CANNET,06,ALPES-MARITIMES,23,NICE,43.57237784652629,7.021359810529132
0061737F,Collège André Malraux,public,hors EP,115.4,88.8,0.0,conforme,83.9,0.0,conforme,06027,CAGNES SUR MER,06,ALPES-MARITIMES,23,NICE,43.672803789719374,7.161967994602556
0061738G,Collège Saint-Exupéry,public,hors EP,113.3,88.8,0.0,conforme,83.9,0.0,conforme,06123,SAINT LAURENT DU VAR,06,ALPES-MARITIMES,23,NICE,43.66578786966127,7.18562403484174
0061795U,Collège La Chênaie,public,hors EP,116.0,88.8,0.0,conforme,83.9,0.0,conforme,06084,MOUANS SARTOUX,06,ALPES-MARITIMES,23,NICE,43.61428765777864,6.969709318786998
0061796V,Collège Paul Arène,public,hors EP,113.3,88.8,0.0,conforme,83.9,0.0,conforme,06095,PEYMEINADE,06,ALPES-MARITIMES,23,NICE,43.63843322121333,6.871555198476068
0061824A,Collège Guillaume Vento,public,hors EP,96.6,88.8,0.0,conforme,83.9,0.0,conforme,06083,MENTON,06,ALPES-MARITIMES,23,NICE,43.77256261036526,7.494246866133203
0061825B,Collège Romée de Villeneuve,public,hors EP,114.7,88.8,0.0,conforme,83.9,0.0,conforme,06161,VILLENEUVE LOUBET,06,ALPES-MARITIMES,23,NICE,43.65405889965072,7.12839031921355
0061826C,Collège François Rabelais,public,hors EP,102.4,88.8,0.0,conforme,83.9,0.0,conforme,06057,L ESCARENE,06,ALPES-MARITIMES,23,NICE,43.84096574757061,7.352120437952709
0061853G,Collège Le Pré des Roures,public,hors EP,122.2,88.8,0.0,conforme,83.9,0.0,conforme,06112,LE ROURET,06,ALPES-MARITIMES,23,NICE,43.67352843833887,6.994910101463098
0061924J,Collège Les Mimosas,public,hors EP,111.1,88.8,0.0,conforme,83.9,0.0,conforme,06079,MANDELIEU LA NAPOULE,06,ALPES-MARITIMES,23,NICE,43.56559301408113,6.940134543167344
0061925K,Collège Niki de Saint Phalle,public,hors EP,141.8,88.8,0.0,conforme,83.9,0.0,conforme,06152,VALBONNE,06,ALPES-MARITIMES,23,NICE,43.647871793887376,7.045729551366508
0061986B,Collège St Vallier - Simon Wiesenthal,public,hors EP,109.4,88.8,0.0,conforme,83.9,0.0,conforme,06130,SAINT VALLIER DE THIEY,06,ALPES-MARITIMES,23,NICE,43.697796392674825,6.853850352686607
0062011D,Collège international,public,hors EP,145.1,88.8,0.0,conforme,83.9,0.0,conforme,06152,VALBONNE,06,ALPES-MARITIMES,23,NICE,43.620894203024136,7.042025769097966
0062056C,Collège César,public,hors EP,144.9,88.8,0.0,conforme,83.9,0.0,conforme,06105,ROQUEFORT LES PINS,06,ALPES-MARITIMES,23,NICE,43.66330213040657,7.03773103523168
0062181N,Collège Arnaud Beltrame,public,hors EP,114.4,88.8,0.0,conforme,83.9,0.0,conforme,06090,PEGOMAS,06,ALPES-MARITIMES,23,NICE,43.59147733133279,6.932370500041092
0070006U,Collège Le Laoul,public,REP,89.1,88.8,0.29999999999999716,sur-inclus,89.6,0.0,conforme,07042,BOURG SAINT ANDEOL,07,ARDECHE,8,GRENOBLE,44.37986944804914,4.641560286850829
0070010Y,Collège Albert Mercoyrol,public,hors EP,102.4,88.8,0.0,conforme,89.6,0.0,conforme,07076,CRUAS,07,ARDECHE,8,GRENOBLE,44.65884596240321,4.764479842410535
0070011Z,Collège Charles de Gaulle,public,hors EP,112.9,88.8,0.0,conforme,89.6,0.0,conforme,07102,GUILHERAND GRANGES,07,ARDECHE,8,GRENOBLE,44.93177244596724,4.870640290142999
0070012A,Collège Vallée de la Beaume,public,hors EP,105.1,88.8,0.0,conforme,89.6,0.0,conforme,07110,JOYEUSE,07,ARDECHE,8,GRENOBLE,44.48049965376543,4.23462750081875
0070017F,Collège la Ségalière,public,hors EP,109.3,88.8,0.0,conforme,89.6,0.0,conforme,07132,LARGENTIERE,07,ARDECHE,8,GRENOBLE,44.54598397268655,4.290633450223928
0070018G,Collège Joseph Durand,public,hors EP,102.7,88.8,0.0,conforme,89.6,0.0,conforme,07161,MONTPEZAT SOUS BAUZON,07,ARDECHE,8,GRENOBLE,44.71080314976159,4.20989131885131
0070019H,Collège Alex Mézenc,public,hors EP,97.7,88.8,0.0,conforme,89.6,0.0,conforme,07181,LE POUZIN,07,ARDECHE,8,GRENOBLE,44.74157227923425,4.744416447000417
0070023M,Collège Louis Jouvet,public,hors EP,97.5,88.8,0.0,conforme,89.6,0.0,conforme,07204,SAINT AGREVE,07,ARDECHE,8,GRENOBLE,45.00922059269823,4.395659877562186
0070024N,Collège de la montagne ardèchoise,public,hors EP,100.0,88.8,0.0,conforme,89.6,0.0,conforme,07224,SAINT CIRGUES EN MONTAGNE,07,ARDECHE,8,GRENOBLE,44.75636085488637,4.098280507816047
0070025P,Collège de l'Eyrieux,public,hors EP,108.3,88.8,0.0,conforme,89.6,0.0,conforme,07295,SAINT SAUVEUR DE MONTAGUT,07,ARDECHE,8,GRENOBLE,44.82328533810232,4.583989382055795
0070035A,Collège Henri Ageron,public,hors EP,104.0,88.8,0.0,conforme,89.6,0.0,conforme,07330,VALLON PONT D ARC,07,ARDECHE,8,GRENOBLE,44.40511383883768,4.398925750385198
0070037C,Collège Léonce Vieljeux,public,hors EP,104.8,88.8,0.0,conforme,89.6,0.0,conforme,07334,LES VANS,07,ARDECHE,8,GRENOBLE,44.40948915989314,4.1360677252702
0070040F,Collège Laboissière,public,hors EP,109.4,88.8,0.0,conforme,89.6,0.0,conforme,07341,VILLENEUVE DE BERG,07,ARDECHE,8,GRENOBLE,44.55474329392715,4.494950597892656
0070042H,Collège les trois Vallées,public,hors EP,100.6,88.8,0.0,conforme,89.6,0.0,conforme,07349,LA VOULTE SUR RHONE,07,ARDECHE,8,GRENOBLE,44.811904023504994,4.793579693421959
0070846G,Collège Georges Gouy,public,hors EP,96.5,88.8,0.0,conforme,89.6,0.0,conforme,07331,VALS LES BAINS,07,ARDECHE,8,GRENOBLE,44.66851761567125,4.3640572228037335
0070847H,Collège Marcel Chamontin,public,hors EP,101.1,88.8,0.0,conforme,89.6,0.0,conforme,07319,LE TEIL,07,ARDECHE,8,GRENOBLE,44.54776464978906,4.687829561841285
0070848J,Collège Marie Curie,public,hors EP,104.6,88.8,0.0,conforme,89.6,0.0,conforme,07324,TOURNON SUR RHONE,07,ARDECHE,8,GRENOBLE,45.06535866249477,4.837749368639665
0070849K,Collège les Deux Vallées,public,hors EP,106.5,88.8,0.0,conforme,89.6,0.0,conforme,07064,LE CHEYLARD,07,ARDECHE,8,GRENOBLE,44.90897194714357,4.42642993040606
0070872K,Collège du Vivarais,public,hors EP,102.1,88.8,0.0,conforme,89.6,0.0,conforme,07129,LAMASTRE,07,ARDECHE,8,GRENOBLE,44.989047414224295,4.588439922332162
0070890E,Collège Docteur Pierre Delarbre,public,hors EP,96.3,88.8,0.0,conforme,89.6,0.0,conforme,07338,VERNOUX EN VIVARAIS,07,ARDECHE,8,GRENOBLE,44.89636237658222,4.646899497713395
0071156U,Collège les Perrières,public,REP,84.0,88.8,0.0,conforme,89.6,0.0,conforme,07010,ANNONAY,07,ARDECHE,8,GRENOBLE,45.251692609672645,4.676279698777128
0071169H,Collège Roqua,public,hors EP,101.3,88.8,0.0,conforme,89.6,0.0,conforme,07019,AUBENAS,07,ARDECHE,8,GRENOBLE,44.627710643009706,4.386549705964646
0071245R,Collège de Jastres,public,hors EP,87.4,88.8,1.3999999999999915,oublie,89.6,2.1999999999999886,oublie,07019,AUBENAS,07,ARDECHE,8,GRENOBLE,44.617026299369925,4.3966506017913805
0071246S,Collège Bernard de Ventadour,public,hors EP,106.2,88.8,0.0,conforme,89.6,0.0,conforme,07186,PRIVAS,07,ARDECHE,8,GRENOBLE,44.72822916413814,4.611466239213401
0071300A,Collège la Lombardière,public,hors EP,101.0,88.8,0.0,conforme,89.6,0.0,conforme,07010,ANNONAY,07,ARDECHE,8,GRENOBLE,45.25104982965709,4.693349847090389
0071320X,Collège de Crussol,public,hors EP,115.8,88.8,0.0,conforme,89.6,0.0,conforme,07281,SAINT PERAY,07,ARDECHE,8,GRENOBLE,44.94977400837545,4.8407405906628265
0080011U,Collège Jean Macé,public,hors EP,106.0,88.8,0.0,conforme,86.2,0.0,conforme,08105,CHARLEVILLE MEZIERES,08,ARDENNES,19,REIMS,49.77182083196507,4.716516325182172
0080016Z,Collège Marie-Hélène Cardot,public,hors EP,94.7,88.8,0.0,conforme,86.2,0.0,conforme,08145,DOUZY,08,ARDENNES,19,REIMS,49.67506845532017,5.041701505135752
0080017A,Collège les Aurains,public,REP,85.1,88.8,0.0,conforme,86.2,0.0,conforme,08185,FUMAY,08,ARDENNES,19,REIMS,49.99154970612501,4.705411834461271
0080021E,Collège de la Retourne,public,hors EP,112.0,88.8,0.0,conforme,86.2,0.0,conforme,08239,JUNIVILLE,08,ARDENNES,19,REIMS,49.39590859463927,4.377139988991883
0080035V,Collège Arthur Rimbaud,public,hors EP,107.9,88.8,0.0,conforme,86.2,0.0,conforme,08105,CHARLEVILLE MEZIERES,08,ARDENNES,19,REIMS,49.775381403805454,4.726251169061062
0080036W,Collège Jean Rogissart,public,REP,80.5,88.8,0.0,conforme,86.2,0.0,conforme,08328,NOUZONVILLE,08,ARDENNES,19,REIMS,49.81681675892408,4.746236543859601
0080042C,Collège du Blanc Marais,public,hors EP,98.4,88.8,0.0,conforme,86.2,0.0,conforme,08365,RIMOGNE,08,ARDENNES,19,REIMS,49.84390811030342,4.532508343104749
0080046G,Collège Élisabeth de Nassau,public,hors EP,92.9,88.8,0.0,conforme,86.2,0.0,conforme,08409,SEDAN,08,ARDENNES,19,REIMS,49.69952689828173,4.952700028804294
0080052N,Collège Charles Bruneau,public,hors EP,95.4,88.8,0.0,conforme,86.2,0.0,conforme,08487,VIREUX WALLERAND,08,ARDENNES,19,REIMS,50.08746769572584,4.728222188848054
0080068F,Collège Rouget-de-Lisle,public,REP,86.6,88.8,0.0,conforme,86.2,0.3999999999999915,sur-inclus,08105,CHARLEVILLE MEZIERES,08,ARDENNES,19,REIMS,49.786787804752535,4.716599748207943
0080079T,Collège Fred Scamaroni,public,REP,87.6,88.8,0.0,conforme,86.2,1.3999999999999915,sur-inclus,08105,CHARLEVILLE MEZIERES,08,ARDENNES,19,REIMS,49.76622986545511,4.6934096066563855
0080105W,Collège Jules Ferry,public,REP,77.9,88.8,0.0,conforme,86.2,0.0,conforme,08081,BOGNY SUR MEUSE,08,ARDENNES,19,REIMS,49.85473061287866,4.736364699244831
0080826E,Collège le Lac,public,REP+,69.5,88.8,0.0,conforme,86.2,0.0,conforme,08409,SEDAN,08,ARDENNES,19,REIMS,49.69354859044855,4.940186275577855
0080827F,Collège les Deux Vallées,public,hors EP,86.9,88.8,1.8999999999999915,oublie,86.2,0.0,conforme,08302,MONTHERME,08,ARDENNES,19,REIMS,49.88394560416253,4.745840677210074
0080839U,Collège Pasteur,public,REP,85.1,88.8,0.0,conforme,86.2,0.0,conforme,08491,VRIGNE AUX BOIS,08,ARDENNES,19,REIMS,49.73524279309611,4.857738914265874
0080894D,Collège Salengro,public,REP+,66.2,88.8,0.0,conforme,86.2,0.0,conforme,08105,CHARLEVILLE MEZIERES,08,ARDENNES,19,REIMS,49.75075648660679,4.722128756720612
0080896F,Collège du Val de Meuse,public,hors EP,102.0,88.8,0.0,conforme,86.2,0.0,conforme,08327,NOUVION SUR MEUSE,08,ARDENNES,19,REIMS,49.70380313634265,4.800739655120022
0080897G,Collège Robert de Sorbon,public,hors EP,96.5,88.8,0.0,conforme,86.2,0.0,conforme,08362,RETHEL,08,ARDENNES,19,REIMS,49.511598695068166,4.367403380570497
0080909V,Collège Vallière,public,hors EP,94.5,88.8,0.0,conforme,86.2,0.0,conforme,08403,SAULT LES RETHEL,08,ARDENNES,19,REIMS,49.49018960938711,4.364983779242941
0080910W,Collège Turenne,public,hors EP,82.8,88.8,6.0,oublie,86.2,3.4000000000000057,oublie,08409,SEDAN,08,ARDENNES,19,REIMS,49.69944234728644,4.946643954576745
0080925M,Collège Léo Lagrange,public,REP+,66.2,88.8,0.0,conforme,86.2,0.0,conforme,08105,CHARLEVILLE MEZIERES,08,ARDENNES,19,REIMS,49.744650804528845,4.720214624015664
0080948M,Collège Vauban,public,hors EP,92.9,88.8,0.0,conforme,86.2,0.0,conforme,08190,GIVET,08,ARDENNES,19,REIMS,50.13331326879036,4.829131495311106
0080949N,Collège George Sand,public,REP,84.3,88.8,0.0,conforme,86.2,0.0,conforme,08363,REVIN,08,ARDENNES,19,REIMS,49.93463761284208,4.645868244904189
0080954U,Collège Bayard,public,hors EP,85.9,88.8,2.8999999999999915,oublie,86.2,0.29999999999999716,oublie,08105,CHARLEVILLE MEZIERES,08,ARDENNES,19,REIMS,49.75771199608217,4.7186535489537045
0081001V,Collège Jules Leroux,public,hors EP,92.6,88.8,0.0,conforme,86.2,0.0,conforme,08480,VILLERS SEMEUSE,08,ARDENNES,19,REIMS,49.74351617019147,4.743010629376135
0081096Y,Collège de l'Argonne,public,hors EP,85.9,88.8,2.8999999999999915,oublie,86.2,0.29999999999999716,oublie,08198,GRANDPRE,08,ARDENNES,19,REIMS,49.34392873958745,4.870806477649291
0081097Z,Collège Paul Drouot,public,hors EP,93.5,88.8,0.0,conforme,86.2,0.0,conforme,08490,VOUZIERS,08,ARDENNES,19,REIMS,49.40352107439829,4.6957693605490025
0081098A,Collège Andrée Viénot,public,hors EP,93.1,88.8,0.0,conforme,86.2,0.0,conforme,08367,ROCROI,08,ARDENNES,19,REIMS,49.9289646150747,4.529882690353472
0081099B,Collège Jeanne Mélin,public,hors EP,84.5,88.8,4.299999999999997,oublie,86.2,1.7000000000000028,oublie,08090,CARIGNAN,08,ARDENNES,19,REIMS,49.62952978162467,5.174838727059267
0081100C,Collège Éva Thomé,public,hors EP,98.9,88.8,0.0,conforme,86.2,0.0,conforme,08025,ATTIGNY,08,ARDENNES,19,REIMS,49.471918962218936,4.578387370475129
0081102E,Collège multisite Asfeld-Chateau Porcien,public,hors EP,100.8,88.8,0.0,conforme,86.2,0.0,conforme,08024,ASFELD,08,ARDENNES,19,REIMS,49.47025894025985,4.116245234049339
0081103F,Collège de Raucourt,public,hors EP,92.0,88.8,0.0,conforme,86.2,0.0,conforme,08354,RAUCOURT ET FLABA,08,ARDENNES,19,REIMS,49.6061246192151,4.960899398318328
0081104G,Collège Signy l'Abbaye-Chaumont Porcien,public,hors EP,94.0,88.8,0.0,conforme,86.2,0.0,conforme,08419,SIGNY L ABBAYE,08,ARDENNES,19,REIMS,49.69895689970588,4.419915870029079
0081105H,Collège multisite Signy le petit-Liart,public,hors EP,89.3,88.8,0.0,conforme,86.2,0.0,conforme,08420,SIGNY LE PETIT,08,ARDENNES,19,REIMS,49.90529814667683,4.284560212844847
0090001C,Collège Mario Beulaygue,public,hors EP,107.6,88.8,0.0,conforme,89.9,0.0,conforme,09032,AX LES THERMES,09,ARIEGE,16,TOULOUSE,42.72465164268205,1.8357000320893573
0090007J,Collège Victor Hugo,public,REP,93.7,88.8,4.900000000000006,sur-inclus,89.9,3.799999999999997,sur-inclus,09160,LAVELANET,09,ARIEGE,16,TOULOUSE,42.94008498594125,1.852951370048692
0090009L,Collège François Verdier,public,hors EP,106.2,88.8,0.0,conforme,89.9,0.0,conforme,09167,LEZAT SUR LEZE,09,ARIEGE,16,TOULOUSE,43.27149944173127,1.3496797969459409
0090010M,Collège André Saint-Paul,public,hors EP,111.5,88.8,0.0,conforme,89.9,0.0,conforme,09181,LE MAS D AZIL,09,ARIEGE,16,TOULOUSE,43.080616028101424,1.3669399077923594
0090012P,Collège Gaston Fébus,public,hors EP,106.6,88.8,0.0,conforme,89.9,0.0,conforme,09185,MAZERES,09,ARIEGE,16,TOULOUSE,43.24431176368251,1.6777696816687049
0090023B,Collège du Girbet,public,hors EP,103.9,88.8,0.0,conforme,89.9,0.0,conforme,09282,SAVERDUN,09,ARIEGE,16,TOULOUSE,43.239711488319806,1.5731299998550077
0090025D,Collège Jules Palmade,public,hors EP,104.3,88.8,0.0,conforme,89.9,0.0,conforme,09285,SEIX,09,ARIEGE,16,TOULOUSE,42.8642079613663,1.2047604660036495
0090055L,Collège Pierre Bayle,public,hors EP,101.1,88.8,0.0,conforme,89.9,0.0,conforme,09225,PAMIERS,09,ARIEGE,16,TOULOUSE,43.11603670618699,1.6228090873408556
0090056M,Collège Joseph-Paul Rambaud,public,hors EP,94.8,88.8,0.0,conforme,89.9,0.0,conforme,09225,PAMIERS,09,ARIEGE,16,TOULOUSE,43.11465664048534,1.609488533869876
0090478W,Collège Lakanal,public,hors EP,108.4,88.8,0.0,conforme,89.9,0.0,conforme,09122,FOIX,09,ARIEGE,16,TOULOUSE,42.955817426330505,1.6096402826566525
0090490J,Collège Louis Pasteur,public,REP,89.9,88.8,1.1000000000000085,sur-inclus,89.9,0.0,au seuil,09160,LAVELANET,09,ARIEGE,16,TOULOUSE,42.9275214704124,1.843808887527536
0090546V,"Collège du Sabarthès-Montcalm, site de Tarascon-sur-Ariège",public,hors EP,99.8,88.8,0.0,conforme,89.9,0.0,conforme,09306,TARASCON SUR ARIEGE,09,ARIEGE,16,TOULOUSE,42.84478118666152,1.6029890737508554
0090573Z,Cité scolaire de Mirepoix - collège,public,hors EP,102.0,88.8,0.0,conforme,89.9,0.0,conforme,09194,MIREPOIX,09,ARIEGE,16,TOULOUSE,43.08582292437595,1.882479780581311
0090574A,Collège Mont Valier,public,hors EP,103.4,88.8,0.0,conforme,89.9,0.0,conforme,09261,SAINT GIRONS,09,ARIEGE,16,TOULOUSE,42.97772979180764,1.1504797659944284
0100005B,Collège Paul Portier,public,hors EP,92.5,88.8,0.0,conforme,86.2,0.0,conforme,10034,BAR SUR SEINE,10,AUBE,19,REIMS,48.112910104040566,4.378029541282399
0100007D,Collège Julien Regnier,public,hors EP,93.5,88.8,0.0,conforme,86.2,0.0,conforme,10064,BRIENNE LE CHATEAU,10,AUBE,19,REIMS,48.38529960663431,4.524589907328108
0100008E,Collège Amadis Jamyn,public,hors EP,101.1,88.8,0.0,conforme,86.2,0.0,conforme,10080,CHAOURCE,10,AUBE,19,REIMS,48.059063854266334,4.144409751263626
0100009F,Collège Albert Camus,public,REP+,84.5,88.8,0.0,conforme,86.2,0.0,conforme,10081,LA CHAPELLE SAINT LUC,10,AUBE,19,REIMS,48.31070420030469,4.03975640245375
0100010G,Collège Eugène Belgrand,public,hors EP,93.1,88.8,0.0,conforme,86.2,0.0,conforme,10140,ERVY LE CHATEL,10,AUBE,19,REIMS,48.04398570516661,3.914439577239458
0100011H,Collège Jean Moulin,public,hors EP,100.0,88.8,0.0,conforme,86.2,0.0,conforme,10224,MARIGNY LE CHATEL,10,AUBE,19,REIMS,48.39857074573685,3.7321601097693287
0100013K,Collège des Roises,public,hors EP,104.9,88.8,0.0,conforme,86.2,0.0,conforme,10287,PINEY,10,AUBE,19,REIMS,48.36131616907351,4.331360434727838
0100019S,Collège de la Villeneuve,public,hors EP,85.4,88.8,3.3999999999999915,oublie,86.2,0.7999999999999972,oublie,10333,SAINT ANDRE LES VERGERS,10,AUBE,19,REIMS,48.28286975638054,4.055885365069737
0100028B,Collège Nicolas Bourbon,public,hors EP,95.0,88.8,0.0,conforme,86.2,0.0,conforme,10401,VENDEUVRE SUR BARSE,10,AUBE,19,REIMS,48.230835424250046,4.472779755080116
0100031E,Collège Beurnonville,public,hors EP,94.5,88.8,0.0,conforme,86.2,0.0,conforme,10387,TROYES,10,AUBE,19,REIMS,48.29293604323171,4.073480433418144
0100033G,Collège Charles Delaunay,public,hors EP,108.8,88.8,0.0,conforme,86.2,0.0,conforme,10209,LUSIGNY SUR BARSE,10,AUBE,19,REIMS,48.25993459463051,4.2536598578146725
0100038M,Collège Jacobins,public,REP,73.3,88.8,0.0,conforme,86.2,0.0,conforme,10387,TROYES,10,AUBE,19,REIMS,48.29606317288079,4.07977965172983
0100081J,Collège Marie Curie,public,REP,84.3,88.8,0.0,conforme,86.2,0.0,conforme,10387,TROYES,10,AUBE,19,REIMS,48.27186580982864,4.075559746315772
0100664T,Collège Paul Langevin,public,hors EP,106.2,88.8,0.0,conforme,86.2,0.0,conforme,10362,SAINTE SAVINE,10,AUBE,19,REIMS,48.29844510675619,4.042640421713391
0100665U,Collège de la Voie Châtelaine,public,hors EP,97.2,88.8,0.0,conforme,86.2,0.0,conforme,10006,ARCIS SUR AUBE,10,AUBE,19,REIMS,48.53642561487798,4.14931003123479
0100765C,Collège Max Hutin,public,hors EP,108.8,88.8,0.0,conforme,86.2,0.0,conforme,10051,BOUILLY,10,AUBE,19,REIMS,48.19143647797009,3.9906306653125663
0100785Z,Collège Pierre Labonde,public,hors EP,101.2,88.8,0.0,conforme,86.2,0.0,conforme,10233,MERY SUR SEINE,10,AUBE,19,REIMS,48.51375537450001,3.8882497064155706
0100786A,Collège Jean Jaurès,public,hors EP,96.7,88.8,0.0,conforme,86.2,0.0,conforme,10268,NOGENT SUR SEINE,10,AUBE,19,REIMS,48.49351095382592,3.5041005707092885
0100787B,Collège Paul Langevin,public,REP,84.7,88.8,0.0,conforme,86.2,0.0,conforme,10323,ROMILLY SUR SEINE,10,AUBE,19,REIMS,48.52134377125562,3.7278704281470656
0100806X,Collège d'Othe et Vanne,public,hors EP,101.4,88.8,0.0,conforme,86.2,0.0,conforme,10003,AIX VILLEMAUR PALIS,10,AUBE,19,REIMS,48.22179842108624,3.742430554062383
0100807Y,Collège Pierre Brossolette,public,REP+,85.5,88.8,0.0,conforme,86.2,0.0,conforme,10081,LA CHAPELLE SAINT LUC,10,AUBE,19,REIMS,48.30525848042421,4.033710433120712
0100902B,Collège Gaston Bachelard,public,hors EP,89.4,88.8,0.0,conforme,86.2,0.0,conforme,10033,BAR SUR AUBE,10,AUBE,19,REIMS,48.22838068610503,4.703129852311333
0100905E,Collège le Noyer Marchand,public,REP,86.3,88.8,0.0,conforme,86.2,0.09999999999999432,sur-inclus,10323,ROMILLY SUR SEINE,10,AUBE,19,REIMS,48.51832693133685,3.719370530973969
0100947A,Collège Pierre et François Pithou,public,REP,85.8,88.8,0.0,conforme,86.2,0.0,conforme,10387,TROYES,10,AUBE,19,REIMS,48.3075441897081,4.061640289744202
0101031S,Collège Eureka,public,hors EP,96.8,88.8,0.0,conforme,86.2,0.0,conforme,10297,PONT SAINTE MARIE,10,AUBE,19,REIMS,48.32443611300232,4.096490254279964
0110003U,Collège de l'Alaric,public,hors EP,95.8,88.8,0.0,conforme,84.7,0.0,conforme,11068,CAPENDU,11,AUDE,11,MONTPELLIER,43.18590848972082,2.5634199524445456
0110010B,Collège André Chénier,public,hors EP,108.1,88.8,0.0,conforme,84.7,0.0,conforme,11069,CARCASSONNE,11,AUDE,11,MONTPELLIER,43.21227879537586,2.349310082875352
0110011C,Collège Blaise d'Auriol,public,hors EP,106.3,88.8,0.0,conforme,84.7,0.0,conforme,11076,CASTELNAUDARY,11,AUDE,11,MONTPELLIER,43.31633567981376,1.9582900688944145
0110015G,Collège Jean Baptiste Bieules,public,hors EP,91.5,88.8,0.0,conforme,84.7,0.0,conforme,11103,COUIZA,11,AUDE,11,MONTPELLIER,42.940763712672215,2.2550702107090728
0110021N,Collège Victor Hugo,public,hors EP,94.7,88.8,0.0,conforme,84.7,0.0,conforme,11262,NARBONNE,11,AUDE,11,MONTPELLIER,43.18780519341794,3.006150016337126
0110025T,Collège Cité,public,hors EP,114.9,88.8,0.0,conforme,84.7,0.0,conforme,11262,NARBONNE,11,AUDE,11,MONTPELLIER,43.18718710476163,3.008270411217655
0110026U,Collège Jules Ferry,public,hors EP,97.9,88.8,0.0,conforme,84.7,0.0,conforme,11262,NARBONNE,11,AUDE,11,MONTPELLIER,43.178945456593006,3.000819794519885
0110037F,Collège Alain,public,hors EP,90.7,88.8,0.0,conforme,84.7,0.0,conforme,11069,CARCASSONNE,11,AUDE,11,MONTPELLIER,43.21095190634443,2.331629421742715
0110067N,Collège les Mailheuls,public,hors EP,104.6,88.8,0.0,conforme,84.7,0.0,conforme,11106,COURSAN,11,AUDE,11,MONTPELLIER,43.2319006100918,3.061040295492098
0110068P,Collège Georges Brassens,public,REP,87.4,88.8,0.0,conforme,84.7,2.700000000000003,sur-inclus,11262,NARBONNE,11,AUDE,11,MONTPELLIER,43.18619491528589,2.9742500591604983
0110665N,Collège Varsovie,public,hors EP,105.2,88.8,0.0,conforme,84.7,0.0,conforme,11069,CARCASSONNE,11,AUDE,11,MONTPELLIER,43.21377604130473,2.347739900077741
0110666P,Collège le Bastion,public,hors EP,100.9,88.8,0.0,conforme,84.7,0.0,conforme,11069,CARCASSONNE,11,AUDE,11,MONTPELLIER,43.216445674713256,2.348900307781184
0110667R,Collège Pierre et Marie Curie,public,hors EP,95.7,88.8,0.0,conforme,84.7,0.0,conforme,11315,RIEUX MINERVOIS,11,AUDE,11,MONTPELLIER,43.2816347264904,2.5813100234662194
0110672W,Collège Jules Verne,public,REP,78.2,88.8,0.0,conforme,84.7,0.0,conforme,11069,CARCASSONNE,11,AUDE,11,MONTPELLIER,43.21744505707045,2.351589984583764
0110674Y,Collège Gaston Bonheur,public,hors EP,97.4,88.8,0.0,conforme,84.7,0.0,conforme,11397,TREBES,11,AUDE,11,MONTPELLIER,43.2096146281527,2.4534999888949027
0110675Z,Collège Michel Bousquié,public,hors EP,99.9,88.8,0.0,conforme,84.7,0.0,conforme,11304,QUILLAN,11,AUDE,11,MONTPELLIER,42.87616400798539,2.175790419878959
0110676A,Collège Saint-Exupéry,public,hors EP,95.6,88.8,0.0,conforme,84.7,0.0,conforme,11049,BRAM,11,AUDE,11,MONTPELLIER,43.239179989872014,2.110860562859487
0110686L,Collège Joseph Anglade,public,hors EP,92.4,88.8,0.0,conforme,84.7,0.0,conforme,11203,LEZIGNAN CORBIERES,11,AUDE,11,MONTPELLIER,43.196809464040086,2.765270436216811
0110721Z,Collège Antoine Courrière,public,hors EP,108.1,88.8,0.0,conforme,84.7,0.0,conforme,11115,CUXAC CABARDES,11,AUDE,11,MONTPELLIER,43.36187125962498,2.2658004110177257
0110724C,Collège des corbières maritimes,public,hors EP,100.0,88.8,0.0,conforme,84.7,0.0,conforme,11379,SIGEAN,11,AUDE,11,MONTPELLIER,43.02396159597403,2.9809303925056216
0110725D,Collège la Nadière,public,hors EP,91.5,88.8,0.0,conforme,84.7,0.0,conforme,11266,PORT LA NOUVELLE,11,AUDE,11,MONTPELLIER,43.015293828719145,3.047340265498978
0110788X,Collège Montesquieu,public,hors EP,90.9,88.8,0.0,conforme,84.7,0.0,conforme,11262,NARBONNE,11,AUDE,11,MONTPELLIER,43.19340845563399,3.0187296795732736
0110810W,Collège Simone Veil,public,hors EP,95.9,88.8,0.0,conforme,84.7,0.0,conforme,11069,CARCASSONNE,11,AUDE,11,MONTPELLIER,43.22434705240704,2.352159504668571
0110825M,Collège les Fontanilles,public,hors EP,98.9,88.8,0.0,conforme,84.7,0.0,conforme,11076,CASTELNAUDARY,11,AUDE,11,MONTPELLIER,43.31811144751854,1.9444504780246767
0110859Z,Collège Joseph Delteil,public,hors EP,95.2,88.8,0.0,conforme,84.7,0.0,conforme,11206,LIMOUX,11,AUDE,11,MONTPELLIER,43.06418305962561,2.2153096873444653
0110870L,Collège Antoine Pons,public,hors EP,104.4,88.8,0.0,conforme,84.7,0.0,conforme,11091,CHALABRE,11,AUDE,11,MONTPELLIER,42.985108904481415,2.004979939508664
0111015U,Collège Marcelin Albert,public,hors EP,103.3,88.8,0.0,conforme,84.7,0.0,conforme,11360,SAINT NAZAIRE D AUDE,11,AUDE,11,MONTPELLIER,43.255719665144426,2.908970346764471
0111051H,Collège Rosa Parks,public,hors EP,91.2,88.8,0.0,conforme,84.7,0.0,conforme,11203,LEZIGNAN CORBIERES,11,AUDE,11,MONTPELLIER,43.18451886403736,2.7595799942030177
0120002M,Collège Voltaire,public,hors EP,104.1,88.8,0.0,conforme,89.9,0.0,conforme,12052,CAPDENAC GARE,12,AVEYRON,16,TOULOUSE,44.573786937526265,2.081049731118863
0120004P,Collège Jean Jaurès,public,REP,84.5,88.8,0.0,conforme,89.9,0.0,conforme,12083,CRANSAC,12,AVEYRON,16,TOULOUSE,44.5247234560744,2.282369802041451
0120011X,Collège Pierre Soulages,public,hors EP,115.5,88.8,0.0,conforme,89.9,0.0,conforme,12138,MARCILLAC VALLON,12,AVEYRON,16,TOULOUSE,44.46131474659583,2.4690995364517314
0120016C,Collège du Carladez,public,hors EP,99.1,88.8,0.0,conforme,89.9,0.0,conforme,12164,MUR DE BARREZ,12,AVEYRON,16,TOULOUSE,44.84230938024648,2.663029826197445
0120017D,Collège Jean Boudou,public,hors EP,108.2,88.8,0.0,conforme,89.9,0.0,conforme,12169,NAUCELLE,12,AVEYRON,16,TOULOUSE,44.19680062305746,2.34190062600104
0120018E,Collège Jean Amans,public,hors EP,106.2,88.8,0.0,conforme,89.9,0.0,conforme,12185,PONT DE SALARS,12,AVEYRON,16,TOULOUSE,44.28532816829107,2.724780146535779
0120019F,Collège Célestin Sourèzes,public,hors EP,100.4,88.8,0.0,conforme,89.9,0.0,conforme,12197,REQUISTA,12,AVEYRON,16,TOULOUSE,44.034494592968905,2.5341902554260702
0120020G,Collège Lucie Aubrac,public,hors EP,98.3,88.8,0.0,conforme,89.9,0.0,conforme,12198,RIEUPEYROUX,12,AVEYRON,16,TOULOUSE,44.308377085977824,2.2323504802073644
0120021H,Collège Georges Rouquier,public,hors EP,107.4,88.8,0.0,conforme,89.9,0.0,conforme,12199,RIGNAC,12,AVEYRON,16,TOULOUSE,44.40893042101832,2.293840705770323
0120028R,Collège Denys Puech,public,hors EP,104.2,88.8,0.0,conforme,89.9,0.0,conforme,12224,SAINT GENIEZ D OLT ET D AUBRAC,12,AVEYRON,16,TOULOUSE,44.46222826912648,2.975250090189138
0120029S,Collège Jean d'Alembert,public,hors EP,106.1,88.8,0.0,conforme,89.9,0.0,conforme,12270,SEVERAC D AVEYRON,12,AVEYRON,16,TOULOUSE,44.319686907734194,3.066160228985612
0120032V,Collège Albert Camus,public,hors EP,113.3,88.8,0.0,conforme,89.9,0.0,conforme,12056,BARAQUEVILLE,12,AVEYRON,16,TOULOUSE,44.26787877490983,2.434529674116753
0120101V,Collège Amans-Joseph Fabre,public,hors EP,106.5,88.8,0.0,conforme,89.9,0.0,conforme,12202,RODEZ,12,AVEYRON,16,TOULOUSE,44.35351707396835,2.5757900290098488
0120622L,Collège Paul Ramadier,public,REP,90.1,88.8,1.2999999999999972,sur-inclus,89.9,0.19999999999998863,sur-inclus,12089,DECAZEVILLE,12,AVEYRON,16,TOULOUSE,44.57080239612147,2.255759903876115
0120878P,Collège Marcel Aymard,public,hors EP,101.5,88.8,0.0,conforme,89.9,0.0,conforme,12145,MILLAU,12,AVEYRON,16,TOULOUSE,44.0981730560949,3.0734899958875217
0121133S,Collège Jean Moulin,public,hors EP,107.9,88.8,0.0,conforme,89.9,0.0,conforme,12202,RODEZ,12,AVEYRON,16,TOULOUSE,44.358627658196895,2.5838897294437864
0121176N,Collège Louis Denayrouze,public,hors EP,104.0,88.8,0.0,conforme,89.9,0.0,conforme,12096,ESPALION,12,AVEYRON,16,TOULOUSE,44.52463746602426,2.7612005186710364
0121213D,Collège Carco,public,hors EP,97.6,88.8,0.0,conforme,89.9,0.0,conforme,12300,VILLEFRANCHE DE ROUERGUE,12,AVEYRON,16,TOULOUSE,44.35852006600605,2.0346194733230227
0121273U,Collège Les Quatre Saisons,public,hors EP,96.1,88.8,0.0,conforme,89.9,0.0,conforme,12176,ONET LE CHATEAU,12,AVEYRON,16,TOULOUSE,44.36708859452038,2.591880166563412
0121295T,Collège de la Viadène,public,hors EP,103.6,88.8,0.0,conforme,89.9,0.0,conforme,12209,SAINT AMANS DES COTS,12,AVEYRON,16,TOULOUSE,44.682273267461646,2.665510181513443
0121297V,Collège Jean Jaurès,public,hors EP,100.5,88.8,0.0,conforme,89.9,0.0,conforme,12208,SAINT AFFRIQUE,12,AVEYRON,16,TOULOUSE,43.94966737770597,2.895821962005789
0121524S,Collège du Larzac,public,hors EP,100.5,88.8,0.0,conforme,89.9,0.0,conforme,12063,LA CAVALERIE,12,AVEYRON,16,TOULOUSE,44.00574693108334,3.1661075358122464
0130007M,Collège Muriel Hurtis (anciennement Jas de Bouffan),public,REP,81.0,88.8,0.0,conforme,87.5,0.0,conforme,13001,AIX EN PROVENCE,13,BOUCHES-DU-RHONE,2,AIX-MARSEILLE,43.52563799847461,5.420919924379433
0130022D,Collège Alice Guy (anciennement Virebelle),public,hors EP,109.8,88.8,0.0,conforme,87.5,0.0,conforme,13028,LA CIOTAT,13,BOUCHES-DU-RHONE,2,AIX-MARSEILLE,43.18540816196633,5.600375883420007
0130028K,Collège Denis Moustier,public,hors EP,123.5,88.8,0.0,conforme,87.5,0.0,conforme,13046,GREASQUE,13,BOUCHES-DU-RHONE,2,AIX-MARSEILLE,43.431952034364826,5.542384898121028
0130032P,Collège Collines Durance,public,hors EP,114.8,88.8,0.0,conforme,87.5,0.0,conforme,13053,MALLEMORT,13,BOUCHES-DU-RHONE,2,AIX-MARSEILLE,43.72981023034274,5.177872479344052
0130079R,Collège Chape,public,hors EP,130.2,88.8,0.0,conforme,87.5,0.0,conforme,13204,MARSEILLE 4E ARRONDISSEMENT,13,BOUCHES-DU-RHONE,2,AIX-MARSEILLE,43.29948966367911,5.389929945404755
0130084W,Collège Grande Bastide,public,hors EP,103.3,88.8,0.0,conforme,87.5,0.0,conforme,13209,MARSEILLE 9E ARRONDISSEMENT,13,BOUCHES-DU-RHONE,2,AIX-MARSEILLE,43.256046271765534,5.405230541237647
0130093F,Collège Ariane Ascaride (anciennement Fraissinet),public,hors EP,98.0,88.8,0.0,conforme,87.5,0.0,conforme,13205,MARSEILLE 5E ARRONDISSEMENT,13,BOUCHES-DU-RHONE,2,AIX-MARSEILLE,43.29168204451866,5.39920521376462
0130110Z,Collège Jean Malrieu,public,hors EP,111.1,88.8,0.0,conforme,87.5,0.0,conforme,13205,MARSEILLE 5E ARRONDISSEMENT,13,BOUCHES-DU-RHONE,2,AIX-MARSEILLE,43.290267620524666,5.391557143737321
0130136C,Collège Vieux port,public,REP+,77.3,88.8,0.0,conforme,87.5,0.0,conforme,13202,MARSEILLE 2E ARRONDISSEMENT,13,BOUCHES-DU-RHONE,2,AIX-MARSEILLE,43.29650515548216,5.365599591293657
0130139F,Collège Coin Joli Sévigné,public,hors EP,87.1,88.8,1.7000000000000028,oublie,87.5,0.4000000000000057,oublie,13209,MARSEILLE 9E ARRONDISSEMENT,13,BOUCHES-DU-RHONE,2,AIX-MARSEILLE,43.26400504217281,5.404199144946175
0130156Z,Collège Louis Aragon,public,hors EP,122.0,88.8,0.0,conforme,87.5,0.0,conforme,13086,ROQUEVAIRE,13,BOUCHES-DU-RHONE,2,AIX-MARSEILLE,43.34529888597566,5.599720345975191
0130158B,Collège René Seyssaud,public,hors EP,113.9,88.8,0.0,conforme,87.5,0.0,conforme,13092,SAINT CHAMAS,13,BOUCHES-DU-RHONE,2,AIX-MARSEILLE,43.54718948814524,5.038289904104065
0130163G,Collège Joseph d'Arbaud,public,hors EP,98.8,88.8,0.0,conforme,87.5,0.0,conforme,13103,SALON DE PROVENCE,13,BOUCHES-DU-RHONE,2,AIX-MARSEILLE,43.625400426206376,5.105299609237648
0130166K,Collège les Hauts de l'Arc,public,hors EP,112.5,88.8,0.0,conforme,87.5,0.0,conforme,13110,TRETS,13,BOUCHES-DU-RHONE,2,AIX-MARSEILLE,43.44654479123081,5.6903997049390265
0131259Y,Collège Jean Guéhenno,public,hors EP,120.6,88.8,0.0,conforme,87.5,0.0,conforme,13050,LAMBESC,13,BOUCHES-DU-RHONE,2,AIX-MARSEILLE,43.65151206359419,5.266539956063795
0131260Z,Collège Edmond Rostand,public,REP+,71.4,88.8,0.0,conforme,87.5,0.0,conforme,13213,MARSEILLE 13E ARRONDISSEMENT,13,BOUCHES-DU-RHONE,2,AIX-MARSEILLE,43.3285229352973,5.408321004299624
0131261A,Collège Auguste Renoir,public,REP+,70.2,88.8,0.0,conforme,87.5,0.0,conforme,13213,MARSEILLE 13E ARRONDISSEMENT,13,BOUCHES-DU-RHONE,2,AIX-MARSEILLE,43.32773029636164,5.408349520146369
0131262B,Collège Jacques Prévert,public,REP+,76.6,88.8,0.0,conforme,87.5,0.0,conforme,13213,MARSEILLE 13E ARRONDISSEMENT,13,BOUCHES-DU-RHONE,2,AIX-MARSEILLE,43.325958622791504,5.432413527640791
0131264D,Collège Joséphine BAKER,public,REP+,75.7,88.8,0.0,conforme,87.5,0.0,conforme,13203,MARSEILLE 3E ARRONDISSEMENT,13,BOUCHES-DU-RHONE,2,AIX-MARSEILLE,43.31136866347166,5.375387663777026
0131265E,Collège Jean Moulin,public,REP,78.4,88.8,0.0,conforme,87.5,0.0,conforme,13103,SALON DE PROVENCE,13,BOUCHES-DU-RHONE,2,AIX-MARSEILLE,43.6427842128434,5.103994516073329
0131266F,Collège Nathalie Sarraute,public,hors EP,102.2,88.8,0.0,conforme,87.5,0.0,conforme,13005,AUBAGNE,13,BOUCHES-DU-RHONE,2,AIX-MARSEILLE,43.29849506194962,5.564280295651818
0131548M,Collège Sylvain Menu,public,hors EP,115.5,88.8,0.0,conforme,87.5,0.0,conforme,13209,MARSEILLE 9E ARRONDISSEMENT,13,BOUCHES-DU-RHONE,2,AIX-MARSEILLE,43.257907247058256,5.4120964560492935
0131602W,Collège du Roy d'Espagne,public,hors EP,94.1,88.8,0.0,conforme,87.5,0.0,conforme,13209,MARSEILLE 9E ARRONDISSEMENT,13,BOUCHES-DU-RHONE,2,AIX-MARSEILLE,43.24125484685546,5.3969697295295855
0131603X,Collège Adolphe Monticelli,public,hors EP,112.1,88.8,0.0,conforme,87.5,0.0,conforme,13208,MARSEILLE 8E ARRONDISSEMENT,13,BOUCHES-DU-RHONE,2,AIX-MARSEILLE,43.27664976646941,5.380983517479939
0131604Y,Collège Henri Wallon,public,REP+,66.8,88.8,0.0,conforme,87.5,0.0,conforme,13214,MARSEILLE 14E ARRONDISSEMENT,13,BOUCHES-DU-RHONE,2,AIX-MARSEILLE,43.3196178510615,5.386180404033253
0131605Z,Collège Henri Barnier,public,REP+,63.3,88.8,0.0,conforme,87.5,0.0,conforme,13216,MARSEILLE 16E ARRONDISSEMENT,13,BOUCHES-DU-RHONE,2,AIX-MARSEILLE,43.3649273775508,5.3438294872879935
0131607B,Collège Georges Brassens,public,hors EP,100.3,88.8,0.0,conforme,87.5,0.0,conforme,13054,MARIGNANE,13,BOUCHES-DU-RHONE,2,AIX-MARSEILLE,43.41135891449512,5.204368025670786
0131608C,Collège Émilie de Mirabeau,public,hors EP,98.3,88.8,0.0,conforme,87.5,0.0,conforme,13054,MARIGNANE,13,BOUCHES-DU-RHONE,2,AIX-MARSEILLE,43.40401199625373,5.224930185750121
0131609D,Collège Frédéric Mistral,public,hors EP,103.9,88.8,0.0,conforme,87.5,0.0,conforme,13004,ARLES,13,BOUCHES-DU-RHONE,2,AIX-MARSEILLE,43.683105312952776,4.631309900028356
0131610E,Collège Vincent Van Gogh,public,REP,84.8,88.8,0.0,conforme,87.5,0.0,conforme,13004,ARLES,13,BOUCHES-DU-RHONE,2,AIX-MARSEILLE,43.67943880232301,4.638130116326001
0131611F,Collège René Cassin,public,REP,82.4,88.8,0.0,conforme,87.5,0.0,conforme,13108,TARASCON,13,BOUCHES-DU-RHONE,2,AIX-MARSEILLE,43.81837826589648,4.662029851916059
0131622T,Collège Joseph Lakanal,public,hors EP,103.7,88.8,0.0,conforme,87.5,0.0,conforme,13005,AUBAGNE,13,BOUCHES-DU-RHONE,2,AIX-MARSEILLE,43.28565731068221,5.582480253858163
0131700C,Collège Pesquier,public,hors EP,108.4,88.8,0.0,conforme,87.5,0.0,conforme,13041,GARDANNE,13,BOUCHES-DU-RHONE,2,AIX-MARSEILLE,43.44382570561783,5.467639399709483
0131701D,Collège Gabriel Péri,public,REP,96.2,88.8,7.400000000000006,sur-inclus,87.5,8.700000000000003,sur-inclus,13041,GARDANNE,13,BOUCHES-DU-RHONE,2,AIX-MARSEILLE,43.453259683075466,5.470129814977732
0131703F,Collège Édouard Manet,public,REP+,63.5,88.8,0.0,conforme,87.5,0.0,conforme,13214,MARSEILLE 14E ARRONDISSEMENT,13,BOUCHES-DU-RHONE,2,AIX-MARSEILLE,43.33336908225192,5.399634040443975
0131704G,Collège Arthur Rimbaud,public,REP+,64.6,88.8,0.0,conforme,87.5,0.0,conforme,13215,MARSEILLE 15E ARRONDISSEMENT,13,BOUCHES-DU-RHONE,2,AIX-MARSEILLE,43.34432893263555,5.348482706937176
0131705H,Collège Fernand Léger,public,REP,88.7,88.8,0.0,conforme,87.5,1.2000000000000028,sur-inclus,13014,BERRE L ETANG,13,BOUCHES-DU-RHONE,2,AIX-MARSEILLE,43.488049494784825,5.158740692840738
0131706J,Collège Commandant Cousteau,public,hors EP,108.2,88.8,0.0,conforme,87.5,0.0,conforme,13081,ROGNAC,13,BOUCHES-DU-RHONE,2,AIX-MARSEILLE,43.48382675574098,5.234165532315166
0131707K,Collège Gérard Philipe,public,hors EP,100.2,88.8,0.0,conforme,87.5,0.0,conforme,13056,MARTIGUES,13,BOUCHES-DU-RHONE,2,AIX-MARSEILLE,43.39572783760718,5.060829624393693
0131711P,Collège Rocher du Dragon,public,hors EP,124.1,88.8,0.0,conforme,87.5,0.0,conforme,13001,AIX EN PROVENCE,13,BOUCHES-DU-RHONE,2,AIX-MARSEILLE,43.533367200113865,5.438419962046779
0131712R,Collège Arc de Meyran,public,hors EP,111.3,88.8,0.0,conforme,87.5,0.0,conforme,13001,AIX EN PROVENCE,13,BOUCHES-DU-RHONE,2,AIX-MARSEILLE,43.511667017625776,5.462501869215118
0131723C,Collège Jean Jaurès,public,hors EP,112.9,88.8,0.0,conforme,87.5,0.0,conforme,13074,PEYROLLES EN PROVENCE,13,BOUCHES-DU-RHONE,2,AIX-MARSEILLE,43.646281794484345,5.576662226332888
0131746C,Collège Robert Morel,public,hors EP,100.1,88.8,0.0,conforme,87.5,0.0,conforme,13004,ARLES,13,BOUCHES-DU-RHONE,2,AIX-MARSEILLE,43.684458660549865,4.614009425456128
0131750G,Collège Louis Armand,public,hors EP,92.5,88.8,0.0,conforme,87.5,0.0,conforme,13212,MARSEILLE 12E ARRONDISSEMENT,13,BOUCHES-DU-RHONE,2,AIX-MARSEILLE,43.29657118819605,5.433719413220106
0131756N,Collège Darius Milhaud,public,hors EP,86.4,88.8,2.3999999999999915,oublie,87.5,1.0999999999999943,oublie,13212,MARSEILLE 12E ARRONDISSEMENT,13,BOUCHES-DU-RHONE,2,AIX-MARSEILLE,43.2987330579284,5.411956189934586
0131757P,Collège L'Estaque,public,REP,93.3,88.8,4.5,sur-inclus,87.5,5.799999999999997,sur-inclus,13216,MARSEILLE 16E ARRONDISSEMENT,13,BOUCHES-DU-RHONE,2,AIX-MARSEILLE,43.36302953235596,5.323538178186469
0131789Z,Collège Henri Wallon,public,hors EP,89.9,88.8,0.0,conforme,87.5,0.0,conforme,13056,MARTIGUES,13,BOUCHES-DU-RHONE,2,AIX-MARSEILLE,43.40886514779652,5.05348994387468
0131881Z,Collège Simone Veil,public,hors EP,102.1,88.8,0.0,conforme,87.5,0.0,conforme,13027,CHATEAURENARD,13,BOUCHES-DU-RHONE,2,AIX-MARSEILLE,43.88168569746392,4.8648404259387625
0131883B,Collège Jean Jaurès,public,hors EP,110.3,88.8,0.0,conforme,87.5,0.0,conforme,13028,LA CIOTAT,13,BOUCHES-DU-RHONE,2,AIX-MARSEILLE,43.17338269125981,5.603550536333987
0131884C,Collège Belle de Mai,public,REP+,71.4,88.8,0.0,conforme,87.5,0.0,conforme,13203,MARSEILLE 3E ARRONDISSEMENT,13,BOUCHES-DU-RHONE,2,AIX-MARSEILLE,43.31338122145661,5.386289514268629
0131885D,Collège Katherine Johnson ( anciennement Vallon des Pins),public,REP+,65.1,88.8,0.0,conforme,87.5,0.0,conforme,13215,MARSEILLE 15E ARRONDISSEMENT,13,BOUCHES-DU-RHONE,2,AIX-MARSEILLE,43.3713999942096,5.365884347481156
0131887F,Collège Elsa Triolet,public,REP+,78.1,88.8,0.0,conforme,87.5,0.0,conforme,13215,MARSEILLE 15E ARRONDISSEMENT,13,BOUCHES-DU-RHONE,2,AIX-MARSEILLE,43.37143648119913,5.355300391983345
0131888G,Collège Alain Savary,public,hors EP,101.6,88.8,0.0,conforme,87.5,0.0,conforme,13047,ISTRES,13,BOUCHES-DU-RHONE,2,AIX-MARSEILLE,43.50141629986821,4.994883050428444
0131922U,Collège les Bartavelles,public,hors EP,83.7,88.8,5.099999999999994,oublie,87.5,3.799999999999997,oublie,13210,MARSEILLE 10E ARRONDISSEMENT,13,BOUCHES-DU-RHONE,2,AIX-MARSEILLE,43.28219994446597,5.437244613531648
0131923V,Collège Marseilleveyre,public,hors EP,128.1,88.8,0.0,conforme,87.5,0.0,conforme,13208,MARSEILLE 8E ARRONDISSEMENT,13,BOUCHES-DU-RHONE,2,AIX-MARSEILLE,43.23885045442155,5.377257698506655
0131927Z,Collège Honoré Daumier,public,hors EP,117.9,88.8,0.0,conforme,87.5,0.0,conforme,13208,MARSEILLE 8E ARRONDISSEMENT,13,BOUCHES-DU-RHONE,2,AIX-MARSEILLE,43.26092595736221,5.387620688912183
0131931D,Collège Thiers,public,hors EP,107.4,88.8,0.0,conforme,87.5,0.0,conforme,13201,MARSEILLE 1ER ARRONDISSEMENT,13,BOUCHES-DU-RHONE,2,AIX-MARSEILLE,43.29685415550637,5.382610144906995
0131932E,Collège Jean De Bernardy (anciennement Longchamp),public,hors EP,103.3,88.8,0.0,conforme,87.5,0.0,conforme,13201,MARSEILLE 1ER ARRONDISSEMENT,13,BOUCHES-DU-RHONE,2,AIX-MARSEILLE,43.30251976133512,5.388918166791596
0131935H,Collège Edgar Quinet,public,REP+,70.7,88.8,0.0,conforme,87.5,0.0,conforme,13203,MARSEILLE 3E ARRONDISSEMENT,13,BOUCHES-DU-RHONE,2,AIX-MARSEILLE,43.30694525124522,5.379561803755705
0131943S,Collège Pierre Puget,public,hors EP,102.2,88.8,0.0,conforme,87.5,0.0,conforme,13206,MARSEILLE 6E ARRONDISSEMENT,13,BOUCHES-DU-RHONE,2,AIX-MARSEILLE,43.28299743434999,5.379869606420135
0131968U,Collège des Caillols,public,hors EP,90.4,88.8,0.0,conforme,87.5,0.0,conforme,13212,MARSEILLE 12E ARRONDISSEMENT,13,BOUCHES-DU-RHONE,2,AIX-MARSEILLE,43.3077499807866,5.447910569929068
0132007L,Collège Jacques Prévert,public,REP,75.2,88.8,0.0,conforme,87.5,0.0,conforme,13102,SAINT VICTORET,13,BOUCHES-DU-RHONE,2,AIX-MARSEILLE,43.41697231810928,5.231344038358879
0132009N,Collège Gisèle Halimi,public,hors EP,112.0,88.8,0.0,conforme,87.5,0.0,conforme,13001,AIX EN PROVENCE,13,BOUCHES-DU-RHONE,2,AIX-MARSEILLE,43.53148231123345,5.419359963845442
0132204A,Collège Pont de Vivaux,public,REP,76.0,88.8,0.0,conforme,87.5,0.0,conforme,13210,MARSEILLE 10E ARRONDISSEMENT,13,BOUCHES-DU-RHONE,2,AIX-MARSEILLE,43.27705886764262,5.416830370752995
0132205B,Collège Gaston Defferre,public,hors EP,114.0,88.8,0.0,conforme,87.5,0.0,conforme,13207,MARSEILLE 7E ARRONDISSEMENT,13,BOUCHES-DU-RHONE,2,AIX-MARSEILLE,43.28812171917147,5.361579528333026
0132207D,Collège Jules Massenet,public,REP+,67.9,88.8,0.0,conforme,87.5,0.0,conforme,13214,MARSEILLE 14E ARRONDISSEMENT,13,BOUCHES-DU-RHONE,2,AIX-MARSEILLE,43.34236830973755,5.380939776327611
0132208E,Collège Marcel Pagnol,public,REP,82.7,88.8,0.0,conforme,87.5,0.0,conforme,13056,MARTIGUES,13,BOUCHES-DU-RHONE,2,AIX-MARSEILLE,43.41239943428008,5.04205763920382
0132212J,Collège Frédéric Mistral,public,REP+,75.7,88.8,0.0,conforme,87.5,0.0,conforme,13077,PORT DE BOUC,13,BOUCHES-DU-RHONE,2,AIX-MARSEILLE,43.409564143574286,4.977595357233713
0132214L,Collège Henri Fabre,public,REP+,72.6,88.8,0.0,conforme,87.5,0.0,conforme,13117,VITROLLES,13,BOUCHES-DU-RHONE,2,AIX-MARSEILLE,43.44084480591727,5.250809992084071
0132217P,Collège Mont-Sauvy,public,REP,94.6,88.8,5.799999999999997,sur-inclus,87.5,7.099999999999994,sur-inclus,13067,ORGON,13,BOUCHES-DU-RHONE,2,AIX-MARSEILLE,43.7960920994055,5.031266668352428
0132310R,Collège Gyptis,public,hors EP,107.2,88.8,0.0,conforme,87.5,0.0,conforme,13209,MARSEILLE 9E ARRONDISSEMENT,13,BOUCHES-DU-RHONE,2,AIX-MARSEILLE,43.26513979736162,5.421487270603035
0132311S,Collège Louis Pasteur,public,hors EP,85.2,88.8,3.5999999999999943,oublie,87.5,2.299999999999997,oublie,13209,MARSEILLE 9E ARRONDISSEMENT,13,BOUCHES-DU-RHONE,2,AIX-MARSEILLE,43.268449469084274,5.409390657671472
0132312T,Collège André Malraux,public,hors EP,109.4,88.8,0.0,conforme,87.5,0.0,conforme,13213,MARSEILLE 13E ARRONDISSEMENT,13,BOUCHES-DU-RHONE,2,AIX-MARSEILLE,43.34211901459716,5.446154832019906
0132313U,Collège Stéphane Mallarmé,public,REP+,70.7,88.8,0.0,conforme,87.5,0.0,conforme,13213,MARSEILLE 13E ARRONDISSEMENT,13,BOUCHES-DU-RHONE,2,AIX-MARSEILLE,43.330958835404665,5.43018344762998
0132314V,Collège Jean Giono,public,REP,84.6,88.8,0.0,conforme,87.5,0.0,conforme,13213,MARSEILLE 13E ARRONDISSEMENT,13,BOUCHES-DU-RHONE,2,AIX-MARSEILLE,43.3307269894162,5.43448881533234
0132315W,Collège Françoise Duparc ( anciennement les Chartreux),public,hors EP,85.0,88.8,3.799999999999997,oublie,87.5,2.5,oublie,13204,MARSEILLE 4E ARRONDISSEMENT,13,BOUCHES-DU-RHONE,2,AIX-MARSEILLE,43.30453463603508,5.398760404761601
0132318Z,Collège Elie Coutarel,public,hors EP,105.0,88.8,0.0,conforme,87.5,0.0,conforme,13047,ISTRES,13,BOUCHES-DU-RHONE,2,AIX-MARSEILLE,43.505099814219165,4.982029493258294
0132322D,Collège Paul Éluard,public,REP,88.1,88.8,0.0,conforme,87.5,0.5999999999999943,sur-inclus,13077,PORT DE BOUC,13,BOUCHES-DU-RHONE,2,AIX-MARSEILLE,43.41282157756637,4.992829441665292
0132323E,Collège Maximilien Robespierre,public,REP,86.1,88.8,0.0,conforme,87.5,0.0,conforme,13078,PORT SAINT LOUIS DU RHONE,13,BOUCHES-DU-RHONE,2,AIX-MARSEILLE,43.39166421147279,4.80437498911897
0132324F,Collège les Gorguettes,public,hors EP,115.5,88.8,0.0,conforme,87.5,0.0,conforme,13022,CASSIS,13,BOUCHES-DU-RHONE,2,AIX-MARSEILLE,43.23032225043135,5.5326094138131
0132325G,Collège André Campra,public,hors EP,119.2,88.8,0.0,conforme,87.5,0.0,conforme,13001,AIX EN PROVENCE,13,BOUCHES-DU-RHONE,2,AIX-MARSEILLE,43.532209906660974,5.4483193779569135
0132326H,Collège Albert Camus,public,hors EP,95.3,88.8,0.0,conforme,87.5,0.0,conforme,13063,MIRAMAS,13,BOUCHES-DU-RHONE,2,AIX-MARSEILLE,43.57503479618511,5.000400538846497
0132327J,Collège Miramaris,public,REP+,75.1,88.8,0.0,conforme,87.5,0.0,conforme,13063,MIRAMAS,13,BOUCHES-DU-RHONE,2,AIX-MARSEILLE,43.59320165356297,5.010470120513064
0132401P,Collège Château Forbin,public,hors EP,97.6,88.8,0.0,conforme,87.5,0.0,conforme,13211,MARSEILLE 11E ARRONDISSEMENT,13,BOUCHES-DU-RHONE,2,AIX-MARSEILLE,43.28559979534164,5.467710141232415
0132402R,Collège Le Ruissatel,public,hors EP,117.8,88.8,0.0,conforme,87.5,0.0,conforme,13211,MARSEILLE 11E ARRONDISSEMENT,13,BOUCHES-DU-RHONE,2,AIX-MARSEILLE,43.296164030728136,5.488354061226278
0132403S,Collège François Villon,public,REP,83.5,88.8,0.0,conforme,87.5,0.0,conforme,13211,MARSEILLE 11E ARRONDISSEMENT,13,BOUCHES-DU-RHONE,2,AIX-MARSEILLE,43.28540727567788,5.46249939516656
0132404T,Collège Clair Soleil,public,REP+,65.2,88.8,0.0,conforme,87.5,0.0,conforme,13214,MARSEILLE 14E ARRONDISSEMENT,13,BOUCHES-DU-RHONE,2,AIX-MARSEILLE,43.323549135712575,5.385889532583953
0132407W,Collège Jean Moulin,public,REP+,64.1,88.8,0.0,conforme,87.5,0.0,conforme,13215,MARSEILLE 15E ARRONDISSEMENT,13,BOUCHES-DU-RHONE,2,AIX-MARSEILLE,43.36446534977177,5.358010448741444
0132408X,Collège Jules Ferry,public,REP+,67.8,88.8,0.0,conforme,87.5,0.0,conforme,13215,MARSEILLE 15E ARRONDISSEMENT,13,BOUCHES-DU-RHONE,2,AIX-MARSEILLE,43.3425610267601,5.356524533524035
0132409Y,Collège Alphonse Daudet,public,REP,84.2,88.8,0.0,conforme,87.5,0.0,conforme,13047,ISTRES,13,BOUCHES-DU-RHONE,2,AIX-MARSEILLE,43.496704481468136,4.984210014527683
0132411A,Collège Henri Bosco,public,hors EP,101.4,88.8,0.0,conforme,87.5,0.0,conforme,13117,VITROLLES,13,BOUCHES-DU-RHONE,2,AIX-MARSEILLE,43.448997423051885,5.249199432087242
0132412B,Collège Lou Garlaban,public,REP,93.4,88.8,4.6000000000000085,sur-inclus,87.5,5.900000000000006,sur-inclus,13005,AUBAGNE,13,BOUCHES-DU-RHONE,2,AIX-MARSEILLE,43.28048330734522,5.548163380761833
0132491M,Collège Alexandre Dumas,public,REP+,72.1,88.8,0.0,conforme,87.5,0.0,conforme,13214,MARSEILLE 14E ARRONDISSEMENT,13,BOUCHES-DU-RHONE,2,AIX-MARSEILLE,43.31616344291976,5.392300067094302
0132494R,Collège Claudie Haigneré (anciennement les Amandeirets),public,hors EP,102.9,88.8,0.0,conforme,87.5,0.0,conforme,13026,CHATEAUNEUF LES MARTIGUES,13,BOUCHES-DU-RHONE,2,AIX-MARSEILLE,43.3802685986032,5.172566040875136
0132496T,Collège Honoré Daumier,public,hors EP,96.7,88.8,0.0,conforme,87.5,0.0,conforme,13056,MARTIGUES,13,BOUCHES-DU-RHONE,2,AIX-MARSEILLE,43.4124157996639,5.013307423064944
0132497U,Collège La Carraire,public,hors EP,90.3,88.8,0.0,conforme,87.5,0.0,conforme,13063,MIRAMAS,13,BOUCHES-DU-RHONE,2,AIX-MARSEILLE,43.58227085337761,5.003490518375512
0132561N,Collège Anatole France,public,REP,78.7,88.8,0.0,conforme,87.5,0.0,conforme,13206,MARSEILLE 6E ARRONDISSEMENT,13,BOUCHES-DU-RHONE,2,AIX-MARSEILLE,43.29057188713276,5.376909986946342
0132565T,Collège Jacques Monod,public,hors EP,116.2,88.8,0.0,conforme,87.5,0.0,conforme,13071,LES PENNES MIRABEAU,13,BOUCHES-DU-RHONE,2,AIX-MARSEILLE,43.39880027597978,5.335009663435603
0132568W,Collège Auguste Mignet,public,hors EP,127.9,88.8,0.0,conforme,87.5,0.0,conforme,13001,AIX EN PROVENCE,13,BOUCHES-DU-RHONE,2,AIX-MARSEILLE,43.52486802553077,5.448370128366818
0132572A,Collège Ampère,public,REP+,82.8,88.8,0.0,conforme,87.5,0.0,conforme,13004,ARLES,13,BOUCHES-DU-RHONE,2,AIX-MARSEILLE,43.67347246794884,4.62668966743531
0132573B,Collège Glanum,public,hors EP,108.1,88.8,0.0,conforme,87.5,0.0,conforme,13100,SAINT REMY DE PROVENCE,13,BOUCHES-DU-RHONE,2,AIX-MARSEILLE,43.79494841867936,4.839050168098843
0132634T,Collège André Malraux,public,hors EP,96.3,88.8,0.0,conforme,87.5,0.0,conforme,13039,FOS SUR MER,13,BOUCHES-DU-RHONE,2,AIX-MARSEILLE,43.44503312025707,4.9448397185494
0132730X,Collège Pytheas,public,REP+,63.3,88.8,0.0,conforme,87.5,0.0,conforme,13214,MARSEILLE 14E ARRONDISSEMENT,13,BOUCHES-DU-RHONE,2,AIX-MARSEILLE,43.33378119396453,5.396350601944149
0132732Z,Collège André Chénier,public,hors EP,112.9,88.8,0.0,conforme,87.5,0.0,conforme,13212,MARSEILLE 12E ARRONDISSEMENT,13,BOUCHES-DU-RHONE,2,AIX-MARSEILLE,43.31260882595861,5.42792956875862
0132785G,Collège Rosa Parks,public,REP+,63.0,88.8,0.0,conforme,87.5,0.0,conforme,13215,MARSEILLE 15E ARRONDISSEMENT,13,BOUCHES-DU-RHONE,2,AIX-MARSEILLE,43.331237259962585,5.365677889611877
0132786H,Collège les Matagots,public,hors EP,112.4,88.8,0.0,conforme,87.5,0.0,conforme,13028,LA CIOTAT,13,BOUCHES-DU-RHONE,2,AIX-MARSEILLE,43.193233962245976,5.612870086267111
0132833J,Collège Georges Brassens,public,hors EP,134.0,88.8,0.0,conforme,87.5,0.0,conforme,13015,BOUC BEL AIR,13,BOUCHES-DU-RHONE,2,AIX-MARSEILLE,43.4384864338652,5.408120247374388
0132834K,Collège Charles Rieu,public,hors EP,107.6,88.8,0.0,conforme,87.5,0.0,conforme,13097,SAINT MARTIN DE CRAU,13,BOUCHES-DU-RHONE,2,AIX-MARSEILLE,43.642078967814335,4.807495043631044
0132973L,Collège Nina SIMONE,public,hors EP,118.2,88.8,0.0,conforme,87.5,0.0,conforme,13001,AIX EN PROVENCE,13,BOUCHES-DU-RHONE,2,AIX-MARSEILLE,43.539248822542085,5.451323168537902
0133016H,Collège Louis Leprince- Ringuet,public,hors EP,126.4,88.8,0.0,conforme,87.5,0.0,conforme,13037,LA FARE LES OLIVIERS,13,BOUCHES-DU-RHONE,2,AIX-MARSEILLE,43.54763875108778,5.189887564847717
0133114P,Collège Roger Carcassonne,public,hors EP,120.9,88.8,0.0,conforme,87.5,0.0,conforme,13069,PELISSANNE,13,BOUCHES-DU-RHONE,2,AIX-MARSEILLE,43.63265673107274,5.156415070201335
0133115R,Collège Marie Mauron,public,hors EP,139.6,88.8,0.0,conforme,87.5,0.0,conforme,13019,CABRIES,13,BOUCHES-DU-RHONE,2,AIX-MARSEILLE,43.44668398050652,5.35494770505299
0133196D,Collège Simone de Beauvoir,public,hors EP,115.8,88.8,0.0,conforme,87.5,0.0,conforme,13117,VITROLLES,13,BOUCHES-DU-RHONE,2,AIX-MARSEILLE,43.42794993215359,5.2775586078432255
0133203L,Collège Louis Pasteur,public,hors EP,101.0,88.8,0.0,conforme,87.5,0.0,conforme,13047,ISTRES,13,BOUCHES-DU-RHONE,2,AIX-MARSEILLE,43.51007176052656,4.988399827365761
0133243E,Collège Font d'Aurumy,public,hors EP,120.0,88.8,0.0,conforme,87.5,0.0,conforme,13040,FUVEAU,13,BOUCHES-DU-RHONE,2,AIX-MARSEILLE,43.4463151403387,5.559139787794172
0133287C,Collège Florence Arthaud ( anciennement les Garrigues),public,hors EP,123.2,88.8,0.0,conforme,87.5,0.0,conforme,13082,ROGNES,13,BOUCHES-DU-RHONE,2,AIX-MARSEILLE,43.65440207531521,5.326983962979826
0133351X,Collège Jean de La Fontaine,public,hors EP,119.3,88.8,0.0,conforme,87.5,0.0,conforme,13042,GEMENOS,13,BOUCHES-DU-RHONE,2,AIX-MARSEILLE,43.28862322336016,5.620413391160509
0133352Y,Collège Camille Claudel,public,REP,91.2,88.8,2.4000000000000057,sur-inclus,87.5,3.700000000000003,sur-inclus,13117,VITROLLES,13,BOUCHES-DU-RHONE,2,AIX-MARSEILLE,43.42337543725372,5.275230197406973
0133353Z,Collège Roquepertuse,public,hors EP,132.9,88.8,0.0,conforme,87.5,0.0,conforme,13112,VELAUX,13,BOUCHES-DU-RHONE,2,AIX-MARSEILLE,43.53138272003809,5.249538371492993
0133381E,Collège Le Petit Prince,public,hors EP,108.4,88.8,0.0,conforme,87.5,0.0,conforme,13043,GIGNAC LA NERTHE,13,BOUCHES-DU-RHONE,2,AIX-MARSEILLE,43.38869573591683,5.227304917570506
0133449D,Collège Pierre Matraja,public,hors EP,123.3,88.8,0.0,conforme,87.5,0.0,conforme,13104,SAUSSET LES PINS,13,BOUCHES-DU-RHONE,2,AIX-MARSEILLE,43.33874896704455,5.101543094031151
0133451F,Collège Jean Zay,public,hors EP,125.7,88.8,0.0,conforme,87.5,0.0,conforme,13087,ROUSSET,13,BOUCHES-DU-RHONE,2,AIX-MARSEILLE,43.47875685440376,5.625558837218957
0133490Y,Collège Yves Montand,public,hors EP,121.3,88.8,0.0,conforme,87.5,0.0,conforme,13002,ALLAUCH,13,BOUCHES-DU-RHONE,2,AIX-MARSEILLE,43.33620231988846,5.4641499746833455
0133492A,Collège Jean Bernard,public,hors EP,106.9,88.8,0.0,conforme,87.5,0.0,conforme,13103,SALON DE PROVENCE,13,BOUCHES-DU-RHONE,2,AIX-MARSEILLE,43.6345019269977,5.093480177912255
0133510V,Collège Ubelka,public,hors EP,122.6,88.8,0.0,conforme,87.5,0.0,conforme,13007,AURIOL,13,BOUCHES-DU-RHONE,2,AIX-MARSEILLE,43.36991331197661,5.647770335573356
0133621R,Collège Françoise Dolto,public,hors EP,103.9,88.8,0.0,conforme,87.5,0.0,conforme,13089,SAINT ANDIOL,13,BOUCHES-DU-RHONE,2,AIX-MARSEILLE,43.82172785383683,4.948129794161241
0133665N,Collège Olympe de Gouges,public,hors EP,116.8,88.8,0.0,conforme,87.5,0.0,conforme,13075,PLAN DE CUQUES,13,BOUCHES-DU-RHONE,2,AIX-MARSEILLE,43.353171377224776,5.467160140678223
0133765X,Collège Marc Ferrandi,public,hors EP,79.6,88.8,9.200000000000003,oublie,87.5,7.900000000000006,oublie,13106,SEPTEMES LES VALLONS,13,BOUCHES-DU-RHONE,2,AIX-MARSEILLE,43.40801926411576,5.37095999727625
0133775H,Collège Marie Laurencin,public,REP+,70.3,88.8,0.0,conforme,87.5,0.0,conforme,13214,MARSEILLE 14E ARRONDISSEMENT,13,BOUCHES-DU-RHONE,2,AIX-MARSEILLE,43.32037096854043,5.38785964493626
0133788X,Collège Jean-Claude Izzo,public,REP+,67.9,88.8,0.0,conforme,87.5,0.0,conforme,13202,MARSEILLE 2E ARRONDISSEMENT,13,BOUCHES-DU-RHONE,2,AIX-MARSEILLE,43.30735309691616,5.369271084312032
0133789Y,Collège François Mitterrand,public,hors EP,129.2,88.8,0.0,conforme,87.5,0.0,conforme,13107,SIMIANE COLLONGUE,13,BOUCHES-DU-RHONE,2,AIX-MARSEILLE,43.43324181049773,5.439049694891097
0133790Z,Collège Lucie Aubrac,public,hors EP,116.4,88.8,0.0,conforme,87.5,0.0,conforme,13035,EYGUIERES,13,BOUCHES-DU-RHONE,2,AIX-MARSEILLE,43.68683289902781,5.02945061495791
0133881Y,Collège Germaine Tillion,public,hors EP,96.9,88.8,0.0,conforme,87.5,0.0,conforme,13212,MARSEILLE 12E ARRONDISSEMENT,13,BOUCHES-DU-RHONE,2,AIX-MARSEILLE,43.3022932659492,5.424392241555207
0133992U,Collège Louis Philibert,public,hors EP,113.2,88.8,0.0,conforme,87.5,0.0,conforme,13080,LE PUY SAINTE REPARADE,13,BOUCHES-DU-RHONE,2,AIX-MARSEILLE,43.66554130210324,5.443965243672772
0134022B,Collège Louise Michel,public,REP,79.3,88.8,0.0,conforme,87.5,0.0,conforme,13210,MARSEILLE 10E ARRONDISSEMENT,13,BOUCHES-DU-RHONE,2,AIX-MARSEILLE,43.27658883799274,5.408539592042221
0134094E,Collège Sophie Germain,public,hors EP,120.6,88.8,0.0,conforme,87.5,0.0,conforme,13001,AIX EN PROVENCE,13,BOUCHES-DU-RHONE,2,AIX-MARSEILLE,43.48199961531119,5.411320312929174
0134431W,Collège Caroline AIGLE,public,hors EP,117.3,88.8,0.0,conforme,87.5,0.0,conforme,13051,LANCON PROVENCE,13,BOUCHES-DU-RHONE,2,AIX-MARSEILLE,43.59887721243803,5.129782827341684
0134529C,Collège cité internationale Jacques Chirac,public,hors EP,117.3,88.8,0.0,conforme,87.5,0.0,conforme,13202,MARSEILLE 2E ARRONDISSEMENT,13,BOUCHES-DU-RHONE,2,AIX-MARSEILLE,43.315041441115234,5.367636011036744
0140006F,Collège Charles Letot,public,hors EP,105.9,88.8,0.0,conforme,90.0,0.0,conforme,14047,BAYEUX,14,CALVADOS,70,NORMANDIE,49.27486591167983,-0.7114893865544359
0140008H,Collège Val de Souleuvre,public,hors EP,97.9,88.8,0.0,conforme,90.0,0.0,conforme,14061,SOULEUVRE EN BOCAGE,14,CALVADOS,70,NORMANDIE,48.9332867849328,-0.8408104096143308
0140015R,Collège Pasteur,public,hors EP,134.6,88.8,0.0,conforme,90.0,0.0,conforme,14118,CAEN,14,CALVADOS,70,NORMANDIE,49.18364732450978,-0.368069364397751
0140024A,Collège Villey Desmeserets,public,hors EP,109.3,88.8,0.0,conforme,90.0,0.0,conforme,14118,CAEN,14,CALVADOS,70,NORMANDIE,49.17244888520429,-0.3518098735749924
0140025B,Collège Hastings,public,hors EP,115.6,88.8,0.0,conforme,90.0,0.0,conforme,14118,CAEN,14,CALVADOS,70,NORMANDIE,49.18523313513352,-0.3769900426114883
0140038R,Collège Les sources d'Aure,public,hors EP,94.9,88.8,0.0,conforme,90.0,0.0,conforme,14143,CAUMONT SUR AURE,14,CALVADOS,70,NORMANDIE,49.09077597462119,-0.7997005566342174
0140041U,Collège Quintefeuille,public,hors EP,111.0,88.8,0.0,conforme,90.0,0.0,conforme,14191,COURSEULLES SUR MER,14,CALVADOS,70,NORMANDIE,49.32946034112496,-0.4461604118162351
0140042V,Collège Jean de la Varende,public,hors EP,117.7,88.8,0.0,conforme,90.0,0.0,conforme,14200,CREULLY SUR SEULLES,14,CALVADOS,70,NORMANDIE,49.289370415848005,-0.5410598693686516
0140049C,Collège Clément Marot,public,hors EP,120.9,88.8,0.0,conforme,90.0,0.0,conforme,14228,DOUVRES LA DELIVRANDE,14,CALVADOS,70,NORMANDIE,49.29636329076369,-0.3868502019132976
0140050D,Collège Louis Pergaud,public,hors EP,97.9,88.8,0.0,conforme,90.0,0.0,conforme,14229,DOZULE,14,CALVADOS,70,NORMANDIE,49.23386960838955,-0.0413693526519878
0140051E,Collège Paul Verlaine,public,hors EP,117.2,88.8,0.0,conforme,90.0,0.0,conforme,14257,EVRECY,14,CALVADOS,70,NORMANDIE,49.09946323936189,-0.5065341065209071
0140067X,Collège Fernand Léger,public,hors EP,93.1,88.8,0.0,conforme,90.0,0.0,conforme,14371,LIVAROT PAYS D AUGE,14,CALVADOS,70,NORMANDIE,49.00455569039797,0.1542514158578262
0140068Y,Collège Guy de Maupassant,public,hors EP,108.5,88.8,0.0,conforme,90.0,0.0,conforme,14623,SAINT MARTIN DE FONTENAY,14,CALVADOS,70,NORMANDIE,49.10868342788197,-0.3727595952011353
0140069Z,Collège Alfred Kastler,public,hors EP,116.7,88.8,0.0,conforme,90.0,0.0,conforme,14409,MERVILLE FRANCEVILLE PLAGE,14,CALVADOS,70,NORMANDIE,49.27736064662815,-0.2005004621948056
0140070A,Collège Boris Vian,public,hors EP,90.3,88.8,0.0,conforme,90.0,0.0,conforme,14431,MEZIDON VALLEE D AUGE,14,CALVADOS,70,NORMANDIE,49.07602183324241,-0.0801605085616376
0140072C,Collège Jean Castel,public,hors EP,102.7,88.8,0.0,conforme,90.0,0.0,conforme,14020,ARGENCES,14,CALVADOS,70,NORMANDIE,49.1235441494666,-0.1676401374589421
0140073D,Collège Lottin de Laval,public,hors EP,95.2,88.8,0.0,conforme,90.0,0.0,conforme,14478,ORBEC,14,CALVADOS,70,NORMANDIE,49.02753607389474,0.4095298822647166
0140075F,Collège Gustave Flaubert,public,hors EP,106.2,88.8,0.0,conforme,90.0,0.0,conforme,14514,PONT L EVEQUE,14,CALVADOS,70,NORMANDIE,49.286356990544256,0.1817102038596773
0140077H,Collège Pierre et Marie Curie,public,hors EP,103.5,88.8,0.0,conforme,90.0,0.0,conforme,14516,POTIGNY,14,CALVADOS,70,NORMANDIE,48.96756138405127,-0.2453902756470494
0140079K,Collège Jean Vilar,public,hors EP,98.5,88.8,0.0,conforme,90.0,0.0,conforme,14658,NOUES DE SIENNE,14,CALVADOS,70,NORMANDIE,48.8408574302852,-1.0419600143698158
0140081M,Collège du Bois d'Orceau,public,hors EP,111.6,88.8,0.0,conforme,90.0,0.0,conforme,14692,TILLY SUR SEULLES,14,CALVADOS,70,NORMANDIE,49.17180370900874,-0.6268503138641938
0140082N,Collège Octave Mirbeau,public,hors EP,97.1,88.8,0.0,conforme,90.0,0.0,conforme,14711,TREVIERES,14,CALVADOS,70,NORMANDIE,49.3076917995789,-0.9028953238634544
0140086T,Collège Anne Frank,public,hors EP,92.6,88.8,0.0,conforme,90.0,0.0,conforme,14726,VALDALLIERE,14,CALVADOS,70,NORMANDIE,48.85733427491137,-0.6701104737863841
0140087U,Collège Jacques Prévert,public,hors EP,122.7,88.8,0.0,conforme,90.0,0.0,conforme,14738,VERSON,14,CALVADOS,70,NORMANDIE,49.15592924495469,-0.4558201724710092
0140088V,Collège Simone Veil,public,hors EP,106.2,88.8,0.0,conforme,90.0,0.0,conforme,14752,VILLERS BOCAGE,14,CALVADOS,70,NORMANDIE,49.08198077988028,-0.6606998262933858
0141135H,Collège Michelet,public,hors EP,91.2,88.8,0.0,conforme,90.0,0.0,conforme,14366,LISIEUX,14,CALVADOS,70,NORMANDIE,49.137063159113794,0.223919940224506
0141136J,Collège Pierre Varignon,public,REP,87.6,88.8,0.0,conforme,90.0,0.0,conforme,14327,HEROUVILLE SAINT CLAIR,14,CALVADOS,70,NORMANDIE,49.19663021261219,-0.3330199399037276
0141256P,Collège Gisèle Guillemot,public,hors EP,94.1,88.8,0.0,conforme,90.0,0.0,conforme,14437,MONDEVILLE,14,CALVADOS,70,NORMANDIE,49.1769709761688,-0.3197506258091059
0141257R,Collège du Val d'Aure,public,REP,85.6,88.8,0.0,conforme,90.0,0.0,conforme,14342,ISIGNY SUR MER,14,CALVADOS,70,NORMANDIE,49.31870397951404,-1.104999863147956
0141258S,Collège Dumont d'Urville,public,hors EP,93.1,88.8,0.0,conforme,90.0,0.0,conforme,14174,CONDE EN NORMANDIE,14,CALVADOS,70,NORMANDIE,48.85175423594277,-0.543539943296411
0141268C,Collège Guillaume de Normandie,public,REP,82.7,88.8,0.0,conforme,90.0,0.0,conforme,14118,CAEN,14,CALVADOS,70,NORMANDIE,49.16098458295274,-0.3469606119626238
0141270E,Collège Paul Éluard,public,hors EP,84.5,88.8,4.299999999999997,oublie,90.0,5.5,oublie,14225,DIVES SUR MER,14,CALVADOS,70,NORMANDIE,49.27616671687056,-0.0966903728781775
0141271F,Collège Jean Monnet,public,hors EP,116.1,88.8,0.0,conforme,90.0,0.0,conforme,14488,OUISTREHAM,14,CALVADOS,70,NORMANDIE,49.28038085606663,-0.2554403787985049
0141272G,Collège Jacques Prévert,public,hors EP,89.8,88.8,0.0,conforme,90.0,0.20000000000000284,oublie,14654,SAINT PIERRE EN AUGE,14,CALVADOS,70,NORMANDIE,49.01086932768982,-0.0290102241458287
0141273H,Collège Charles Mozin,public,hors EP,96.1,88.8,0.0,conforme,90.0,0.0,conforme,14715,TROUVILLE SUR MER,14,CALVADOS,70,NORMANDIE,49.35972826032076,0.0960205026920009
0141312A,Collège Cingal,public,hors EP,108.5,88.8,0.0,conforme,90.0,0.0,conforme,14100,BRETTEVILLE SUR LAIZE,14,CALVADOS,70,NORMANDIE,49.04280221167802,-0.3185693697231503
0141313B,Collège Henri Brunet,public,hors EP,108.0,88.8,0.0,conforme,90.0,0.0,conforme,14118,CAEN,14,CALVADOS,70,NORMANDIE,49.18039033644119,-0.354290025382483
0141315D,Collège Pierre Simon de Laplace,public,REP,81.8,88.8,0.0,conforme,90.0,0.0,conforme,14366,LISIEUX,14,CALVADOS,70,NORMANDIE,49.14414975677629,0.2474594275490992
0141363F,Collège Nelson Mandela,public,REP,80.8,88.8,0.0,conforme,90.0,0.0,conforme,14327,HEROUVILLE SAINT CLAIR,14,CALVADOS,70,NORMANDIE,49.20100436243072,-0.3449601891531859
0141553M,Collège Stephen Hawking,public,REP+,88.0,88.8,0.0,conforme,90.0,0.0,conforme,14271,FLEURY SUR ORNE,14,CALVADOS,70,NORMANDIE,49.15728610302962,-0.3602304966614874
0141554N,Collège Dunois,public,hors EP,86.9,88.8,1.8999999999999915,oublie,90.0,3.0999999999999943,oublie,14118,CAEN,14,CALVADOS,70,NORMANDIE,49.18713913256962,-0.3851895582180244
0141596J,Collège Jean Moulin,public,hors EP,117.1,88.8,0.0,conforme,90.0,0.0,conforme,14118,CAEN,14,CALVADOS,70,NORMANDIE,49.18086664317881,-0.4089604419400233
0141597K,Collège Fernand Lechanteur,public,hors EP,95.8,88.8,0.0,conforme,90.0,0.0,conforme,14118,CAEN,14,CALVADOS,70,NORMANDIE,49.19962597678661,-0.355079060770918
0141641H,Collège Roger Bellair,public,hors EP,105.9,88.8,0.0,conforme,90.0,0.0,conforme,14689,THURY HARCOURT LE HOM,14,CALVADOS,70,NORMANDIE,48.98074017885321,-0.4737454438106191
0141642J,Collège de la Mine,public,hors EP,99.3,88.8,0.0,conforme,90.0,0.0,conforme,14370,LE MOLAY LITTRY,14,CALVADOS,70,NORMANDIE,49.23992712213771,-0.8807202112274937
0141662F,Collège Charles Lemaître,public,hors EP,100.1,88.8,0.0,conforme,90.0,0.0,conforme,14027,LES MONTS D AUNAY,14,CALVADOS,70,NORMANDIE,49.02418768013579,-0.6260095007385356
0141684E,Collège Montgomeri,public,hors EP,110.4,88.8,0.0,conforme,90.0,0.0,conforme,14712,TROARN,14,CALVADOS,70,NORMANDIE,49.18056668207855,-0.1877196528794569
0141762P,Collège Alain Chartier,public,hors EP,104.5,88.8,0.0,conforme,90.0,0.0,conforme,14047,BAYEUX,14,CALVADOS,70,NORMANDIE,49.27834081254837,-0.7108396193512022
0141763R,Collège André Maurois,public,hors EP,112.9,88.8,0.0,conforme,90.0,0.0,conforme,14220,DEAUVILLE,14,CALVADOS,70,NORMANDIE,49.36355137508824,0.0753699819847848
0141764S,Collège des Douits,public,hors EP,102.7,88.8,0.0,conforme,90.0,0.0,conforme,14258,FALAISE,14,CALVADOS,70,NORMANDIE,48.89222766593171,-0.1934004265595017
0141765T,Collège Alphonse Allais,public,hors EP,105.1,88.8,0.0,conforme,90.0,0.0,conforme,14333,HONFLEUR,14,CALVADOS,70,NORMANDIE,49.40097572518852,0.2367405489813525
0141766U,Collège Marcel Gambier,public,hors EP,109.0,88.8,0.0,conforme,90.0,0.0,conforme,14366,LISIEUX,14,CALVADOS,70,NORMANDIE,49.14974290623892,0.2244798750584394
0141767V,Collège Maupas,public,hors EP,98.6,88.8,0.0,conforme,90.0,0.0,conforme,14762,VIRE NORMANDIE,14,CALVADOS,70,NORMANDIE,48.838372701506906,-0.880359803904034
0141816Y,Collège Jacques Monod,public,hors EP,109.2,88.8,0.0,conforme,90.0,0.0,conforme,14118,CAEN,14,CALVADOS,70,NORMANDIE,49.20599891443889,-0.3801700647603557
0141940H,Collège Langevin Wallon,public,hors EP,104.4,88.8,0.0,conforme,90.0,0.0,conforme,14076,BLAINVILLE SUR ORNE,14,CALVADOS,70,NORMANDIE,49.22845764588978,-0.306859422956843
0141964J,Collège Émile Zola,public,hors EP,101.2,88.8,0.0,conforme,90.0,0.0,conforme,14301,GIBERVILLE,14,CALVADOS,70,NORMANDIE,49.1848646653193,-0.281370600664516
0142271T,Collège Léopold Sédar Senghor,public,hors EP,106.0,88.8,0.0,conforme,90.0,0.0,conforme,14341,IFS,14,CALVADOS,70,NORMANDIE,49.13585798047897,-0.3502298539692768
0150001V,Collège Maurice Peschaud,public,hors EP,102.7,88.8,0.0,conforme,90.8,0.0,conforme,15001,ALLANCHE,15,CANTAL,6,CLERMONT-FERRAND,45.230605740493495,2.9353501250960568
0150005Z,Collège La Jordanne,public,hors EP,95.7,88.8,0.0,conforme,90.8,0.0,conforme,15014,AURILLAC,15,CANTAL,6,CLERMONT-FERRAND,44.92112535025903,2.440489268319105
0150010E,Collège Louis Pasteur,public,hors EP,99.2,88.8,0.0,conforme,90.8,0.0,conforme,15045,CHAUDES AIGUES,15,CANTAL,6,CLERMONT-FERRAND,44.85599627449351,3.005309996997528
0150011F,Collège Georges Pompidou,public,hors EP,99.2,88.8,0.0,conforme,90.8,0.0,conforme,15054,CONDAT,15,CANTAL,6,CLERMONT-FERRAND,45.33841607015185,2.755940986154564
0150013H,Collège du Val de Cère,public,hors EP,100.4,88.8,0.0,conforme,90.8,0.0,conforme,15094,LAROQUEBROU,15,CANTAL,6,CLERMONT-FERRAND,44.969842460776704,2.1980384460854268
0150014J,Collège Pierre Galéry,public,hors EP,98.5,88.8,0.0,conforme,90.8,0.0,conforme,15119,MASSIAC,15,CANTAL,6,CLERMONT-FERRAND,45.2505966051592,3.191539921486653
0150016L,Collège du Méridien,public,hors EP,103.2,88.8,0.0,conforme,90.8,0.0,conforme,15120,MAURIAC,15,CANTAL,6,CLERMONT-FERRAND,45.21936276066904,2.3366396178086943
0150018N,Collège des Portes du midi,public,hors EP,97.1,88.8,0.0,conforme,90.8,0.0,conforme,15122,MAURS,15,CANTAL,6,CLERMONT-FERRAND,44.70946124756834,2.200470392270317
0150020R,Collège Marcellin Boule,public,hors EP,102.4,88.8,0.0,conforme,90.8,0.0,conforme,15134,MONTSALVY,15,CANTAL,6,CLERMONT-FERRAND,44.70834831125672,2.50251039835446
0150023U,Collège Georges Pompidou,public,hors EP,106.4,88.8,0.0,conforme,90.8,0.0,conforme,15138,MURAT,15,CANTAL,6,CLERMONT-FERRAND,45.10862198525368,2.8596696286830974
0150024V,Collège des Gorges de la Truyère,public,hors EP,104.2,88.8,0.0,conforme,90.8,0.0,conforme,15152,PIERREFORT,15,CANTAL,6,CLERMONT-FERRAND,44.92176474055925,2.8411595376730694
0150025W,Collège Raymond Cortat,public,hors EP,97.8,88.8,0.0,conforme,90.8,0.0,conforme,15153,PLEAUX,15,CANTAL,6,CLERMONT-FERRAND,45.13394732528476,2.227769808370243
0150027Y,Collège Georges Bataille,public,hors EP,98.9,88.8,0.0,conforme,90.8,0.0,conforme,15162,RIOM ES MONTAGNES,15,CANTAL,6,CLERMONT-FERRAND,45.28132316544852,2.661160328850534
0150028Z,Collège Henri Mondor,public,hors EP,99.8,88.8,0.0,conforme,90.8,0.0,conforme,15175,SAINT CERNIN,15,CANTAL,6,CLERMONT-FERRAND,45.05691083333986,2.422440372455549
0150029A,Collège Blaise Pascal,public,hors EP,99.2,88.8,0.0,conforme,90.8,0.0,conforme,15187,SAINT FLOUR,15,CANTAL,6,CLERMONT-FERRAND,45.03657863398305,3.087730583296173
0150033E,Collège Jean de la Fontaine,public,hors EP,108.6,88.8,0.0,conforme,90.8,0.0,conforme,15258,VIC SUR CERE,15,CANTAL,6,CLERMONT-FERRAND,44.97606489962844,2.6237198018228662
0150034F,Collège Georges Brassens,public,hors EP,98.0,88.8,0.0,conforme,90.8,0.0,conforme,15265,YDES,15,CANTAL,6,CLERMONT-FERRAND,45.34161972699636,2.438859889609578
0150581A,Collège Jean Dauzié,public,hors EP,102.9,88.8,0.0,conforme,90.8,0.0,conforme,15196,SAINT MAMET LA SALVETAT,15,CANTAL,6,CLERMONT-FERRAND,44.85827132420505,2.3073002140271552
0150639N,Collège Jeanne de la Treilhe,public,hors EP,115.9,88.8,0.0,conforme,90.8,0.0,conforme,15014,AURILLAC,15,CANTAL,6,CLERMONT-FERRAND,44.931332705102776,2.446920262863509
0150647X,Collège Jules Ferry,public,hors EP,114.3,88.8,0.0,conforme,90.8,0.0,conforme,15014,AURILLAC,15,CANTAL,6,CLERMONT-FERRAND,44.9258813233219,2.4414202638743485
0150666T,Collège La Vigière,public,hors EP,101.5,88.8,0.0,conforme,90.8,0.0,conforme,15187,SAINT FLOUR,15,CANTAL,6,CLERMONT-FERRAND,45.03302588341061,3.10709955045507
0150729L,Collège La Ponétie,public,hors EP,102.9,88.8,0.0,conforme,90.8,0.0,conforme,15014,AURILLAC,15,CANTAL,6,CLERMONT-FERRAND,44.904234741075065,2.4490395617596565
0160001P,Collège de l'Osme,public,hors EP,91.5,88.8,0.0,conforme,90.0,0.0,conforme,16005,AIGRE,16,CHARENTE,13,POITIERS,45.8888354536346,0.0086097072079628
0160005U,Collège Jules Michelet,public,hors EP,111.4,88.8,0.0,conforme,90.0,0.0,conforme,16015,ANGOULEME,16,CHARENTE,13,POITIERS,45.64907099901608,0.1664203187468359
0160012B,Collège Alfred de Vigny,public,hors EP,101.1,88.8,0.0,conforme,90.0,0.0,conforme,16046,COTEAUX DU BLANZACAIS,16,CHARENTE,13,POITIERS,45.47047482836136,0.0294614049073454
0160015E,Collège Théodore Rancy,public,hors EP,92.9,88.8,0.0,conforme,90.0,0.0,conforme,16073,CHALAIS,16,CHARENTE,13,POITIERS,45.27576763446495,0.0404901372899611
0160016F,Collège Argentor,public,hors EP,91.5,88.8,0.0,conforme,90.0,0.0,conforme,16076,CHAMPAGNE MOUTON,16,CHARENTE,13,POITIERS,45.98786434407705,0.4086195002008552
0160024P,Collège Élisabeth et Robert Badinter,public,hors EP,101.6,88.8,0.0,conforme,90.0,0.0,conforme,16113,LA COURONNE,16,CHARENTE,13,POITIERS,45.60371248337845,0.0939701656747134
0160027T,Collège Jean Lartaut,public,hors EP,103.7,88.8,0.0,conforme,90.0,0.0,conforme,16167,JARNAC,16,CHARENTE,13,POITIERS,45.684013002287095,-0.1739034952669249
0160029V,Collège Alfred Renoleau,public,hors EP,96.0,88.8,0.0,conforme,90.0,0.0,conforme,16206,MANSLE LES FONTAINES,16,CHARENTE,13,POITIERS,45.87241679072518,0.174510099719613
0160030W,Collège François Mitterrand,public,hors EP,105.2,88.8,0.0,conforme,90.0,0.0,conforme,16223,MONTBRON,16,CHARENTE,13,POITIERS,45.66765096617847,0.5045497825239138
0160031X,Collège le Petit Mairat,public,hors EP,93.9,88.8,0.0,conforme,90.0,0.0,conforme,16225,MONTEMBOEUF,16,CHARENTE,13,POITIERS,45.776046054466654,0.558727053657091
0160032Y,Collège Antoine Delafont,public,hors EP,102.3,88.8,0.0,conforme,90.0,0.0,conforme,16230,MONTMOREAU,16,CHARENTE,13,POITIERS,45.3968494678408,0.129965975450576
0160034A,Collège Claudie Haigneré,public,hors EP,96.7,88.8,0.0,conforme,90.0,0.0,conforme,16286,ROUILLAC,16,CHARENTE,13,POITIERS,45.78137613770856,-0.0649204961533986
0160039F,Collège Val de Charente,public,hors EP,90.0,88.8,0.0,conforme,90.0,0.0,au seuil,16292,RUFFEC,16,CHARENTE,13,POITIERS,46.02661530023631,0.1928306602694372
0160040G,Collège Eugène Delacroix,public,hors EP,104.1,88.8,0.0,conforme,90.0,0.0,conforme,16295,SAINT AMANT DE BOIXE,16,CHARENTE,13,POITIERS,45.79700976419893,0.1293405163811334
0160042J,Collège Font-Belle,public,hors EP,103.2,88.8,0.0,conforme,90.0,0.0,conforme,16366,SEGONZAC,16,CHARENTE,13,POITIERS,45.61940848020502,-0.2144701507318178
0160043K,Collège Henri Martin,public,hors EP,103.1,88.8,0.0,conforme,90.0,0.0,conforme,16408,VILLEBOIS LAVALETTE,16,CHARENTE,13,POITIERS,45.48050495114134,0.2755704486143562
0160050T,Collège Jules Verne,public,hors EP,115.4,88.8,0.0,conforme,90.0,0.0,conforme,16015,ANGOULEME,16,CHARENTE,13,POITIERS,45.649877700247366,0.1521514842580919
0160094R,Collège Norbert Casteret,public,hors EP,112.8,88.8,0.0,conforme,90.0,0.0,conforme,16291,RUELLE SUR TOUVRE,16,CHARENTE,13,POITIERS,45.678909052995465,0.2424632739704358
0160100X,Collège Romain Rolland,public,REP+,73.7,88.8,0.0,conforme,90.0,0.0,conforme,16374,SOYAUX,16,CHARENTE,13,POITIERS,45.64885641846198,0.1901693512910214
0160106D,Collège René Cassin,public,hors EP,102.9,88.8,0.0,conforme,90.0,0.0,conforme,16154,GOND PONTOUVRE,16,CHARENTE,13,POITIERS,45.68115625562023,0.1632794034471067
0160113L,Collège Michelle Pallet,public,REP+,67.3,88.8,0.0,conforme,90.0,0.0,conforme,16015,ANGOULEME,16,CHARENTE,13,POITIERS,45.650002306961134,0.1284742162649758
0160115N,Collège Albert Micheneau,public,hors EP,90.0,88.8,0.0,conforme,90.0,0.0,au seuil,16409,VILLEFAGNAN,16,CHARENTE,13,POITIERS,46.01465791895872,0.0739552969222869
0160116P,Collège Élisée Mousnier,public,hors EP,111.5,88.8,0.0,conforme,90.0,0.0,conforme,16102,COGNAC,16,CHARENTE,13,POITIERS,45.69053987238599,-0.3296595234918357
0160117R,Collège Félix Gaillard,public,hors EP,98.1,88.8,0.0,conforme,90.0,0.0,conforme,16102,COGNAC,16,CHARENTE,13,POITIERS,45.68990171437228,-0.3112003845626627
0160120U,Collège Jean de la Quintinie,public,hors EP,89.5,88.8,0.0,conforme,90.0,0.5,oublie,16070,CHABANAIS,16,CHARENTE,13,POITIERS,45.87723865442157,0.7151399751142126
0160793A,Collège Jean Michaud,public,REP,88.9,88.8,0.10000000000000853,sur-inclus,90.0,0.0,conforme,16192,TERRES DE HAUTE CHARENTE,16,CHARENTE,13,POITIERS,45.8877839230066,0.5835977291706322
0160863B,Collège Maurice Genevoix,public,hors EP,103.6,88.8,0.0,conforme,90.0,0.0,conforme,16090,CHATEAUNEUF SUR CHARENTE,16,CHARENTE,13,POITIERS,45.59629693182859,-0.0542985339239925
0160864C,Collège Claude Boucher,public,REP,89.1,88.8,0.29999999999999716,sur-inclus,90.0,0.0,conforme,16102,COGNAC,16,CHARENTE,13,POITIERS,45.69170031539395,-0.3487604837528547
0160866E,Collège Jean Moulin,public,hors EP,98.4,88.8,0.0,conforme,90.0,0.0,conforme,16028,BARBEZIEUX SAINT HILAIRE,16,CHARENTE,13,POITIERS,45.4769361613988,-0.1562799896316676
0160867F,Collège Jean Rostand,public,hors EP,104.3,88.8,0.0,conforme,90.0,0.0,conforme,16281,LA ROCHEFOUCAULD EN ANGOUMOIS,16,CHARENTE,13,POITIERS,45.74390395089197,0.3888106981128501
0160882X,Collège Louis Pasteur,public,hors EP,92.1,88.8,0.0,conforme,90.0,0.0,conforme,16085,CHASSENEUIL SUR BONNIEURE,16,CHARENTE,13,POITIERS,45.82217109625995,0.4558032153904173
0160884Z,Collège Marguerite de Valois,public,hors EP,84.2,88.8,4.599999999999994,oublie,90.0,5.799999999999997,oublie,16015,ANGOULEME,16,CHARENTE,13,POITIERS,45.65557146753408,0.1761803867726959
0160894K,Collège Pierre Mendès France,public,hors EP,111.0,88.8,0.0,conforme,90.0,0.0,conforme,16374,SOYAUX,16,CHARENTE,13,POITIERS,45.654803707843165,0.2054194135183264
0160895L,Collège André Malraux,public,hors EP,94.9,88.8,0.0,conforme,90.0,0.0,conforme,16025,BAIGNES SAINTE RADEGONDE,16,CHARENTE,13,POITIERS,45.38087141726133,-0.2383505083957251
0160944P,Collège Noël-Noël,public,hors EP,96.4,88.8,0.0,conforme,90.0,0.0,conforme,16106,CONFOLENS,16,CHARENTE,13,POITIERS,46.01813733322161,0.6707600684953303
0160969S,Collège Puygrelier,public,hors EP,103.6,88.8,0.0,conforme,90.0,0.0,conforme,16341,SAINT MICHEL,16,CHARENTE,13,POITIERS,45.63783744679638,0.1159902545212382
0161075G,Collège Pierre Bodet,public,hors EP,95.0,88.8,0.0,conforme,90.0,0.0,conforme,16015,ANGOULEME,16,CHARENTE,13,POITIERS,45.633645312973655,0.1461905806194403
0161106R,Collège Anatole France,public,hors EP,106.5,88.8,0.0,conforme,90.0,0.0,conforme,16015,ANGOULEME,16,CHARENTE,13,POITIERS,45.6563081114716,0.161119595908504
0170002K,Collège Arlette Guirado,public,hors EP,97.6,88.8,0.0,conforme,90.0,0.0,conforme,17016,ARCHIAC,17,CHARENTE-MARITIME,13,POITIERS,45.520087392310856,-0.3036058739404511
0170004M,Collège Beauregard,public,hors EP,97.5,88.8,0.0,conforme,90.0,0.0,conforme,17072,BURIE,17,CHARENTE-MARITIME,13,POITIERS,45.77757991624456,-0.4141301101797335
0170005N,Collège Aliénor d'Aquitaine,public,hors EP,107.8,88.8,0.0,conforme,90.0,0.0,conforme,17093,LE CHATEAU D OLERON,17,CHARENTE-MARITIME,13,POITIERS,45.88492371687665,-1.193370248566259
0170007R,Collège Jean Monnet,public,hors EP,105.5,88.8,0.0,conforme,90.0,0.0,conforme,17127,COURCON,17,CHARENTE-MARITIME,13,POITIERS,46.24185874657446,-0.8089399398295597
0170008S,Collège les Vieilles Vignes,public,hors EP,100.0,88.8,0.0,conforme,90.0,0.0,conforme,17131,COZES,17,CHARENTE-MARITIME,13,POITIERS,45.57840479188769,-0.8419793810505161
0170009T,Collège Jules Ferry,public,hors EP,97.5,88.8,0.0,conforme,90.0,0.0,conforme,17172,GEMOZAC,17,CHARENTE-MARITIME,13,POITIERS,45.57142603091346,-0.6690602314405871
0170010U,Collège Françoise Dolto,public,hors EP,117.4,88.8,0.0,conforme,90.0,0.0,conforme,17194,LA JARRIE,17,CHARENTE-MARITIME,13,POITIERS,46.13066346689099,-1.0043706304002418
0170011V,Collège Léopold Dussaigne,public,hors EP,105.7,88.8,0.0,conforme,90.0,0.0,conforme,17197,JONZAC,17,CHARENTE-MARITIME,13,POITIERS,45.43857838205359,-0.4354894199665281
0170012W,Collège de la Trézence,public,hors EP,92.4,88.8,0.0,conforme,90.0,0.0,conforme,17211,LOULAY,17,CHARENTE-MARITIME,13,POITIERS,46.04491124298089,-0.5061998617387831
0170016A,Collège Didier Daurat,public,hors EP,98.0,88.8,0.0,conforme,90.0,0.0,conforme,17236,MIRAMBEAU,17,CHARENTE-MARITIME,13,POITIERS,45.36994828787709,-0.5712378565831918
0170035W,Collège Beauregard,public,hors EP,110.5,88.8,0.0,conforme,90.0,0.0,conforme,17300,LA ROCHELLE,17,CHARENTE-MARITIME,13,POITIERS,46.17177428360659,-1.135339691302842
0170047J,Collège Jean Monnet,public,hors EP,107.5,88.8,0.0,conforme,90.0,0.0,conforme,17308,SAINT AGNANT,17,CHARENTE-MARITIME,13,POITIERS,45.865212795883394,-0.9650504002109606
0170048K,Collège Bernard Roussillon,public,hors EP,90.1,88.8,0.0,conforme,90.0,0.0,conforme,17309,SAINT AIGULIN,17,CHARENTE-MARITIME,13,POITIERS,45.16441018750832,-0.0224097974282516
0170049L,Collège Maurice Chastang,public,hors EP,94.3,88.8,0.0,conforme,90.0,0.0,conforme,17331,SAINT GENIS DE SAINTONGE,17,CHARENTE-MARITIME,13,POITIERS,45.48038971965097,-0.5671878574501774
0170050M,Collège Raymond Bouyer,public,hors EP,96.7,88.8,0.0,conforme,90.0,0.0,conforme,17344,SAINT HILAIRE DE VILLEFRANCHE,17,CHARENTE-MARITIME,13,POITIERS,45.85174928386079,-0.531240095711671
0170055T,Collège Fontbruant,public,hors EP,99.8,88.8,0.0,conforme,90.0,0.0,conforme,17387,SAINT PORCHAIRE,17,CHARENTE-MARITIME,13,POITIERS,45.82101876588867,-0.7738993666725889
0170056U,Collège Robert Cellerier,public,hors EP,102.5,88.8,0.0,conforme,90.0,0.0,conforme,17397,SAINT SAVINIEN,17,CHARENTE-MARITIME,13,POITIERS,45.87637770214706,-0.6752733695212816
0170059X,Collège Agrippa d'Aubigné,public,hors EP,108.6,88.8,0.0,conforme,90.0,0.0,conforme,17415,SAINTES,17,CHARENTE-MARITIME,13,POITIERS,45.74898401376827,-0.6129100440278527
0170063B,Collège Edgar Quinet,public,hors EP,98.3,88.8,0.0,conforme,90.0,0.0,conforme,17415,SAINTES,17,CHARENTE-MARITIME,13,POITIERS,45.736004222229255,-0.6516998885869859
0170071K,Collège Hélène de Fonsèque,public,hors EP,98.3,88.8,0.0,conforme,90.0,0.0,conforme,17434,SURGERES,17,CHARENTE-MARITIME,13,POITIERS,46.10899579921577,-0.7485695907294311
0170072L,Collège Frédéric et Irène Joliot-Curie,public,hors EP,100.8,88.8,0.0,conforme,90.0,0.0,conforme,17449,TONNAY CHARENTE,17,CHARENTE-MARITIME,13,POITIERS,45.94577986347289,-0.8912702144629647
0170076R,Collège La Fontaine,public,hors EP,95.3,88.8,0.0,conforme,90.0,0.0,conforme,17243,MONTLIEU LA GARDE,17,CHARENTE-MARITIME,13,POITIERS,45.24361646460508,-0.2484019296861943
0170077S,Collège Pierre Mendès France,public,REP+,72.4,88.8,0.0,conforme,90.0,0.0,conforme,17300,LA ROCHELLE,17,CHARENTE-MARITIME,13,POITIERS,46.16921315796229,-1.1787205497543571
0170081W,Collège La Fayette,public,hors EP,91.4,88.8,0.0,conforme,90.0,0.0,conforme,17299,ROCHEFORT,17,CHARENTE-MARITIME,13,POITIERS,45.92944216461039,-0.9618604247561144
0170082X,Collège Marcel Pagnol,public,hors EP,95.2,88.8,0.0,conforme,90.0,0.0,conforme,17448,TONNAY BOUTONNE,17,CHARENTE-MARITIME,13,POITIERS,45.96768810599117,-0.7119295900373674
0170088D,Collège Samuel de Missy,public,hors EP,118.3,88.8,0.0,conforme,90.0,0.0,conforme,17300,LA ROCHELLE,17,CHARENTE-MARITIME,13,POITIERS,46.16131137383028,-1.1726093770429389
0170142M,Collège Albert Camus,public,hors EP,107.1,88.8,0.0,conforme,90.0,0.0,conforme,17300,LA ROCHELLE,17,CHARENTE-MARITIME,13,POITIERS,46.14500827638482,-1.1408104661973943
0170144P,Collège René Caillié,public,hors EP,117.2,88.8,0.0,conforme,90.0,0.0,conforme,17415,SAINTES,17,CHARENTE-MARITIME,13,POITIERS,45.7492670343448,-0.633549502603866
0170386C,Collège Jean Hay,public,hors EP,96.3,88.8,0.0,conforme,90.0,0.0,conforme,17219,MARENNES HIERS BROUAGE,17,CHARENTE-MARITIME,13,POITIERS,45.82753206063742,-1.1059466556838236
0170387D,Collège André Albert,public,hors EP,101.5,88.8,0.0,conforme,90.0,0.0,conforme,17421,SAUJON,17,CHARENTE-MARITIME,13,POITIERS,45.67659238092952,-0.9265906232656284
0170388E,Collège Fernand Garandeau,public,hors EP,102.2,88.8,0.0,conforme,90.0,0.0,conforme,17452,LA TREMBLADE,17,CHARENTE-MARITIME,13,POITIERS,45.77831845212181,-1.1467997512718209
0170389F,Collège Émile Combes,public,hors EP,97.6,88.8,0.0,conforme,90.0,0.0,conforme,17283,PONS,17,CHARENTE-MARITIME,13,POITIERS,45.57833890775289,-0.5509201381070716
0170390G,Collège Samuel Duménieu,public,hors EP,94.7,88.8,0.0,conforme,90.0,0.0,conforme,17240,MONTENDRE,17,CHARENTE-MARITIME,13,POITIERS,45.28653568193336,-0.398469517463379
0170970M,Collège Jean Guiton,public,hors EP,120.9,88.8,0.0,conforme,90.0,0.0,conforme,17200,LAGORD,17,CHARENTE-MARITIME,13,POITIERS,46.17214259080316,-1.1703902452632853
0171022U,Collège Maurice Calmel,public,hors EP,110.7,88.8,0.0,conforme,90.0,0.0,conforme,17218,MARANS,17,CHARENTE-MARITIME,13,POITIERS,46.30695408757596,-0.9887296037003483
0171034G,Collège les Salières,public,hors EP,111.7,88.8,0.0,conforme,90.0,0.0,conforme,17369,SAINT MARTIN DE RE,17,CHARENTE-MARITIME,13,POITIERS,46.19344177254944,-1.3553498375180597
0171056F,Collège Édouard Grimaux,public,hors EP,106.1,88.8,0.0,conforme,90.0,0.0,conforme,17299,ROCHEFORT,17,CHARENTE-MARITIME,13,POITIERS,45.95336992570893,-0.9706693474619172
0171057G,Collège Pierre Loti,public,hors EP,106.8,88.8,0.0,conforme,90.0,0.0,conforme,17299,ROCHEFORT,17,CHARENTE-MARITIME,13,POITIERS,45.93735608355306,-0.963240260733648
0171117X,Collège Fabre d'Églantine,public,REP,106.3,88.8,17.5,sur-inclus,90.0,16.299999999999997,sur-inclus,17300,LA ROCHELLE,17,CHARENTE-MARITIME,13,POITIERS,46.15199517898842,-1.1165800235315764
0171118Y,Collège Georges Texier,public,hors EP,93.8,88.8,0.0,conforme,90.0,0.0,conforme,17347,SAINT JEAN D ANGELY,17,CHARENTE-MARITIME,13,POITIERS,45.95032322064579,-0.527708129773837
0171120A,Collège Henri Dunant,public,hors EP,105.3,88.8,0.0,conforme,90.0,0.0,conforme,17306,ROYAN,17,CHARENTE-MARITIME,13,POITIERS,45.63893767032643,-1.050119861364797
0171122C,Collège Émile Zola,public,hors EP,114.0,88.8,0.0,conforme,90.0,0.0,conforme,17306,ROYAN,17,CHARENTE-MARITIME,13,POITIERS,45.61732023747109,-1.0108099049020165
0171129K,Collège André Dulin,public,hors EP,108.2,88.8,0.0,conforme,90.0,0.0,conforme,17003,AIGREFEUILLE D AUNIS,17,CHARENTE-MARITIME,13,POITIERS,46.1183663721005,-0.9371205320549508
0171159T,Collège Marc Jeanjean,public,hors EP,92.5,88.8,0.0,conforme,90.0,0.0,conforme,17224,MATHA,17,CHARENTE-MARITIME,13,POITIERS,45.86853876290083,-0.3134005099507943
0171160U,Collège de La Tour,public,hors EP,92.4,88.8,0.0,conforme,90.0,0.0,conforme,17241,MONTGUYON,17,CHARENTE-MARITIME,13,POITIERS,45.21618109273536,-0.1837800071115774
0171184V,Collège Eugène Fromentin,public,hors EP,129.5,88.8,0.0,conforme,90.0,0.0,conforme,17300,LA ROCHELLE,17,CHARENTE-MARITIME,13,POITIERS,46.16406934771936,-1.1508999260257209
0171210Y,Collège Marc Chagall,public,hors EP,117.1,88.8,0.0,conforme,90.0,0.0,conforme,17142,DOMPIERRE SUR MER,17,CHARENTE-MARITIME,13,POITIERS,46.18809773260958,-1.0584498804874922
0171211Z,Collège André Malraux,public,hors EP,119.3,88.8,0.0,conforme,90.0,0.0,conforme,17094,CHATELAILLON PLAGE,17,CHARENTE-MARITIME,13,POITIERS,46.0792809644892,-1.0874498501793584
0171213B,Collège de l'Ouche des Carmes,public,hors EP,94.3,88.8,0.0,conforme,90.0,0.0,conforme,17024,AULNAY,17,CHARENTE-MARITIME,13,POITIERS,46.02338282302833,-0.351499815862386
0171215D,Collège Pertuis d'Antioche,public,hors EP,101.4,88.8,0.0,conforme,90.0,0.0,conforme,17385,SAINT PIERRE D OLERON,17,CHARENTE-MARITIME,13,POITIERS,45.94492197985421,-1.3102599667986674
0171339N,Collège de l'Atlantique,public,hors EP,118.7,88.8,0.0,conforme,90.0,0.0,conforme,17028,AYTRE,17,CHARENTE-MARITIME,13,POITIERS,46.1328565980302,-1.1245935126948376
0180002E,Collège Gérard Philipe,public,hors EP,91.0,88.8,0.0,conforme,86.4,0.0,conforme,18015,AUBIGNY SUR NERE,18,CHER,18,ORLEANS-TOURS,47.48429439739539,2.431909661561436
0180004G,Collège George Sand,public,hors EP,98.6,88.8,0.0,conforme,86.4,0.0,conforme,18018,AVORD,18,CHER,18,ORLEANS-TOURS,47.039611691791045,2.6512601734516754
0180013S,Collège multi-sites Axel Kahn site de Châteaumeillant,public,hors EP,87.5,88.8,1.2999999999999972,oublie,86.4,0.0,conforme,18057,CHATEAUMEILLANT,18,CHER,18,ORLEANS-TOURS,46.56837529335041,2.1954996603852264
0180019Y,Collège Béthune Sully,public,hors EP,105.2,88.8,0.0,conforme,86.4,0.0,conforme,18109,HENRICHEMONT,18,CHER,18,ORLEANS-TOURS,47.30617443479279,2.522159543352353
0180020Z,Collège Philibert Lautissier,public,hors EP,95.7,88.8,0.0,conforme,86.4,0.0,conforme,18127,LIGNIERES,18,CHER,18,ORLEANS-TOURS,46.75351303910166,2.1769001812347675
0180023C,Collège Julien Dumas,public,hors EP,98.5,88.8,0.0,conforme,86.4,0.0,conforme,18160,NERONDES,18,CHER,18,ORLEANS-TOURS,46.99275286310434,2.8166497436351534
0180028H,Collège Voltaire,public,hors EP,102.2,88.8,0.0,conforme,86.4,0.0,conforme,18207,SAINT FLORENT SUR CHER,18,CHER,18,ORLEANS-TOURS,46.99839366414477,2.255280089998518
0180031L,Collège Francine Leca,public,hors EP,102.0,88.8,0.0,conforme,86.4,0.0,conforme,18241,SANCERRE,18,CHER,18,ORLEANS-TOURS,47.33121971657909,2.8335405970663947
0180033N,Collège Marguerite Audoux,public,REP,87.1,88.8,0.0,conforme,86.4,0.6999999999999886,sur-inclus,18242,SANCOINS,18,CHER,18,ORLEANS-TOURS,46.83492943525388,2.9218695336613005
0180037T,Collège Édouard Vaillant,public,REP,78.6,88.8,0.0,conforme,86.4,0.0,conforme,18279,VIERZON,18,CHER,18,ORLEANS-TOURS,47.22901276343106,2.06710967051571
0180586P,Collège Irène Joliot-Curie,public,hors EP,103.9,88.8,0.0,conforme,86.4,0.0,conforme,18141,MEHUN SUR YEVRE,18,CHER,18,ORLEANS-TOURS,47.140811684949966,2.2074698860060464
0180591V,Collège Saint-Exupéry,public,hors EP,107.5,88.8,0.0,conforme,86.4,0.0,conforme,18033,BOURGES,18,CHER,18,ORLEANS-TOURS,47.07789230139736,2.3801596509622702
0180592W,Collège Albert Camus,public,hors EP,94.5,88.8,0.0,conforme,86.4,0.0,conforme,18279,VIERZON,18,CHER,18,ORLEANS-TOURS,47.21320144611117,2.0690500295305423
0180593X,Collège Victor Hugo,public,REP,84.4,88.8,0.0,conforme,86.4,0.0,conforme,18033,BOURGES,18,CHER,18,ORLEANS-TOURS,47.11022608113902,2.4095705883585388
0180643B,Collège Louis Armand,public,hors EP,112.1,88.8,0.0,conforme,86.4,0.0,conforme,18205,SAINT DOULCHARD,18,CHER,18,ORLEANS-TOURS,47.10240408812448,2.3719902034412272
0180644C,Collège Fernand Léger,public,hors EP,98.8,88.8,0.0,conforme,86.4,0.0,conforme,18279,VIERZON,18,CHER,18,ORLEANS-TOURS,47.228909334961614,2.039019652212222
0180646E,Collège Jean Valette,public,hors EP,93.6,88.8,0.0,conforme,86.4,0.0,conforme,18197,SAINT AMAND MONTROND,18,CHER,18,ORLEANS-TOURS,46.71615739417718,2.5127802799248773
0180673J,Collège Jules Verne,public,hors EP,85.2,88.8,3.5999999999999943,oublie,86.4,1.2000000000000028,oublie,18033,BOURGES,18,CHER,18,ORLEANS-TOURS,47.10040200898728,2.423559438787972
0180710Z,Collège Claude Debussy,public,hors EP,94.8,88.8,0.0,conforme,86.4,0.0,conforme,18108,LA GUERCHE SUR L AUBOIS,18,CHER,18,ORLEANS-TOURS,46.9497477311585,2.952610651663381
0180721L,Collège Émile Littré,public,hors EP,111.8,88.8,0.0,conforme,86.4,0.0,conforme,18033,BOURGES,18,CHER,18,ORLEANS-TOURS,47.08596403752031,2.3920595096706068
0180732Y,Collège Jean Rostand,public,hors EP,95.7,88.8,0.0,conforme,86.4,0.0,conforme,18213,SAINT GERMAIN DU PUY,18,CHER,18,ORLEANS-TOURS,47.10234790446714,2.482029650252983
0180736C,Collège le Colombier,public,hors EP,95.8,88.8,0.0,conforme,86.4,0.0,conforme,18087,DUN SUR AURON,18,CHER,18,ORLEANS-TOURS,46.88978961339938,2.57079051366416
0180745M,Collège Roger-Martin du Gard,public,hors EP,94.7,88.8,0.0,conforme,86.4,0.0,conforme,18240,SANCERGUES,18,CHER,18,ORLEANS-TOURS,47.15365287471108,2.9110997841714603
0180766K,Collège le Grand Meaulnes,public,REP+,83.9,88.8,0.0,conforme,86.4,0.0,conforme,18033,BOURGES,18,CHER,18,ORLEANS-TOURS,47.09925744545022,2.411889927344315
0180769N,Collège Jean Moulin,public,hors EP,91.2,88.8,0.0,conforme,86.4,0.0,conforme,18197,SAINT AMAND MONTROND,18,CHER,18,ORLEANS-TOURS,46.734117895319976,2.5124999227999982
0180777X,Collège Jean Renoir,public,hors EP,104.6,88.8,0.0,conforme,86.4,0.0,conforme,18033,BOURGES,18,CHER,18,ORLEANS-TOURS,47.06525741203636,2.413559743763883
0190001Y,Collège Mathilde Marthe Faucher,public,hors EP,110.9,88.8,0.0,conforme,89.4,0.0,conforme,19005,ALLASSAC,19,CORREZE,22,LIMOGES,45.253185244546806,1.4693967761388589
0190002Z,Collège Simone Veil,public,hors EP,101.1,88.8,0.0,conforme,89.4,0.0,conforme,19010,ARGENTAT SUR DORDOGNE,19,CORREZE,22,LIMOGES,45.095742611871856,1.940813496726955
0190004B,Collège Jacqueline Soulange,public,hors EP,104.6,88.8,0.0,conforme,89.4,0.0,conforme,19019,BEAULIEU SUR DORDOGNE,19,CORREZE,22,LIMOGES,44.97733043012362,1.8377997915664133
0190006D,Collège Amédée Bisch,public,hors EP,108.0,88.8,0.0,conforme,89.4,0.0,conforme,19023,BEYNAT,19,CORREZE,22,LIMOGES,45.123298881027374,1.7243402310787388
0190009G,Collège Marmontel,public,hors EP,92.5,88.8,0.0,conforme,89.4,0.0,conforme,19028,BORT LES ORGUES,19,CORREZE,22,LIMOGES,45.40164147555565,2.500899552734678
0190014M,Collège Jean Lurçat,public,hors EP,101.4,88.8,0.0,conforme,89.4,0.0,conforme,19031,BRIVE LA GAILLARDE,19,CORREZE,22,LIMOGES,45.16786779972144,1.5437699817163602
0190016P,Collège Bernadette Chirac,public,hors EP,100.5,88.8,0.0,conforme,89.4,0.0,conforme,19062,CORREZE,19,CORREZE,22,LIMOGES,45.37259402575005,1.87806975675242
0190019T,Collège Albert Thomas,public,hors EP,99.5,88.8,0.0,conforme,89.4,0.0,conforme,19073,EGLETONS,19,CORREZE,22,LIMOGES,45.40342873400501,2.0434902622379507
0190023X,Collège René Perrot,public,hors EP,107.1,88.8,0.0,conforme,89.4,0.0,conforme,19134,MERLINES,19,CORREZE,22,LIMOGES,45.64573921609598,2.4586198993195505
0190025Z,Collège Jacques Chirac,public,hors EP,104.9,88.8,0.0,conforme,89.4,0.0,conforme,19136,MEYMAC,19,CORREZE,22,LIMOGES,45.53322774480792,2.146969881931556
0190026A,Collège Léon Dautrement,public,hors EP,112.3,88.8,0.0,conforme,89.4,0.0,conforme,19138,MEYSSAC,19,CORREZE,22,LIMOGES,45.05079065870631,1.674080493821462
0190030E,Collège Armande Baudry,public,hors EP,104.7,88.8,0.0,conforme,89.4,0.0,conforme,19255,SEILHAC,19,CORREZE,22,LIMOGES,45.367934006591184,1.714199901266093
0190568P,Collège Gaucelm Faidit,public,hors EP,100.7,88.8,0.0,conforme,89.4,0.0,conforme,19276,UZERCHE,19,CORREZE,22,LIMOGES,45.42419966743939,1.578840178772707
0190613N,Collège Victor Hugo,public,hors EP,97.0,88.8,0.0,conforme,89.4,0.0,conforme,19272,TULLE,19,CORREZE,22,LIMOGES,45.26222160766248,1.7617316228488855
0190614P,Collège Georges Clemenceau,public,hors EP,111.1,88.8,0.0,conforme,89.4,0.0,conforme,19272,TULLE,19,CORREZE,22,LIMOGES,45.26506377921514,1.763282950279789
0190615R,Collège Voltaire,public,hors EP,97.8,88.8,0.0,conforme,89.4,0.0,conforme,19275,USSEL,19,CORREZE,22,LIMOGES,45.54491608471126,2.305980559159122
0190632J,Collège Lakanal,public,hors EP,104.4,88.8,0.0,conforme,89.4,0.0,conforme,19269,TREIGNAC,19,CORREZE,22,LIMOGES,45.53560784345743,1.7958989563975734
0190635M,Collège Jean Moulin,public,REP+,71.5,88.8,0.0,conforme,89.4,0.0,conforme,19031,BRIVE LA GAILLARDE,19,CORREZE,22,LIMOGES,45.156267323881245,1.4938800334320828
0190671B,Collège Maurice Rollinat,public,hors EP,99.9,88.8,0.0,conforme,89.4,0.0,conforme,19031,BRIVE LA GAILLARDE,19,CORREZE,22,LIMOGES,45.15052447488041,1.5546936453500335
0190695C,Collège André Fargeas,public,hors EP,105.0,88.8,0.0,conforme,89.4,0.0,conforme,19121,LUBERSAC,19,CORREZE,22,LIMOGES,45.44223125977381,1.407413602597244
0190717B,Collège Eugène Freyssinet,public,hors EP,103.9,88.8,0.0,conforme,89.4,0.0,conforme,19153,OBJAT,19,CORREZE,22,LIMOGES,45.27072658995478,1.4080197467031934
0190720E,Collège Anna de Noailles,public,hors EP,105.0,88.8,0.0,conforme,89.4,0.0,conforme,19107,LARCHE,19,CORREZE,22,LIMOGES,45.11949945163325,1.4148503319890258
0190723H,Collège Georges Cabanis,public,hors EP,109.3,88.8,0.0,conforme,89.4,0.0,conforme,19031,BRIVE LA GAILLARDE,19,CORREZE,22,LIMOGES,45.15804727324003,1.5236984939799922
0190740B,Collège d'Arsonval,public,hors EP,107.7,88.8,0.0,conforme,89.4,0.0,conforme,19031,BRIVE LA GAILLARDE,19,CORREZE,22,LIMOGES,45.160469038992126,1.529780109779933
0190821P,Collège de la Triouzoune,public,hors EP,115.1,88.8,0.0,conforme,89.4,0.0,conforme,19148,NEUVIC,19,CORREZE,22,LIMOGES,45.38259744527453,2.274353593212638
0210001M,Collège Claude Guyot,public,hors EP,100.1,88.8,0.0,conforme,92.1,0.0,conforme,21023,ARNAY LE DUC,21,COTE D'OR,7,DIJON,47.1297944631154,4.488699825549153
0210011Y,Collège Jean Lacaille,public,hors EP,102.4,88.8,0.0,conforme,92.1,0.0,conforme,21087,BLIGNY SUR OUCHE,21,COTE D'OR,7,DIJON,47.10823195321928,4.663520458879408
0210014B,Collège Fontaine des Ducs,public,hors EP,92.5,88.8,0.0,conforme,92.1,0.0,conforme,21154,CHATILLON SUR SEINE,21,COTE D'OR,7,DIJON,47.86173089084453,4.578103308709327
0210024M,Collège Jean-François Champollion,public,hors EP,100.6,88.8,0.0,conforme,92.1,0.0,conforme,21231,DIJON,21,COTE D'OR,7,DIJON,47.33200748662968,5.073849533715506
0210025N,Collège Henri Dunant,public,hors EP,91.1,88.8,0.0,conforme,92.1,1.0,oublie,21231,DIJON,21,COTE D'OR,7,DIJON,47.303547365518966,5.014969946145311
0210027R,Collège Henry Berger,public,hors EP,108.5,88.8,0.0,conforme,92.1,0.0,conforme,21277,FONTAINE FRANCAISE,21,COTE D'OR,7,DIJON,47.52794930410364,5.3707094464383385
0210029T,Collège Paul Fort,public,hors EP,113.3,88.8,0.0,conforme,92.1,0.0,conforme,21317,IS SUR TILLE,21,COTE D'OR,7,DIJON,47.52670006939735,5.10663060680541
0210030U,Collège Émile Lepitre,public,hors EP,96.4,88.8,0.0,conforme,92.1,0.0,conforme,21336,LAIGNES,21,COTE D'OR,7,DIJON,47.84017197554787,4.364179638313428
0210033X,Collège Arthur Rimbaud,public,hors EP,115.8,88.8,0.0,conforme,92.1,0.0,conforme,21416,MIREBEAU SUR BEZE,21,COTE D'OR,7,DIJON,47.4001629113228,5.311689517063643
0210034Y,Collège Louis Pasteur,public,REP,94.2,88.8,5.400000000000006,sur-inclus,92.1,2.1000000000000085,sur-inclus,21425,MONTBARD,21,COTE D'OR,7,DIJON,47.6344873677636,4.3413037407015365
0210037B,Collège Lazare Carnot,public,hors EP,105.4,88.8,0.0,conforme,92.1,0.0,conforme,21461,NOLAY,21,COTE D'OR,7,DIJON,46.94944410960527,4.636909456214158
0210038C,Collège Félix Tisserand,public,hors EP,115.5,88.8,0.0,conforme,92.1,0.0,conforme,21464,NUITS SAINT GEORGES,21,COTE D'OR,7,DIJON,47.135029452241774,4.9533393612595695
0210040E,Collège Isle de Saône,public,hors EP,104.1,88.8,0.0,conforme,92.1,0.0,conforme,21496,PONTAILLER SUR SAONE,21,COTE D'OR,7,DIJON,47.304056044900726,5.413510134924793
0210041F,Collège André Lallemand,public,hors EP,110.1,88.8,0.0,conforme,92.1,0.0,conforme,21501,POUILLY EN AUXOIS,21,COTE D'OR,7,DIJON,47.26817508468716,4.551375385743584
0210043H,Collège Henri Morat,public,hors EP,101.0,88.8,0.0,conforme,92.1,0.0,conforme,21519,RECEY SUR OURCE,21,COTE D'OR,7,DIJON,47.78139843665893,4.857289649799151
0210046L,Collège François Pompon,public,hors EP,93.2,88.8,0.0,conforme,92.1,0.0,conforme,21584,SAULIEU,21,COTE D'OR,7,DIJON,47.2809993260563,4.229900227957001
0210050R,Collège Dinet,public,hors EP,94.9,88.8,0.0,conforme,92.1,0.0,conforme,21607,SEURRE,21,COTE D'OR,7,DIJON,46.99969346894164,5.150325083553023
0210051S,Collège Jacques Mercusot,public,hors EP,121.1,88.8,0.0,conforme,92.1,0.0,conforme,21611,SOMBERNON,21,COTE D'OR,7,DIJON,47.30897561074223,4.707880559308569
0210053U,Collège Docteur Kuhn,public,hors EP,103.2,88.8,0.0,conforme,92.1,0.0,conforme,21710,VITTEAUX,21,COTE D'OR,7,DIJON,47.39982183975825,4.538696552541027
0210057Y,Collège Roland Dorgelès,public,hors EP,105.4,88.8,0.0,conforme,92.1,0.0,conforme,21355,LONGVIC,21,COTE D'OR,7,DIJON,47.29474198644473,5.059491301750712
0211034K,Collège Marcelle Pardé,public,hors EP,127.7,88.8,0.0,conforme,92.1,0.0,conforme,21231,DIJON,21,COTE D'OR,7,DIJON,47.32045213413042,5.032840384777923
0211096C,Collège Édouard Herriot,public,hors EP,89.8,88.8,0.0,conforme,92.1,2.299999999999997,oublie,21166,CHENOVE,21,COTE D'OR,7,DIJON,47.29197047250061,5.007050661079551
0211136W,Collège Gaston Roupnel,public,hors EP,105.6,88.8,0.0,conforme,92.1,0.0,conforme,21231,DIJON,21,COTE D'OR,7,DIJON,47.33639829902686,5.042920076277579
0211137X,Collège Camille Claudel,public,hors EP,109.3,88.8,0.0,conforme,92.1,0.0,conforme,21171,CHEVIGNY SAINT SAUVEUR,21,COTE D'OR,7,DIJON,47.30283345116916,5.128270187026324
0211140A,Collège La Champagne,public,hors EP,115.7,88.8,0.0,conforme,92.1,0.0,conforme,21110,BROCHON,21,COTE D'OR,7,DIJON,47.2320594363496,4.984749944342856
0211150L,Collège Les Lentillères,public,hors EP,94.6,88.8,0.0,conforme,92.1,0.0,conforme,21231,DIJON,21,COTE D'OR,7,DIJON,47.3044928812103,5.053150290617256
0211162Z,Collège Gaston Bachelard,public,hors EP,100.0,88.8,0.0,conforme,92.1,0.0,conforme,21231,DIJON,21,COTE D'OR,7,DIJON,47.315243324547,5.00519949831528
0211164B,Collège Albert Camus,public,hors EP,107.0,88.8,0.0,conforme,92.1,0.0,conforme,21292,GENLIS,21,COTE D'OR,7,DIJON,47.2388272135094,5.227369859090949
0211184Y,Collège Alésia,public,hors EP,99.9,88.8,0.0,conforme,92.1,0.0,conforme,21663,VENAREY LES LAUMES,21,COTE D'OR,7,DIJON,47.54070461755906,4.465830169955809
0211225T,Collège Le Chapitre,public,REP+,71.5,88.8,0.0,conforme,92.1,0.0,conforme,21166,CHENOVE,21,COTE D'OR,7,DIJON,47.29561204768497,5.0035174720635744
0211227V,Collège Le Parc,public,hors EP,103.1,88.8,0.0,conforme,92.1,0.0,conforme,21231,DIJON,21,COTE D'OR,7,DIJON,47.310195665406845,5.034399765385119
0211229X,Collège Monge,public,hors EP,109.7,88.8,0.0,conforme,92.1,0.0,conforme,21054,BEAUNE,21,COTE D'OR,7,DIJON,47.04049370989397,4.837229522960719
0211230Y,Collège Jules Ferry,public,hors EP,104.1,88.8,0.0,conforme,92.1,0.0,conforme,21054,BEAUNE,21,COTE D'OR,7,DIJON,47.02265906399017,4.844270036881942
0211357L,Collège Jean-Philippe Rameau,public,REP,86.0,88.8,0.0,conforme,92.1,0.0,conforme,21231,DIJON,21,COTE D'OR,7,DIJON,47.32280762620535,4.994749445961136
0211358M,Collège Les Hautes Pailles,public,hors EP,92.7,88.8,0.0,conforme,92.1,0.0,conforme,21239,ECHENON,21,COTE D'OR,7,DIJON,47.11355620261399,5.275150107657239
0211389W,Collège Clos de Pouilly,public,hors EP,115.2,88.8,0.0,conforme,92.1,0.0,conforme,21231,DIJON,21,COTE D'OR,7,DIJON,47.34212598475695,5.0534203550765
0211391Y,Collège Marcel Aymé,public,hors EP,106.5,88.8,0.0,conforme,92.1,0.0,conforme,21390,MARSANNAY LA COTE,21,COTE D'OR,7,DIJON,47.279914450304034,5.005259757103433
0211452P,Collège La Croix des Sarrasins,public,hors EP,99.5,88.8,0.0,conforme,92.1,0.0,conforme,21038,AUXONNE,21,COTE D'OR,7,DIJON,47.198916399824505,5.399459784806892
0211477S,Collège Jean Rostand,public,hors EP,107.5,88.8,0.0,conforme,92.1,0.0,conforme,21515,QUETIGNY,21,COTE D'OR,7,DIJON,47.318392674318034,5.107229384236977
0211523S,Collège Boris Vian,public,hors EP,98.1,88.8,0.0,conforme,92.1,0.0,conforme,21617,TALANT,21,COTE D'OR,7,DIJON,47.33972365795748,4.992659804035509
0211524T,Collège François de la Grange,public,hors EP,102.3,88.8,0.0,conforme,92.1,0.0,conforme,21349,LIERNAIS,21,COTE D'OR,7,DIJON,47.20686847541415,4.284566263730652
0211525U,Collège Carnot,public,hors EP,104.5,88.8,0.0,conforme,92.1,0.0,conforme,21231,DIJON,21,COTE D'OR,7,DIJON,47.32347026361661,5.04839048958367
0211526V,Collège Montchapet,public,hors EP,119.2,88.8,0.0,conforme,92.1,0.0,conforme,21231,DIJON,21,COTE D'OR,7,DIJON,47.33502295430358,5.018109559669398
0211527W,Collège Christiane Perceret,public,hors EP,100.4,88.8,0.0,conforme,92.1,0.0,conforme,21603,SEMUR EN AUXOIS,21,COTE D'OR,7,DIJON,47.49270980750196,4.335179628038798
0211557D,Collège Champ Lumière,public,hors EP,104.2,88.8,0.0,conforme,92.1,0.0,conforme,21599,SELONGEY,21,COTE D'OR,7,DIJON,47.58286012229989,5.170620450563257
0211756V,Collège Georges Brassens,public,hors EP,105.4,88.8,0.0,conforme,92.1,0.0,conforme,21103,BRAZEY EN PLAINE,21,COTE D'OR,7,DIJON,47.13025467126609,5.217269478987359
0212119P,Collège André Malraux,public,hors EP,123.2,88.8,0.0,conforme,92.1,0.0,conforme,21231,DIJON,21,COTE D'OR,7,DIJON,47.35199206739911,5.036390141380151
0220003J,Collège Jules Ferry,public,hors EP,93.4,88.8,0.0,conforme,88.3,0.0,conforme,22013,BOURBRIAC,22,COTES D'ARMOR,14,RENNES,48.4760669527264,-3.189439364998533
0220006M,Collège Lucie et Raymond Aubrac,public,hors EP,105.8,88.8,0.0,conforme,88.3,0.0,conforme,22206,CHATELAUDREN PLOUAGAT,22,COTES D'ARMOR,14,RENNES,48.54033212924101,-2.98162247417042
0220008P,Collège Victor Vasarely,public,REP,84.5,88.8,0.0,conforme,88.3,0.0,conforme,22046,LE MENE,22,COTES D'ARMOR,14,RENNES,48.29702670780146,-2.512399343445446
0220015X,Collège Thalassa,public,hors EP,108.7,88.8,0.0,conforme,88.3,0.0,conforme,22054,ERQUY,22,COTES D'ARMOR,14,RENNES,48.62926189547831,-2.463919465015615
0220029M,Collège Paul Sebillot,public,hors EP,98.5,88.8,0.0,conforme,88.3,0.0,conforme,22143,MATIGNON,22,COTES D'ARMOR,14,RENNES,48.59759923123567,-2.2951193705621526
0220032R,Collège Paul Éluard,public,hors EP,99.2,88.8,0.0,conforme,88.3,0.0,conforme,22158,GUERLEDAN,22,COTES D'ARMOR,14,RENNES,48.20312910764007,-2.993009774453677
0220038X,Collège Chateaubriand,public,hors EP,100.5,88.8,0.0,conforme,88.3,0.0,conforme,22172,PLANCOET,22,COTES D'ARMOR,14,RENNES,48.522806425432194,-2.239819840545962
0220040Z,Collège Louis de Chappedelaine,public,hors EP,99.5,88.8,0.0,conforme,88.3,0.0,conforme,22185,PLENEE JUGON,22,COTES D'ARMOR,14,RENNES,48.36648033570374,-2.405329831572418
0220045E,Collège François Marie Luzel,public,hors EP,103.7,88.8,0.0,conforme,88.3,0.0,conforme,22207,PLOUARET,22,COTES D'ARMOR,14,RENNES,48.61000423320831,-3.4727699296221943
0220046F,Collège la Gautrais,public,hors EP,97.7,88.8,0.0,conforme,88.3,0.0,conforme,22208,PLOUASNE,22,COTES D'ARMOR,14,RENNES,48.30407128043347,-2.0105705445890028
0220047G,Collège du Val de Rance,public,hors EP,112.7,88.8,0.0,conforme,88.3,0.0,conforme,22213,PLOUER SUR RANCE,22,COTES D'ARMOR,14,RENNES,48.524535144340376,-2.0014700129452154
0220054P,Collège Jean Racine,public,REP,102.8,88.8,14.0,sur-inclus,88.3,14.5,sur-inclus,22278,SAINT BRIEUC,22,COTES D'ARMOR,14,RENNES,48.50911833490083,-2.7510851598346853
0220061X,Collège Jean Jaurès,public,hors EP,86.6,88.8,2.200000000000003,oublie,88.3,1.7000000000000028,oublie,22321,SAINT NICOLAS DU PELEM,22,COTES D'ARMOR,14,RENNES,48.3104509828557,-3.1635305506255493
0220063Z,Collège Camille Claudel,public,hors EP,116.4,88.8,0.0,conforme,88.3,0.0,conforme,22325,SAINT QUAY PORTRIEUX,22,COTES D'ARMOR,14,RENNES,48.647200094680336,-2.8393606695988978
0220073K,Collège Ernest Renan,public,hors EP,106.7,88.8,0.0,conforme,88.3,0.0,conforme,22362,TREGUIER,22,COTES D'ARMOR,14,RENNES,48.77848885799036,-3.2381953528752967
0220081U,Collège Roger Vercel,public,hors EP,102.5,88.8,0.0,conforme,88.3,0.0,conforme,22050,DINAN,22,COTES D'ARMOR,14,RENNES,48.45132199387092,-2.043000815499564
0220082V,Collège Charles le Goffic,public,hors EP,108.9,88.8,0.0,conforme,88.3,0.0,conforme,22113,LANNION,22,COTES D'ARMOR,14,RENNES,48.74652366966709,-3.465132093297858
0220184F,Collège Jean Macé,public,hors EP,91.9,88.8,0.0,conforme,88.3,0.0,conforme,22278,SAINT BRIEUC,22,COTES D'ARMOR,14,RENNES,48.51544040292332,-2.791319535747367
0220185G,Collège Anatole le Braz,public,hors EP,106.0,88.8,0.0,conforme,88.3,0.0,conforme,22278,SAINT BRIEUC,22,COTES D'ARMOR,14,RENNES,48.51105245987618,-2.761396090071427
0220197V,Collège Jacques Prévert,public,hors EP,100.8,88.8,0.0,conforme,88.3,0.0,conforme,22070,GUINGAMP,22,COTES D'ARMOR,14,RENNES,48.55954191759701,-3.142910598050724
0221028Y,Collège le Volozen,public,hors EP,99.2,88.8,0.0,conforme,88.3,0.0,conforme,22262,QUINTIN,22,COTES D'ARMOR,14,RENNES,48.40814173429679,-2.911679593335787
0221029Z,Collège les Sept Iles,public,hors EP,121.2,88.8,0.0,conforme,88.3,0.0,conforme,22168,PERROS GUIREC,22,COTES D'ARMOR,14,RENNES,48.8061212820724,-3.461520622598156
0221037H,Collège Louis Guilloux,public,REP,82.3,88.8,0.0,conforme,88.3,0.0,conforme,22183,PLEMET,22,COTES D'ARMOR,14,RENNES,48.174492665665056,-2.596619871781285
0221038J,Collège Édouard Herriot,public,hors EP,106.2,88.8,0.0,conforme,88.3,0.0,conforme,22266,ROSTRENEN,22,COTES D'ARMOR,14,RENNES,48.2373876413169,-3.321900016997521
0221039K,Collège Jules Lequier,public,hors EP,118.2,88.8,0.0,conforme,88.3,0.0,conforme,22187,PLERIN,22,COTES D'ARMOR,14,RENNES,48.541429713676855,-2.773950569379623
0221126E,Collège Jean Richepin,public,hors EP,111.2,88.8,0.0,conforme,88.3,0.0,conforme,22186,PLENEUF VAL ANDRE,22,COTES D'ARMOR,14,RENNES,48.58704827440719,-2.5364300441875014
0221127F,Collège Jean Monnet,public,hors EP,98.8,88.8,0.0,conforme,88.3,0.0,conforme,22020,BROONS,22,COTES D'ARMOR,14,RENNES,48.32429682200272,-2.265529341435858
0221509W,Collège les Livaudières,public,hors EP,91.1,88.8,0.0,conforme,88.3,0.0,conforme,22136,LOUDEAC,22,COTES D'ARMOR,14,RENNES,48.18578833243949,-2.7532202599560867
0221512Z,Collège Jean Louis Hamon,public,hors EP,107.0,88.8,0.0,conforme,88.3,0.0,conforme,22222,PLOUHA,22,COTES D'ARMOR,14,RENNES,48.67492636418096,-2.933660182573536
0221513A,Collège Léonard de Vinci,public,hors EP,91.7,88.8,0.0,conforme,88.3,0.0,conforme,22278,SAINT BRIEUC,22,COTES D'ARMOR,14,RENNES,48.49658727907615,-2.7521604836044244
0221518F,Collège François Clech,public,hors EP,103.8,88.8,0.0,conforme,88.3,0.0,conforme,22004,BEGARD,22,COTES D'ARMOR,14,RENNES,48.63110777515213,-3.3029692921441307
0221537B,Collège Simone Veil,public,hors EP,99.0,88.8,0.0,conforme,88.3,0.0,conforme,22093,LAMBALLE ARMOR,22,COTES D'ARMOR,14,RENNES,48.4768417606636,-2.5097402914422124
0221538C,Collège Per-Jakez Hélias,public,hors EP,96.3,88.8,0.0,conforme,88.3,0.0,conforme,22147,MERDRIGNAC,22,COTES D'ARMOR,14,RENNES,48.18922927951642,-2.408589732773004
0221539D,Collège du Prat Eles,public,hors EP,99.0,88.8,0.0,conforme,88.3,0.0,conforme,22005,BELLE ISLE EN TERRE,22,COTES D'ARMOR,14,RENNES,48.5436781585964,-3.395590607596769
0221540E,Collège Gwer Halou,public,hors EP,89.9,88.8,0.0,conforme,88.3,0.0,conforme,22025,CALLAC,22,COTES D'ARMOR,14,RENNES,48.406263588775566,-3.4286305482295503
0221541F,Collège du Penker,public,hors EP,110.5,88.8,0.0,conforme,88.3,0.0,conforme,22194,PLESTIN LES GREVES,22,COTES D'ARMOR,14,RENNES,48.6517896552191,-3.631140454088707
0221542G,Collège Charles Brochen,public,hors EP,93.1,88.8,0.0,conforme,88.3,0.0,conforme,22250,PONTRIEUX,22,COTES D'ARMOR,14,RENNES,48.69848747368336,-3.1672001351978696
0221568K,Collège Eugène Guillevic,public,hors EP,96.8,88.8,0.0,conforme,88.3,0.0,conforme,22203,PLOEUC L HERMITAGE,22,COTES D'ARMOR,14,RENNES,48.345782178132914,-2.753189905440098
0221594N,Collège François Lorant,public,hors EP,99.6,88.8,0.0,conforme,88.3,0.0,conforme,22153,MONCONTOUR,22,COTES D'ARMOR,14,RENNES,48.3548034526868,-2.636359709470444
0221621T,Collège la Grande Métairie,public,hors EP,101.6,88.8,0.0,conforme,88.3,0.0,conforme,22215,PLOUFRAGAN,22,COTES D'ARMOR,14,RENNES,48.49475289737033,-2.798349354202492
0221623V,Collège François Broussais,public,hors EP,108.0,88.8,0.0,conforme,88.3,0.0,conforme,22050,DINAN,22,COTES D'ARMOR,14,RENNES,48.45187780828472,-2.049489852888847
0221698B,Collège Albert Camus,public,hors EP,89.3,88.8,0.0,conforme,88.3,0.0,conforme,22070,GUINGAMP,22,COTES D'ARMOR,14,RENNES,48.56060378274776,-3.1731102425778417
0221819H,Collège Paul le Flem,public,hors EP,119.3,88.8,0.0,conforme,88.3,0.0,conforme,22198,PLEUMEUR BODOU,22,COTES D'ARMOR,14,RENNES,48.76803176863013,-3.515250342083017
0221931E,Collège Yves Coppens,public,hors EP,111.4,88.8,0.0,conforme,88.3,0.0,conforme,22113,LANNION,22,COTES D'ARMOR,14,RENNES,48.73457925969048,-3.4340802470321803
0221991V,Collège Marie-José Chombart de Lauwe,public,hors EP,101.3,88.8,0.0,conforme,88.3,0.0,conforme,22162,PAIMPOL,22,COTES D'ARMOR,14,RENNES,48.78288838598563,-3.056280139237354
0222030M,Collège Charles de Gaulle,public,hors EP,107.9,88.8,0.0,conforme,88.3,0.0,conforme,22081,HILLION,22,COTES D'ARMOR,14,RENNES,48.4857966507797,-2.641057336658851
0230001B,Collège Claude Chabrol,public,hors EP,99.8,88.8,0.0,conforme,89.4,0.0,conforme,23001,AHUN,23,CREUSE,22,LIMOGES,46.08689111376171,2.040825604614496
0230004E,Collège Jean Beaufret,public,hors EP,99.4,88.8,0.0,conforme,89.4,0.0,conforme,23013,AUZANCES,23,CREUSE,22,LIMOGES,46.02874583382325,2.50069168244526
0230005F,Collège Jean Monnet,public,hors EP,103.6,88.8,0.0,conforme,89.4,0.0,conforme,23021,BENEVENT L ABBAYE,23,CREUSE,22,LIMOGES,46.11901281125276,1.625660451642834
0230006G,Collège Marc Bloch,public,hors EP,95.4,88.8,0.0,conforme,89.4,0.0,conforme,23025,BONNAT,23,CREUSE,22,LIMOGES,46.33088460090181,1.9039498342630088
0230009K,Collège Henri Judet,public,hors EP,102.6,88.8,0.0,conforme,89.4,0.0,conforme,23031,BOUSSAC,23,CREUSE,22,LIMOGES,46.348049368486905,2.228590691376564
0230010L,Collège Jean Zay,public,hors EP,101.7,88.8,0.0,conforme,89.4,0.0,conforme,23045,CHAMBON SUR VOUEIZE,23,CREUSE,22,LIMOGES,46.19256787927936,2.42521953695116
0230011M,Collège Françoise Dolto,public,hors EP,90.0,88.8,0.0,conforme,89.4,0.0,conforme,23057,CHATELUS MALVALEIX,23,CREUSE,22,LIMOGES,46.30127442551819,2.0240996318962665
0230012N,Collège Simone Veil,public,hors EP,100.7,88.8,0.0,conforme,89.4,0.0,conforme,23061,CHENERAILLES,23,CREUSE,22,LIMOGES,46.11120125681116,2.172999561974009
0230014R,Collège Georges Nigremont,public,hors EP,100.6,88.8,0.0,conforme,89.4,0.0,conforme,23069,CROCQ,23,CREUSE,22,LIMOGES,45.86356659813654,2.369293922411939
0230017U,Collège Jacques Grancher,public,hors EP,108.9,88.8,0.0,conforme,89.4,0.0,conforme,23079,FELLETIN,23,CREUSE,22,LIMOGES,45.88408379312214,2.1727397140905005
0230023A,Collège Octave Gachon,public,hors EP,102.0,88.8,0.0,conforme,89.4,0.0,conforme,23149,PARSAC RIMONDEIX,23,CREUSE,22,LIMOGES,46.200811653861976,2.153284912158238
0230028F,Collège Louis Durand,public,hors EP,102.2,88.8,0.0,conforme,89.4,0.0,conforme,23247,SAINT VAURY,23,CREUSE,22,LIMOGES,46.20603234380025,1.7543098575774452
0230032K,Collège Raymond Loewy,public,hors EP,96.9,88.8,0.0,conforme,89.4,0.0,conforme,23176,LA SOUTERRAINE,23,CREUSE,22,LIMOGES,46.23963239688543,1.4869791873355311
0230408U,Collège Benjamin Bord,public,hors EP,99.0,88.8,0.0,conforme,89.4,0.0,conforme,23075,DUN LE PALESTEL,23,CREUSE,22,LIMOGES,46.30551035091244,1.6738495152489463
0230487E,Collège Martin Nadaud,public,hors EP,100.3,88.8,0.0,conforme,89.4,0.0,conforme,23096,GUERET,23,CREUSE,22,LIMOGES,46.17997747188956,1.873888612651201
0230488F,Collège Jules Marouzeau,public,hors EP,110.4,88.8,0.0,conforme,89.4,0.0,conforme,23096,GUERET,23,CREUSE,22,LIMOGES,46.16636908709011,1.869829712756203
0230506A,Collège Eugène Jamot,public,hors EP,104.3,88.8,0.0,conforme,89.4,0.0,conforme,23008,AUBUSSON,23,CREUSE,22,LIMOGES,45.95335292025442,2.1661566229823817
0230507B,Collège Jean Picart le Doux,public,REP,95.2,88.8,6.400000000000006,sur-inclus,89.4,5.799999999999997,sur-inclus,23030,BOURGANEUF,23,CREUSE,22,LIMOGES,45.95327215447841,1.749399447140099
0240001W,Collège Léo Testut,public,hors EP,101.2,88.8,0.0,conforme,92.4,0.0,conforme,24028,BEAUMONTOIS EN PERIGORD,24,DORDOGNE,4,BORDEAUX,44.76421694558257,0.7667450657386735
0240004Z,Collège Henri IV,public,hors EP,97.0,88.8,0.0,conforme,92.4,0.0,conforme,24037,BERGERAC,24,DORDOGNE,4,BORDEAUX,44.851949926666784,0.488863214866513
0240010F,Collège Aliénor d'Aquitaine,public,hors EP,103.8,88.8,0.0,conforme,92.4,0.0,conforme,24064,BRANTOME EN PERIGORD,24,DORDOGNE,4,BORDEAUX,45.35883928916018,0.6539421902053862
0240011G,Collège Leroi-Gourhan,public,hors EP,96.8,88.8,0.0,conforme,92.4,0.0,conforme,24067,LE BUGUE,24,DORDOGNE,4,BORDEAUX,44.912730889351565,0.9238980553816254
0240014K,Collège Georges et Marie Bousquet,public,hors EP,103.1,88.8,0.0,conforme,92.4,0.0,conforme,24167,EYMET,24,DORDOGNE,4,BORDEAUX,44.67215071126797,0.3985174637818273
0240015L,Collège Plaisance,public,hors EP,97.2,88.8,0.0,conforme,92.4,0.0,conforme,24227,LANOUAILLE,24,DORDOGNE,4,BORDEAUX,45.3901506222097,1.1363174516423646
0240016M,Collège Arnault de Mareuil,public,hors EP,97.5,88.8,0.0,conforme,92.4,0.0,conforme,24253,MAREUIL EN PERIGORD,24,DORDOGNE,4,BORDEAUX,45.44627304373537,0.4488029941138332
0240029B,Collège Clos Chassaing,public,hors EP,110.2,88.8,0.0,conforme,92.4,0.0,conforme,24322,PERIGUEUX,24,DORDOGNE,4,BORDEAUX,45.18979599256132,0.7162515196252471
0240030C,Collège Michel de Montaigne,public,hors EP,93.6,88.8,0.0,conforme,92.4,0.0,conforme,24322,PERIGUEUX,24,DORDOGNE,4,BORDEAUX,45.18204937984412,0.7264549692861544
0240037K,Collège Jules Ferry,public,REP,93.4,88.8,4.6000000000000085,sur-inclus,92.4,1.0,sur-inclus,24547,TERRASSON LAVILLEDIEU,24,DORDOGNE,4,BORDEAUX,45.1309783792037,1.2990041723447758
0240040N,Collège Léonce Bourliaguet,public,hors EP,96.8,88.8,0.0,conforme,92.4,0.0,conforme,24551,THIVIERS,24,DORDOGNE,4,BORDEAUX,45.42491708364636,0.9270534557596608
0240043S,Collège Les Marches de l'Occitanie,public,REP,98.8,88.8,10.0,sur-inclus,92.4,6.3999999999999915,sur-inclus,24328,PIEGUT PLUVIERS,24,DORDOGNE,4,BORDEAUX,45.625030532652026,0.6866914994240764
0240044T,Collège Henri Bretin,public,hors EP,95.4,88.8,0.0,conforme,92.4,0.0,conforme,24309,NEUVIC,24,DORDOGNE,4,BORDEAUX,45.09683283094656,0.4679825884364834
0240045U,Collège Charles de Gaulle,public,hors EP,98.0,88.8,0.0,conforme,92.4,0.0,conforme,24133,LA COQUILLE,24,DORDOGNE,4,BORDEAUX,45.535650114020974,0.9727509422694368
0240047W,Collège Jean Moulin,public,hors EP,88.8,88.8,0.0,au seuil,92.4,3.6000000000000085,oublie,24138,COULOUNIEIX CHAMIERS,24,DORDOGNE,4,BORDEAUX,45.19259699739512,0.6876523836577759
0240052B,Collège Anne Frank,public,hors EP,98.9,88.8,0.0,conforme,92.4,0.0,conforme,24322,PERIGUEUX,24,DORDOGNE,4,BORDEAUX,45.19614032515332,0.6795121801510681
0240053C,Collège Max Bramerie,public,hors EP,94.0,88.8,0.0,conforme,92.4,0.0,conforme,24222,LA FORCE,24,DORDOGNE,4,BORDEAUX,44.870514559898496,0.3736859148928055
0240055E,Collège Dronne-Double,public,REP,94.9,88.8,6.1000000000000085,sur-inclus,92.4,2.5,sur-inclus,24376,SAINT AULAYE PUYMANGOU,24,DORDOGNE,4,BORDEAUX,45.199525118279,0.1338215970726345
0240056F,Collège des trois Vallées,public,REP,99.8,88.8,11.0,sur-inclus,92.4,7.3999999999999915,sur-inclus,24571,VERGT,24,DORDOGNE,4,BORDEAUX,45.02510355831413,0.7122662901331184
0240065R,Collège Jean Ladignac,public,hors EP,98.6,88.8,0.0,conforme,92.4,0.0,conforme,24396,SAINT CYPRIEN,24,DORDOGNE,4,BORDEAUX,44.8680487319466,1.0370409804208802
0240066S,Collège Suzanne Lacore,public,hors EP,100.8,88.8,0.0,conforme,92.4,0.0,conforme,24550,THENON,24,DORDOGNE,4,BORDEAUX,45.14185561384094,1.0598061934036953
0240073Z,Collège Michel Debet,public,hors EP,99.7,88.8,0.0,conforme,92.4,0.0,conforme,24553,TOCANE SAINT APRE,24,DORDOGNE,4,BORDEAUX,45.251264245982384,0.4964679223783596
0240106K,Collège Olympe de Gouges,public,REP,86.7,88.8,0.0,conforme,92.4,0.0,conforme,24568,VELINES,24,DORDOGNE,4,BORDEAUX,44.85789036682392,0.1095820510979648
0240117X,Collège Jean Rostand,public,hors EP,97.2,88.8,0.0,conforme,92.4,0.0,conforme,24294,MONTPON MENESTEROL,24,DORDOGNE,4,BORDEAUX,45.00086201838694,0.1616576625039366
0240119Z,Collège Eugène Le Roy,public,hors EP,92.4,88.8,0.0,conforme,92.4,0.0,au seuil,24037,BERGERAC,24,DORDOGNE,4,BORDEAUX,44.83905914481269,0.4696524110963114
0240121B,Collège La Boétie,public,hors EP,102.6,88.8,0.0,conforme,92.4,0.0,conforme,24520,SARLAT LA CANEDA,24,DORDOGNE,4,BORDEAUX,44.88259678563629,1.2156555065328924
0240158S,Collège Jean Monnet,public,hors EP,99.3,88.8,0.0,conforme,92.4,0.0,conforme,24223,LALINDE,24,DORDOGNE,4,BORDEAUX,44.83648541734456,0.729942606385157
0240650B,Collège Arthur Rimbaud,public,hors EP,104.3,88.8,0.0,conforme,92.4,0.0,conforme,24372,SAINT ASTIER,24,DORDOGNE,4,BORDEAUX,45.14128396258344,0.5198100783771696
0240927C,Collège Yvon Delbos,public,hors EP,105.6,88.8,0.0,conforme,92.4,0.0,conforme,24291,MONTIGNAC LASCAUX,24,DORDOGNE,4,BORDEAUX,45.062638923142735,1.1569733268664577
0240961P,Collège les Châtenades,public,hors EP,97.6,88.8,0.0,conforme,92.4,0.0,conforme,24299,MUSSIDAN,24,DORDOGNE,4,BORDEAUX,45.03552379810673,0.3737043592028233
0240962R,Collège Pierre Fanlac,public,hors EP,98.0,88.8,0.0,conforme,92.4,0.0,conforme,24035,PAYS DE BELVES,24,DORDOGNE,4,BORDEAUX,44.780646393221446,1.0010839141395518
0240996C,Collège Jacques Prévert,public,hors EP,93.4,88.8,0.0,conforme,92.4,0.0,conforme,24037,BERGERAC,24,DORDOGNE,4,BORDEAUX,44.84866394661457,0.4601340447293955
0240997D,Collège La Roche Beaulieu,public,hors EP,103.1,88.8,0.0,conforme,92.4,0.0,conforme,24010,ANNESSE ET BEAULIEU,24,DORDOGNE,4,BORDEAUX,45.1942502493182,0.6198963023515004
0241007P,Collège Giraut de Borneil,public,hors EP,102.5,88.8,0.0,conforme,92.4,0.0,conforme,24164,EXCIDEUIL,24,DORDOGNE,4,BORDEAUX,45.33892514675531,1.0467164210809548
0241011U,Collège Arnaut Daniel,public,hors EP,96.6,88.8,0.0,conforme,92.4,0.0,conforme,24352,RIBERAC,24,DORDOGNE,4,BORDEAUX,45.24317926809058,0.3343128815594519
0241041B,Collège Alcide Dusolier,public,hors EP,93.9,88.8,0.0,conforme,92.4,0.0,conforme,24311,NONTRON,24,DORDOGNE,4,BORDEAUX,45.53335504362223,0.665642994419968
0241042C,Collège Bertran de Born,public,hors EP,116.9,88.8,0.0,conforme,92.4,0.0,conforme,24322,PERIGUEUX,24,DORDOGNE,4,BORDEAUX,45.17995328995045,0.7199656717477361
0241043D,Collège Laure Gatet,public,hors EP,111.1,88.8,0.0,conforme,92.4,0.0,conforme,24322,PERIGUEUX,24,DORDOGNE,4,BORDEAUX,45.189941105459305,0.7241513665652479
0250003T,Collège Jean Bauhin,public,REP,80.5,88.8,0.0,conforme,88.9,0.0,conforme,25031,AUDINCOURT,25,DOUBS,3,BESANCON,47.47951278049735,6.849090225779805
0250005V,Collège René Cassin,public,hors EP,105.3,88.8,0.0,conforme,88.9,0.0,conforme,25047,BAUME LES DAMES,25,DOUBS,3,BESANCON,47.35076846920827,6.352530612760996
0250009Z,Collège Stendhal,public,hors EP,103.6,88.8,0.0,conforme,88.9,0.0,conforme,25056,BESANCON,25,DOUBS,3,BESANCON,47.24882529750232,6.016098387660429
0250012C,Collège Louis et Auguste Lumière,public,hors EP,118.9,88.8,0.0,conforme,88.9,0.0,conforme,25056,BESANCON,25,DOUBS,3,BESANCON,47.23979190779638,6.028530390072808
0250015F,Collège Charles Masson,public,hors EP,102.1,88.8,0.0,conforme,88.9,0.0,conforme,25063,BLAMONT,25,DOUBS,3,BESANCON,47.38617523050102,6.848099836342845
0250016G,Collège Louis Bonnemaille,public,hors EP,100.3,88.8,0.0,conforme,88.9,0.0,conforme,25156,PAYS DE CLERVAL,25,DOUBS,3,BESANCON,47.39982235390307,6.493225192415963
0250018J,Collège Émile Laroue,public,hors EP,97.9,88.8,0.0,conforme,88.9,0.0,conforme,25259,FRASNE,25,DOUBS,3,BESANCON,46.85837479379058,6.160959412320938
0250024R,Collège Paul Élie Dubois,public,hors EP,102.5,88.8,0.0,conforme,88.9,0.0,conforme,25315,L ISLE SUR LE DOUBS,25,DOUBS,3,BESANCON,47.441990187516765,6.592059977856755
0250035C,Collège Guynemer,public,hors EP,87.9,88.8,0.8999999999999915,oublie,88.9,1.0,oublie,25388,MONTBELIARD,25,DOUBS,3,BESANCON,47.513469731807824,6.796669389377004
0250040H,Collège de la Source,public,hors EP,108.9,88.8,0.0,conforme,88.9,0.0,conforme,25413,MOUTHE,25,DOUBS,3,BESANCON,46.70916631531596,6.188661456651095
0250047R,Collège Olympe de Gouges site de Pont de Roide,public,hors EP,98.4,88.8,0.0,conforme,88.9,0.0,conforme,25463,PONT DE ROIDE VERMONDANS,25,DOUBS,3,BESANCON,47.39308622394696,6.772410058272304
0250049T,Collège Félix Gaffiot,public,hors EP,110.3,88.8,0.0,conforme,88.9,0.0,conforme,25475,QUINGEY,25,DOUBS,3,BESANCON,47.10616184208583,5.88260449885554
0250050U,Collège Les Villanelles,public,hors EP,104.8,88.8,0.0,conforme,88.9,0.0,conforme,25505,ROUGEMONT,25,DOUBS,3,BESANCON,47.4837159097461,6.353579981938877
0250051V,Collège Aigremont,public,hors EP,110.2,88.8,0.0,conforme,88.9,0.0,conforme,25508,ROULANS,25,DOUBS,3,BESANCON,47.31868273475634,6.2271993800905605
0250052W,Collège René Perrot,public,hors EP,92.4,88.8,0.0,conforme,88.9,0.0,conforme,25512,LE RUSSEY,25,DOUBS,3,BESANCON,47.16431021937164,6.725651538356201
0250055Z,Collège Henri Fertet,public,hors EP,98.0,88.8,0.0,conforme,88.9,0.0,conforme,25529,SANCEY,25,DOUBS,3,BESANCON,47.29383519349754,6.5808206277823
0250056A,Collège Jouffroy d'Abbans,public,REP,80.1,88.8,0.0,conforme,88.9,0.0,conforme,25547,SOCHAUX,25,DOUBS,3,BESANCON,47.512047196475024,6.841449740208407
0251080N,Collège Diderot,public,REP+,66.5,88.8,0.0,conforme,88.9,0.0,conforme,25056,BESANCON,25,DOUBS,3,BESANCON,47.221353426514895,5.971549365480695
0251090Z,Collège Jean-Claude Bouquet - Villers-le-Lac,public,hors EP,96.7,88.8,0.0,conforme,88.9,0.0,conforme,25411,MORTEAU,25,DOUBS,3,BESANCON,47.05890598453254,6.608730128646119
0251116C,Collège Les Clairs Soleils,public,hors EP,100.5,88.8,0.0,conforme,88.9,0.0,conforme,25056,BESANCON,25,DOUBS,3,BESANCON,47.25213678280834,6.058809727271883
0251127P,Collège Voltaire,public,hors EP,83.4,88.8,5.3999999999999915,oublie,88.9,5.5,oublie,25056,BESANCON,25,DOUBS,3,BESANCON,47.22076167605895,5.959119576253574
0251129S,Collège Pierre Vernier,public,hors EP,106.7,88.8,0.0,conforme,88.9,0.0,conforme,25434,ORNANS,25,DOUBS,3,BESANCON,47.10307286776727,6.135749843910356
0251130T,Collège Jean Jacques Rousseau,public,hors EP,103.0,88.8,0.0,conforme,88.9,0.0,conforme,25632,VOUJEAUCOURT,25,DOUBS,3,BESANCON,47.46882062497875,6.76183985111888
0251208C,Collège Proudhon,public,hors EP,92.7,88.8,0.0,conforme,88.9,0.0,conforme,25056,BESANCON,25,DOUBS,3,BESANCON,47.2664497991404,6.04344048116445
0251209D,Collège Claude Lorius,public,REP+,71.7,88.8,0.0,conforme,88.9,0.0,conforme,25057,BETHONCOURT,25,DOUBS,3,BESANCON,47.53840507018112,6.80400939043247
0251211F,Collège Paul Langevin,public,hors EP,101.3,88.8,0.0,conforme,88.9,0.0,conforme,25228,ETUPES,25,DOUBS,3,BESANCON,47.50302825702033,6.854469859787055
0251315U,Collège Louis Pergaud,public,hors EP,98.0,88.8,0.0,conforme,88.9,0.0,conforme,25453,PIERREFONTAINE LES VARANS,25,DOUBS,3,BESANCON,47.21354586187808,6.53306064141289
0251324D,Collège Jean Paul Guyot,public,hors EP,92.4,88.8,0.0,conforme,88.9,0.0,conforme,25367,MANDEURE,25,DOUBS,3,BESANCON,47.44301128174549,6.821600375063299
0251348E,Collège Albert Camus,public,hors EP,104.8,88.8,0.0,conforme,88.9,0.0,conforme,25056,BESANCON,25,DOUBS,3,BESANCON,47.259709052182416,6.01055975421952
0251372F,Collège Edgar Faure,public,hors EP,102.8,88.8,0.0,conforme,88.9,0.0,conforme,25578,VALDAHON,25,DOUBS,3,BESANCON,47.15209798530859,6.341070610253597
0251373G,Collège Mont Miroir,public,hors EP,94.6,88.8,0.0,conforme,88.9,0.0,conforme,25356,MAICHE,25,DOUBS,3,BESANCON,47.24949365717478,6.81075970724552
0251375J,Collège des Quatre Terres,public,hors EP,88.7,88.8,0.09999999999999432,oublie,88.9,0.20000000000000284,oublie,25304,HERIMONCOURT,25,DOUBS,3,BESANCON,47.44344929614389,6.884360661804051
0251376K,Collège Entre Deux Velles,public,hors EP,116.7,88.8,0.0,conforme,88.9,0.0,conforme,25532,SAONE,25,DOUBS,3,BESANCON,47.22646664858786,6.114092940112613
0251394E,Collège Jean Jaurès,public,hors EP,109.0,88.8,0.0,conforme,88.9,0.0,conforme,25527,SAINT VIT,25,DOUBS,3,BESANCON,47.18347509941953,5.819009994058001
0251395F,Collège Lou Blazer,public,REP+,67.2,88.8,0.0,conforme,88.9,0.0,conforme,25388,MONTBELIARD,25,DOUBS,3,BESANCON,47.49841073923035,6.791109347380717
0251397H,Collège les Hautes Vignes,public,REP,80.7,88.8,0.0,conforme,88.9,0.0,conforme,25539,SELONCOURT,25,DOUBS,3,BESANCON,47.47165765562169,6.85640985034442
0251524W,Collège Philippe Grenier,public,hors EP,98.3,88.8,0.0,conforme,88.9,0.0,conforme,25462,PONTARLIER,25,DOUBS,3,BESANCON,46.901857813661366,6.353339394754599
0251556F,Collège André Boulloche,public,hors EP,107.7,88.8,0.0,conforme,88.9,0.0,conforme,25043,BART,25,DOUBS,3,BESANCON,47.49185004046221,6.761269916850131
0251573Z,Collège Victor Hugo,public,hors EP,111.4,88.8,0.0,conforme,88.9,0.0,conforme,25056,BESANCON,25,DOUBS,3,BESANCON,47.23769109526414,6.0206894615165485
0251599C,Collège les Bruyères,public,REP,78.9,88.8,0.0,conforme,88.9,0.0,conforme,25580,VALENTIGNEY,25,DOUBS,3,BESANCON,47.45420204696176,6.829900270160826
0251673H,Collège Georges Pompidou,public,hors EP,119.0,88.8,0.0,conforme,88.9,0.0,conforme,25467,POUILLEY LES VIGNES,25,DOUBS,3,BESANCON,47.25638908684044,5.92830010097994
0251677M,Collège André Malraux,public,hors EP,101.2,88.8,0.0,conforme,88.9,0.0,conforme,25462,PONTARLIER,25,DOUBS,3,BESANCON,46.89490782349362,6.365140141835257
0251857H,Collège Claude Girard,public,hors EP,119.0,88.8,0.0,conforme,88.9,0.0,conforme,25133,CHATILLON LE DUC,25,DOUBS,3,BESANCON,47.31553803299481,6.003700179309701
0251949H,Collège Lucie Aubrac,public,hors EP,98.7,88.8,0.0,conforme,88.9,0.0,conforme,25204,DOUBS,25,DOUBS,3,BESANCON,46.92223306140946,6.3378696839183215
0260001K,Collège de l'Europe Jean-Monnet,public,hors EP,107.1,88.8,0.0,conforme,89.6,0.0,conforme,26057,BOURG DE PEAGE,26,DROME,8,GRENOBLE,45.04000444138165,5.057549423136472
0260002L,Collège Henri Barbusse,public,hors EP,106.0,88.8,0.0,conforme,89.6,0.0,conforme,26063,BUIS LES BARONNIES,26,DROME,8,GRENOBLE,44.27792174408816,5.273660929303562
0260003M,Collège Marc Seignobos,public,hors EP,121.7,88.8,0.0,conforme,89.6,0.0,conforme,26064,CHABEUIL,26,DROME,8,GRENOBLE,44.89842233982735,5.017239418539607
0260004N,Collège Sport Nature,public,hors EP,123.4,88.8,0.0,conforme,89.6,0.0,conforme,26074,LA CHAPELLE EN VERCORS,26,DROME,8,GRENOBLE,44.96416163905353,5.414460210696767
0260005P,Collège Olivier de Serres,public,hors EP,111.7,88.8,0.0,conforme,89.6,0.0,conforme,26095,CLEON D ANDRAN,26,DROME,8,GRENOBLE,44.61297647535525,4.938249581371237
0260009U,Collège Ernest Chalamel,public,hors EP,113.7,88.8,0.0,conforme,89.6,0.0,conforme,26114,DIEULEFIT,26,DROME,8,GRENOBLE,44.52610993881976,5.066944389964871
0260011W,Collège Joseph Bédier,public,hors EP,108.1,88.8,0.0,conforme,89.6,0.0,conforme,26143,LE GRAND SERRE,26,DROME,8,GRENOBLE,45.26991631744378,5.09788966010655
0260012X,Collège Daniel Faucher,public,hors EP,96.8,88.8,0.0,conforme,89.6,0.0,conforme,26166,LORIOL SUR DROME,26,DROME,8,GRENOBLE,44.75209536462204,4.8179899479361294
0260021G,Collège Jean Macé,public,hors EP,95.7,88.8,0.0,conforme,89.6,0.0,conforme,26252,PORTES LES VALENCE,26,DROME,8,GRENOBLE,44.86987479211649,4.882164441096966
0260026M,Collège Joséphine Baker,public,hors EP,105.9,88.8,0.0,conforme,89.6,0.0,conforme,26301,SAINT DONAT SUR L HERBASSE,26,DROME,8,GRENOBLE,45.11466197891802,4.963830782524988
0260027N,Collège Benjamin Malossane,public,hors EP,110.4,88.8,0.0,conforme,89.6,0.0,conforme,26307,SAINT JEAN EN ROYANS,26,DROME,8,GRENOBLE,45.02303447453414,5.292070383486252
0260029R,Collège Fernand Berthon,public,REP,83.0,88.8,0.0,conforme,89.6,0.0,conforme,26325,SAINT RAMBERT D ALBON,26,DROME,8,GRENOBLE,45.29177149390455,4.817749798890075
0260030S,Collège Denis Brunet,public,hors EP,101.2,88.8,0.0,conforme,89.6,0.0,conforme,26330,SAINT SORLIN EN VALLOIRE,26,DROME,8,GRENOBLE,45.29046194855589,4.949989786360205
0260032U,Collège André Cotte,public,hors EP,92.6,88.8,0.0,conforme,89.6,0.0,conforme,26333,SAINT VALLIER,26,DROME,8,GRENOBLE,45.17670563509012,4.820159666252905
0260033V,Collège Do Mistrau,public,hors EP,104.7,88.8,0.0,conforme,89.6,0.0,conforme,26345,SUZE LA ROUSSE,26,DROME,8,GRENOBLE,44.28838536999793,4.840080345743377
0260045H,Collège Marguerite Duras,public,hors EP,106.7,88.8,0.0,conforme,89.6,0.0,conforme,26198,MONTELIMAR,26,DROME,8,GRENOBLE,44.54222668138755,4.769219694111205
0260049M,Collège Jean Zay,public,REP,94.0,88.8,5.200000000000003,sur-inclus,89.6,4.400000000000006,sur-inclus,26362,VALENCE,26,DROME,8,GRENOBLE,44.935948417379606,4.900380073332593
0260115J,Collège Claude Debussy,public,hors EP,102.0,88.8,0.0,conforme,89.6,0.0,conforme,26281,ROMANS SUR ISERE,26,DROME,8,GRENOBLE,45.05538138070691,5.044619695012492
0260117L,Collège Paul Valéry,public,REP,86.1,88.8,0.0,conforme,89.6,0.0,conforme,26362,VALENCE,26,DROME,8,GRENOBLE,44.92851161366953,4.896080006480888
0260766S,Collège Gérard Gaud,public,hors EP,93.1,88.8,0.0,conforme,89.6,0.0,conforme,26058,BOURG LES VALENCE,26,DROME,8,GRENOBLE,44.95248479772696,4.907580406999172
0260789S,Collège Gustave Monod,public,hors EP,90.1,88.8,0.0,conforme,89.6,0.0,conforme,26198,MONTELIMAR,26,DROME,8,GRENOBLE,44.54190472365906,4.7419596984622086
0260850H,Collège Étienne-Jean Lapassat,public,REP,93.2,88.8,4.400000000000006,sur-inclus,89.6,3.6000000000000085,sur-inclus,26281,ROMANS SUR ISERE,26,DROME,8,GRENOBLE,45.0427292309842,5.082057492953541
0260978X,Collège Marcel Pagnol,public,REP,93.0,88.8,4.200000000000003,sur-inclus,89.6,3.4000000000000057,sur-inclus,26362,VALENCE,26,DROME,8,GRENOBLE,44.94406940183675,4.924559994913046
0260997T,Collège André Malraux,public,hors EP,105.7,88.8,0.0,conforme,89.6,0.0,conforme,26281,ROMANS SUR ISERE,26,DROME,8,GRENOBLE,45.05517507385549,5.062841998129112
0261010G,Collège Lis Isclo d'Or,public,hors EP,89.6,88.8,0.0,conforme,89.6,0.0,au seuil,26235,PIERRELATTE,26,DROME,8,GRENOBLE,44.36880016264218,4.701340273027441
0261030D,Collège Revesz-Long,public,hors EP,112.3,88.8,0.0,conforme,89.6,0.0,conforme,26108,CREST,26,DROME,8,GRENOBLE,44.72702642257308,5.008150134567345
0261032F,Collège Jean Perrin,public,hors EP,108.5,88.8,0.0,conforme,89.6,0.0,conforme,26324,SAINT PAUL TROIS CHATEAUX,26,DROME,8,GRENOBLE,44.352361024863136,4.771249603289269
0261086P,Collège Europa,public,REP,89.1,88.8,0.29999999999999716,sur-inclus,89.6,0.0,conforme,26198,MONTELIMAR,26,DROME,8,GRENOBLE,44.557588652018566,4.721299555277839
0261088S,Collège Alain Borne,public,hors EP,95.2,88.8,0.0,conforme,89.6,0.0,conforme,26198,MONTELIMAR,26,DROME,8,GRENOBLE,44.55527622370642,4.745509382804683
0261089T,Collège René Barjavel,public,hors EP,110.6,88.8,0.0,conforme,89.6,0.0,conforme,26220,NYONS,26,DROME,8,GRENOBLE,44.3626958532351,5.139544421992023
0261090U,Collège Gustave Jaume,public,REP+,78.5,88.8,0.0,conforme,89.6,0.0,conforme,26235,PIERRELATTE,26,DROME,8,GRENOBLE,44.3820803985102,4.698560426694903
0261091V,Collège Albert Triboulet,public,REP,76.7,88.8,0.0,conforme,89.6,0.0,conforme,26281,ROMANS SUR ISERE,26,DROME,8,GRENOBLE,45.04522509946785,5.056999384307703
0261092W,Collège François-Jean Armorin,public,hors EP,110.7,88.8,0.0,conforme,89.6,0.0,conforme,26108,CREST,26,DROME,8,GRENOBLE,44.7315858891416,5.01465765405813
0261093X,Collège du Diois,public,hors EP,112.6,88.8,0.0,conforme,89.6,0.0,conforme,26113,DIE,26,DROME,8,GRENOBLE,44.75677988240906,5.366639067119506
0261094Y,Collège Émile Loubet,public,hors EP,88.4,88.8,0.3999999999999915,oublie,89.6,1.1999999999999886,oublie,26362,VALENCE,26,DROME,8,GRENOBLE,44.92713403167637,4.888230363722624
0261095Z,Collège Camille Vernet,public,hors EP,100.4,88.8,0.0,conforme,89.6,0.0,conforme,26362,VALENCE,26,DROME,8,GRENOBLE,44.922424102654254,4.903470021952986
0261528V,Collège Marcelle Rivier,public,hors EP,117.8,88.8,0.0,conforme,89.6,0.0,conforme,26037,BEAUMONT LES VALENCE,26,DROME,8,GRENOBLE,44.869003408148416,4.947719997405984
0261576X,Collège de l'Hermitage,public,hors EP,111.1,88.8,0.0,conforme,89.6,0.0,conforme,26179,MERCUROL VEAUNES,26,DROME,8,GRENOBLE,45.07146885661734,4.882986122323037
0270001E,Collège Roger Gaudeau,public,hors EP,96.5,88.8,0.0,conforme,90.0,0.0,conforme,27016,LES ANDELYS,27,EURE,70,NORMANDIE,49.24581596414393,1.4071803126276512
0270006K,Collège Jacques Brel,public,hors EP,99.5,88.8,0.0,conforme,90.0,0.0,conforme,27065,BEUZEVILLE,27,EURE,70,NORMANDIE,49.34200660993285,0.3447904969288355
0270007L,Collège Simone Veil,public,hors EP,110.6,88.8,0.0,conforme,90.0,0.0,conforme,27103,BOURG ACHARD,27,EURE,70,NORMANDIE,49.34943864540493,0.8109200065569393
0270008M,Collège Évariste Galois,public,hors EP,87.7,88.8,1.0999999999999943,oublie,90.0,2.299999999999997,oublie,27112,BRETEUIL,27,EURE,70,NORMANDIE,48.843062027716826,0.913976664571306
0270010P,Collège Pierre Brossolette,public,hors EP,92.0,88.8,0.0,conforme,90.0,0.0,conforme,27116,BRIONNE,27,EURE,70,NORMANDIE,49.19803642211682,0.7155493624952476
0270013T,Collège Europe,public,hors EP,98.0,88.8,0.0,conforme,90.0,0.0,conforme,27170,CORMEILLES,27,EURE,70,NORMANDIE,49.24467977368254,0.3755901473012235
0270014U,Collège Aimé Charpentier,public,hors EP,100.8,88.8,0.0,conforme,90.0,0.0,conforme,27198,MESNILS SUR ITON,27,EURE,70,NORMANDIE,48.864977429582105,1.069209947345796
0270019Z,Collège Jean Jaurès,public,hors EP,85.1,88.8,3.700000000000003,oublie,90.0,4.900000000000006,oublie,27229,EVREUX,27,EURE,70,NORMANDIE,49.0247239698556,1.16042056273285
0270020A,Collège Paul Bert,public,hors EP,94.2,88.8,0.0,conforme,90.0,0.0,conforme,27229,EVREUX,27,EURE,70,NORMANDIE,49.02646171665651,1.1441200766859971
0270022C,Collège Navarre,public,hors EP,89.5,88.8,0.0,conforme,90.0,0.5,oublie,27229,EVREUX,27,EURE,70,NORMANDIE,49.01830934776607,1.1205976152308446
0270025F,Collège Georges d'Amboise,public,hors EP,95.7,88.8,0.0,conforme,90.0,0.0,conforme,27275,GAILLON,27,EURE,70,NORMANDIE,49.16308115168932,1.3458395780702452
0270032N,Collège Pierre Corneille,public,hors EP,100.3,88.8,0.0,conforme,90.0,0.0,conforme,27428,LE NEUBOURG,27,EURE,70,NORMANDIE,49.14624862906888,0.9061094903513688
0270033P,Collège Jean-Claude Dauphin,public,hors EP,98.4,88.8,0.0,conforme,90.0,0.0,conforme,27438,NONANCOURT,27,EURE,70,NORMANDIE,48.76828585199814,1.2028705575840477
0270036T,Collège Pierre et Marie Curie,public,hors EP,97.6,88.8,0.0,conforme,90.0,0.0,conforme,27467,PONT AUDEMER,27,EURE,70,NORMANDIE,49.3545832572353,0.5191604006425141
0270038V,Collège Hyacinthe Langlois,public,hors EP,107.2,88.8,0.0,conforme,90.0,0.0,conforme,27469,PONT DE L ARCHE,27,EURE,70,NORMANDIE,49.30102739172794,1.158349732091846
0270040X,Collège Aurélie Aubert,public,hors EP,88.6,88.8,0.20000000000000284,oublie,90.0,1.4000000000000057,oublie,27502,RUGLES,27,EURE,70,NORMANDIE,48.8190689759555,0.7029400223553245
0270041Y,Collège des Sept Épis,public,hors EP,98.0,88.8,0.0,conforme,90.0,0.0,conforme,27507,SAINT ANDRE DE L EURE,27,EURE,70,NORMANDIE,48.90883048844205,1.2831133734438973
0270043A,Collège Maurice de Vlaminck,public,hors EP,93.4,88.8,0.0,conforme,90.0,0.0,conforme,27679,VERNEUIL D AVRE ET D ITON,27,EURE,70,NORMANDIE,48.73981762998627,0.9358195520079566
0270054M,Collège Marcel Marceron,public,hors EP,97.1,88.8,0.0,conforme,90.0,0.0,conforme,27413,MONTFORT SUR RISLE,27,EURE,70,NORMANDIE,49.30093302202981,0.6568696408249435
0271094T,Collège Guillaume de Conches,public,hors EP,101.2,88.8,0.0,conforme,90.0,0.0,conforme,27165,CONCHES EN OUCHE,27,EURE,70,NORMANDIE,48.95208120537647,0.9417701925362104
0271095U,Collège Georges Politzer,public,REP,80.7,88.8,0.0,conforme,90.0,0.0,conforme,27229,EVREUX,27,EURE,70,NORMANDIE,49.00612917964285,1.147329421444672
0271096V,Collège Marie Curie,public,hors EP,102.7,88.8,0.0,conforme,90.0,0.0,conforme,27056,BERNAY,27,EURE,70,NORMANDIE,49.09247192372764,0.5886605594087218
0271098X,Collège Guy de Maupassant,public,hors EP,94.7,88.8,0.0,conforme,90.0,0.0,conforme,27246,FLEURY SUR ANDELLE,27,EURE,70,NORMANDIE,49.36615821212882,1.3613599376369492
0271099Y,Collège Jeanine Vancayzeele,public,hors EP,95.7,88.8,0.0,conforme,90.0,0.0,conforme,27629,THIBERVILLE,27,EURE,70,NORMANDIE,49.13569292804766,0.4604804082477428
0271104D,Collège Henri Dunant,public,REP,93.2,88.8,4.400000000000006,sur-inclus,90.0,3.200000000000003,sur-inclus,27229,EVREUX,27,EURE,70,NORMANDIE,49.02970608423284,1.1743405373788414
0271105E,Collège André Maurois,public,hors EP,111.9,88.8,0.0,conforme,90.0,0.0,conforme,27616,LA SAUSSAYE,27,EURE,70,NORMANDIE,49.25887383407365,0.9759098861345452
0271106F,Collège Louis Anquetin,public,hors EP,95.1,88.8,0.0,conforme,90.0,0.0,conforme,27226,ETREPAGNY,27,EURE,70,NORMANDIE,49.31115265474259,1.6142194519169886
0271119V,Collège Ferdinand Buisson,public,hors EP,94.3,88.8,0.0,conforme,90.0,0.0,conforme,27375,LOUVIERS,27,EURE,70,NORMANDIE,49.21287780210794,1.1645304092315036
0271121X,Collège Jacques Daviel,public,hors EP,96.3,88.8,0.0,conforme,90.0,0.0,conforme,27049,MESNIL EN OUCHE,27,EURE,70,NORMANDIE,48.944941996975246,0.6591689928645406
0271122Y,Collège Maurice de Broglie,public,hors EP,92.2,88.8,0.0,conforme,90.0,0.0,conforme,27117,BROGLIE,27,EURE,70,NORMANDIE,49.00442412215276,0.5343206605294304
0271123Z,Collège Léonard de Vinci,public,hors EP,111.1,88.8,0.0,conforme,90.0,0.0,conforme,27562,SAINT MARCEL,27,EURE,70,NORMANDIE,49.10437041767335,1.4454494181555873
0271172C,Collège Marcel Pagnol,public,hors EP,107.9,88.8,0.0,conforme,90.0,0.0,conforme,27299,GRAVIGNY,27,EURE,70,NORMANDIE,49.04224306148889,1.1580306229651016
0271173D,Collège Jean Rostand,public,hors EP,108.0,88.8,0.0,conforme,90.0,0.0,conforme,27229,EVREUX,27,EURE,70,NORMANDIE,49.03792723618236,1.1313404360938188
0271238Z,Collège Claude Monet,public,hors EP,105.4,88.8,0.0,conforme,90.0,0.0,conforme,27230,EZY SUR EURE,27,EURE,70,NORMANDIE,48.86837777039576,1.4290026055121203
0271267F,Collège Croix-Maître Renault,public,hors EP,98.1,88.8,0.0,conforme,90.0,0.0,conforme,27051,BEAUMONT LE ROGER,27,EURE,70,NORMANDIE,49.071485792716814,0.770420530201135
0271284Z,Collège Simone Sauteur,public,hors EP,98.8,88.8,0.0,conforme,90.0,0.0,conforme,27107,BOURNEVILLE SAINTE CROIX,27,EURE,70,NORMANDIE,49.3623373987444,0.5229400860771467
0271285A,Collège le Roumois,public,hors EP,105.9,88.8,0.0,conforme,90.0,0.0,conforme,27500,ROUTOT,27,EURE,70,NORMANDIE,49.38024813094,0.726980483096528
0271286B,Collège Alphonse Allais,public,REP+,79.0,88.8,0.0,conforme,90.0,0.0,conforme,27701,VAL DE REUIL,27,EURE,70,NORMANDIE,49.27441539406917,1.2126104624029357
0271288D,Collège César Lemaitre,public,hors EP,101.8,88.8,0.0,conforme,90.0,0.0,conforme,27681,VERNON,27,EURE,70,NORMANDIE,49.09758514838352,1.471460716248017
0271289E,Collège Cervantès,public,REP,86.5,88.8,0.0,conforme,90.0,0.0,conforme,27681,VERNON,27,EURE,70,NORMANDIE,49.075089805433215,1.4955204950162229
0271316J,Collège le Hameau,public,hors EP,92.8,88.8,0.0,conforme,90.0,0.0,conforme,27056,BERNAY,27,EURE,70,NORMANDIE,49.073681682982695,0.5905214563462161
0271317K,Collège Jean de La Fontaine,public,hors EP,108.9,88.8,0.0,conforme,90.0,0.0,conforme,27105,GRAND BOURGTHEROULDE,27,EURE,70,NORMANDIE,49.302045424532295,0.8677571450400128
0271320N,Collège Rosa Parks,public,REP,96.4,88.8,7.6000000000000085,sur-inclus,90.0,6.400000000000006,sur-inclus,27016,LES ANDELYS,27,EURE,70,NORMANDIE,49.24831614355137,1.4435802528746382
0271321P,Collège Victor Hugo,public,hors EP,104.2,88.8,0.0,conforme,90.0,0.0,conforme,27284,GISORS,27,EURE,70,NORMANDIE,49.28262893838205,1.770680489643185
0271322R,Collège Georges Pompidou,public,hors EP,109.8,88.8,0.0,conforme,90.0,0.0,conforme,27448,PACY SUR EURE,27,EURE,70,NORMANDIE,49.01965495893795,1.387620091409416
0271336F,Collège Suzanne Lipinska,public,hors EP,103.8,88.8,0.0,conforme,90.0,0.0,conforme,27375,LOUVIERS,27,EURE,70,NORMANDIE,49.202471433186425,1.1918802155864328
0271398Y,Collège les Fougères,public,REP,90.8,88.8,2.0,sur-inclus,90.0,0.7999999999999972,sur-inclus,27375,LOUVIERS,27,EURE,70,NORMANDIE,49.21321763148307,1.1491789508863053
0271399Z,Collège Ariane,public,hors EP,95.5,88.8,0.0,conforme,90.0,0.0,conforme,27681,VERNON,27,EURE,70,NORMANDIE,49.09819695921789,1.4678806293053943
0271442W,Collège Marc Chagall,public,hors EP,104.6,88.8,0.0,conforme,90.0,0.0,conforme,27279,GASNY,27,EURE,70,NORMANDIE,49.093530595132506,1.5959498989249277
0271482P,Collège Simone Signoret,public,hors EP,99.0,88.8,0.0,conforme,90.0,0.0,conforme,27022,LE VAL D HAZEY,27,EURE,70,NORMANDIE,49.17517664211714,1.3403905743662174
0271533V,Collège de la Côte des Deux Amants,public,hors EP,101.7,88.8,0.0,conforme,90.0,0.0,conforme,27493,ROMILLY SUR ANDELLE,27,EURE,70,NORMANDIE,49.336137158411496,1.265279419981329
0271631B,Collège Pablo Picasso,public,hors EP,97.1,88.8,0.0,conforme,90.0,0.0,conforme,27284,GISORS,27,EURE,70,NORMANDIE,49.28643165689815,1.7648395254392053
0271632C,Collège Michel de Montaigne,public,hors EP,96.3,88.8,0.0,conforme,90.0,0.0,conforme,27528,LE VAUDREUIL,27,EURE,70,NORMANDIE,49.26025394931488,1.202804455265259
0271744Z,Collège Lucie Aubrac,public,hors EP,110.4,88.8,0.0,conforme,90.0,0.0,conforme,27119,BUEIL,27,EURE,70,NORMANDIE,48.93967778102471,1.436829610560941
0271885C,Collège Geneviève de Gaulle-Anthonioz,public,hors EP,105.6,88.8,0.0,conforme,90.0,0.0,conforme,27428,LE NEUBOURG,27,EURE,70,NORMANDIE,49.1457554585817,0.8960883996756958
0280001Z,Collège Jules Ferry,public,hors EP,102.9,88.8,0.0,conforme,86.4,0.0,conforme,28015,AUNEAU BLEURY SAINT SYMPHORIEN,28,EURE-ET-LOIR,18,ORLEANS-TOURS,48.46419522804385,1.7693694430843394
0280002A,Collège Joachim du Bellay,public,hors EP,94.3,88.8,0.0,conforme,86.4,0.0,conforme,28018,AUTHON DU PERCHE,28,EURE-ET-LOIR,18,ORLEANS-TOURS,48.19631890593399,0.8890602365178351
0280005D,Collège Maurice de Vlaminck,public,hors EP,93.8,88.8,0.0,conforme,86.4,0.0,conforme,28059,BREZOLLES,28,EURE-ET-LOIR,18,ORLEANS-TOURS,48.6929219214836,1.0766795418475537
0280006E,Collège Florimond Robertet,public,hors EP,98.9,88.8,0.0,conforme,86.4,0.0,conforme,28061,BROU,28,EURE-ET-LOIR,18,ORLEANS-TOURS,48.21041827993,1.1714401131851464
0280016R,Collège la Pajotterie,public,hors EP,106.6,88.8,0.0,conforme,86.4,0.0,conforme,28089,CHATEAUNEUF EN THYMERAIS,28,EURE-ET-LOIR,18,ORLEANS-TOURS,48.58346940345567,1.2432898560717205
0280018T,Collège Louis Pergaud,public,hors EP,104.9,88.8,0.0,conforme,86.4,0.0,conforme,28116,COURVILLE SUR EURE,28,EURE-ET-LOIR,18,ORLEANS-TOURS,48.45019739565128,1.238519870233136
0280024Z,Collège Marcel Pagnol,public,REP,89.9,88.8,1.1000000000000085,sur-inclus,86.4,3.5,sur-inclus,28404,VERNOUILLET,28,EURE-ET-LOIR,18,ORLEANS-TOURS,48.73436267715845,1.3314068328852184
0280033J,Collège Jean Racine,public,hors EP,117.5,88.8,0.0,conforme,86.4,0.0,conforme,28227,MAINTENON,28,EURE-ET-LOIR,18,ORLEANS-TOURS,48.58928632623848,1.5861398284413055
0280034K,Collège Jean Macé,public,REP,89.5,88.8,0.7000000000000028,sur-inclus,86.4,3.0999999999999943,sur-inclus,28229,MAINVILLIERS,28,EURE-ET-LOIR,18,ORLEANS-TOURS,48.44813319315256,1.461900355972772
0280035L,Collège Jean Moulin,public,hors EP,109.2,88.8,0.0,conforme,86.4,0.0,conforme,28279,NOGENT LE ROI,28,EURE-ET-LOIR,18,ORLEANS-TOURS,48.64317791693433,1.5177995809332974
0280040S,Collège Gaston Couté,public,hors EP,96.1,88.8,0.0,conforme,86.4,0.0,conforme,28422,LES VILLAGES VOVEENS,28,EURE-ET-LOIR,18,ORLEANS-TOURS,48.26855808413778,1.6285404976419786
0280656L,Collège Tomas Divi,public,REP,79.7,88.8,0.0,conforme,86.4,0.0,conforme,28088,CHATEAUDUN,28,EURE-ET-LOIR,18,ORLEANS-TOURS,48.07910736432319,1.3507801999826137
0280657M,Collège les Petits Sentiers,public,REP,81.4,88.8,0.0,conforme,86.4,0.0,conforme,28218,LUCE,28,EURE-ET-LOIR,18,ORLEANS-TOURS,48.43339819251506,1.454989472728926
0280658N,Collège Albert Camus,public,hors EP,96.8,88.8,0.0,conforme,86.4,0.0,conforme,28134,DREUX,28,EURE-ET-LOIR,18,ORLEANS-TOURS,48.74037006183982,1.373229852095066
0280701K,Collège Val de Voise,public,hors EP,112.4,88.8,0.0,conforme,86.4,0.0,conforme,28168,GALLARDON,28,EURE-ET-LOIR,18,ORLEANS-TOURS,48.52476221770563,1.6853993874773154
0280702L,Collège Marcel Proust,public,hors EP,98.4,88.8,0.0,conforme,86.4,0.0,conforme,28196,ILLIERS COMBRAY,28,EURE-ET-LOIR,18,ORLEANS-TOURS,48.3018940001692,1.2467195351217577
0280716B,Collège Pierre et Marie Curie,public,REP+,78.9,88.8,0.0,conforme,86.4,0.0,conforme,28134,DREUX,28,EURE-ET-LOIR,18,ORLEANS-TOURS,48.73624196070582,1.3878305301418516
0280751P,Collège Mathurin Régnier,public,hors EP,100.4,88.8,0.0,conforme,86.4,0.0,conforme,28085,CHARTRES,28,EURE-ET-LOIR,18,ORLEANS-TOURS,48.44385059689032,1.5143402135435713
0280753S,Collège Nicolas Robert,public,hors EP,87.6,88.8,1.2000000000000028,oublie,86.4,0.0,conforme,28404,VERNOUILLET,28,EURE-ET-LOIR,18,ORLEANS-TOURS,48.7165647756616,1.361220145084155
0280755U,Collège Hélène Boucher,public,hors EP,113.8,88.8,0.0,conforme,86.4,0.0,conforme,28085,CHARTRES,28,EURE-ET-LOIR,18,ORLEANS-TOURS,48.44295408781572,1.4845005846376718
0280756V,Collège Jean Moulin,public,hors EP,112.6,88.8,0.0,conforme,86.4,0.0,conforme,28085,CHARTRES,28,EURE-ET-LOIR,18,ORLEANS-TOURS,48.44087458858816,1.4762747294038645
0280803W,Collège Édouard Herriot,public,hors EP,98.1,88.8,0.0,conforme,86.4,0.0,conforme,28218,LUCE,28,EURE-ET-LOIR,18,ORLEANS-TOURS,48.43925574783167,1.449800104604184
0280865N,Collège Louis Armand,public,REP+,80.6,88.8,0.0,conforme,86.4,0.0,conforme,28134,DREUX,28,EURE-ET-LOIR,18,ORLEANS-TOURS,48.73835319249141,1.353549589956368
0280866P,Collège Albert Sidoisne,public,hors EP,96.8,88.8,0.0,conforme,86.4,0.0,conforme,28051,BONNEVAL,28,EURE-ET-LOIR,18,ORLEANS-TOURS,48.18456270289576,1.3899496088266037
0280867R,Collège François Rabelais,public,hors EP,93.7,88.8,0.0,conforme,86.4,0.0,conforme,28103,CLOYES LES TROIS RIVIERES,28,EURE-ET-LOIR,18,ORLEANS-TOURS,48.00417480890045,1.2381097098093825
0280869T,Collège Jean Monnet,public,hors EP,98.5,88.8,0.0,conforme,86.4,0.0,conforme,28214,LA LOUPE,28,EURE-ET-LOIR,18,ORLEANS-TOURS,48.46375261119643,1.020529591906781
0280883H,Collège Victor Hugo,public,hors EP,93.2,88.8,0.0,conforme,86.4,0.0,conforme,28085,CHARTRES,28,EURE-ET-LOIR,18,ORLEANS-TOURS,48.44465367230192,1.5209322592959518
0280884J,Collège Louis Blériot,public,hors EP,92.7,88.8,0.0,conforme,86.4,0.0,conforme,28391,TOURY,28,EURE-ET-LOIR,18,ORLEANS-TOURS,48.19005693555355,1.9289600168614232
0280887M,Collège la Loge des Bois,public,hors EP,95.8,88.8,0.0,conforme,86.4,0.0,conforme,28373,SENONCHES,28,EURE-ET-LOIR,18,ORLEANS-TOURS,48.55418476174448,1.0352838981821078
0280889P,Collège Michel Chasles,public,hors EP,118.6,88.8,0.0,conforme,86.4,0.0,conforme,28140,EPERNON,28,EURE-ET-LOIR,18,ORLEANS-TOURS,48.61121272315104,1.6739300592201167
0280903E,Collège Louis-Arsène Meunier,public,hors EP,97.8,88.8,0.0,conforme,86.4,0.0,conforme,28280,NOGENT LE ROTROU,28,EURE-ET-LOIR,18,ORLEANS-TOURS,48.31582933478716,0.8163303032400587
0280918W,Collège Anatole France,public,REP,75.5,88.8,0.0,conforme,86.4,0.0,conforme,28088,CHATEAUDUN,28,EURE-ET-LOIR,18,ORLEANS-TOURS,48.081228983306346,1.35059988891993
0280924C,Collège Pierre Brossolette,public,REP,86.1,88.8,0.0,conforme,86.4,0.0,conforme,28280,NOGENT LE ROTROU,28,EURE-ET-LOIR,18,ORLEANS-TOURS,48.324188673563626,0.7992495952473185
0280957N,Collège Émile Zola,public,hors EP,103.0,88.8,0.0,conforme,86.4,0.0,conforme,28088,CHATEAUDUN,28,EURE-ET-LOIR,18,ORLEANS-TOURS,48.07225810806986,1.3332099899355332
0281038B,Collège Mozart,public,hors EP,112.4,88.8,0.0,conforme,86.4,0.0,conforme,28007,ANET,28,EURE-ET-LOIR,18,ORLEANS-TOURS,48.85523888644485,1.4468494139929
0281043G,Collège Jean Monnet,public,hors EP,114.3,88.8,0.0,conforme,86.4,0.0,conforme,28220,LUISANT,28,EURE-ET-LOIR,18,ORLEANS-TOURS,48.41947190802353,1.47208961817806
0281055V,Collège Soutine,public,hors EP,114.3,88.8,0.0,conforme,86.4,0.0,conforme,28358,SAINT PREST,28,EURE-ET-LOIR,18,ORLEANS-TOURS,48.4782751709382,1.5226306449505538
0281060A,Collège Martial Taugourdeau,public,REP,98.8,88.8,10.0,sur-inclus,86.4,12.399999999999991,sur-inclus,28134,DREUX,28,EURE-ET-LOIR,18,ORLEANS-TOURS,48.74240206211776,1.399099912029675
0281095N,Collège Charles de Gaulle,public,hors EP,117.3,88.8,0.0,conforme,86.4,0.0,conforme,28064,BU,28,EURE-ET-LOIR,18,ORLEANS-TOURS,48.79333144507326,1.4920302410220296
0290019N,Collège Pierre Stéphan,public,hors EP,105.2,88.8,0.0,conforme,88.3,0.0,conforme,29020,BRIEC,29,FINISTERE,14,RENNES,48.09911882085704,-3.996139653175861
0290021R,Collège des Deux Baies,public,hors EP,113.3,88.8,0.0,conforme,88.3,0.0,conforme,29023,CARANTEC,29,FINISTERE,14,RENNES,48.662464309229776,-3.914229637069742
0290031B,Collège du Porzou,public,hors EP,112.4,88.8,0.0,conforme,88.3,0.0,conforme,29039,CONCARNEAU,29,FINISTERE,14,RENNES,47.86433908272697,-3.902010057730622
0290032C,Collège Alain,public,hors EP,103.8,88.8,0.0,conforme,88.3,0.0,conforme,29042,CROZON,29,FINISTERE,14,RENNES,48.25153491510787,-4.491069439802843
0290033D,Collège Coat Mez,public,hors EP,120.9,88.8,0.0,conforme,88.3,0.0,conforme,29043,DAOULAS,29,FINISTERE,14,RENNES,48.36920199773037,-4.278089547391721
0290039K,Collège Roz Avel,public,hors EP,105.4,88.8,0.0,conforme,88.3,0.0,conforme,29067,GUERLESQUIN,29,FINISTERE,14,RENNES,48.51690715786518,-3.5910531759025828
0290045S,Collège Mescoat,public,hors EP,112.0,88.8,0.0,conforme,88.3,0.0,conforme,29103,LANDERNEAU,29,FINISTERE,14,RENNES,48.45724985449473,-4.267319689484298
0290047U,Collège Aux Quatre Vents,public,hors EP,108.7,88.8,0.0,conforme,88.3,0.0,conforme,29113,LANMEUR,29,FINISTERE,14,RENNES,48.64241011563726,-3.717649570044504
0290048V,Collège Pays des Abers,public,hors EP,109.6,88.8,0.0,conforme,88.3,0.0,conforme,29117,LANNILIS,29,FINISTERE,14,RENNES,48.57358176094791,-4.513889724694035
0290049W,Collège Antoine de Saint-Exupéry,public,hors EP,100.0,88.8,0.0,conforme,88.3,0.0,conforme,29124,LESNEVEN,29,FINISTERE,14,RENNES,48.57313216694256,-4.330189763393161
0290053A,Collège Louis Hémon,public,hors EP,98.8,88.8,0.0,conforme,88.3,0.0,conforme,29162,PLEYBEN,29,FINISTERE,14,RENNES,48.22952261577184,-3.968680599394304
0290056D,Collège de la Baie du Kernic - Louis et Marie Fichez,public,hors EP,95.5,88.8,0.0,conforme,88.3,0.0,conforme,29185,PLOUESCAT,29,FINISTERE,14,RENNES,48.65396699418942,-4.175389649543345
0290057E,Collège François Charles,public,hors EP,117.2,88.8,0.0,conforme,88.3,0.0,conforme,29188,PLOUGASNOU,29,FINISTERE,14,RENNES,48.69434883561973,-3.7941098082658793
0290058F,Collège des Monts d'Arrée,public,hors EP,100.5,88.8,0.0,conforme,88.3,0.0,conforme,29202,PLOUNEOUR MENEZ,29,FINISTERE,14,RENNES,48.4399500753993,-3.889289931729997
0290060H,Collège Penanroz,public,hors EP,110.9,88.8,0.0,conforme,88.3,0.0,conforme,29217,PONT AVEN,29,FINISTERE,14,RENNES,47.86155432501175,-3.758688540395257
0290064M,Collège Laënnec,public,hors EP,111.4,88.8,0.0,conforme,88.3,0.0,conforme,29220,PONT L ABBE,29,FINISTERE,14,RENNES,47.85830228180536,-4.235459453684794
0290065N,Collège Édouard Quéau,public,hors EP,108.4,88.8,0.0,conforme,88.3,0.0,conforme,29178,PLOUDALMEZEAU,29,FINISTERE,14,RENNES,48.553860380894015,-4.693780000597736
0290068S,Collège La Tour D'Auvergne,public,hors EP,108.1,88.8,0.0,conforme,88.3,0.0,conforme,29232,QUIMPER,29,FINISTERE,14,RENNES,47.99811086382233,-4.103769393542976
0290083H,Collège Tanguy Prigent,public,hors EP,103.7,88.8,0.0,conforme,88.3,0.0,conforme,29254,SAINT MARTIN DES CHAMPS,29,FINISTERE,14,RENNES,48.57636892463511,-3.8464293759594455
0290086L,Collège Simone Veil,public,hors EP,112.8,88.8,0.0,conforme,88.3,0.0,conforme,29260,SAINT RENAN,29,FINISTERE,14,RENNES,48.423783157290295,-4.62753666617135
0290088N,Collège Léo Ferré,public,hors EP,92.1,88.8,0.0,conforme,88.3,0.0,conforme,29274,SCAER,29,FINISTERE,14,RENNES,48.02307932254408,-3.704010224247659
0290089P,Collège du Val d'Élorn,public,hors EP,102.6,88.8,0.0,conforme,88.3,0.0,conforme,29277,SIZUN,29,FINISTERE,14,RENNES,48.40443808342389,-4.080700113235367
0290093U,Collège François Collobert,public,hors EP,108.3,88.8,0.0,conforme,88.3,0.0,conforme,29302,PONT DE BUIS LES QUIMERCH,29,FINISTERE,14,RENNES,48.255101826443045,-4.093960010950936
0290100B,Collège Penn Ar C'hleuz,public,REP,91.3,88.8,2.5,sur-inclus,88.3,3.0,sur-inclus,29019,BREST,29,FINISTERE,14,RENNES,48.41684102627424,-4.482439921418086
0290107J,Collège Jules Ferry,public,hors EP,100.7,88.8,0.0,conforme,88.3,0.0,conforme,29233,QUIMPERLE,29,FINISTERE,14,RENNES,47.86933830022559,-3.547149817121224
0290131K,Collège Saint-Pol Roux,public,hors EP,101.6,88.8,0.0,conforme,88.3,0.0,conforme,29019,BREST,29,FINISTERE,14,RENNES,48.37654048511871,-4.528969699852913
0290132L,Collège les Sables Blancs,public,hors EP,102.8,88.8,0.0,conforme,88.3,0.0,conforme,29039,CONCARNEAU,29,FINISTERE,14,RENNES,47.87800809012644,-3.926010473619754
0290148D,Collège Jean Jaurès,public,hors EP,91.9,88.8,0.0,conforme,88.3,0.0,conforme,29081,HUELGOAT,29,FINISTERE,14,RENNES,48.36072562467238,-3.7432302344053454
0290149E,Collège Joséphine Baker,public,REP,74.6,88.8,0.0,conforme,88.3,0.0,conforme,29019,BREST,29,FINISTERE,14,RENNES,48.40363080610729,-4.510359525683293
0290151G,Collège Camille Vallaux,public,hors EP,123.1,88.8,0.0,conforme,88.3,0.0,conforme,29235,LE RELECQ KERHUON,29,FINISTERE,14,RENNES,48.40189819303028,-4.397250253875219
0290153J,Collège Kerzourat,public,hors EP,94.9,88.8,0.0,conforme,88.3,0.0,conforme,29105,LANDIVISIAU,29,FINISTERE,14,RENNES,48.51478431884642,-4.06495938143426
0290320R,Collège La Tourelle,public,hors EP,109.3,88.8,0.0,conforme,88.3,0.0,conforme,29232,QUIMPER,29,FINISTERE,14,RENNES,47.98980480197182,-4.095670026051578
0290330B,Collège Bois de Locqueran,public,hors EP,107.7,88.8,0.0,conforme,88.3,0.0,conforme,29197,PLOUHINEC,29,FINISTERE,14,RENNES,48.02612169652553,-4.529609989425523
0290331C,Collège Henri Le Moal,public,hors EP,108.8,88.8,0.0,conforme,88.3,0.0,conforme,29215,PLOZEVET,29,FINISTERE,14,RENNES,47.98621174763459,-4.417089379896318
0290333E,Collège Jacques Prévert,public,hors EP,99.2,88.8,0.0,conforme,88.3,0.0,conforme,29259,SAINT POL DE LEON,29,FINISTERE,14,RENNES,48.68342623289798,-3.992990341256208
0291085X,Collège du Château,public,hors EP,105.3,88.8,0.0,conforme,88.3,0.0,conforme,29151,MORLAIX,29,FINISTERE,14,RENNES,48.57399935956568,-3.826070112408788
0291086Y,Collège Jean Jaurès,public,hors EP,100.7,88.8,0.0,conforme,88.3,0.0,conforme,29004,BANNALEC,29,FINISTERE,14,RENNES,47.93236151628057,-3.694529441013548
0291087Z,Collège Max Jacob,public,REP,88.3,88.8,0.0,conforme,88.3,0.0,au seuil,29232,QUIMPER,29,FINISTERE,14,RENNES,47.98751825049506,-4.131380514595773
0291089B,Collège La Fontaine Margot,public,REP,85.3,88.8,0.0,conforme,88.3,0.0,conforme,29019,BREST,29,FINISTERE,14,RENNES,48.3837528328042,-4.540690061781384
0291101P,Collège Kervihan,public,hors EP,119.0,88.8,0.0,conforme,88.3,0.0,conforme,29058,FOUESNANT,29,FINISTERE,14,RENNES,47.89772444098103,-4.021740622535831
0291102R,Collège Beg Avel,public,hors EP,94.0,88.8,0.0,conforme,88.3,0.0,conforme,29024,CARHAIX PLOUGUER,29,FINISTERE,14,RENNES,48.28088132453598,-3.5506594570516707
0291103S,Collège des Iles du Ponant,public,hors EP,100.7,88.8,0.0,conforme,88.3,0.0,conforme,29019,BREST,29,FINISTERE,14,RENNES,48.38410067081266,-4.539870359499771
0291104T,Collège Mendès France,public,hors EP,96.9,88.8,0.0,conforme,88.3,0.0,conforme,29151,MORLAIX,29,FINISTERE,14,RENNES,48.58376516455724,-3.81951938226754
0291590W,Collège Jean Moulin,public,hors EP,103.0,88.8,0.0,conforme,88.3,0.0,conforme,29026,CHATEAULIN,29,FINISTERE,14,RENNES,48.1940263694308,-4.0886294654775694
0291591X,Collège Jean Marie Le Bris,public,hors EP,110.7,88.8,0.0,conforme,88.3,0.0,conforme,29046,DOUARNENEZ,29,FINISTERE,14,RENNES,48.08428736706104,-4.323969962146308
0291592Y,Collège Brizeux,public,hors EP,114.1,88.8,0.0,conforme,88.3,0.0,conforme,29232,QUIMPER,29,FINISTERE,14,RENNES,47.99245779014742,-4.113170120695437
0291594A,Collège de l'Harteloire,public,hors EP,118.4,88.8,0.0,conforme,88.3,0.0,conforme,29019,BREST,29,FINISTERE,14,RENNES,48.393573463452206,-4.489969694885716
0291595B,Collège de l'Iroise,public,hors EP,102.4,88.8,0.0,conforme,88.3,0.0,conforme,29019,BREST,29,FINISTERE,14,RENNES,48.40117266212533,-4.46395163144352
0291631R,Collège Paul Langevin,public,hors EP,101.8,88.8,0.0,conforme,88.3,0.0,conforme,29072,GUILVINEC,29,FINISTERE,14,RENNES,47.80149422152053,-4.283520868179147
0291634U,Collège Germain Pensivy,public,hors EP,102.3,88.8,0.0,conforme,88.3,0.0,conforme,29241,ROSPORDEN,29,FINISTERE,14,RENNES,47.96530270947749,-3.827629548801312
0291635V,Collège la Villemarqué,public,hors EP,104.0,88.8,0.0,conforme,88.3,0.0,conforme,29233,QUIMPERLE,29,FINISTERE,14,RENNES,47.86757094733938,-3.55900933224691
0291661Y,Collège Anna Marly,public,hors EP,101.1,88.8,0.0,conforme,88.3,0.0,conforme,29019,BREST,29,FINISTERE,14,RENNES,48.40264289752473,-4.4737521805076135
0291716H,Collège Croas ar Pennoc,public,hors EP,111.9,88.8,0.0,conforme,88.3,0.0,conforme,29069,GUILERS,29,FINISTERE,14,RENNES,48.42527630626017,-4.550020073205706
0291717J,Collège Parc Ar C'Hoat - Yves Cotty,public,hors EP,112.1,88.8,0.0,conforme,88.3,0.0,conforme,29150,MOELAN SUR MER,29,FINISTERE,14,RENNES,47.817324315321166,-3.627810152160303
0291753Y,Collège Victoire Daubié,public,hors EP,125.6,88.8,0.0,conforme,88.3,0.0,conforme,29212,PLOUZANE,29,FINISTERE,14,RENNES,48.38178562062985,-4.599450152148801
0291824A,Collège les Quatre Moulins,public,hors EP,101.2,88.8,0.0,conforme,88.3,0.0,conforme,29019,BREST,29,FINISTERE,14,RENNES,48.38578890118502,-4.515550158798802
0291928N,Collège la Fontaine Blanche,public,hors EP,125.2,88.8,0.0,conforme,88.3,0.0,conforme,29189,PLOUGASTEL DAOULAS,29,FINISTERE,14,RENNES,48.37209708597197,-4.3624697680919455
0291929P,Collège Kerallan,public,hors EP,119.9,88.8,0.0,conforme,88.3,0.0,conforme,29212,PLOUZANE,29,FINISTERE,14,RENNES,48.37396459987361,-4.589760486392371
0291968G,Collège du Vizac,public,hors EP,108.5,88.8,0.0,conforme,88.3,0.0,conforme,29075,GUIPAVAS,29,FINISTERE,14,RENNES,48.43568136547724,-4.406380558615464
0292006Y,Collège de l'Aulne,public,hors EP,94.7,88.8,0.0,conforme,88.3,0.0,conforme,29027,CHATEAUNEUF DU FAOU,29,FINISTERE,14,RENNES,48.19083338315953,-3.818009529056024
0292290G,Collège Nelson Mandela,public,hors EP,104.0,88.8,0.0,conforme,88.3,0.0,conforme,29160,PLABENNEC,29,FINISTERE,14,RENNES,48.49695893035886,-4.433660582145001
0292452H,Collège Charles-de-Gaulle,public,hors EP,112.3,88.8,0.0,conforme,88.3,0.0,conforme,29103,LANDERNEAU,29,FINISTERE,14,RENNES,48.45069225532725,-4.244600444654627
0300001N,Collège Irène Joliot-Curie,public,hors EP,101.5,88.8,0.0,conforme,84.7,0.0,conforme,30003,AIGUES MORTES,30,GARD,11,MONTPELLIER,43.567650065372746,4.20215017097524
0300006U,Collège Florian,public,hors EP,99.4,88.8,0.0,conforme,84.7,0.0,conforme,30010,ANDUZE,30,GARD,11,MONTPELLIER,44.05327546497126,3.9838104563348335
0300013B,Collège le Castellas,public,hors EP,91.2,88.8,0.0,conforme,84.7,0.0,conforme,30037,BESSEGES,30,GARD,11,MONTPELLIER,44.29345114039812,4.095400343819204
0300016E,Collège de la Regordane,public,hors EP,104.6,88.8,0.0,conforme,84.7,0.0,conforme,30130,GENOLHAC,30,GARD,11,MONTPELLIER,44.349591915242776,3.948580228872949
0300020J,Collège Antoine Deparcieux,public,hors EP,89.8,88.8,0.0,conforme,84.7,0.0,conforme,30159,LE MARTINET,30,GARD,11,MONTPELLIER,44.25283067599635,4.084640442265174
0300025P,Collège Romain Rolland,public,REP+,62.1,88.8,0.0,conforme,84.7,0.0,conforme,30189,NIMES,30,GARD,11,MONTPELLIER,43.84465294317107,4.390210182026013
0300031W,Collège Georges Ville,public,hors EP,100.9,88.8,0.0,conforme,84.7,0.0,conforme,30202,PONT SAINT ESPRIT,30,GARD,11,MONTPELLIER,44.25627691963847,4.64588054317843
0300032X,Collège de Coutach,public,hors EP,110.7,88.8,0.0,conforme,84.7,0.0,conforme,30210,QUISSAC,30,GARD,11,MONTPELLIER,43.91345260842568,3.994619945866902
0300033Y,Collège Voltaire,public,hors EP,106.4,88.8,0.0,conforme,84.7,0.0,conforme,30212,REMOULINS,30,GARD,11,MONTPELLIER,43.93914774319707,4.570850109290653
0300036B,Collège Armand Coussens,public,hors EP,96.9,88.8,0.0,conforme,84.7,0.0,conforme,30227,SAINT AMBROIX,30,GARD,11,MONTPELLIER,44.259105416907765,4.197789695878007
0300037C,Collège Jean Vilar,public,REP,85.0,88.8,0.0,conforme,84.7,0.29999999999999716,sur-inclus,30258,SAINT GILLES,30,GARD,11,MONTPELLIER,43.685516150351695,4.434667601331774
0300039E,Collège de la Galaberte,public,hors EP,103.1,88.8,0.0,conforme,84.7,0.0,conforme,30263,SAINT HIPPOLYTE DU FORT,30,GARD,11,MONTPELLIER,43.963139683575946,3.858599825941153
0300042H,Collège Marceau Lapierre,public,hors EP,103.7,88.8,0.0,conforme,84.7,0.0,conforme,30269,SAINT JEAN DU GARD,30,GARD,11,MONTPELLIER,44.10897103822605,3.889339944610528
0300043J,Collège Jean Baptiste Dumas,public,hors EP,102.7,88.8,0.0,conforme,84.7,0.0,conforme,30305,SALINDRES,30,GARD,11,MONTPELLIER,44.166412831772895,4.160619973736263
0300050S,Collège La Garriguette,public,hors EP,107.1,88.8,0.0,conforme,84.7,0.0,conforme,30344,VERGEZE,30,GARD,11,MONTPELLIER,43.74855209636513,4.225019900748122
0300055X,Collège Bernard de Ventadour,public,hors EP,105.1,88.8,0.0,conforme,84.7,0.0,conforme,30028,BAGNOLS SUR CEZE,30,GARD,11,MONTPELLIER,44.16255645283105,4.613679404873639
0300059B,Collège Jules Verne,public,REP+,71.6,88.8,0.0,conforme,84.7,0.0,conforme,30189,NIMES,30,GARD,11,MONTPELLIER,43.829639151131474,4.342960542049971
0300062E,Collège Capouchiné,public,REP,77.5,88.8,0.0,conforme,84.7,0.0,conforme,30189,NIMES,30,GARD,11,MONTPELLIER,43.8224816363969,4.356959969147527
0300141R,Collège Condorcet,public,REP+,69.2,88.8,0.0,conforme,84.7,0.0,conforme,30189,NIMES,30,GARD,11,MONTPELLIER,43.827660839768605,4.33614977356607
0300929X,Collège Mont Duplan,public,hors EP,96.2,88.8,0.0,conforme,84.7,0.0,conforme,30189,NIMES,30,GARD,11,MONTPELLIER,43.843305820120975,4.36424053264871
0300945P,Collège Feuchères,public,hors EP,93.5,88.8,0.0,conforme,84.7,0.0,conforme,30189,NIMES,30,GARD,11,MONTPELLIER,43.83466472852849,4.364369979173233
0300946R,Collège Révolution,public,hors EP,120.8,88.8,0.0,conforme,84.7,0.0,conforme,30189,NIMES,30,GARD,11,MONTPELLIER,43.84112772205835,4.355359648642355
0300947S,Collège Alphonse Daudet,public,hors EP,76.3,88.8,12.5,oublie,84.7,8.400000000000006,oublie,30007,ALES,30,GARD,11,MONTPELLIER,44.13529242355033,4.085849458058714
0300949U,Collège Jean Racine,public,hors EP,107.4,88.8,0.0,conforme,84.7,0.0,conforme,30007,ALES,30,GARD,11,MONTPELLIER,44.13052234372364,4.093569422444962
0301010K,Collège Ada Lovelace,public,REP+,82.5,88.8,0.0,conforme,84.7,0.0,conforme,30189,NIMES,30,GARD,11,MONTPELLIER,43.85884609257492,4.391109100659875
0301012M,Collège Léo Larguier,public,REP,81.3,88.8,0.0,conforme,84.7,0.0,conforme,30132,LA GRAND COMBE,30,GARD,11,MONTPELLIER,44.210139155813,4.0303605122898185
0301013N,Collège Jean Moulin,public,REP+,74.1,88.8,0.0,conforme,84.7,0.0,conforme,30007,ALES,30,GARD,11,MONTPELLIER,44.13184496996523,4.077629973174368
0301014P,Collège Denis Diderot,public,REP,87.4,88.8,0.0,conforme,84.7,2.700000000000003,sur-inclus,30007,ALES,30,GARD,11,MONTPELLIER,44.13280629809629,4.078730529941349
0301096D,Collège la Vallée Verte,public,hors EP,98.2,88.8,0.0,conforme,84.7,0.0,conforme,30341,VAUVERT,30,GARD,11,MONTPELLIER,43.68765548125616,4.272702438595529
0301098F,Collège les Oliviers,public,REP,79.2,88.8,0.0,conforme,84.7,0.0,conforme,30189,NIMES,30,GARD,11,MONTPELLIER,43.8339248310519,4.384729621593309
0301208A,Collège Eugène Vigne,public,REP+,83.0,88.8,0.0,conforme,84.7,0.0,conforme,30032,BEAUCAIRE,30,GARD,11,MONTPELLIER,43.81046622018786,4.637780315203951
0301209B,Collège les Fontaines,public,hors EP,109.5,88.8,0.0,conforme,84.7,0.0,conforme,30047,BOUILLARGUES,30,GARD,11,MONTPELLIER,43.80033406232775,4.4345497693547
0301211D,Collège Le Bosquet,public,hors EP,93.2,88.8,0.0,conforme,84.7,0.0,conforme,30028,BAGNOLS SUR CEZE,30,GARD,11,MONTPELLIER,44.15571224620921,4.620730287877942
0301213F,Collège Paul Valéry,public,hors EP,107.7,88.8,0.0,conforme,84.7,0.0,conforme,30221,ROQUEMAURE,30,GARD,11,MONTPELLIER,44.04803982415313,4.780330539805698
0301214G,Collège du Mourion,public,hors EP,124.3,88.8,0.0,conforme,84.7,0.0,conforme,30351,VILLENEUVE LES AVIGNON,30,GARD,11,MONTPELLIER,43.9762220761956,4.783560425143887
0301232B,Collège Gaston Doumergue,public,hors EP,111.4,88.8,0.0,conforme,84.7,0.0,conforme,30321,SOMMIERES,30,GARD,11,MONTPELLIER,43.78473744157178,4.083250391083366
0301245R,Collège Lou Castellas,public,hors EP,107.5,88.8,0.0,conforme,84.7,0.0,conforme,30156,MARGUERITTES,30,GARD,11,MONTPELLIER,43.86438802931515,4.44129998287784
0301246S,Collège la Gardonnenque,public,hors EP,103.5,88.8,0.0,conforme,84.7,0.0,conforme,30053,BRIGNON,30,GARD,11,MONTPELLIER,43.974322734025385,4.212959961573869
0301282F,Collège Elsa Triolet,public,REP,86.5,88.8,0.0,conforme,84.7,1.7999999999999972,sur-inclus,30032,BEAUCAIRE,30,GARD,11,MONTPELLIER,43.8104670615702,4.622010183247755
0301283G,Collège Lou Redounet,public,hors EP,108.4,88.8,0.0,conforme,84.7,0.0,conforme,30334,UZES,30,GARD,11,MONTPELLIER,44.00891132145895,4.41480236211176
0301284H,Collège Jean Rostand,public,hors EP,99.7,88.8,0.0,conforme,84.7,0.0,conforme,30189,NIMES,30,GARD,11,MONTPELLIER,43.84533493820564,4.343610475297787
0301325C,Collège Henri Pitot,public,hors EP,102.4,88.8,0.0,conforme,84.7,0.0,conforme,30012,ARAMON,30,GARD,11,MONTPELLIER,43.88822105971178,4.679470101812487
0301326D,Collège André Chamson,public,hors EP,103.4,88.8,0.0,conforme,84.7,0.0,conforme,30350,LE VIGAN,30,GARD,11,MONTPELLIER,43.98987059800149,3.600659390659651
0301327E,Collège Gérard Philipe,public,hors EP,99.9,88.8,0.0,conforme,84.7,0.0,conforme,30028,BAGNOLS SUR CEZE,30,GARD,11,MONTPELLIER,44.16182839770934,4.616229962459126
0301656M,Collège Claudie Haignere,public,hors EP,116.7,88.8,0.0,conforme,84.7,0.0,conforme,30217,ROCHEFORT DU GARD,30,GARD,11,MONTPELLIER,43.97382506959128,4.677720001003069
0301670C,Collège Frédéric Desmons,public,hors EP,103.5,88.8,0.0,conforme,84.7,0.0,conforme,30255,SAINT GENIES DE MALGOIRES,30,GARD,11,MONTPELLIER,43.944615694855216,4.221769676628156
0301671D,Collège Le Vignet,public,hors EP,117.3,88.8,0.0,conforme,84.7,0.0,conforme,30062,CALVISSON,30,GARD,11,MONTPELLIER,43.783164889414216,4.201259835785967
0301721H,Collège Jean-Louis Trintignant,public,hors EP,109.1,88.8,0.0,conforme,84.7,0.0,conforme,30334,UZES,30,GARD,11,MONTPELLIER,44.02773038850504,4.414961597594372
0301723K,Collège Théodore Monod,public,hors EP,115.8,88.8,0.0,conforme,84.7,0.0,conforme,30082,CLARENSAC,30,GARD,11,MONTPELLIER,43.82602883202418,4.230469408609545
0301746K,Collège Via Domitia,public,hors EP,102.0,88.8,0.0,conforme,84.7,0.0,conforme,30155,MANDUEL,30,GARD,11,MONTPELLIER,43.81802640109556,4.488250173389238
0301747L,Collège Ledignan,public,hors EP,103.8,88.8,0.0,conforme,84.7,0.0,conforme,30146,LEDIGNAN,30,GARD,11,MONTPELLIER,43.98400865216967,4.107060374119492
0301816L,Collège Claude Chappe,public,hors EP,108.0,88.8,0.0,conforme,84.7,0.0,conforme,30123,GALLARGUES LE MONTUEUX,30,GARD,11,MONTPELLIER,43.7180458028792,4.176280423133239
0301827Y,Collège Fédérico Garcia Lorca,public,hors EP,100.2,88.8,0.0,conforme,84.7,0.0,conforme,30034,BELLEGARDE,30,GARD,11,MONTPELLIER,43.75073188490058,4.497109612671308
0310001H,Collège Armand Latour,public,hors EP,105.6,88.8,0.0,conforme,89.9,0.0,conforme,31020,ASPET,31,HAUTE-GARONNE,16,TOULOUSE,43.02219323133117,0.7952204558184456
0310003K,Collège Émile-Paul Vayssie,public,hors EP,101.8,88.8,0.0,conforme,89.9,0.0,conforme,31028,AURIGNAC,31,HAUTE-GARONNE,16,TOULOUSE,43.21584903665288,0.880629506844815
0310005M,Collège Jean Monnet,public,hors EP,111.7,88.8,0.0,conforme,89.9,0.0,conforme,31042,BAGNERES DE LUCHON,31,HAUTE-GARONNE,16,TOULOUSE,42.79172587530789,0.5991295986586027
0310007P,Collège Charles Suran,public,hors EP,97.6,88.8,0.0,conforme,89.9,0.0,conforme,31080,BOULOGNE SUR GESSE,31,HAUTE-GARONNE,16,TOULOUSE,43.29121417907846,0.64854051619715
0310008R,Collège Joseph Rey,public,hors EP,119.4,88.8,0.0,conforme,89.9,0.0,conforme,31098,CADOURS,31,HAUTE-GARONNE,16,TOULOUSE,43.72332221127939,1.0464199886592878
0310012V,Collège du Plantaurel,public,hors EP,103.6,88.8,0.0,conforme,89.9,0.0,conforme,31135,CAZERES,31,HAUTE-GARONNE,16,TOULOUSE,43.20708424657201,1.0775202852266144
0310015Y,Collège Pierre et Marie Curie,public,hors EP,108.1,88.8,0.0,conforme,89.9,0.0,conforme,31193,LE FOUSSERET,31,HAUTE-GARONNE,16,TOULOUSE,43.2903283283197,1.065233061522397
0310019C,Collège Léon Cazeneuve,public,hors EP,95.1,88.8,0.0,conforme,89.9,0.0,conforme,31239,L ISLE EN DODON,31,HAUTE-GARONNE,16,TOULOUSE,43.38001291543968,0.8325911625218061
0310021E,Collège Georges Brassens,public,hors EP,129.8,88.8,0.0,conforme,89.9,0.0,conforme,31358,MONTASTRUC LA CONSEILLERE,31,HAUTE-GARONNE,16,TOULOUSE,43.72444946843288,1.5830896200592426
0310022F,Collège Stella Blandy,public,hors EP,110.3,88.8,0.0,conforme,89.9,0.0,conforme,31375,MONTESQUIEU VOLVESTRE,31,HAUTE-GARONNE,16,TOULOUSE,43.21196976039504,1.2294504751526092
0310023G,Collège Bertrand Laralde,public,hors EP,97.1,88.8,0.0,conforme,89.9,0.0,conforme,31390,MONTREJEAU,31,HAUTE-GARONNE,16,TOULOUSE,43.08961919448404,0.5680401353791621
0310025J,Collège Bétance,public,hors EP,107.5,88.8,0.0,conforme,89.9,0.0,conforme,31395,MURET,31,HAUTE-GARONNE,16,TOULOUSE,43.45057375550218,1.3283498852225932
0310029N,Collège Robert Roger,public,hors EP,115.4,88.8,0.0,conforme,89.9,0.0,conforme,31454,RIEUMES,31,HAUTE-GARONNE,16,TOULOUSE,43.41048682221641,1.1149596346243449
0310031R,Collège François Cazes,public,hors EP,99.8,88.8,0.0,conforme,89.9,0.0,conforme,31471,SAINT BEAT LEZ,31,HAUTE-GARONNE,16,TOULOUSE,42.91203663049859,0.6933613199080941
0310035V,Collège des Trois Vallées,public,hors EP,109.7,88.8,0.0,conforme,89.9,0.0,conforme,31523,SALIES DU SALAT,31,HAUTE-GARONNE,16,TOULOUSE,43.10483401591729,0.9560800247163708
0310037X,Collège Clémence Isaure,public,hors EP,93.1,88.8,0.0,conforme,89.9,0.0,conforme,31555,TOULOUSE,31,HAUTE-GARONNE,16,TOULOUSE,43.59415763897002,1.4308194234208624
0310083X,Collège Didier Daurat,public,hors EP,96.9,88.8,0.0,conforme,89.9,0.0,conforme,31483,SAINT GAUDENS,31,HAUTE-GARONNE,16,TOULOUSE,43.1060406287638,0.7199196120294634
0310084Y,Collège Antonin Perbosc,public,hors EP,104.2,88.8,0.0,conforme,89.9,0.0,conforme,31033,AUTERIVE,31,HAUTE-GARONNE,16,TOULOUSE,43.35679536820639,1.4644100486637992
0310085Z,Collège Jean-Pierre Vernant,public,hors EP,112.2,88.8,0.0,conforme,89.9,0.0,conforme,31555,TOULOUSE,31,HAUTE-GARONNE,16,TOULOUSE,43.59317295019101,1.4871404502311958
0310086A,Collège George Sand,public,REP+,71.9,88.8,0.0,conforme,89.9,0.0,conforme,31555,TOULOUSE,31,HAUTE-GARONNE,16,TOULOUSE,43.58810548390916,1.4087302727504742
0310092G,Collège Bellevue,public,hors EP,121.6,88.8,0.0,conforme,89.9,0.0,conforme,31555,TOULOUSE,31,HAUTE-GARONNE,16,TOULOUSE,43.55649269524502,1.457799474357203
0310093H,Collège Marcelin Berthelot,public,hors EP,98.3,88.8,0.0,conforme,89.9,0.0,conforme,31555,TOULOUSE,31,HAUTE-GARONNE,16,TOULOUSE,43.58765098736702,1.443759389999192
0311093V,Collège Montesquieu,public,hors EP,106.2,88.8,0.0,conforme,89.9,0.0,conforme,31157,CUGNAUX,31,HAUTE-GARONNE,16,TOULOUSE,43.53835713358475,1.3504095337910011
0311094W,Collège Georges Chaumeton,public,hors EP,114.0,88.8,0.0,conforme,89.9,0.0,conforme,31561,L UNION,31,HAUTE-GARONNE,16,TOULOUSE,43.65805271958675,1.4869502790146212
0311111P,Collège Hubertine Auclert,public,hors EP,90.4,88.8,0.0,conforme,89.9,0.0,conforme,31555,TOULOUSE,31,HAUTE-GARONNE,16,TOULOUSE,43.63741158490173,1.4698694752369998
0311112R,Collège Toulouse Lautrec,public,REP,86.9,88.8,0.0,conforme,89.9,0.0,conforme,31555,TOULOUSE,31,HAUTE-GARONNE,16,TOULOUSE,43.629648172251805,1.4407104510772466
0311231V,Collège Maurice Becanne,public,REP,95.4,88.8,6.6000000000000085,sur-inclus,89.9,5.5,sur-inclus,31555,TOULOUSE,31,HAUTE-GARONNE,16,TOULOUSE,43.584375771338,1.424570013522518
0311232W,Collège Claude Nougaro,public,REP,102.1,88.8,13.299999999999997,sur-inclus,89.9,12.199999999999989,sur-inclus,31555,TOULOUSE,31,HAUTE-GARONNE,16,TOULOUSE,43.62013833882529,1.433950084603474
0311236A,Collège Pierre de Fermat,public,hors EP,124.9,88.8,0.0,conforme,89.9,0.0,conforme,31555,TOULOUSE,31,HAUTE-GARONNE,16,TOULOUSE,43.60280532848373,1.4403303595250898
0311237B,Collège Henri Guillaumet,public,hors EP,118.0,88.8,0.0,conforme,89.9,0.0,conforme,31069,BLAGNAC,31,HAUTE-GARONNE,16,TOULOUSE,43.63567736383504,1.3875593786393554
0311238C,Collège Jean Jaurès,public,hors EP,100.6,88.8,0.0,conforme,89.9,0.0,conforme,31149,COLOMIERS,31,HAUTE-GARONNE,16,TOULOUSE,43.60687086646029,1.3400794663519615
0311263E,Collège du Bois de la Barthe,public,hors EP,132.7,88.8,0.0,conforme,89.9,0.0,conforme,31417,PIBRAC,31,HAUTE-GARONNE,16,TOULOUSE,43.61783162396633,1.275750263559602
0311264F,Collège Jolimont,public,hors EP,94.7,88.8,0.0,conforme,89.9,0.0,conforme,31555,TOULOUSE,31,HAUTE-GARONNE,16,TOULOUSE,43.61682729385764,1.474239929505899
0311265G,Collège Rosa PARKS,public,REP+,76.3,88.8,0.0,conforme,89.9,0.0,conforme,31555,TOULOUSE,31,HAUTE-GARONNE,16,TOULOUSE,43.64054087691382,1.4366705597466425
0311266H,Collège Jean Jaurès,public,hors EP,132.4,88.8,0.0,conforme,89.9,0.0,conforme,31113,CASTANET TOLOSAN,31,HAUTE-GARONNE,16,TOULOUSE,43.51692806157243,1.5069601651014906
0311319R,Collège Louisa Paulin,public,hors EP,91.3,88.8,0.0,conforme,89.9,0.0,conforme,31395,MURET,31,HAUTE-GARONNE,16,TOULOUSE,43.470537081314674,1.334460201776182
0311325X,Collège Voltaire,public,hors EP,89.5,88.8,0.0,conforme,89.9,0.4000000000000057,oublie,31149,COLOMIERS,31,HAUTE-GARONNE,16,TOULOUSE,43.60806506153154,1.328686203353599
0311327Z,Collège Alphonse de Lamartine,public,hors EP,100.4,88.8,0.0,conforme,89.9,0.0,conforme,31555,TOULOUSE,31,HAUTE-GARONNE,16,TOULOUSE,43.59496720754326,1.4335994045576212
0311328A,Collège Les Chalets,public,hors EP,110.7,88.8,0.0,conforme,89.9,0.0,conforme,31555,TOULOUSE,31,HAUTE-GARONNE,16,TOULOUSE,43.61523934074782,1.4387895339952173
0311330C,Collège Jean Rostand,public,hors EP,116.9,88.8,0.0,conforme,89.9,0.0,conforme,31044,BALMA,31,HAUTE-GARONNE,16,TOULOUSE,43.60364586060096,1.506360426741032
0311332E,Collège Anatole France,public,hors EP,106.0,88.8,0.0,conforme,89.9,0.0,conforme,31555,TOULOUSE,31,HAUTE-GARONNE,16,TOULOUSE,43.58604418851777,1.4623697483346585
0311333F,Collège Jean Moulin,public,hors EP,106.9,88.8,0.0,conforme,89.9,0.0,conforme,31555,TOULOUSE,31,HAUTE-GARONNE,16,TOULOUSE,43.573788312771015,1.455089487439257
0311335H,Collège Jean Gay,public,hors EP,126.4,88.8,0.0,conforme,89.9,0.0,conforme,31573,VERFEIL,31,HAUTE-GARONNE,16,TOULOUSE,43.65970043542796,1.6653095391992585
0311338L,Collège Émile Zola,public,hors EP,113.2,88.8,0.0,conforme,89.9,0.0,conforme,31555,TOULOUSE,31,HAUTE-GARONNE,16,TOULOUSE,43.5884511989143,1.449119655906303
0311573S,Collège Jean Paul Laurens,public,hors EP,132.1,88.8,0.0,conforme,89.9,0.0,conforme,31004,AYGUESVIVES,31,HAUTE-GARONNE,16,TOULOUSE,43.436105468788746,1.6021794295102991
0311580Z,Collège André Abbal,public,hors EP,107.4,88.8,0.0,conforme,89.9,0.0,conforme,31107,CARBONNE,31,HAUTE-GARONNE,16,TOULOUSE,43.306165430887496,1.229580081245549
0311581A,Collège Jean Mermoz,public,hors EP,100.6,88.8,0.0,conforme,89.9,0.0,conforme,31069,BLAGNAC,31,HAUTE-GARONNE,16,TOULOUSE,43.64496089107707,1.3800705312935582
0311582B,Collège des Ponts-Jumeaux,public,hors EP,124.7,88.8,0.0,conforme,89.9,0.0,conforme,31555,TOULOUSE,31,HAUTE-GARONNE,16,TOULOUSE,43.61240704760341,1.4149701048570695
0311584D,Collège Marengo,public,hors EP,119.8,88.8,0.0,conforme,89.9,0.0,conforme,31555,TOULOUSE,31,HAUTE-GARONNE,16,TOULOUSE,43.617168971112434,1.4596736284057998
0311630D,Collège Stendhal,public,REP+,62.6,88.8,0.0,conforme,89.9,0.0,conforme,31555,TOULOUSE,31,HAUTE-GARONNE,16,TOULOUSE,43.578453422181546,1.4110490351957552
0311631E,Collège Michelet - annexe,public,hors EP,128.9,88.8,0.0,conforme,89.9,0.0,conforme,31555,TOULOUSE,31,HAUTE-GARONNE,16,TOULOUSE,43.604396096847545,1.4556795731069383
0311632F,Collège Les Violettes de Aucamville,public,hors EP,104.5,88.8,0.0,conforme,89.9,0.0,conforme,31022,AUCAMVILLE,31,HAUTE-GARONNE,16,TOULOUSE,43.67500395133333,1.423410098610384
0311633G,Collège André Malraux,public,hors EP,113.0,88.8,0.0,conforme,89.9,0.0,conforme,31446,RAMONVILLE SAINT AGNE,31,HAUTE-GARONNE,16,TOULOUSE,43.55015495500798,1.4811805788679022
0311634H,Collège Jules Ferry,public,hors EP,122.4,88.8,0.0,conforme,89.9,0.0,conforme,31582,VILLEFRANCHE DE LAURAGAIS,31,HAUTE-GARONNE,16,TOULOUSE,43.40082085755816,1.7204195822874064
0311686P,Collège Jules Vallès,public,hors EP,108.1,88.8,0.0,conforme,89.9,0.0,conforme,31433,PORTET SUR GARONNE,31,HAUTE-GARONNE,16,TOULOUSE,43.53089237191765,1.4100999270383103
0311687R,Collège Léon Blum,public,hors EP,110.6,88.8,0.0,conforme,89.9,0.0,conforme,31149,COLOMIERS,31,HAUTE-GARONNE,16,TOULOUSE,43.6171357742803,1.326339574596636
0311688S,Collège Pierre Labitrie,public,hors EP,119.7,88.8,0.0,conforme,89.9,0.0,conforme,31557,TOURNEFEUILLE,31,HAUTE-GARONNE,16,TOULOUSE,43.57886862036976,1.325830033678396
0311689T,Collège Albert Camus,public,hors EP,104.2,88.8,0.0,conforme,89.9,0.0,conforme,31584,VILLEMUR SUR TARN,31,HAUTE-GARONNE,16,TOULOUSE,43.85875235880674,1.5046297005696212
0311690U,Collège François Mitterrand,public,hors EP,116.9,88.8,0.0,conforme,89.9,0.0,conforme,31106,CARAMAN,31,HAUTE-GARONNE,16,TOULOUSE,43.52848960441978,1.761240442523356
0311718Z,Collège Nicolas-Louis Vauquelin,public,REP,85.2,88.8,0.0,conforme,89.9,0.0,conforme,31555,TOULOUSE,31,HAUTE-GARONNE,16,TOULOUSE,43.58260081396834,1.401209929218137
0311720B,Collège Jacques Maure,public,hors EP,113.4,88.8,0.0,conforme,89.9,0.0,conforme,31116,CASTELGINEST,31,HAUTE-GARONNE,16,TOULOUSE,43.6947156246388,1.4237197496080525
0311721C,Collège Alain Savary,public,hors EP,119.2,88.8,0.0,conforme,89.9,0.0,conforme,31202,FRONTON,31,HAUTE-GARONNE,16,TOULOUSE,43.834855180977634,1.3837100925265673
0311722D,Collège Romain Rolland,public,hors EP,126.6,88.8,0.0,conforme,89.9,0.0,conforme,31488,SAINT JEAN,31,HAUTE-GARONNE,16,TOULOUSE,43.66252574977303,1.5034202584098006
0311769E,Collège Grand Selve,public,hors EP,110.1,88.8,0.0,conforme,89.9,0.0,conforme,31232,GRENADE,31,HAUTE-GARONNE,16,TOULOUSE,43.77619735631714,1.2847999547087532
0311772H,Collège Léo Ferré,public,hors EP,112.1,88.8,0.0,conforme,89.9,0.0,conforme,31499,SAINT LYS,31,HAUTE-GARONNE,16,TOULOUSE,43.51336840342611,1.1848497397132158
0311846N,Collège Vincent Auriol,public,hors EP,106.3,88.8,0.0,conforme,89.9,0.0,conforme,31451,REVEL,31,HAUTE-GARONNE,16,TOULOUSE,43.45632273091601,2.011653138718951
0311850T,Collège Jacques Prévert,public,hors EP,128.2,88.8,0.0,conforme,89.9,0.0,conforme,31506,SAINT ORENS DE GAMEVILLE,31,HAUTE-GARONNE,16,TOULOUSE,43.53399861482311,1.5531904563418928
0311851U,Collège Leclerc,public,hors EP,97.9,88.8,0.0,conforme,89.9,0.0,conforme,31483,SAINT GAUDENS,31,HAUTE-GARONNE,16,TOULOUSE,43.1087587242333,0.7273627972779144
0311915N,Collège Pablo Picasso,public,hors EP,115.0,88.8,0.0,conforme,89.9,0.0,conforme,31203,FROUZINS,31,HAUTE-GARONNE,16,TOULOUSE,43.51985343186343,1.3189500387374418
0312071H,Collège Jules Verne,public,hors EP,121.1,88.8,0.0,conforme,89.9,0.0,conforme,31424,PLAISANCE DU TOUCH,31,HAUTE-GARONNE,16,TOULOUSE,43.56375412892599,1.3042093844839455
0312092F,Collège Victor Hugo,public,hors EP,131.0,88.8,0.0,conforme,89.9,0.0,conforme,31149,COLOMIERS,31,HAUTE-GARONNE,16,TOULOUSE,43.61616138386665,1.308629436602366
0312139G,Collège Camille Claudel,public,hors EP,110.0,88.8,0.0,conforme,89.9,0.0,conforme,31282,LAUNAGUET,31,HAUTE-GARONNE,16,TOULOUSE,43.67376726647671,1.4492595389196925
0312140H,Collège René Cassin,public,hors EP,125.1,88.8,0.0,conforme,89.9,0.0,conforme,31506,SAINT ORENS DE GAMEVILLE,31,HAUTE-GARONNE,16,TOULOUSE,43.5535306414028,1.550300434514568
0312220V,Collège Daniel Sorano,public,hors EP,124.5,88.8,0.0,conforme,89.9,0.0,conforme,31421,PINS JUSTARET,31,HAUTE-GARONNE,16,TOULOUSE,43.48382505930237,1.3875806106085735
0312307P,Collège Léonard de Vinci,public,hors EP,132.9,88.8,0.0,conforme,89.9,0.0,conforme,31557,TOURNEFEUILLE,31,HAUTE-GARONNE,16,TOULOUSE,43.59287839583914,1.3243799449232971
0312337X,Collège forain François Verdier,public,hors EP,130.9,88.8,0.0,conforme,89.9,0.0,conforme,31291,LEGUEVIN,31,HAUTE-GARONNE,16,TOULOUSE,43.592839437510975,1.247650188162999
0312338Y,Collège Cantelauze,public,hors EP,114.9,88.8,0.0,conforme,89.9,0.0,conforme,31187,FONSORBES,31,HAUTE-GARONNE,16,TOULOUSE,43.55170765773008,1.232850619493586
0312423R,Collège François Mitterrand,public,hors EP,103.5,88.8,0.0,conforme,89.9,0.0,conforme,31182,FENOUILLET,31,HAUTE-GARONNE,16,TOULOUSE,43.68818912340603,1.387929431280338
0312478A,Collège Claude Cornac,public,hors EP,117.4,88.8,0.0,conforme,89.9,0.0,conforme,31230,GRATENTOUR,31,HAUTE-GARONNE,16,TOULOUSE,43.72343437832839,1.4324712727938098
0312609T,Collège Les Roussillous,public,hors EP,131.5,88.8,0.0,conforme,89.9,0.0,conforme,31512,SAINT PIERRE DE LAGES,31,HAUTE-GARONNE,16,TOULOUSE,43.56239914479869,1.6409596559070978
0312610U,Collège Marcel Doret,public,hors EP,124.6,88.8,0.0,conforme,89.9,0.0,conforme,31574,VERNET,31,HAUTE-GARONNE,16,TOULOUSE,43.43087060450706,1.4239994136733871
0312611V,Collège Jacqueline Auriol,public,hors EP,112.1,88.8,0.0,conforme,89.9,0.0,conforme,31588,VILLENEUVE TOLOSANE,31,HAUTE-GARONNE,16,TOULOUSE,43.5223338815802,1.3576306045731477
0312612W,Collège Galilée,public,hors EP,115.8,88.8,0.0,conforme,89.9,0.0,conforme,31526,LA SALVETAT SAINT GILLES,31,HAUTE-GARONNE,16,TOULOUSE,43.57117691649916,1.246749402392155
0312697N,Collège Flora Tristan,public,hors EP,112.5,88.8,0.0,conforme,89.9,0.0,conforme,31299,LHERM,31,HAUTE-GARONNE,16,TOULOUSE,43.428903615342335,1.227499880591891
0312698P,Collège Paul Cézanne,public,hors EP,130.2,88.8,0.0,conforme,89.9,0.0,conforme,31389,MONTRABE,31,HAUTE-GARONNE,16,TOULOUSE,43.64214346783407,1.5384101272075197
0312699R,Collège Condorcet,public,hors EP,120.3,88.8,0.0,conforme,89.9,0.0,conforme,31396,NAILLOUX,31,HAUTE-GARONNE,16,TOULOUSE,43.350689618845415,1.6263703532064258
0312700S,Collège Jean Dieuzaide,public,hors EP,123.9,88.8,0.0,conforme,89.9,0.0,conforme,31410,PECHBONNIEU,31,HAUTE-GARONNE,16,TOULOUSE,43.705531988373785,1.4613999079727615
0312729Y,Collège Germaine Tillion,public,hors EP,117.2,88.8,0.0,conforme,89.9,0.0,conforme,31032,AUSSONNE,31,HAUTE-GARONNE,16,TOULOUSE,43.688973928048114,1.3214501969195689
0312743N,Collège Irène Joliot-Curie,public,hors EP,128.8,88.8,0.0,conforme,89.9,0.0,conforme,31188,FONTENILLES,31,HAUTE-GARONNE,16,TOULOUSE,43.53630322913215,1.193070023819429
0312762J,Collège Élisabeth Badinter,public,hors EP,139.4,88.8,0.0,conforme,89.9,0.0,conforme,31445,QUINT FONSEGRIVES,31,HAUTE-GARONNE,16,TOULOUSE,43.58059879702072,1.541310521199504
0312799Z,Collège Adrienne Bolland,public,hors EP,112.5,88.8,0.0,conforme,89.9,0.0,conforme,31066,BESSIERES,31,HAUTE-GARONNE,16,TOULOUSE,43.78113980217467,1.595830518412533
0312842W,Collège Simone Veil,public,hors EP,105.4,88.8,0.0,conforme,89.9,0.0,conforme,31490,SAINT JORY,31,HAUTE-GARONNE,16,TOULOUSE,43.75014698878149,1.3737197316752492
0312843X,Collège Pierre Mendès-France,public,hors EP,117.7,88.8,0.0,conforme,89.9,0.0,conforme,31248,LABARTHE SUR LEZE,31,HAUTE-GARONNE,16,TOULOUSE,43.46470887977917,1.3990403687447786
0312868Z,Collège Nelson Mandela,public,hors EP,110.2,88.8,0.0,conforme,89.9,0.0,conforme,31399,NOE,31,HAUTE-GARONNE,16,TOULOUSE,43.3476068891608,1.2498604134171007
0313010D,Collège Jane Dieulafoy,public,hors EP,131.6,88.8,0.0,conforme,89.9,0.0,conforme,31169,ESCALQUENS,31,HAUTE-GARONNE,16,TOULOUSE,43.52171175867318,1.5593416447040902
0313045S,Collège Lionel Jospin,public,hors EP,109.0,88.8,0.0,conforme,89.9,0.0,conforme,31145,CINTEGABELLE,31,HAUTE-GARONNE,16,TOULOUSE,43.30551982403295,1.528577941874553
0313078C,Collège Élisa Deroche,public,hors EP,103.5,88.8,0.0,conforme,89.9,0.0,conforme,31056,BEAUZELLE,31,HAUTE-GARONNE,16,TOULOUSE,43.66465518983085,1.3714455582986151
0313079D,Collège Sabine Weiss,public,hors EP,97.8,88.8,0.0,conforme,89.9,0.0,conforme,31555,TOULOUSE,31,HAUTE-GARONNE,16,TOULOUSE,43.57305090649989,1.3692690226180708
0313080E,Collège Jeanne et Jean Philippe,public,hors EP,86.9,88.8,1.8999999999999915,oublie,89.9,3.0,oublie,31555,TOULOUSE,31,HAUTE-GARONNE,16,TOULOUSE,43.56026604507529,1.393022137841312
0313081F,Collège Ginette Kolinka,public,hors EP,110.8,88.8,0.0,conforme,89.9,0.0,conforme,31547,SEYSSES,31,HAUTE-GARONNE,16,TOULOUSE,43.48997022508272,1.2802715243853375
0313167Z,Collège Paleficat,public,hors EP,88.5,88.8,0.29999999999999716,oublie,89.9,1.4000000000000057,oublie,31555,TOULOUSE,31,HAUTE-GARONNE,16,TOULOUSE,43.64450161464915,1.4554333493358242
0313168A,Collège de Castelnau-D'estretefonds,public,hors EP,121.9,88.8,0.0,conforme,89.9,0.0,conforme,31118,CASTELNAU D ESTRETEFONDS,31,HAUTE-GARONNE,16,TOULOUSE,43.787777260198624,1.3356725178237594
0320001C,Collège Lucie Aubrac,public,hors EP,101.6,88.8,0.0,conforme,89.9,0.0,conforme,32001,AIGNAN,32,GERS,16,TOULOUSE,43.6979700903532,0.0883193952212849
0320006H,Collège Mathalin,public,hors EP,104.1,88.8,0.0,conforme,89.9,0.0,conforme,32013,AUCH,32,GERS,16,TOULOUSE,43.64324430600274,0.5915198019709589
0320010M,Collège Saint-Exupéry,public,hors EP,94.1,88.8,0.0,conforme,89.9,0.0,conforme,32107,CONDOM,32,GERS,16,TOULOUSE,43.94813892377016,0.3589297441777536
0320011N,Collège Jean Rostand - site de Eauze,public,hors EP,89.4,88.8,0.0,conforme,89.9,0.5,oublie,32119,EAUZE,32,GERS,16,TOULOUSE,43.85968365183713,0.0981700491045651
0320012P,Collège Hubert Reeves,public,hors EP,99.1,88.8,0.0,conforme,89.9,0.0,conforme,32132,FLEURANCE,32,GERS,16,TOULOUSE,43.85151802286347,0.6577405367750948
0320013R,Collège Édouard Lartet,public,hors EP,109.2,88.8,0.0,conforme,89.9,0.0,conforme,32147,GIMONT,32,GERS,16,TOULOUSE,43.625669380856685,0.8835696510745683
0320014S,Collège Louise Michel,public,hors EP,118.9,88.8,0.0,conforme,89.9,0.0,conforme,32160,L ISLE JOURDAIN,32,GERS,16,TOULOUSE,43.61047163805937,1.0858433825147056
0320017V,Collège Maréchal Lannes,public,hors EP,104.4,88.8,0.0,conforme,89.9,0.0,conforme,32208,LECTOURE,32,GERS,16,TOULOUSE,43.93043974338,0.6287702255903832
0320019X,Collège Aretha Franklin,public,hors EP,118.1,88.8,0.0,conforme,89.9,0.0,conforme,32233,MARCIAC,32,GERS,16,TOULOUSE,43.52243445332976,0.1574618777277276
0320021Z,Collège du Fezensaguet,public,hors EP,114.1,88.8,0.0,conforme,89.9,0.0,conforme,32249,MAUVEZIN,32,GERS,16,TOULOUSE,43.72953904302764,0.8845197354430475
0320027F,Collège d'Artagnan,public,hors EP,95.9,88.8,0.0,conforme,89.9,0.0,conforme,32296,NOGARO,32,GERS,16,TOULOUSE,43.75361162017827,-0.0286102302775285
0320028G,Collège Louis Pasteur,public,hors EP,101.4,88.8,0.0,conforme,89.9,0.0,conforme,32319,PLAISANCE,32,GERS,16,TOULOUSE,43.60345833466384,0.0496299492876655
0320029H,Collège Val d'Adour,public,hors EP,101.4,88.8,0.0,conforme,89.9,0.0,conforme,32344,RISCLE,32,GERS,16,TOULOUSE,43.65748761997905,-0.0835202457363598
0320031K,Collège François Belleforest,public,hors EP,108.5,88.8,0.0,conforme,89.9,0.0,conforme,32410,SAMATAN,32,GERS,16,TOULOUSE,43.49632914555622,0.927399603273065
0320033M,Collège Gabriel Seailles,public,hors EP,106.5,88.8,0.0,conforme,89.9,0.0,conforme,32462,VIC FEZENSAC,32,GERS,16,TOULOUSE,43.76055363694014,0.2996800296804049
0320035P,Collège de l'Astarac,public,hors EP,105.8,88.8,0.0,conforme,89.9,0.0,conforme,32256,MIRANDE,32,GERS,16,TOULOUSE,43.5214388228034,0.407449992020932
0320074G,Collège Vasconie,public,hors EP,101.0,88.8,0.0,conforme,89.9,0.0,conforme,32252,MIELAN,32,GERS,16,TOULOUSE,43.42456818356153,0.3079504508475112
0320562M,Collège Salinis,public,hors EP,108.7,88.8,0.0,conforme,89.9,0.0,conforme,32013,AUCH,32,GERS,16,TOULOUSE,43.64525419678124,0.5854205627275127
0320563N,Collège Sadi Carnot,public,hors EP,102.7,88.8,0.0,conforme,89.9,0.0,conforme,32013,AUCH,32,GERS,16,TOULOUSE,43.64369144569154,0.5976098402092878
0320608M,Collège Simone Veil,public,hors EP,104.8,88.8,0.0,conforme,89.9,0.0,conforme,32242,MASSEUBE,32,GERS,16,TOULOUSE,43.42952824012337,0.5752696660163286
0320740F,Collège Françoise Héritier,public,hors EP,120.0,88.8,0.0,conforme,89.9,0.0,conforme,32160,L ISLE JOURDAIN,32,GERS,16,TOULOUSE,43.60640611986727,1.0763105176510857
0330008E,Collège Jean Verdier,public,hors EP,112.1,88.8,0.0,conforme,92.4,0.0,conforme,33019,AUDENGE,33,GIRONDE,4,BORDEAUX,44.68736107865506,-1.0069459511385308
0330017P,Collège Jean Zay,public,hors EP,109.2,88.8,0.0,conforme,92.4,0.0,conforme,33051,BIGANOS,33,GIRONDE,4,BORDEAUX,44.6352700225139,-0.9755237092648024
0330058J,Collège Paul-Émile Victor,public,hors EP,105.6,88.8,0.0,conforme,92.4,0.0,conforme,33071,BRANNE,33,GIRONDE,4,BORDEAUX,44.82440507553535,-0.1841351276871816
0330059K,Collège Anatole France,public,hors EP,111.7,88.8,0.0,conforme,92.4,0.0,conforme,33081,CADILLAC SUR GARONNE,33,GIRONDE,4,BORDEAUX,44.630848516963546,-0.3062434493441792
0330062N,Collège Canterane,public,hors EP,104.8,88.8,0.0,conforme,92.4,0.0,conforme,33104,CASTELNAU DE MEDOC,33,GIRONDE,4,BORDEAUX,45.03029061857,-0.7912551443607616
0330064R,Collège Aliénor d'Aquitaine,public,REP,88.4,88.8,0.0,conforme,92.4,0.0,conforme,33108,CASTILLON LA BATAILLE,33,GIRONDE,4,BORDEAUX,44.85113390318635,-0.0506482120115186
0330065S,Collège Monséjour,public,hors EP,114.4,88.8,0.0,conforme,92.4,0.0,conforme,33063,BORDEAUX,33,GIRONDE,4,BORDEAUX,44.85575138900363,-0.6307444484724678
0330066T,Collège Saint-André,public,hors EP,128.0,88.8,0.0,conforme,92.4,0.0,conforme,33063,BORDEAUX,33,GIRONDE,4,BORDEAUX,44.85551324102122,-0.6169555008848595
0330081J,Collège Jules Chambrelent,public,hors EP,108.8,88.8,0.0,conforme,92.4,0.0,conforme,33203,HOURTIN,33,GIRONDE,4,BORDEAUX,45.19053332213172,-1.0579884345420385
0330083L,Collège Jules Ferry,public,hors EP,99.6,88.8,0.0,conforme,92.4,0.0,conforme,33227,LANGON,33,GIRONDE,4,BORDEAUX,44.549058059517634,-0.2528963752870986
0330084M,Collège Toulouse Lautrec,public,hors EP,107.5,88.8,0.0,conforme,92.4,0.0,conforme,33227,LANGON,33,GIRONDE,4,BORDEAUX,44.54534917670954,-0.2511052124792954
0330091V,Collège Les Dagueys,public,hors EP,96.3,88.8,0.0,conforme,92.4,0.0,conforme,33243,LIBOURNE,33,GIRONDE,4,BORDEAUX,44.94803294078376,-0.2425937084098374
0330093X,Collège Lucie Aubrac,public,hors EP,102.0,88.8,0.0,conforme,92.4,0.0,conforme,33261,LUSSAC,33,GIRONDE,4,BORDEAUX,44.948876831687336,-0.0999077020789248
0330100E,Collège Éléonore de Provence,public,hors EP,105.6,88.8,0.0,conforme,92.4,0.0,conforme,33289,MONSEGUR,33,GIRONDE,4,BORDEAUX,44.64894694362922,0.069387884906651
0330103H,Collège Pierre de Belleyme,public,REP,89.7,88.8,0.9000000000000057,sur-inclus,92.4,0.0,conforme,33314,PAUILLAC,33,GIRONDE,4,BORDEAUX,45.201693775378224,-0.7509541298860303
0330105K,Collège Champ d'Eymet,public,hors EP,92.5,88.8,0.0,conforme,92.4,0.0,conforme,33316,PELLEGRUE,33,GIRONDE,4,BORDEAUX,44.74341536512775,0.0739304868249301
0330106L,Collège François Mitterrand,public,hors EP,96.2,88.8,0.0,conforme,92.4,0.0,conforme,33318,PESSAC,33,GIRONDE,4,BORDEAUX,44.7919202102726,-0.6450723665147032
0330108N,Collège Georges Brassens,public,hors EP,105.0,88.8,0.0,conforme,92.4,0.0,conforme,33327,PODENSAC,33,GIRONDE,4,BORDEAUX,44.64941295469465,-0.3522624196575841
0330113U,Collège Jean Monnet,public,hors EP,90.6,88.8,0.0,conforme,92.4,1.8000000000000114,oublie,33389,SAINT CIERS SUR GIRONDE,33,GIRONDE,4,BORDEAUX,45.29361690568263,-0.6130145546808428
0330122D,Collège François Mauriac,public,hors EP,100.6,88.8,0.0,conforme,92.4,0.0,conforme,33484,SAINT SYMPHORIEN,33,GIRONDE,4,BORDEAUX,44.43027410303196,-0.4918251849327499
0330125G,Collège Georges Mandel,public,hors EP,99.3,88.8,0.0,conforme,92.4,0.0,conforme,33514,SOULAC SUR MER,33,GIRONDE,4,BORDEAUX,45.50569432893417,-1.1226449792411406
0330128K,Collège Henri Brisson,public,hors EP,133.5,88.8,0.0,conforme,92.4,0.0,conforme,33522,TALENCE,33,GIRONDE,4,BORDEAUX,44.818707166798056,-0.5914161787171183
0330129L,Collège Henri Dheurle,public,hors EP,105.2,88.8,0.0,conforme,92.4,0.0,conforme,33529,LA TESTE DE BUCH,33,GIRONDE,4,BORDEAUX,44.63231696550532,-1.1365346884966911
0330132P,Collège Niki de Saint Phalle,public,hors EP,104.7,88.8,0.0,conforme,92.4,0.0,conforme,33550,VILLENAVE D ORNON,33,GIRONDE,4,BORDEAUX,44.7804427885347,-0.5676769496213447
0330138W,Collège Jean Aviotte,public,hors EP,95.6,88.8,0.0,conforme,92.4,0.0,conforme,33198,GUITRES,33,GIRONDE,4,BORDEAUX,45.04162784600899,-0.1854610775202503
0330140Y,Collège Casimir Fidèle,public,REP,72.7,88.8,0.0,conforme,92.4,0.0,conforme,33063,BORDEAUX,33,GIRONDE,4,BORDEAUX,44.85646023715817,-0.5829677746507886
0330145D,Collège Capeyron,public,hors EP,103.6,88.8,0.0,conforme,92.4,0.0,conforme,33281,MERIGNAC,33,GIRONDE,4,BORDEAUX,44.84956000343973,-0.6474610333265041
0330146E,Collège Gisèle Halimi,public,hors EP,99.0,88.8,0.0,conforme,92.4,0.0,conforme,33281,MERIGNAC,33,GIRONDE,4,BORDEAUX,44.84199629660682,-0.6510234523453694
0330162X,Collège Eugène Atget,public,hors EP,105.2,88.8,0.0,conforme,92.4,0.0,conforme,33243,LIBOURNE,33,GIRONDE,4,BORDEAUX,44.91757897592239,-0.241970229875826
0330163Y,Collège Élie Faure,public,REP,87.2,88.8,0.0,conforme,92.4,0.0,conforme,33402,SAINTE FOY LA GRANDE,33,GIRONDE,4,BORDEAUX,44.84251417619523,0.2031141996213855
0330167C,Collège Marie Bartette,public,hors EP,110.4,88.8,0.0,conforme,92.4,0.0,conforme,33009,ARCACHON,33,GIRONDE,4,BORDEAUX,44.652973382409385,-1.163537678335056
0331419N,Collège Georges Rayet,public,hors EP,108.6,88.8,0.0,conforme,92.4,0.0,conforme,33167,FLOIRAC,33,GIRONDE,4,BORDEAUX,44.84213862519376,-0.5151929469879545
0331433D,Collège Pierre Martin,public,hors EP,98.6,88.8,0.0,conforme,92.4,0.0,conforme,33350,RAUZAN,33,GIRONDE,4,BORDEAUX,44.77735137211975,-0.1243409893515611
0331435F,Collège Les Eyquems,public,hors EP,119.6,88.8,0.0,conforme,92.4,0.0,conforme,33281,MERIGNAC,33,GIRONDE,4,BORDEAUX,44.82724018911773,-0.6459605757572225
0331461J,Collège Cassignol,public,hors EP,138.5,88.8,0.0,conforme,92.4,0.0,conforme,33063,BORDEAUX,33,GIRONDE,4,BORDEAUX,44.852276655981946,-0.5849179937998745
0331462K,Collège Francisco Goya,public,REP,121.0,88.8,32.2,sur-inclus,92.4,28.599999999999994,sur-inclus,33063,BORDEAUX,33,GIRONDE,4,BORDEAUX,44.83433606051566,-0.5771063716112431
0331464M,Collège Jean Zay,public,REP,90.1,88.8,1.2999999999999972,sur-inclus,92.4,0.0,conforme,33119,CENON,33,GIRONDE,4,BORDEAUX,44.854318986096345,-0.5131354045833131
0331617D,Collège Claude Massé,public,hors EP,95.2,88.8,0.0,conforme,92.4,0.0,conforme,33003,AMBARES ET LAGRAVE,33,GIRONDE,4,BORDEAUX,44.9282023332049,-0.4831464136914807
0331618E,Collège Léonard Lenoir,public,REP,110.8,88.8,22.0,sur-inclus,92.4,18.39999999999999,sur-inclus,33063,BORDEAUX,33,GIRONDE,4,BORDEAUX,44.84153932220803,-0.5538237748046175
0331619F,Collège Georges Lapierre,public,REP+,82.8,88.8,0.0,conforme,92.4,0.0,conforme,33249,LORMONT,33,GIRONDE,4,BORDEAUX,44.87440703977014,-0.5223870666307535
0331620G,Collège Camille Claudel,public,hors EP,125.1,88.8,0.0,conforme,92.4,0.0,conforme,33234,LATRESNE,33,GIRONDE,4,BORDEAUX,44.78636463790582,-0.4917198947082457
0331621H,Collège Henri de Navarre,public,REP,83.8,88.8,0.0,conforme,92.4,0.0,conforme,33138,COUTRAS,33,GIRONDE,4,BORDEAUX,45.04082038283991,-0.1186999130775871
0331622J,Collège Fontaines de Monjous,public,hors EP,127.2,88.8,0.0,conforme,92.4,0.0,conforme,33192,GRADIGNAN,33,GIRONDE,4,BORDEAUX,44.77657522099806,-0.6061018410760983
0331623K,Collège Alouette,public,hors EP,126.4,88.8,0.0,conforme,92.4,0.0,conforme,33318,PESSAC,33,GIRONDE,4,BORDEAUX,44.80172118998038,-0.6683861199855397
0331662C,Collège Alain Fournier,public,hors EP,142.9,88.8,0.0,conforme,92.4,0.0,conforme,33063,BORDEAUX,33,GIRONDE,4,BORDEAUX,44.827696704823374,-0.5800610679433605
0331663D,Collège Cheverus,public,hors EP,123.0,88.8,0.0,conforme,92.4,0.0,conforme,33063,BORDEAUX,33,GIRONDE,4,BORDEAUX,44.83924225573894,-0.5758001082364536
0331664E,Collège François Mauriac,public,hors EP,121.3,88.8,0.0,conforme,92.4,0.0,conforme,33449,SAINT MEDARD EN JALLES,33,GIRONDE,4,BORDEAUX,44.89386339298644,-0.7120137729647729
0331666G,Collège Aliénor d'Aquitaine,public,hors EP,115.4,88.8,0.0,conforme,92.4,0.0,conforme,33498,SALLES,33,GIRONDE,4,BORDEAUX,44.54671732424039,-0.8818427080365963
0331667H,Collège Robert Barrière,public,hors EP,97.8,88.8,0.0,conforme,92.4,0.0,conforme,33506,SAUVETERRE DE GUYENNE,33,GIRONDE,4,BORDEAUX,44.69593100624841,-0.08559520471053
0331669K,Collège Ausone,public,hors EP,117.6,88.8,0.0,conforme,92.4,0.0,conforme,33069,LE BOUSCAT,33,GIRONDE,4,BORDEAUX,44.87121737445598,-0.5950395206510349
0331752A,Collège Marcellin Berthelot,public,hors EP,124.7,88.8,0.0,conforme,92.4,0.0,conforme,33039,BEGLES,33,GIRONDE,4,BORDEAUX,44.80803893230587,-0.5669685273908109
0331753B,Collège Blanqui,public,REP+,84.4,88.8,0.0,conforme,92.4,0.0,conforme,33063,BORDEAUX,33,GIRONDE,4,BORDEAUX,44.87389720033608,-0.5504623950780059
0331754C,Collège Emmanuel Dupaty,public,hors EP,110.9,88.8,0.0,conforme,92.4,0.0,conforme,33056,BLANQUEFORT,33,GIRONDE,4,BORDEAUX,44.90678572873168,-0.6282540755296204
0331757F,Collège La Garosse,public,hors EP,99.9,88.8,0.0,conforme,92.4,0.0,conforme,33366,SAINT ANDRE DE CUBZAC,33,GIRONDE,4,BORDEAUX,45.00544765359668,-0.4321826043388534
0331758G,Collège Noès,public,hors EP,131.6,88.8,0.0,conforme,92.4,0.0,conforme,33318,PESSAC,33,GIRONDE,4,BORDEAUX,44.81239564947373,-0.6365605898369852
0331759H,Collège Chante Cigale,public,hors EP,115.3,88.8,0.0,conforme,92.4,0.0,conforme,33199,GUJAN MESTRAS,33,GIRONDE,4,BORDEAUX,44.6218187197079,-1.060665964484304
0331880P,Collège Pablo Neruda,public,REP,92.7,88.8,3.9000000000000057,sur-inclus,92.4,0.29999999999999716,sur-inclus,33039,BEGLES,33,GIRONDE,4,BORDEAUX,44.79432703840805,-0.562499679237814
0331884U,Collège Manon Cormier,public,hors EP,90.6,88.8,0.0,conforme,92.4,1.8000000000000114,oublie,33032,BASSENS,33,GIRONDE,4,BORDEAUX,44.90063818859695,-0.5089649718337196
0331885V,Collège Jean Jaurès,public,REP,86.3,88.8,0.0,conforme,92.4,0.0,conforme,33119,CENON,33,GIRONDE,4,BORDEAUX,44.86285258870648,-0.5166386585386282
0331888Y,Collège du Val de Saye,public,REP,93.1,88.8,4.299999999999997,sur-inclus,92.4,0.6999999999999886,sur-inclus,33492,SAINT YZAN DE SOUDIAC,33,GIRONDE,4,BORDEAUX,45.139261041529736,-0.4113120003358714
0331890A,Collège André Lahaye,public,hors EP,121.9,88.8,0.0,conforme,92.4,0.0,conforme,33005,ANDERNOS LES BAINS,33,GIRONDE,4,BORDEAUX,44.74595270165103,-1.0880210512702049
0331891B,Collège Les Lesques,public,REP,90.2,88.8,1.4000000000000057,sur-inclus,92.4,0.0,conforme,33240,LESPARRE MEDOC,33,GIRONDE,4,BORDEAUX,45.299822399133554,-0.926626129380388
0331895F,Collège Montaigne,public,REP+,85.8,88.8,0.0,conforme,92.4,0.0,conforme,33249,LORMONT,33,GIRONDE,4,BORDEAUX,44.87379527053053,-0.5168973506847918
0332082J,Collège Édouard Vaillant,public,REP,95.4,88.8,6.6000000000000085,sur-inclus,92.4,3.0,sur-inclus,33063,BORDEAUX,33,GIRONDE,4,BORDEAUX,44.86473237706206,-0.5654991881124918
0332084L,Collège Albert Camus,public,hors EP,107.2,88.8,0.0,conforme,92.4,0.0,conforme,33162,EYSINES,33,GIRONDE,4,BORDEAUX,44.88464828310302,-0.644175661699773
0332085M,Collège Jean Auriac,public,hors EP,107.1,88.8,0.0,conforme,92.4,0.0,conforme,33015,ARVEYRES,33,GIRONDE,4,BORDEAUX,44.88367397845113,-0.2849705177394503
0332090T,Collège Bourran,public,hors EP,110.1,88.8,0.0,conforme,92.4,0.0,conforme,33281,MERIGNAC,33,GIRONDE,4,BORDEAUX,44.838087954165786,-0.632039340442466
0332187Y,Collège Hastignan,public,hors EP,120.9,88.8,0.0,conforme,92.4,0.0,conforme,33449,SAINT MEDARD EN JALLES,33,GIRONDE,4,BORDEAUX,44.89377341980709,-0.7448289417985248
0332189A,Collège Nelson Mandela,public,REP,93.1,88.8,4.299999999999997,sur-inclus,92.4,0.6999999999999886,sur-inclus,33167,FLOIRAC,33,GIRONDE,4,BORDEAUX,44.8388487614692,-0.5331585713029526
0332190B,Collège Alfred Mauguin,public,hors EP,116.8,88.8,0.0,conforme,92.4,0.0,conforme,33192,GRADIGNAN,33,GIRONDE,4,BORDEAUX,44.772249000783766,-0.5967387196056518
0332191C,Collège Gérard Philipe,public,hors EP,100.6,88.8,0.0,conforme,92.4,0.0,conforme,33318,PESSAC,33,GIRONDE,4,BORDEAUX,44.79932118511685,-0.6224595402738479
0332195G,Collège Victor Louis,public,hors EP,107.5,88.8,0.0,conforme,92.4,0.0,conforme,33522,TALENCE,33,GIRONDE,4,BORDEAUX,44.79915827220669,-0.592577907791748
0332244K,Collège François Mauriac,public,hors EP,130.5,88.8,0.0,conforme,92.4,0.0,conforme,33238,LEOGNAN,33,GIRONDE,4,BORDEAUX,44.72952757871586,-0.5911043031352495
0332246M,Collège Chambéry,public,hors EP,113.7,88.8,0.0,conforme,92.4,0.0,conforme,33550,VILLENAVE D ORNON,33,GIRONDE,4,BORDEAUX,44.75592631466037,-0.5847675127212141
0332248P,Collège Paul Esquinance,public,hors EP,96.4,88.8,0.0,conforme,92.4,0.0,conforme,33352,LA REOLE,33,GIRONDE,4,BORDEAUX,44.58433003888921,-0.0317369962622787
0332283C,Collège François Mitterrand,public,hors EP,112.0,88.8,0.0,conforme,92.4,0.0,conforme,33140,CREON,33,GIRONDE,4,BORDEAUX,44.77364355544522,-0.3517240340128713
0332285E,Collège Jacques Ellul,public,REP,99.4,88.8,10.600000000000009,sur-inclus,92.4,7.0,sur-inclus,33063,BORDEAUX,33,GIRONDE,4,BORDEAUX,44.84938310934171,-0.5474245046860577
0332288H,Collège Ausone,public,hors EP,102.6,88.8,0.0,conforme,92.4,0.0,conforme,33036,BAZAS,33,GIRONDE,4,BORDEAUX,44.426871286421495,-0.219727715172556
0332340P,Collège Max Linder,public,hors EP,107.9,88.8,0.0,conforme,92.4,0.0,conforme,33433,SAINT LOUBES,33,GIRONDE,4,BORDEAUX,44.909941137654094,-0.4274645954974809
0332341R,Collège Jacques Prévert,public,hors EP,100.0,88.8,0.0,conforme,92.4,0.0,conforme,33067,BOURG,33,GIRONDE,4,BORDEAUX,45.04124052082845,-0.5551740518421362
0332342S,Collège Cantelande,public,hors EP,133.4,88.8,0.0,conforme,92.4,0.0,conforme,33122,CESTAS,33,GIRONDE,4,BORDEAUX,44.75831213898892,-0.6875590104313687
0332343T,Collège Montesquieu,public,hors EP,125.7,88.8,0.0,conforme,92.4,0.0,conforme,33213,LA BREDE,33,GIRONDE,4,BORDEAUX,44.68432590502815,-0.5295671188073443
0332347X,Collège Sébastien Vauban,public,hors EP,91.8,88.8,0.0,conforme,92.4,0.6000000000000085,oublie,33058,BLAYE,33,GIRONDE,4,BORDEAUX,45.12434215786004,-0.6582877324196346
0332437V,Collège Émile Zola,public,hors EP,121.4,88.8,0.0,conforme,92.4,0.0,conforme,33200,LE HAILLAN,33,GIRONDE,4,BORDEAUX,44.87073647056862,-0.6732671518038379
0332569N,Collège Porte du Médoc,public,hors EP,111.8,88.8,0.0,conforme,92.4,0.0,conforme,33312,PAREMPUYRE,33,GIRONDE,4,BORDEAUX,44.94687903803427,-0.5987639949616868
0332657J,Collège Jean Cocteau,public,hors EP,112.7,88.8,0.0,conforme,92.4,0.0,conforme,33236,LEGE CAP FERRET,33,GIRONDE,4,BORDEAUX,44.79236722978583,-1.1462719350389288
0332704K,Collège Panchon d'Arsac,public,hors EP,107.0,88.8,0.0,conforme,92.4,0.0,conforme,33012,ARSAC,33,GIRONDE,4,BORDEAUX,44.99004243475072,-0.6950206593355172
0332705L,Collège François Mauriac,public,hors EP,110.0,88.8,0.0,conforme,92.4,0.0,conforme,33397,SAINTE EULALIE,33,GIRONDE,4,BORDEAUX,44.90247527609466,-0.4722308044773111
0332706M,Collège Léo Drouyn,public,hors EP,106.9,88.8,0.0,conforme,92.4,0.0,conforme,33542,VERAC,33,GIRONDE,4,BORDEAUX,44.99167549811112,-0.3387105380209908
0332723F,Collège Émile Durkheim,public,hors EP,106.6,88.8,0.0,conforme,92.4,0.0,conforme,33321,PEUJARD,33,GIRONDE,4,BORDEAUX,45.043264042657576,-0.4215109981330836
0332743C,Collège Aliénor d'Aquitaine,public,hors EP,126.8,88.8,0.0,conforme,92.4,0.0,conforme,33273,MARTIGNAS SUR JALLE,33,GIRONDE,4,BORDEAUX,44.845820328393344,-0.7813895460255532
0332746F,Collège Émile Combes,public,hors EP,140.8,88.8,0.0,conforme,92.4,0.0,conforme,33063,BORDEAUX,33,GIRONDE,4,BORDEAUX,44.83480165918746,-0.6099365776943609
0332768E,Collège Aliénor d'Aquitaine,public,hors EP,120.7,88.8,0.0,conforme,92.4,0.0,conforme,33063,BORDEAUX,33,GIRONDE,4,BORDEAUX,44.82935744008306,-0.5606440643261218
0332934K,Collège Élise Deroche,public,hors EP,104.0,88.8,0.0,conforme,92.4,0.0,conforme,33323,LE PIAN SUR GARONNE,33,GIRONDE,4,BORDEAUX,44.56962001444899,-0.2279028558482729
0332982M,Collège Val des Pins,public,hors EP,116.7,88.8,0.0,conforme,92.4,0.0,conforme,33527,LE TEICH,33,GIRONDE,4,BORDEAUX,44.624188955864696,-1.027908627041477
0333093H,Collège Léonard de Vinci,public,hors EP,134.5,88.8,0.0,conforme,92.4,0.0,conforme,33376,SAINT AUBIN DE MEDOC,33,GIRONDE,4,BORDEAUX,44.90581995271512,-0.7154560617884537
0333108Z,Collège Jean Moulin,public,hors EP,112.7,88.8,0.0,conforme,92.4,0.0,conforme,33069,LE BOUSCAT,33,GIRONDE,4,BORDEAUX,44.86359738209601,-0.605114149566387
0333121N,Collège Gaston Flament,public,hors EP,114.5,88.8,0.0,conforme,92.4,0.0,conforme,33555,MARCHEPRIME,33,GIRONDE,4,BORDEAUX,44.698093175693856,-0.8471764396230174
0333132A,Collège Simone Veil,public,hors EP,104.1,88.8,0.0,conforme,92.4,0.0,conforme,33096,CARBON BLANC,33,GIRONDE,4,BORDEAUX,44.9105987358091,-0.500682464533066
0333133B,Collège Olympe de Gouges,public,hors EP,112.6,88.8,0.0,conforme,92.4,0.0,conforme,33080,CADAUJAC,33,GIRONDE,4,BORDEAUX,44.7500849114425,-0.5278747729478145
0333134C,Collège de l'Estey,public,hors EP,123.5,88.8,0.0,conforme,92.4,0.0,conforme,33422,SAINT JEAN D ILLAC,33,GIRONDE,4,BORDEAUX,44.80646539285056,-0.8079980874686965
0333213N,Collège Marguerite Duras,public,hors EP,91.7,88.8,0.0,conforme,92.4,0.7000000000000028,oublie,33243,LIBOURNE,33,GIRONDE,4,BORDEAUX,44.902582066380816,-0.2351327960773356
0333274E,Collège Rosa Bonheur,public,hors EP,104.3,88.8,0.0,conforme,92.4,0.0,conforme,33075,BRUGES,33,GIRONDE,4,BORDEAUX,44.87337189695744,-0.5873381146522612
0333287U,Collège de Lacanau,public,hors EP,115.5,88.8,0.0,conforme,92.4,0.0,conforme,33214,LACANAU,33,GIRONDE,4,BORDEAUX,44.987435039854766,-1.0881781291212305
0333329P,Collège Joséphine Baker,public,hors EP,115.7,88.8,0.0,conforme,92.4,0.0,conforme,33284,MIOS,33,GIRONDE,4,BORDEAUX,44.6146182340368,-0.9182532623640728
0333484H,Collège Philippe Madrelle,public,hors EP,101.2,88.8,0.0,conforme,92.4,0.0,conforme,33272,MARSAS,33,GIRONDE,4,BORDEAUX,45.06883304510978,-0.3745690042645464
0333528F,Collège de Saint-Selve,public,hors EP,116.7,88.8,0.0,conforme,92.4,0.0,conforme,33474,SAINT SELVE,33,GIRONDE,4,BORDEAUX,44.666981205309554,-0.4841219275189221
0333529G,Collège Wangari Maathai,public,hors EP,117.6,88.8,0.0,conforme,92.4,0.0,conforme,33322,LE PIAN MEDOC,33,GIRONDE,4,BORDEAUX,44.93843270554712,-0.7030367945433198
0333530H,Collège Andrée Chedid,public,hors EP,114.2,88.8,0.0,conforme,92.4,0.0,conforme,33200,LE HAILLAN,33,GIRONDE,4,BORDEAUX,44.86404654660172,-0.672243728904551
0333531J,Collège Alice Milliat,public,hors EP,83.1,88.8,5.700000000000003,oublie,92.4,9.300000000000011,oublie,33063,BORDEAUX,33,GIRONDE,4,BORDEAUX,44.88094109035588,-0.5690177113569815
0333532K,Collège Toni Morrison,public,hors EP,95.4,88.8,0.0,conforme,92.4,0.0,conforme,33063,BORDEAUX,33,GIRONDE,4,BORDEAUX,44.819978840067975,-0.5433804002079144
0333581N,Collège du Barp,public,hors EP,110.9,88.8,0.0,conforme,92.4,0.0,conforme,33029,LE BARP,33,GIRONDE,4,BORDEAUX,44.613126185651126,-0.7787994672828115
0340008Z,Collège Victor Hugo,public,hors EP,99.0,88.8,0.0,conforme,84.7,0.0,conforme,34031,BESSAN,34,HERAULT,11,MONTPELLIER,43.36325345982989,3.422539587914251
0340016H,Collège la Dullague,public,hors EP,75.8,88.8,13.0,oublie,84.7,8.900000000000006,oublie,34032,BEZIERS,34,HERAULT,11,MONTPELLIER,43.343229897748,3.23350544036122
0340021N,Collège Jules Ferry,public,hors EP,94.3,88.8,0.0,conforme,84.7,0.0,conforme,34069,CAZOULS LES BEZIERS,34,HERAULT,11,MONTPELLIER,43.38981544242731,3.1016801845991324
0340024S,Collège Voltaire,public,hors EP,96.9,88.8,0.0,conforme,84.7,0.0,conforme,34101,FLORENSAC,34,HERAULT,11,MONTPELLIER,43.3868794590129,3.4647197360294384
0340025T,Collège des Deux Pins,public,hors EP,99.3,88.8,0.0,conforme,84.7,0.0,conforme,34108,FRONTIGNAN,34,HERAULT,11,MONTPELLIER,43.45389212008013,3.751150125849816
0340031Z,Collège Fréderic Mistral,public,REP,81.1,88.8,0.0,conforme,84.7,0.0,conforme,34145,LUNEL,34,HERAULT,11,MONTPELLIER,43.67193808342376,4.1239600014324616
0340032A,Collège Les Arbourys,public,hors EP,105.3,88.8,0.0,conforme,84.7,0.0,conforme,34147,MAGALAS,34,HERAULT,11,MONTPELLIER,43.47054262866092,3.2233801605773778
0340034C,Collège Roger Contrepas,public,hors EP,95.3,88.8,0.0,conforme,84.7,0.0,conforme,34151,MARSILLARGUES,34,HERAULT,11,MONTPELLIER,43.66742247626382,4.174210080000918
0340037F,Collège Jules Ferry,public,hors EP,90.3,88.8,0.0,conforme,84.7,0.0,conforme,34162,MONTAGNAC,34,HERAULT,11,MONTPELLIER,43.48212992039745,3.4809603368919344
0340048T,Collège Clémence Royer,public,hors EP,135.2,88.8,0.0,conforme,84.7,0.0,conforme,34172,MONTPELLIER,34,HERAULT,11,MONTPELLIER,43.6153374834333,3.876039753678069
0340051W,Collège Fontcarrade,public,hors EP,85.3,88.8,3.5,oublie,84.7,0.0,conforme,34172,MONTPELLIER,34,HERAULT,11,MONTPELLIER,43.60758772509732,3.854170072138413
0340053Y,Collège Croix d'Argent,public,hors EP,86.7,88.8,2.0999999999999943,oublie,84.7,0.0,conforme,34172,MONTPELLIER,34,HERAULT,11,MONTPELLIER,43.590123671306536,3.8667205358585934
0340054Z,Collège Le Cèdre,public,hors EP,104.8,88.8,0.0,conforme,84.7,0.0,conforme,34178,MURVIEL LES BEZIERS,34,HERAULT,11,MONTPELLIER,43.4413873490059,3.145349550962776
0340057C,Collège Antoine Faure,public,hors EP,101.3,88.8,0.0,conforme,84.7,0.0,conforme,34189,OLONZAC,34,HERAULT,11,MONTPELLIER,43.28197959513501,2.729910001744205
0340062H,Collège Via Domitia,public,hors EP,110.7,88.8,0.0,conforme,84.7,0.0,conforme,34213,POUSSAN,34,HERAULT,11,MONTPELLIER,43.48618179375492,3.665540393359964
0340063J,Collège Louis Cahuzac,public,hors EP,104.9,88.8,0.0,conforme,84.7,0.0,conforme,34226,QUARANTE,34,HERAULT,11,MONTPELLIER,43.34425863887186,2.96429025335723
0340065L,Collège Jean Jaurès,public,hors EP,100.9,88.8,0.0,conforme,84.7,0.0,conforme,34245,SAINT CHINIAN,34,HERAULT,11,MONTPELLIER,43.42329099761698,2.951460081100272
0340070S,Collège du Jaur,public,hors EP,101.2,88.8,0.0,conforme,84.7,0.0,conforme,34284,SAINT PONS DE THOMIERES,34,HERAULT,11,MONTPELLIER,43.485152687027615,2.7710101591239944
0340086J,Collège Frédéric Bazille,public,hors EP,116.6,88.8,0.0,conforme,84.7,0.0,conforme,34057,CASTELNAU LE LEZ,34,HERAULT,11,MONTPELLIER,43.63396679487121,3.908809767979202
0340109J,Collège les Garrigues,public,REP+,75.1,88.8,0.0,conforme,84.7,0.0,conforme,34172,MONTPELLIER,34,HERAULT,11,MONTPELLIER,43.64264400980377,3.817089710403796
0340110K,Collège Pic Saint-Loup,public,hors EP,133.9,88.8,0.0,conforme,84.7,0.0,conforme,34247,SAINT CLEMENT DE RIVIERE,34,HERAULT,11,MONTPELLIER,43.68177733109853,3.847010560376156
0340111L,Collège Clemenceau,public,hors EP,105.5,88.8,0.0,conforme,84.7,0.0,conforme,34172,MONTPELLIER,34,HERAULT,11,MONTPELLIER,43.60218076862305,3.8731804286986726
0340115R,Collège Paul Valéry,public,hors EP,112.0,88.8,0.0,conforme,84.7,0.0,conforme,34301,SETE,34,HERAULT,11,MONTPELLIER,43.40121709806816,3.6915503474666655
0340117T,Collège Paul Dardé,public,hors EP,103.6,88.8,0.0,conforme,84.7,0.0,conforme,34142,LODEVE,34,HERAULT,11,MONTPELLIER,43.73125287273625,3.309450295180185
0340118U,Collège Henri IV,public,REP,74.3,88.8,0.0,conforme,84.7,0.0,conforme,34032,BEZIERS,34,HERAULT,11,MONTPELLIER,43.34343324346055,3.210700877404225
0340119V,Collège Ferdinand Fabre,public,hors EP,100.0,88.8,0.0,conforme,84.7,0.0,conforme,34028,BEDARIEUX,34,HERAULT,11,MONTPELLIER,43.610924705937386,3.1546294571436846
0340836Z,Collège Paul Riquet,public,REP+,68.0,88.8,0.0,conforme,84.7,0.0,conforme,34032,BEZIERS,34,HERAULT,11,MONTPELLIER,43.34503046374759,3.219089794376368
0340837A,Collège Jean Bène,public,hors EP,99.1,88.8,0.0,conforme,84.7,0.0,conforme,34199,PEZENAS,34,HERAULT,11,MONTPELLIER,43.458583769507605,3.41668045008942
0340955D,Collège Simone Veil,public,REP+,87.3,88.8,0.0,conforme,84.7,2.5999999999999943,sur-inclus,34172,MONTPELLIER,34,HERAULT,11,MONTPELLIER,43.61804035941584,3.847929799069605
0340972X,Collège Victor Hugo,public,hors EP,84.7,88.8,4.099999999999994,oublie,84.7,0.0,au seuil,34301,SETE,34,HERAULT,11,MONTPELLIER,43.40844495130583,3.7002494393949807
0340973Y,Collège Jean Jaurès,public,hors EP,102.8,88.8,0.0,conforme,84.7,0.0,conforme,34157,MEZE,34,HERAULT,11,MONTPELLIER,43.4266806349121,3.602209780923595
0340974Z,Collège Emmanuel Maffre-Bauge,public,hors EP,102.8,88.8,0.0,conforme,84.7,0.0,conforme,34194,PAULHAN,34,HERAULT,11,MONTPELLIER,43.54073173351679,3.4576405976300464
0340996Y,Collège les Escholiers de la Mosson,public,REP+,69.5,88.8,0.0,conforme,84.7,0.0,conforme,34172,MONTPELLIER,34,HERAULT,11,MONTPELLIER,43.63339465549856,3.822333452261813
0340998A,Collège Jeu de Mail,public,hors EP,106.4,88.8,0.0,conforme,84.7,0.0,conforme,34172,MONTPELLIER,34,HERAULT,11,MONTPELLIER,43.62715742652872,3.865399733947995
0341028H,Collège Georges Brassens,public,hors EP,118.5,88.8,0.0,conforme,84.7,0.0,conforme,34129,LATTES,34,HERAULT,11,MONTPELLIER,43.56696726928836,3.899679733697872
0341030K,Collège Camille Claudel,public,hors EP,126.5,88.8,0.0,conforme,84.7,0.0,conforme,34172,MONTPELLIER,34,HERAULT,11,MONTPELLIER,43.6165476424181,3.862440607007811
0341032M,Collège René Cassin,public,hors EP,90.2,88.8,0.0,conforme,84.7,0.0,conforme,34003,AGDE,34,HERAULT,11,MONTPELLIER,43.311851700147415,3.4813300784466747
0341065Y,Collège Jean Moulin,public,REP+,75.5,88.8,0.0,conforme,84.7,0.0,conforme,34301,SETE,34,HERAULT,11,MONTPELLIER,43.41536548720445,3.6710800439238978
0341066Z,Collège Jean Perrin,public,REP,75.1,88.8,0.0,conforme,84.7,0.0,conforme,34032,BEZIERS,34,HERAULT,11,MONTPELLIER,43.34328196373088,3.2393197678350987
0341276C,Collège Louis Germain,public,hors EP,112.9,88.8,0.0,conforme,84.7,0.0,conforme,34270,SAINT JEAN DE VEDAS,34,HERAULT,11,MONTPELLIER,43.579102368557145,3.8224604578016654
0341277D,Collège les Aiguerelles,public,hors EP,95.7,88.8,0.0,conforme,84.7,0.0,conforme,34172,MONTPELLIER,34,HERAULT,11,MONTPELLIER,43.59753672485508,3.892129779873496
0341278E,Collège Arthur Rimbaud,public,REP+,71.7,88.8,0.0,conforme,84.7,0.0,conforme,34172,MONTPELLIER,34,HERAULT,11,MONTPELLIER,43.61667697617024,3.821589730549983
0341280G,Collège les Pins,public,hors EP,121.9,88.8,0.0,conforme,84.7,0.0,conforme,34058,CASTRIES,34,HERAULT,11,MONTPELLIER,43.683037227814026,3.988759559505493
0341321B,Collège Katia et Maurice Krafft,public,REP+,80.8,88.8,0.0,conforme,84.7,0.0,conforme,34032,BEZIERS,34,HERAULT,11,MONTPELLIER,43.33682665179256,3.2495802249959187
0341363X,Collège de la Voie Domitienne,public,hors EP,121.0,88.8,0.0,conforme,84.7,0.0,conforme,34090,LE CRES,34,HERAULT,11,MONTPELLIER,43.64799200977368,3.931019510305959
0341364Y,Collège Gérard Philipe,public,REP,79.5,88.8,0.0,conforme,84.7,0.0,conforme,34172,MONTPELLIER,34,HERAULT,11,MONTPELLIER,43.59734339584085,3.88440958532924
0341366A,Collège du Salagou,public,hors EP,98.0,88.8,0.0,conforme,84.7,0.0,conforme,34079,CLERMONT L HERAULT,34,HERAULT,11,MONTPELLIER,43.63416926841888,3.431250357140145
0341367B,Collège Paul Bert,public,hors EP,104.7,88.8,0.0,conforme,84.7,0.0,conforme,34052,CAPESTANG,34,HERAULT,11,MONTPELLIER,43.32945869502125,3.0404202367527287
0341368C,Collège l'Étang de L'Or,public,hors EP,123.1,88.8,0.0,conforme,84.7,0.0,conforme,34154,MAUGUIO,34,HERAULT,11,MONTPELLIER,43.61293731651642,4.00733480989831
0341386X,Collège Lo Trentanel,public,hors EP,110.1,88.8,0.0,conforme,84.7,0.0,conforme,34114,GIGNAC,34,HERAULT,11,MONTPELLIER,43.65527665752546,3.5490894916479085
0341387Y,Collège Alfred Crouzet,public,hors EP,106.3,88.8,0.0,conforme,84.7,0.0,conforme,34300,SERVIAN,34,HERAULT,11,MONTPELLIER,43.42378098593832,3.306980153015429
0341388Z,Collège Marcel Pagnol,public,hors EP,101.1,88.8,0.0,conforme,84.7,0.0,conforme,34299,SERIGNAN,34,HERAULT,11,MONTPELLIER,43.27619563414248,3.2714504344714075
0341421K,Collège Joffre,public,hors EP,117.9,88.8,0.0,conforme,84.7,0.0,conforme,34172,MONTPELLIER,34,HERAULT,11,MONTPELLIER,43.611770166494864,3.886739790657767
0341424N,Collège Louise Michel,public,hors EP,112.0,88.8,0.0,conforme,84.7,0.0,conforme,34111,GANGES,34,HERAULT,11,MONTPELLIER,43.93662362462676,3.705250493703152
0341537L,Collège Fréderic Mistral,public,hors EP,120.7,88.8,0.0,conforme,84.7,0.0,conforme,34198,PEROLS,34,HERAULT,11,MONTPELLIER,43.56125345069543,3.949769549233903
0341577E,Collège le Bérange,public,hors EP,120.2,88.8,0.0,conforme,84.7,0.0,conforme,34022,BAILLARGUES,34,HERAULT,11,MONTPELLIER,43.667076733135566,4.022269550041911
0341592W,Collège Marcel Pagnol,public,REP,83.1,88.8,0.0,conforme,84.7,0.0,conforme,34172,MONTPELLIER,34,HERAULT,11,MONTPELLIER,43.59644765313416,3.846740369812853
0341656R,Collège Philippe Lamour,public,hors EP,108.4,88.8,0.0,conforme,84.7,0.0,conforme,34344,LA GRANDE MOTTE,34,HERAULT,11,MONTPELLIER,43.56461746134733,4.071979878098974
0341705U,Collège Alain Savary,public,hors EP,123.7,88.8,0.0,conforme,84.7,0.0,conforme,34276,SAINT MATHIEU DE TREVIERS,34,HERAULT,11,MONTPELLIER,43.76257384855519,3.863409692682053
0341764H,Collège François Villon,public,hors EP,131.1,88.8,0.0,conforme,84.7,0.0,conforme,34255,SAINT GELY DU FESC,34,HERAULT,11,MONTPELLIER,43.692671805269725,3.799339624632442
0341825Z,Collège Ambrussum,public,hors EP,104.5,88.8,0.0,conforme,84.7,0.0,conforme,34145,LUNEL,34,HERAULT,11,MONTPELLIER,43.68760547419205,4.13410022863512
0341826A,Collège François Mitterrand,public,hors EP,134.4,88.8,0.0,conforme,84.7,0.0,conforme,34077,CLAPIERS,34,HERAULT,11,MONTPELLIER,43.65303263370415,3.895599661900914
0341870Y,Collège Marie Curie,public,hors EP,112.7,88.8,0.0,conforme,84.7,0.0,conforme,34202,PIGNAN,34,HERAULT,11,MONTPELLIER,43.579588169796494,3.763820573561128
0341893Y,Collège Paul-Émile Victor,public,hors EP,93.7,88.8,0.0,conforme,84.7,0.0,conforme,34003,AGDE,34,HERAULT,11,MONTPELLIER,43.30225977237463,3.485270382415431
0342036D,Collège Pierre Mendès France,public,hors EP,128.1,88.8,0.0,conforme,84.7,0.0,conforme,34120,JACOU,34,HERAULT,11,MONTPELLIER,43.667189391454016,3.910749721555522
0342050U,Collège Françoise Giroud,public,hors EP,101.3,88.8,0.0,conforme,84.7,0.0,conforme,34329,VENDRES,34,HERAULT,11,MONTPELLIER,43.270238836608456,3.231209643370124
0342051V,Collège Vincent Badie,public,hors EP,119.9,88.8,0.0,conforme,84.7,0.0,conforme,34163,MONTARNAUD,34,HERAULT,11,MONTPELLIER,43.63468681730978,3.6929597243336936
0342052W,Collège Simone de Beauvoir,public,hors EP,108.1,88.8,0.0,conforme,84.7,0.0,conforme,34108,FRONTIGNAN,34,HERAULT,11,MONTPELLIER,43.429517036381455,3.736520587443063
0342076X,Collège de la Petite Camargue,public,hors EP,110.4,88.8,0.0,conforme,84.7,0.0,conforme,34127,LANSARGUES,34,HERAULT,11,MONTPELLIER,43.65487013165015,4.081869894542117
0342077Y,Collège Charles Ray,public,hors EP,116.3,88.8,0.0,conforme,84.7,0.0,conforme,34095,FABREGUES,34,HERAULT,11,MONTPELLIER,43.56087378323733,3.789690074232544
0342078Z,Collège des salins,public,hors EP,111.7,88.8,0.0,conforme,84.7,0.0,conforme,34337,VILLENEUVE LES MAGUELONE,34,HERAULT,11,MONTPELLIER,43.5335227515346,3.853699558584184
0342130F,Collège Pierre Deley,public,hors EP,99.5,88.8,0.0,conforme,84.7,0.0,conforme,34150,MARSEILLAN,34,HERAULT,11,MONTPELLIER,43.363603231189416,3.5204602528285704
0342131G,Collège François Rabelais,public,hors EP,91.6,88.8,0.0,conforme,84.7,0.0,conforme,34172,MONTPELLIER,34,HERAULT,11,MONTPELLIER,43.62602299907207,3.8334704483946767
0342132H,Collège Lucie Aubrac,public,hors EP,74.8,88.8,14.0,oublie,84.7,9.900000000000006,oublie,34032,BEZIERS,34,HERAULT,11,MONTPELLIER,43.35200862277546,3.221770488548698
0342186S,Collège Max Rouquette,public,hors EP,106.3,88.8,0.0,conforme,84.7,0.0,conforme,34239,SAINT ANDRE DE SANGONIS,34,HERAULT,11,MONTPELLIER,43.6546699449442,3.497920222347313
0342224H,Collège Olympe de Gouges,public,hors EP,109.7,88.8,0.0,conforme,84.7,0.0,conforme,34143,LOUPIAN,34,HERAULT,11,MONTPELLIER,43.44661208641871,3.612356351291657
0342326U,Collège Boby Lapointe,public,hors EP,105.5,88.8,0.0,conforme,84.7,0.0,conforme,34237,ROUJAN,34,HERAULT,11,MONTPELLIER,43.50548160300068,3.3150393851093383
0342488V,Collège Port Marianne,public,hors EP,94.7,88.8,0.0,conforme,84.7,0.0,conforme,34172,MONTPELLIER,34,HERAULT,11,MONTPELLIER,43.60324961142003,3.9091825958228834
0350002M,Collège Pierre Brossolette,public,hors EP,113.2,88.8,0.0,conforme,88.3,0.0,conforme,35047,BRUZ,35,ILLE-ET-VILAINE,14,RENNES,48.02101387533544,-1.7441403383784255
0350003N,Collège René Cassin,public,hors EP,103.9,88.8,0.0,conforme,88.3,0.0,conforme,35049,CANCALE,35,ILLE-ET-VILAINE,14,RENNES,48.68002805208035,-1.8560145107913544
0350017D,Collège du Querpon,public,hors EP,100.2,88.8,0.0,conforme,88.3,0.0,conforme,35168,VAL D ANAST,35,ILLE-ET-VILAINE,14,RENNES,47.89156984600312,-1.9895683290916768
0350021H,Collège François Brune,public,hors EP,95.7,88.8,0.0,conforme,88.3,0.0,conforme,35222,PLEINE FOUGERES,35,ILLE-ET-VILAINE,14,RENNES,48.53474735841283,-1.564719784063516
0350027P,Collège les Gayeulles,public,hors EP,104.7,88.8,0.0,conforme,88.3,0.0,conforme,35238,RENNES,35,ILLE-ET-VILAINE,14,RENNES,48.12537928586194,-1.6499493581762867
0350033W,Collège les Ormeaux,public,hors EP,129.9,88.8,0.0,conforme,88.3,0.0,conforme,35238,RENNES,35,ILLE-ET-VILAINE,14,RENNES,48.09865027835912,-1.6697994008226291
0350039C,Collège Pierre de Dreux,public,hors EP,115.6,88.8,0.0,conforme,88.3,0.0,conforme,35253,SAINT AUBIN DU CORMIER,35,ILLE-ET-VILAINE,14,RENNES,48.25905313802932,-1.4043693892032505
0350040D,Collège Angèle Vannier,public,hors EP,96.2,88.8,0.0,conforme,88.3,0.0,conforme,35257,MAEN ROCH,35,ILLE-ET-VILAINE,14,RENNES,48.41082163358304,-1.3730204118520892
0350041E,Collège de Roquebleue,public,hors EP,87.7,88.8,1.0999999999999943,oublie,88.3,0.5999999999999943,oublie,35271,SAINT GEORGES DE REINTEMBAULT,35,ILLE-ET-VILAINE,14,RENNES,48.50672706811636,-1.245219903061233
0350044H,Collège Chateaubriand,public,hors EP,98.5,88.8,0.0,conforme,88.3,0.0,conforme,35288,SAINT MALO,35,ILLE-ET-VILAINE,14,RENNES,48.65055490209744,-2.005169458938391
0350051R,Collège Théophile Briant,public,hors EP,113.1,88.8,0.0,conforme,88.3,0.0,conforme,35337,TINTENIAC,35,ILLE-ET-VILAINE,14,RENNES,48.32687020207564,-1.8433604919320488
0350052S,Collège Pierre Perrin,public,REP,90.4,88.8,1.6000000000000085,sur-inclus,88.3,2.1000000000000085,sur-inclus,35004,VAL COUESNON,35,ILLE-ET-VILAINE,14,RENNES,48.42378333707708,-1.47368028376312
0350057X,Collège Jacques Prévert,public,hors EP,112.3,88.8,0.0,conforme,88.3,0.0,conforme,35245,ROMILLE,35,ILLE-ET-VILAINE,14,RENNES,48.21910684979967,-1.894700191160429
0350707D,Collège François-René de Chateaubriand,public,hors EP,109.9,88.8,0.0,conforme,88.3,0.0,conforme,35085,COMBOURG,35,ILLE-ET-VILAINE,14,RENNES,48.41525130917533,-1.7416202300524102
0350708E,Collège Paul Féval,public,REP,93.1,88.8,4.299999999999997,sur-inclus,88.3,4.799999999999997,sur-inclus,35095,DOL DE BRETAGNE,35,ILLE-ET-VILAINE,14,RENNES,48.53894707804135,-1.7654001329716966
0350734H,Collège les Chalais,public,REP,83.3,88.8,0.0,conforme,88.3,0.0,conforme,35238,RENNES,35,ILLE-ET-VILAINE,14,RENNES,48.0850336808838,-1.6798204949066526
0350759K,Collège Échange,public,hors EP,114.2,88.8,0.0,conforme,88.3,0.0,conforme,35238,RENNES,35,ILLE-ET-VILAINE,14,RENNES,48.115879734200085,-1.6834300763512902
0350760L,Collège Cleunay,public,hors EP,95.0,88.8,0.0,conforme,88.3,0.0,conforme,35238,RENNES,35,ILLE-ET-VILAINE,14,RENNES,48.098814254968495,-1.709250420726049
0350762N,Collège Thérèse Pierre,public,hors EP,100.1,88.8,0.0,conforme,88.3,0.0,conforme,35115,FOUGERES,35,ILLE-ET-VILAINE,14,RENNES,48.34176600093982,-1.1939699404540158
0350895H,Collège Rosa Parks,public,REP,73.3,88.8,0.0,conforme,88.3,0.0,conforme,35238,RENNES,35,ILLE-ET-VILAINE,14,RENNES,48.12120179765181,-1.7146799912092223
0350896J,Collège Jean Charcot,public,hors EP,104.8,88.8,0.0,conforme,88.3,0.0,conforme,35288,SAINT MALO,35,ILLE-ET-VILAINE,14,RENNES,48.63738986176767,-2.01483963693606
0350913C,Collège Clotilde Vautier,public,REP,88.2,88.8,0.0,conforme,88.3,0.0,conforme,35238,RENNES,35,ILLE-ET-VILAINE,14,RENNES,48.126256483139166,-1.6679296130380918
0350916F,Collège Duguay Trouin,public,hors EP,102.4,88.8,0.0,conforme,88.3,0.0,conforme,35288,SAINT MALO,35,ILLE-ET-VILAINE,14,RENNES,48.65621634852129,-1.9730994711418013
0350963G,Collège les Hautes Ourmes,public,REP+,79.4,88.8,0.0,conforme,88.3,0.0,conforme,35238,RENNES,35,ILLE-ET-VILAINE,14,RENNES,48.08946765302947,-1.649410128522291
0350965J,Collège le Landry,public,hors EP,115.2,88.8,0.0,conforme,88.3,0.0,conforme,35238,RENNES,35,ILLE-ET-VILAINE,14,RENNES,48.09753788927972,-1.648980546511411
0350967L,Collège Mahatma Gandhi,public,hors EP,81.2,88.8,7.599999999999994,oublie,88.3,7.099999999999994,oublie,35115,FOUGERES,35,ILLE-ET-VILAINE,14,RENNES,48.367553590717336,-1.1804104642000366
0350969N,Collège Anne-Marie Boudaliez,public,hors EP,96.1,88.8,0.0,conforme,88.3,0.0,conforme,35236,REDON,35,ILLE-ET-VILAINE,14,RENNES,47.65587402116888,-2.076790532231972
0350970P,Collège le Chêne Vert,public,hors EP,97.8,88.8,0.0,conforme,88.3,0.0,conforme,35012,BAIN DE BRETAGNE,35,ILLE-ET-VILAINE,14,RENNES,47.84451446598097,-1.6881903092642565
0351053E,Collège Jean Monnet,public,hors EP,106.0,88.8,0.0,conforme,88.3,0.0,conforme,35136,JANZE,35,ILLE-ET-VILAINE,14,RENNES,47.9614021425062,-1.4990496544832856
0351638R,Collège Anne de Bretagne,public,hors EP,129.6,88.8,0.0,conforme,88.3,0.0,conforme,35238,RENNES,35,ILLE-ET-VILAINE,14,RENNES,48.11327142418572,-1.6719805345060357
0351790F,Collège Martin Luther King,public,hors EP,121.7,88.8,0.0,conforme,88.3,0.0,conforme,35152,LIFFRE,35,ILLE-ET-VILAINE,14,RENNES,48.21050138381782,-1.5042299651820377
0351791G,Collège Louis Guilloux,public,hors EP,109.4,88.8,0.0,conforme,88.3,0.0,conforme,35188,MONTFORT SUR MEU,35,ILLE-ET-VILAINE,14,RENNES,48.14035705261184,-1.9624793856846217
0351795L,Collège le Bocage,public,hors EP,109.0,88.8,0.0,conforme,88.3,0.0,conforme,35093,DINARD,35,ILLE-ET-VILAINE,14,RENNES,48.62261884993951,-2.0645394766191294
0351796M,Collège Émile Zola,public,hors EP,98.8,88.8,0.0,conforme,88.3,0.0,conforme,35238,RENNES,35,ILLE-ET-VILAINE,14,RENNES,48.106629422819154,-1.6731696810760333
0351799R,Collège des Fontaines,public,hors EP,88.8,88.8,0.0,au seuil,88.3,0.0,conforme,35125,LA GUERCHE DE BRETAGNE,35,ILLE-ET-VILAINE,14,RENNES,47.93838483274646,-1.2342302484611762
0351847T,Collège Georges Brassens,public,hors EP,113.3,88.8,0.0,conforme,88.3,0.0,conforme,35240,LE RHEU,35,ILLE-ET-VILAINE,14,RENNES,48.099666673032,-1.7998499599513993
0351849V,Collège Amand Brionne,public,hors EP,114.2,88.8,0.0,conforme,88.3,0.0,conforme,35251,SAINT AUBIN D AUBIGNE,35,ILLE-ET-VILAINE,14,RENNES,48.25968023850401,-1.6045706314353363
0351850W,Collège Camille Guérin,public,hors EP,95.5,88.8,0.0,conforme,88.3,0.0,conforme,35297,SAINT MEEN LE GRAND,35,ILLE-ET-VILAINE,14,RENNES,48.19094226128248,-2.191779488347398
0351851X,Collège la Binquenais,public,REP,83.1,88.8,0.0,conforme,88.3,0.0,conforme,35238,RENNES,35,ILLE-ET-VILAINE,14,RENNES,48.091110812924576,-1.6634066069978006
0351852Y,Collège de Fontenay,public,hors EP,111.3,88.8,0.0,conforme,88.3,0.0,conforme,35066,CHARTRES DE BRETAGNE,35,ILLE-ET-VILAINE,14,RENNES,48.0415527618465,-1.6978431215445224
0351881E,Collège Noël du Fail,public,hors EP,117.3,88.8,0.0,conforme,88.3,0.0,conforme,35126,GUICHEN,35,ILLE-ET-VILAINE,14,RENNES,47.96458223625511,-1.805439663732377
0351882F,Collège la Roche aux Fées,public,hors EP,99.0,88.8,0.0,conforme,88.3,0.0,conforme,35239,RETIERS,35,ILLE-ET-VILAINE,14,RENNES,47.91816484911983,-1.3836301754592997
0351906G,Collège Bourgchevreuil,public,hors EP,129.8,88.8,0.0,conforme,88.3,0.0,conforme,35051,CESSON SEVIGNE,35,ILLE-ET-VILAINE,14,RENNES,48.11950506421491,-1.6005197238771154
0351909K,Collège Gérard de Nerval,public,hors EP,96.4,88.8,0.0,conforme,88.3,0.0,conforme,35360,VITRE,35,ILLE-ET-VILAINE,14,RENNES,48.11896604642633,-1.2148796543812153
0351969A,Collège Beaumont,public,hors EP,110.1,88.8,0.0,conforme,88.3,0.0,conforme,35236,REDON,35,ILLE-ET-VILAINE,14,RENNES,47.655038727216535,-2.0914100162756046
0352008T,Collège les Rochers Sévigné,public,hors EP,100.0,88.8,0.0,conforme,88.3,0.0,conforme,35360,VITRE,35,ILLE-ET-VILAINE,14,RENNES,48.11223035171698,-1.197029727652748
0352030S,Collège Morvan Lebesque,public,hors EP,113.2,88.8,0.0,conforme,88.3,0.0,conforme,35196,MORDELLES,35,ILLE-ET-VILAINE,14,RENNES,48.07273530878959,-1.840130398044565
0352167R,Collège Jacques Brel,public,hors EP,127.7,88.8,0.0,conforme,88.3,0.0,conforme,35207,NOYAL SUR VILAINE,35,ILLE-ET-VILAINE,14,RENNES,48.113162991179934,-1.533620463142625
0352183H,Collège Mathurin Meheut,public,hors EP,122.8,88.8,0.0,conforme,88.3,0.0,conforme,35173,MELESSE,35,ILLE-ET-VILAINE,14,RENNES,48.217550623336045,-1.7015301621720638
0352247C,Collège Évariste Galois,public,hors EP,106.6,88.8,0.0,conforme,88.3,0.0,conforme,35184,MONTAUBAN DE BRETAGNE,35,ILLE-ET-VILAINE,14,RENNES,48.19853448408114,-2.055564984485267
0352248D,Collège Victor Segalen,public,hors EP,126.1,88.8,0.0,conforme,88.3,0.0,conforme,35069,CHATEAUGIRON,35,ILLE-ET-VILAINE,14,RENNES,48.04311219255292,-1.4971700484694253
0352260S,Collège François Truffaut,public,hors EP,127.4,88.8,0.0,conforme,88.3,0.0,conforme,35024,BETTON,35,ILLE-ET-VILAINE,14,RENNES,48.17632035698209,-1.6508804172478202
0352274G,Collège Françoise Dolto,public,hors EP,122.2,88.8,0.0,conforme,88.3,0.0,conforme,35210,PACE,35,ILLE-ET-VILAINE,14,RENNES,48.15269869519049,-1.7712695048918636
0352448W,Collège Pierre Olivier Malherbe,public,hors EP,113.9,88.8,0.0,conforme,88.3,0.0,conforme,35068,CHATEAUBOURG,35,ILLE-ET-VILAINE,14,RENNES,48.11462103200064,-1.3864298551830252
0352541X,Collège Théodore Monod,public,hors EP,118.2,88.8,0.0,conforme,88.3,0.0,conforme,35352,VERN SUR SEICHE,35,ILLE-ET-VILAINE,14,RENNES,48.04268888855317,-1.6105197686960293
0352589Z,Collège Jean Moulin,public,hors EP,91.2,88.8,0.0,conforme,88.3,0.0,conforme,35281,SAINT JACQUES DE LA LANDE,35,ILLE-ET-VILAINE,14,RENNES,48.07671299231316,-1.7144093290210372
0352691K,Collège Andrée Récipon,public,hors EP,115.0,88.8,0.0,conforme,88.3,0.0,conforme,35208,ORGERES,35,ILLE-ET-VILAINE,14,RENNES,48.002837465005314,-1.6687005114684557
0352760K,Collège Germaine Tillion,public,hors EP,121.3,88.8,0.0,conforme,88.3,0.0,conforme,35177,LA MEZIERE,35,ILLE-ET-VILAINE,14,RENNES,48.213324803326365,-1.7474629515897877
0352860U,Collège Simone Veil,public,hors EP,111.9,88.8,0.0,conforme,88.3,0.0,conforme,35090,CREVIN,35,ILLE-ET-VILAINE,14,RENNES,47.936436597389175,-1.6681504358840873
0352957Z,Collège Gaël Taburet,public,hors EP,106.5,88.8,0.0,conforme,88.3,0.0,conforme,35176,GUIPRY MESSAC,35,ILLE-ET-VILAINE,14,RENNES,47.82778398554693,-1.8319360355734184
0352958A,Collège Françoise Élie,public,hors EP,113.2,88.8,0.0,conforme,88.3,0.0,conforme,35037,BREAL SOUS MONTFORT,35,ILLE-ET-VILAINE,14,RENNES,48.04628346107779,-1.8609149928539737
0352959B,Collège Marie Curie,public,hors EP,122.8,88.8,0.0,conforme,88.3,0.0,conforme,35139,LAILLE,35,ILLE-ET-VILAINE,14,RENNES,47.98208062263773,-1.7140524721419692
0360001F,Collège Frédéric Chopin,public,hors EP,98.3,88.8,0.0,conforme,86.4,0.0,conforme,36001,AIGURANDE,36,INDRE,18,ORLEANS-TOURS,46.43626246003183,1.8280995988592164
0360016X,Collège les Capucins,public,hors EP,101.7,88.8,0.0,conforme,86.4,0.0,conforme,36044,CHATEAUROUX,36,INDRE,18,ORLEANS-TOURS,46.80942263744407,1.694899863065792
0360018Z,Collège Joliot-Curie,public,hors EP,92.1,88.8,0.0,conforme,86.4,0.0,conforme,36045,CHATILLON SUR INDRE,36,INDRE,18,ORLEANS-TOURS,46.98991494027092,1.1672703049500772
0360022D,Collège Calmette et Guérin,public,hors EP,92.2,88.8,0.0,conforme,86.4,0.0,conforme,36069,ECUEILLE,36,INDRE,18,ORLEANS-TOURS,47.08005423034975,1.345209515170679
0360023E,Collège Saint-Exupéry,public,hors EP,97.9,88.8,0.0,conforme,86.4,0.0,conforme,36070,EGUZON CHANTOME,36,INDRE,18,ORLEANS-TOURS,46.44386430787315,1.5758802402201568
0360028K,Collège Condorcet,public,hors EP,99.6,88.8,0.0,conforme,86.4,0.0,conforme,36093,LEVROUX,36,INDRE,18,ORLEANS-TOURS,46.97522323233284,1.6098304780832535
0360030M,Collège Vincent Rotinat,public,hors EP,99.6,88.8,0.0,conforme,86.4,0.0,conforme,36141,NEUVY SAINT SEPULCHRE,36,INDRE,18,ORLEANS-TOURS,46.595975060295565,1.8028294881306968
0360033R,Collège Hervé Faye,public,hors EP,91.8,88.8,0.0,conforme,86.4,0.0,conforme,36182,SAINT BENOIT DU SAULT,36,INDRE,18,ORLEANS-TOURS,46.44362446226996,1.3962797580513602
0360037V,Collège Louis Pergaud,public,hors EP,98.5,88.8,0.0,conforme,86.4,0.0,conforme,36208,SAINTE SEVERE SUR INDRE,36,INDRE,18,ORLEANS-TOURS,46.48697688703011,2.0656996861345145
0360038W,Collège Jean Rostand,public,hors EP,98.3,88.8,0.0,conforme,86.4,0.0,conforme,36224,TOURNON SAINT MARTIN,36,INDRE,18,ORLEANS-TOURS,46.73540075477212,0.9654505251056984
0360040Y,Collège Ferdinand de Lesseps,public,hors EP,95.8,88.8,0.0,conforme,86.4,0.0,conforme,36230,VATAN,36,INDRE,18,ORLEANS-TOURS,47.07154728150926,1.8067704383873424
0360044C,Collège Clos de la Garenne,public,hors EP,87.4,88.8,1.3999999999999915,oublie,86.4,0.0,conforme,36034,CHABRIS,36,INDRE,18,ORLEANS-TOURS,47.25065186184754,1.6569001078790135
0360048G,Collège La Fayette,public,hors EP,98.6,88.8,0.0,conforme,86.4,0.0,conforme,36044,CHATEAUROUX,36,INDRE,18,ORLEANS-TOURS,46.79215768709878,1.6929723427409205
0360496U,Collège Beaulieu,public,hors EP,95.2,88.8,0.0,conforme,86.4,0.0,conforme,36044,CHATEAUROUX,36,INDRE,18,ORLEANS-TOURS,46.80455069983351,1.672310500826376
0360498W,Collège les Sablons,public,hors EP,92.5,88.8,0.0,conforme,86.4,0.0,conforme,36031,BUZANCAIS,36,INDRE,18,ORLEANS-TOURS,46.88981917598098,1.435190552289639
0360525A,Collège Alain-Fournier,public,hors EP,94.5,88.8,0.0,conforme,86.4,0.0,conforme,36228,VALENCAY,36,INDRE,18,ORLEANS-TOURS,47.16470213056232,1.5633797698225915
0360541T,Collège Rosa Parks,public,REP+,73.5,88.8,0.0,conforme,86.4,0.0,conforme,36044,CHATEAUROUX,36,INDRE,18,ORLEANS-TOURS,46.80038435949145,1.70566990552036
0360543V,Collège Colbert,public,hors EP,97.4,88.8,0.0,conforme,86.4,0.0,conforme,36044,CHATEAUROUX,36,INDRE,18,ORLEANS-TOURS,46.82470175120251,1.6870000256051765
0360544W,Collège Denis Diderot,public,REP,90.4,88.8,1.6000000000000085,sur-inclus,86.4,4.0,sur-inclus,36088,ISSOUDUN,36,INDRE,18,ORLEANS-TOURS,46.94493413362061,2.003769733796371
0360546Y,Collège Jean Moulin,public,hors EP,98.3,88.8,0.0,conforme,86.4,0.0,conforme,36192,SAINT GAULTIER,36,INDRE,18,ORLEANS-TOURS,46.63434435047339,1.4228894805591903
0360573C,Collège Stanislas Limousin,public,hors EP,104.9,88.8,0.0,conforme,86.4,0.0,conforme,36005,ARDENTES,36,INDRE,18,ORLEANS-TOURS,46.7391728677249,1.822440442093552
0360658V,Collège Romain Rolland,public,hors EP,92.7,88.8,0.0,conforme,86.4,0.0,conforme,36063,DEOLS,36,INDRE,18,ORLEANS-TOURS,46.8250656074326,1.707759443156629
0360690E,Collège Jean Monnet,public,hors EP,104.9,88.8,0.0,conforme,86.4,0.0,conforme,36044,CHATEAUROUX,36,INDRE,18,ORLEANS-TOURS,46.79633762109337,1.7198402012994412
0360718K,Collège Rollinat,public,hors EP,99.6,88.8,0.0,conforme,86.4,0.0,conforme,36006,ARGENTON SUR CREUSE,36,INDRE,18,ORLEANS-TOURS,46.58936849694808,1.5094105800675757
0360719L,Collège les Ménigouttes,public,hors EP,93.9,88.8,0.0,conforme,86.4,0.0,conforme,36018,LE BLANC,36,INDRE,18,ORLEANS-TOURS,46.64006670990989,1.059010270713636
0360720M,Collège George Sand,public,hors EP,99.0,88.8,0.0,conforme,86.4,0.0,conforme,36046,LA CHATRE,36,INDRE,18,ORLEANS-TOURS,46.58243423350488,1.9856801805351656
0360721N,Collège Honoré de Balzac,public,hors EP,91.3,88.8,0.0,conforme,86.4,0.0,conforme,36088,ISSOUDUN,36,INDRE,18,ORLEANS-TOURS,46.94972059435987,1.9974094466260124
0370006F,Collège Joachim du Bellay,public,hors EP,92.3,88.8,0.0,conforme,86.4,0.0,conforme,37062,CHATEAU LA VALLIERE,37,INDRE-ET-LOIRE,18,ORLEANS-TOURS,47.54265721960513,0.329130578687337
0370007G,Collège André Bauchant,public,hors EP,98.3,88.8,0.0,conforme,86.4,0.0,conforme,37063,CHATEAU RENAULT,37,INDRE-ET-LOIRE,18,ORLEANS-TOURS,47.59779567418987,0.9172195983985532
0370010K,Collège Alcuin,public,hors EP,115.8,88.8,0.0,conforme,86.4,0.0,conforme,37083,CORMERY,37,INDRE-ET-LOIRE,18,ORLEANS-TOURS,47.26410725454144,0.8333704544537607
0370013N,Collège André Duchesne,public,hors EP,99.0,88.8,0.0,conforme,86.4,0.0,conforme,37119,L ILE BOUCHARD,37,INDRE-ET-LOIRE,18,ORLEANS-TOURS,47.11555908193363,0.4298263395853154
0370015R,Collège Maurice Genevoix,public,hors EP,102.3,88.8,0.0,conforme,86.4,0.0,conforme,37130,LIGUEIL,37,INDRE-ET-LOIRE,18,ORLEANS-TOURS,47.04032184190466,0.8140895192415926
0370022Y,Collège Simone Veil,public,hors EP,112.1,88.8,0.0,conforme,86.4,0.0,conforme,37167,NEUILLE PONT PIERRE,37,INDRE-ET-LOIRE,18,ORLEANS-TOURS,47.55017292325997,0.5596193919407955
0370023Z,Collège Honoré Racan,public,hors EP,103.4,88.8,0.0,conforme,86.4,0.0,conforme,37170,NEUVY LE ROI,37,INDRE-ET-LOIRE,18,ORLEANS-TOURS,47.60616792799667,0.5990605926805316
0370024A,Collège Patrick Baudry,public,hors EP,93.8,88.8,0.0,conforme,86.4,0.0,conforme,37174,NOUATRE,37,INDRE-ET-LOIRE,18,ORLEANS-TOURS,47.05623604548865,0.5553600856662082
0370026C,Réseau des collèges de Preuilly-sur-Claise et du Grand-Pressigny (site Gaston Defferre),public,hors EP,90.8,88.8,0.0,conforme,86.4,0.0,conforme,37189,PREUILLY SUR CLAISE,37,INDRE-ET-LOIRE,18,ORLEANS-TOURS,46.85785744978883,0.9269202810017808
0370033K,Collège Pierre de Ronsard,public,hors EP,95.2,88.8,0.0,conforme,86.4,0.0,conforme,37261,TOURS,37,INDRE-ET-LOIRE,18,ORLEANS-TOURS,47.418102805373934,0.7032795856209748
0370034L,Collège Bernard de Fontenelle,public,hors EP,97.4,88.8,0.0,conforme,86.4,0.0,conforme,37241,SAVIGNE SUR LATHAN,37,INDRE-ET-LOIRE,18,ORLEANS-TOURS,47.44472798507813,0.3165094772207522
0370041U,Collège Jules Michelet,public,hors EP,97.0,88.8,0.0,conforme,86.4,0.0,conforme,37261,TOURS,37,INDRE-ET-LOIRE,18,ORLEANS-TOURS,47.38429543035467,0.694659408190326
0370044X,Collège Anatole France,public,hors EP,93.0,88.8,0.0,conforme,86.4,0.0,conforme,37261,TOURS,37,INDRE-ET-LOIRE,18,ORLEANS-TOURS,47.39713117089041,0.690829971169852
0370045Y,Collège François Rabelais,public,hors EP,110.9,88.8,0.0,conforme,86.4,0.0,conforme,37261,TOURS,37,INDRE-ET-LOIRE,18,ORLEANS-TOURS,47.38534598920548,0.6757803644704092
0370051E,Collège de Montrésor,public,hors EP,99.4,88.8,0.0,conforme,86.4,0.0,conforme,37157,MONTRESOR,37,INDRE-ET-LOIRE,18,ORLEANS-TOURS,47.15710172877954,1.2035553857887766
0370071B,Collège la Rabière,public,REP+,69.3,88.8,0.0,conforme,86.4,0.0,conforme,37122,JOUE LES TOURS,37,INDRE-ET-LOIRE,18,ORLEANS-TOURS,47.34583090841728,0.6679555684033187
0370764E,Collège Jules Ferry,public,hors EP,88.8,88.8,0.0,au seuil,86.4,0.0,conforme,37261,TOURS,37,INDRE-ET-LOIRE,18,ORLEANS-TOURS,47.37631569466951,0.6824098044173388
0370765F,Collège Léonard de Vinci,public,hors EP,113.6,88.8,0.0,conforme,86.4,0.0,conforme,37261,TOURS,37,INDRE-ET-LOIRE,18,ORLEANS-TOURS,47.40414472854573,0.68466061421196
0370766G,Collège Jacques Decour,public,REP+,72.4,88.8,0.0,conforme,86.4,0.0,conforme,37233,SAINT PIERRE DES CORPS,37,INDRE-ET-LOIRE,18,ORLEANS-TOURS,47.39415936499023,0.7222894684723303
0370767H,Collège Pablo Néruda,public,hors EP,103.1,88.8,0.0,conforme,86.4,0.0,conforme,37233,SAINT PIERRE DES CORPS,37,INDRE-ET-LOIRE,18,ORLEANS-TOURS,47.39534124989182,0.7506599073076334
0370768J,Collège Georges Besse,public,hors EP,97.0,88.8,0.0,conforme,86.4,0.0,conforme,37132,LOCHES,37,INDRE-ET-LOIRE,18,ORLEANS-TOURS,47.12797565902744,0.9821006220178128
0370769K,Collège Lamartine,public,hors EP,88.2,88.8,0.5999999999999943,oublie,86.4,0.0,conforme,37261,TOURS,37,INDRE-ET-LOIRE,18,ORLEANS-TOURS,47.38422811064049,0.6681696907981866
0370791J,Collège Arche-du-Lude,public,REP,77.3,88.8,0.0,conforme,86.4,0.0,conforme,37122,JOUE LES TOURS,37,INDRE-ET-LOIRE,18,ORLEANS-TOURS,47.346168623440334,0.6506603450186224
0370792K,Collège Henri Bergson,public,hors EP,117.8,88.8,0.0,conforme,86.4,0.0,conforme,37214,SAINT CYR SUR LOIRE,37,INDRE-ET-LOIRE,18,ORLEANS-TOURS,47.41121915412025,0.6683603308899476
0370793L,Collège Albert Camus,public,hors EP,115.5,88.8,0.0,conforme,86.4,0.0,conforme,37154,MONTBAZON,37,INDRE-ET-LOIRE,18,ORLEANS-TOURS,47.28480920033638,0.707050569270416
0370799T,Collège Raoul Rebout,public,hors EP,113.2,88.8,0.0,conforme,86.4,0.0,conforme,37156,MONTLOUIS SUR LOIRE,37,INDRE-ET-LOIRE,18,ORLEANS-TOURS,47.385575830173686,0.8275694577755639
0370884K,Collège Montaigne,public,hors EP,107.4,88.8,0.0,conforme,86.4,0.0,conforme,37261,TOURS,37,INDRE-ET-LOIRE,18,ORLEANS-TOURS,47.42972005951443,0.6797197129702062
0370885L,Collège Marie-Amélie Le Fur,public,hors EP,109.1,88.8,0.0,conforme,86.4,0.0,conforme,37123,LANGEAIS,37,INDRE-ET-LOIRE,18,ORLEANS-TOURS,47.33086061587348,0.4056202982027383
0370886M,Collège Jean-Philippe Rameau,public,hors EP,98.9,88.8,0.0,conforme,86.4,0.0,conforme,37261,TOURS,37,INDRE-ET-LOIRE,18,ORLEANS-TOURS,47.36036854468535,0.7029418268047233
0370887N,Collège Jules Romains,public,hors EP,129.9,88.8,0.0,conforme,86.4,0.0,conforme,37208,SAINT AVERTIN,37,INDRE-ET-LOIRE,18,ORLEANS-TOURS,47.353432647038325,0.722590067133635
0370991B,Collège Pierre Corneille,public,hors EP,100.4,88.8,0.0,conforme,86.4,0.0,conforme,37261,TOURS,37,INDRE-ET-LOIRE,18,ORLEANS-TOURS,47.37611461336685,0.7311393583111294
0370993D,Collège Val de l'Indre,public,hors EP,116.8,88.8,0.0,conforme,86.4,0.0,conforme,37159,MONTS,37,INDRE-ET-LOIRE,18,ORLEANS-TOURS,47.27948743830694,0.6525693951303948
0370994E,Collège Henri Becquerel,public,hors EP,106.5,88.8,0.0,conforme,86.4,0.0,conforme,37011,AVOINE,37,INDRE-ET-LOIRE,18,ORLEANS-TOURS,47.20999635762101,0.1838501788511191
0370995F,Collège Pierre de Ronsard,public,hors EP,103.7,88.8,0.0,conforme,86.4,0.0,conforme,37031,BOURGUEIL,37,INDRE-ET-LOIRE,18,ORLEANS-TOURS,47.28306015940948,0.1730004921505265
0371098T,Collège Beaulieu,public,hors EP,101.4,88.8,0.0,conforme,86.4,0.0,conforme,37122,JOUE LES TOURS,37,INDRE-ET-LOIRE,18,ORLEANS-TOURS,47.36118594540789,0.6597394516895092
0371101W,Collège Célestin Freinet,public,hors EP,100.4,88.8,0.0,conforme,86.4,0.0,conforme,37226,SAINTE MAURE DE TOURAINE,37,INDRE-ET-LOIRE,18,ORLEANS-TOURS,47.11406487212204,0.6254302913927867
0371122U,Collège Choiseul,public,hors EP,103.1,88.8,0.0,conforme,86.4,0.0,conforme,37003,AMBOISE,37,INDRE-ET-LOIRE,18,ORLEANS-TOURS,47.39852905164073,0.983369467513274
0371124W,Collège le Réflessoir,public,hors EP,105.9,88.8,0.0,conforme,86.4,0.0,conforme,37027,BLERE,37,INDRE-ET-LOIRE,18,ORLEANS-TOURS,47.31983322832023,0.993389523494168
0371126Y,Collège de la Béchellerie,public,hors EP,125.7,88.8,0.0,conforme,86.4,0.0,conforme,37214,SAINT CYR SUR LOIRE,37,INDRE-ET-LOIRE,18,ORLEANS-TOURS,47.4145676572221,0.6560904769131785
0371158H,Collège la Bruyère,public,hors EP,88.0,88.8,0.7999999999999972,oublie,86.4,0.0,conforme,37261,TOURS,37,INDRE-ET-LOIRE,18,ORLEANS-TOURS,47.419767086502176,0.681989836662814
0371159J,Collège Jean Zay,public,hors EP,100.2,88.8,0.0,conforme,86.4,0.0,conforme,37072,CHINON,37,INDRE-ET-LOIRE,18,ORLEANS-TOURS,47.16592299522881,0.2515601822924069
0371189S,Collège Gaston Huet,public,hors EP,120.2,88.8,0.0,conforme,86.4,0.0,conforme,37281,VOUVRAY,37,INDRE-ET-LOIRE,18,ORLEANS-TOURS,47.41042009164277,0.8008393827998089
0371191U,Collège le Puits de la Roche,public,hors EP,99.8,88.8,0.0,conforme,86.4,0.0,conforme,37196,RICHELIEU,37,INDRE-ET-LOIRE,18,ORLEANS-TOURS,47.01895436855242,0.3164404674082017
0371192V,Collège Roger Jahan,public,hors EP,94.4,88.8,0.0,conforme,86.4,0.0,conforme,37115,DESCARTES,37,INDRE-ET-LOIRE,18,ORLEANS-TOURS,46.97767866060584,0.6958193602711612
0371204H,Collège Georges Brassens,public,hors EP,117.0,88.8,0.0,conforme,86.4,0.0,conforme,37104,ESVRES,37,INDRE-ET-LOIRE,18,ORLEANS-TOURS,47.29147713429939,0.7879405791826165
0371209N,Collège Philippe de Commynes,public,hors EP,107.1,88.8,0.0,conforme,86.4,0.0,conforme,37261,TOURS,37,INDRE-ET-LOIRE,18,ORLEANS-TOURS,47.36648829356788,0.7031794596894575
0371210P,Collège Honoré de Balzac,public,hors EP,113.6,88.8,0.0,conforme,86.4,0.0,conforme,37014,AZAY LE RIDEAU,37,INDRE-ET-LOIRE,18,ORLEANS-TOURS,47.26382691330198,0.4723906131287401
0371248F,Collège André Malraux,public,hors EP,105.8,88.8,0.0,conforme,86.4,0.0,conforme,37003,AMBOISE,37,INDRE-ET-LOIRE,18,ORLEANS-TOURS,47.39745126789944,0.9843105117978692
0371316E,Collège Vallée Violette,public,hors EP,94.6,88.8,0.0,conforme,86.4,0.0,conforme,37122,JOUE LES TOURS,37,INDRE-ET-LOIRE,18,ORLEANS-TOURS,47.34449507966036,0.6793202389369829
0371378X,Collège Lucie et Raymond Aubrac,public,hors EP,115.9,88.8,0.0,conforme,86.4,0.0,conforme,37139,LUYNES,37,INDRE-ET-LOIRE,18,ORLEANS-TOURS,47.3874570174454,0.5457405487760493
0371391L,Collège Stalingrad,public,REP,94.1,88.8,5.299999999999997,sur-inclus,86.4,7.699999999999989,sur-inclus,37233,SAINT PIERRE DES CORPS,37,INDRE-ET-LOIRE,18,ORLEANS-TOURS,47.39011272369186,0.729730012687513
0371397T,Collège Jean Roux,public,hors EP,125.8,88.8,0.0,conforme,86.4,0.0,conforme,37109,FONDETTES,37,INDRE-ET-LOIRE,18,ORLEANS-TOURS,47.4034590657236,0.6011700218261434
0371403Z,Collège René Cassin,public,hors EP,125.4,88.8,0.0,conforme,86.4,0.0,conforme,37018,BALLAN MIRE,37,INDRE-ET-LOIRE,18,ORLEANS-TOURS,47.34372636575496,0.6126894067364336
0380001V,Collège Marcel Bouvier,public,hors EP,101.7,88.8,0.0,conforme,89.6,0.0,conforme,38001,LES ABRETS EN DAUPHINE,38,ISERE,8,GRENOBLE,45.53662580009447,5.590230201997957
0380002W,Collège Flavius Vaussenat,public,hors EP,116.1,88.8,0.0,conforme,89.6,0.0,conforme,38006,ALLEVARD,38,ISERE,8,GRENOBLE,45.39972897375164,6.076740007545094
0380004Y,Collège Arc en Ciers,public,hors EP,99.3,88.8,0.0,conforme,89.6,0.0,conforme,38022,LES AVENIERES VEYRINS THUELLIN,38,ISERE,8,GRENOBLE,45.63414644593351,5.575050148278929
0380007B,Collège des Six Vallées,public,hors EP,111.3,88.8,0.0,conforme,89.6,0.0,conforme,38052,LE BOURG D OISANS,38,ISERE,8,GRENOBLE,45.05532624780883,6.026580599268347
0380011F,Collège Martin Luther King,public,hors EP,101.1,88.8,0.0,conforme,89.6,0.0,conforme,38085,CHARVIEU CHAVAGNEUX,38,ISERE,8,GRENOBLE,45.74481419990289,5.15452003375462
0380013H,Collège Nelson Mandela,public,REP,84.6,88.8,0.0,conforme,89.6,0.0,conforme,38317,LE PONT DE CLAIX,38,ISERE,8,GRENOBLE,45.132686918601145,5.697140547137221
0380021S,Collège Louis Lumière,public,hors EP,98.1,88.8,0.0,conforme,89.6,0.0,conforme,38151,ECHIROLLES,38,ISERE,8,GRENOBLE,45.150072435824605,5.720319716754684
0380025W,Collège le Chamandier,public,hors EP,131.4,88.8,0.0,conforme,89.6,0.0,conforme,38179,GIERES,38,ISERE,8,GRENOBLE,45.18321787995585,5.781129355095292
0380026X,Collège Liers et Lemps,public,hors EP,111.8,88.8,0.0,conforme,89.6,0.0,conforme,38182,LE GRAND LEMPS,38,ISERE,8,GRENOBLE,45.395270623816685,5.422380030601484
0380038K,Collège Jacques Prévert,public,hors EP,116.9,88.8,0.0,conforme,89.6,0.0,conforme,38189,HEYRIEUX,38,ISERE,8,GRENOBLE,45.6300824251999,5.055609415924526
0380039L,Collège du Trièves,public,hors EP,113.1,88.8,0.0,conforme,89.6,0.0,conforme,38226,MENS,38,ISERE,8,GRENOBLE,44.81599274313365,5.749589959318093
0380044S,Collège Marcel Cuynat,public,hors EP,116.8,88.8,0.0,conforme,89.6,0.0,conforme,38242,MONESTIER DE CLERMONT,38,ISERE,8,GRENOBLE,44.91542827013996,5.630070529489637
0380045T,Collège les Pierres Plantes,public,hors EP,103.0,88.8,0.0,conforme,89.6,0.0,conforme,38247,MONTALIEU VERCIEU,38,ISERE,8,GRENOBLE,45.8063114059165,5.399224086726931
0380046U,Collège François Auguste Ravier,public,hors EP,103.5,88.8,0.0,conforme,89.6,0.0,conforme,38261,MORESTEL,38,ISERE,8,GRENOBLE,45.67970147049935,5.465239885359515
0380047V,Collège du Vallon des Mottes,public,hors EP,106.8,88.8,0.0,conforme,89.6,0.0,conforme,38265,LA MOTTE D AVEILLANS,38,ISERE,8,GRENOBLE,44.96098688976949,5.743999839857053
0380050Y,Collège de l'Édit,public,REP,82.7,88.8,0.0,conforme,89.6,0.0,conforme,38344,ROUSSILLON,38,ISERE,8,GRENOBLE,45.36835492126682,4.802910595898863
0380055D,Collège Raymond Guelen,public,hors EP,107.6,88.8,0.0,conforme,89.6,0.0,conforme,38319,PONT EN ROYANS,38,ISERE,8,GRENOBLE,45.06421889040524,5.342230496927908
0380058G,Collège Barnave,public,hors EP,123.4,88.8,0.0,conforme,89.6,0.0,conforme,38382,SAINT EGREVE,38,ISERE,8,GRENOBLE,45.23050742552819,5.689259709589466
0380059H,Collège Rose Valland,public,hors EP,106.9,88.8,0.0,conforme,89.6,0.0,conforme,38384,SAINT ETIENNE DE SAINT GEOIRS,38,ISERE,8,GRENOBLE,45.343190762047634,5.341624793964133
0380062L,Collège le Grand Som,public,hors EP,116.4,88.8,0.0,conforme,89.6,0.0,conforme,38412,SAINT LAURENT DU PONT,38,ISERE,8,GRENOBLE,45.39292523616701,5.733059828432784
0380065P,Collège Henri Wallon,public,REP,87.7,88.8,0.0,conforme,89.6,0.0,conforme,38421,SAINT MARTIN D HERES,38,ISERE,8,GRENOBLE,45.17553965675825,5.764599912225057
0380067S,Collège Condorcet,public,hors EP,115.9,88.8,0.0,conforme,89.6,0.0,conforme,38517,TULLINS,38,ISERE,8,GRENOBLE,45.29847577409223,5.486220580898143
0380068T,Collège Marcel Mariotte,public,hors EP,96.6,88.8,0.0,conforme,89.6,0.0,conforme,38457,SAINT SIMEON DE BRESSIEUX,38,ISERE,8,GRENOBLE,45.32767537084639,5.268200605022827
0380072X,Collège Pierre Dubois,public,hors EP,107.2,88.8,0.0,conforme,89.6,0.0,conforme,38485,SEYSSINET PARISET,38,ISERE,8,GRENOBLE,45.1761197483732,5.689690556617727
0380087N,Collège Joseph Chassigneux,public,hors EP,111.4,88.8,0.0,conforme,89.6,0.0,conforme,38559,VINAY,38,ISERE,8,GRENOBLE,45.21001469398157,5.407339856421297
0380111P,Collège Pré Bénit,public,hors EP,96.8,88.8,0.0,conforme,89.6,0.0,conforme,38053,BOURGOIN JALLIEU,38,ISERE,8,GRENOBLE,45.59100827317428,5.291630528707892
0380278W,Collège le Calloud,public,hors EP,96.5,88.8,0.0,conforme,89.6,0.0,conforme,38509,LA TOUR DU PIN,38,ISERE,8,GRENOBLE,45.57161025155332,5.445399635536207
0380356F,Collège Jules Vallès,public,hors EP,99.9,88.8,0.0,conforme,89.6,0.0,conforme,38169,FONTAINE,38,ISERE,8,GRENOBLE,45.195224607476455,5.680420097587849
0380357G,Collège Édouard Vaillant,public,hors EP,90.4,88.8,0.0,conforme,89.6,0.0,conforme,38421,SAINT MARTIN D HERES,38,ISERE,8,GRENOBLE,45.17909365532876,5.754519804977391
0381604M,Collège Vercors,public,REP,84.4,88.8,0.0,conforme,89.6,0.0,conforme,38185,GRENOBLE,38,ISERE,8,GRENOBLE,45.177163473158906,5.743450407698
0381776Z,Collège Fantin Latour,public,hors EP,109.6,88.8,0.0,conforme,89.6,0.0,conforme,38185,GRENOBLE,38,ISERE,8,GRENOBLE,45.18643362709889,5.7145903003811975
0381777A,Collège Lionel Terray,public,hors EP,137.0,88.8,0.0,conforme,89.6,0.0,conforme,38229,MEYLAN,38,ISERE,8,GRENOBLE,45.20915645900236,5.765990326417343
0381778B,Collège Belledonne,public,hors EP,124.2,88.8,0.0,conforme,89.6,0.0,conforme,38547,VILLARD BONNOT,38,ISERE,8,GRENOBLE,45.24513240301053,5.897493946731832
0381779C,Collège les Mattons,public,hors EP,110.9,88.8,0.0,conforme,89.6,0.0,conforme,38562,VIZILLE,38,ISERE,8,GRENOBLE,45.08673822168565,5.775450530668315
0381780D,Collège Olympique,public,REP,72.2,88.8,0.0,conforme,89.6,0.0,conforme,38185,GRENOBLE,38,ISERE,8,GRENOBLE,45.161731024705865,5.728090455359271
0381810L,Collège Gérard Philipe,public,REP,86.4,88.8,0.0,conforme,89.6,0.0,conforme,38169,FONTAINE,38,ISERE,8,GRENOBLE,45.1998522454648,5.678450539194562
0381812N,Collège Fernand Léger,public,hors EP,99.3,88.8,0.0,conforme,89.6,0.0,conforme,38421,SAINT MARTIN D HERES,38,ISERE,8,GRENOBLE,45.168316764362544,5.764993729293553
0381903M,Collège Jean Vilar,public,REP+,70.3,88.8,0.0,conforme,89.6,0.0,conforme,38151,ECHIROLLES,38,ISERE,8,GRENOBLE,45.15602264814618,5.730740310609724
0381905P,Collège Marcel Chène,public,hors EP,112.7,88.8,0.0,conforme,89.6,0.0,conforme,38314,PONTCHARRA,38,ISERE,8,GRENOBLE,45.43214527180018,6.009170239471321
0381907S,Collège Ponsard,public,REP,98.7,88.8,9.900000000000006,sur-inclus,89.6,9.100000000000009,sur-inclus,38544,VIENNE,38,ISERE,8,GRENOBLE,45.52647975925464,4.87715053326017
0381908T,Collège le Vergeron,public,hors EP,116.2,88.8,0.0,conforme,89.6,0.0,conforme,38239,MOIRANS,38,ISERE,8,GRENOBLE,45.320530308881736,5.565754852217989
0382032C,Collège Lucie Aubrac,public,REP+,76.8,88.8,0.0,conforme,89.6,0.0,conforme,38185,GRENOBLE,38,ISERE,8,GRENOBLE,45.16610722459182,5.734299014855217
0382035F,Collège Charles Munch,public,hors EP,96.7,88.8,0.0,conforme,89.6,0.0,conforme,38185,GRENOBLE,38,ISERE,8,GRENOBLE,45.17375047383416,5.7371100497222685
0382036G,Collège Chartreuse,public,hors EP,112.0,88.8,0.0,conforme,89.6,0.0,conforme,38423,SAINT MARTIN LE VINOUX,38,ISERE,8,GRENOBLE,45.21784861041227,5.689879600330929
0382039K,Collège le Massegu,public,hors EP,117.5,88.8,0.0,conforme,89.6,0.0,conforme,38545,VIF,38,ISERE,8,GRENOBLE,45.051478674187656,5.67203031640365
0382041M,Collège Jules Flandrin,public,hors EP,136.9,88.8,0.0,conforme,89.6,0.0,conforme,38126,CORENC,38,ISERE,8,GRENOBLE,45.20909670242585,5.757660537630912
0382042N,Collège la Garenne,public,hors EP,114.0,88.8,0.0,conforme,89.6,0.0,conforme,38563,VOIRON,38,ISERE,8,GRENOBLE,45.37352750161316,5.587739509834268
0382043P,Collège Frédéric Mistral,public,hors EP,93.0,88.8,0.0,conforme,89.6,0.0,conforme,38425,SAINT MAURICE L EXIL,38,ISERE,8,GRENOBLE,45.3963341036798,4.779849760628716
0382044R,Collège Pablo Picasso,public,REP,78.7,88.8,0.0,conforme,89.6,0.0,conforme,38151,ECHIROLLES,38,ISERE,8,GRENOBLE,45.144597689992025,5.697010377282649
0382098Z,Collège Alexander Fleming,public,hors EP,118.6,88.8,0.0,conforme,89.6,0.0,conforme,38474,SASSENAGE,38,ISERE,8,GRENOBLE,45.20356865894766,5.669420082479745
0382100B,Collège du Grésivaudan,public,hors EP,142.2,88.8,0.0,conforme,89.6,0.0,conforme,38397,SAINT ISMIER,38,ISERE,8,GRENOBLE,45.24123080853526,5.820960342609566
0382101C,Collège Jacques Brel,public,hors EP,97.5,88.8,0.0,conforme,89.6,0.0,conforme,38034,BEAUREPAIRE,38,ISERE,8,GRENOBLE,45.338581612659375,5.064329547899554
0382103E,Collège Lamartine,public,hors EP,115.4,88.8,0.0,conforme,89.6,0.0,conforme,38138,CREMIEU,38,ISERE,8,GRENOBLE,45.72322863082592,5.246660478563362
0382104F,Collège Louis Aragon,public,REP,83.2,88.8,0.0,conforme,89.6,0.0,conforme,38553,VILLEFONTAINE,38,ISERE,8,GRENOBLE,45.61853121196117,5.149710052183323
0382110M,Collège le Grand Champ,public,REP,89.2,88.8,0.4000000000000057,sur-inclus,89.6,0.0,conforme,38316,PONT DE CHERUY,38,ISERE,8,GRENOBLE,45.75803078916312,5.1746701072346015
0382111N,Collège Champollion,public,hors EP,115.4,88.8,0.0,conforme,89.6,0.0,conforme,38185,GRENOBLE,38,ISERE,8,GRENOBLE,45.18638109362686,5.725840044263136
0382114S,Collège Stendhal,public,hors EP,115.3,88.8,0.0,conforme,89.6,0.0,conforme,38185,GRENOBLE,38,ISERE,8,GRENOBLE,45.18938299512211,5.730009016742572
0382115T,Collège Claude et Germain Grange,public,hors EP,102.7,88.8,0.0,conforme,89.6,0.0,conforme,38487,SEYSSUEL,38,ISERE,8,GRENOBLE,45.54676988827735,4.863600229079565
0382147C,Collège Jongkind,public,hors EP,95.7,88.8,0.0,conforme,89.6,0.0,conforme,38130,LA COTE SAINT ANDRE,38,ISERE,8,GRENOBLE,45.39014083688843,5.26357052958004
0382174G,Collège Savaldor Allende,public,REP,89.3,88.8,0.5,sur-inclus,89.6,0.0,conforme,38053,BOURGOIN JALLIEU,38,ISERE,8,GRENOBLE,45.61240302814959,5.265332604256228
0382176J,Collège Anne Frank,public,hors EP,105.8,88.8,0.0,conforme,89.6,0.0,conforme,38537,LA VERPILLIERE,38,ISERE,8,GRENOBLE,45.634413113118846,5.140750055905572
0382204P,Collège La Pierre Aiguille,public,hors EP,134.5,88.8,0.0,conforme,89.6,0.0,conforme,38511,LE TOUVET,38,ISERE,8,GRENOBLE,45.36150608433988,5.947130602523035
0382265F,Collège Fernand Bouvier,public,hors EP,106.0,88.8,0.0,conforme,89.6,0.0,conforme,38399,SAINT JEAN DE BOURNAY,38,ISERE,8,GRENOBLE,45.49774561304263,5.142170300003811
0382266G,Collège Robert Desnos,public,hors EP,108.1,88.8,0.0,conforme,89.6,0.0,conforme,38337,RIVES,38,ISERE,8,GRENOBLE,45.35026322274047,5.503850564064076
0382268J,Collège la Moulinière,public,hors EP,116.1,88.8,0.0,conforme,89.6,0.0,conforme,38150,DOMENE,38,ISERE,8,GRENOBLE,45.19635806973897,5.8268502688252966
0382426F,Collège Louis Mauberret,public,hors EP,105.0,88.8,0.0,conforme,89.6,0.0,conforme,38269,LA MURE,38,ISERE,8,GRENOBLE,44.90180329026904,5.798509642594976
0382427G,Collège le Guillon,public,hors EP,104.6,88.8,0.0,conforme,89.6,0.0,conforme,38315,LE PONT DE BEAUVOISIN,38,ISERE,8,GRENOBLE,45.53762145107356,5.657259902030709
0382428H,Collège le Savouret,public,hors EP,99.0,88.8,0.0,conforme,89.6,0.0,conforme,38416,SAINT MARCELLIN,38,ISERE,8,GRENOBLE,45.15863871345989,5.319069756903708
0382429J,Collège Jean Prévost,public,hors EP,130.3,88.8,0.0,conforme,89.6,0.0,conforme,38548,VILLARD DE LANS,38,ISERE,8,GRENOBLE,45.063693629081726,5.555459955142692
0382430K,Collège de l'Isle,public,hors EP,111.1,88.8,0.0,conforme,89.6,0.0,conforme,38544,VIENNE,38,ISERE,8,GRENOBLE,45.50570608857339,4.852547892456525
0382431L,Collège Marc Sangnier,public,hors EP,129.6,88.8,0.0,conforme,89.6,0.0,conforme,38486,SEYSSINS,38,ISERE,8,GRENOBLE,45.164724761811726,5.6900993686557415
0382492C,Collège les Buclos,public,hors EP,129.7,88.8,0.0,conforme,89.6,0.0,conforme,38229,MEYLAN,38,ISERE,8,GRENOBLE,45.205160779855,5.776620361404302
0382495F,Collège Plan Menu,public,hors EP,126.0,88.8,0.0,conforme,89.6,0.0,conforme,38133,COUBLEVIE,38,ISERE,8,GRENOBLE,45.35315319673524,5.6024578264561615
0382504R,Collège Georges Brassens,public,hors EP,90.4,88.8,0.0,conforme,89.6,0.0,conforme,38318,PONT EVEQUE,38,ISERE,8,GRENOBLE,45.53069286816266,4.92644189871169
0382506T,Collège Sonia Delaunay,public,hors EP,104.6,88.8,0.0,conforme,89.6,0.0,conforme,38553,VILLEFONTAINE,38,ISERE,8,GRENOBLE,45.604113321632326,5.148080389690271
0382621T,Collège les Dauphins,public,hors EP,106.7,88.8,0.0,conforme,89.6,0.0,conforme,38401,SAINT JEAN DE SOUDAIN,38,ISERE,8,GRENOBLE,45.56224628877244,5.43128036428995
0382663N,Collège André Malraux,public,hors EP,120.2,88.8,0.0,conforme,89.6,0.0,conforme,38565,VOREPPE,38,ISERE,8,GRENOBLE,45.28848465951847,5.63961450025656
0382705J,Collège Philippe Cousteau,public,hors EP,105.2,88.8,0.0,conforme,89.6,0.0,conforme,38507,TIGNIEU JAMEYZIEU,38,ISERE,8,GRENOBLE,45.74522087746404,5.175749947399328
0382706K,Collège les Allinges,public,hors EP,106.2,88.8,0.0,conforme,89.6,0.0,conforme,38449,SAINT QUENTIN FALLAVIER,38,ISERE,8,GRENOBLE,45.62903707692166,5.114309184644397
0382781S,Collège Simone de Beauvoir,public,hors EP,124.2,88.8,0.0,conforme,89.6,0.0,conforme,38140,CROLLES,38,ISERE,8,GRENOBLE,45.27843538823611,5.878670547119107
0382782T,Collège Le Clos Jouvin,public,hors EP,125.7,88.8,0.0,conforme,89.6,0.0,conforme,38200,JARRIE,38,ISERE,8,GRENOBLE,45.09829498110268,5.74685991602253
0382786X,Collège François Truffaut,public,hors EP,89.2,88.8,0.0,conforme,89.6,0.3999999999999915,oublie,38193,L ISLE D ABEAU,38,ISERE,8,GRENOBLE,45.62265433995975,5.226270317781658
0382864G,Collège René Cassin,public,hors EP,91.8,88.8,0.0,conforme,89.6,0.0,conforme,38553,VILLEFONTAINE,38,ISERE,8,GRENOBLE,45.60199242872388,5.169779776156803
0382865H,Collège Georges Pompidou,public,hors EP,124.3,88.8,0.0,conforme,89.6,0.0,conforme,38111,CLAIX,38,ISERE,8,GRENOBLE,45.12020041025168,5.693920332793923
0383056R,Collège Robert Doisneau,public,hors EP,89.3,88.8,0.0,conforme,89.6,0.29999999999999716,oublie,38193,L ISLE D ABEAU,38,ISERE,8,GRENOBLE,45.62077232607827,5.210609704464847
0383141H,Collège de Péranche,public,hors EP,115.4,88.8,0.0,conforme,89.6,0.0,conforme,38389,SAINT GEORGES D ESPERANCHE,38,ISERE,8,GRENOBLE,45.55471137709071,5.085960171974795
0383243U,Collège international Europole,public,hors EP,147.3,88.8,0.0,conforme,89.6,0.0,conforme,38185,GRENOBLE,38,ISERE,8,GRENOBLE,45.19490094939411,5.711579581937282
0383253E,Collège Jean Ferrat,public,hors EP,100.7,88.8,0.0,conforme,89.6,0.0,conforme,38468,SALAISE SUR SANNE,38,ISERE,8,GRENOBLE,45.339034687146416,4.818079563657073
0383260M,Collège Jules Verne,public,hors EP,121.4,88.8,0.0,conforme,89.6,0.0,conforme,38524,VARCES ALLIERES ET RISSET,38,ISERE,8,GRENOBLE,45.094950681277545,5.673249443560194
0383300F,Collège Icare,public,hors EP,121.6,88.8,0.0,conforme,89.6,0.0,conforme,38181,GONCELIN,38,ISERE,8,GRENOBLE,45.34447201153273,5.978689747298473
0383301G,Collège Frédéric Dard,public,hors EP,113.8,88.8,0.0,conforme,89.6,0.0,conforme,38374,SAINT CHEF,38,ISERE,8,GRENOBLE,45.6415569790499,5.359476277683412
0383345E,Collège Olympe de Gouges,public,hors EP,115.0,88.8,0.0,conforme,89.6,0.0,conforme,38095,CHATTE,38,ISERE,8,GRENOBLE,45.13945646124848,5.291689502834238
0383370G,Collège Aimé Césaire,public,hors EP,91.5,88.8,0.0,conforme,89.6,0.0,conforme,38185,GRENOBLE,38,ISERE,8,GRENOBLE,45.17360573035204,5.706289743106682
0383454Y,Collège des collines,public,hors EP,115.6,88.8,0.0,conforme,89.6,0.0,conforme,38105,CHIRENS,38,ISERE,8,GRENOBLE,45.41017306555599,5.556889890362145
0383455Z,Collège Stephen Hawking,public,hors EP,116.9,88.8,0.0,conforme,89.6,0.0,conforme,38193,L ISLE D ABEAU,38,ISERE,8,GRENOBLE,45.60340710573274,5.224538340890067
0383494S,Collège les Saules,public,hors EP,92.2,88.8,0.0,conforme,89.6,0.0,conforme,38158,EYBENS,38,ISERE,8,GRENOBLE,45.16228816233114,5.741125162408624
0383542U,Collège Simone Veil,public,hors EP,109.2,88.8,0.0,conforme,89.6,0.0,conforme,38069,CHAMPIER,38,ISERE,8,GRENOBLE,45.45695728961314,5.2903597214107645
0390004T,Collège du Parc,public,hors EP,104.0,88.8,0.0,conforme,88.9,0.0,conforme,39056,BLETTERANS,39,JURA,3,BESANCON,46.743708419726936,5.456439513939872
0390009Y,Collège des Lacs,public,hors EP,108.6,88.8,0.0,conforme,88.9,0.0,conforme,39154,CLAIRVAUX LES LACS,39,JURA,3,BESANCON,46.57421041228855,5.755289849794156
0390010Z,Collège Jean Jaurès,public,hors EP,102.5,88.8,0.0,conforme,88.9,0.0,conforme,39189,DAMPARIS,39,JURA,3,BESANCON,47.06815783045048,5.414599444546968
0390016F,Collège Gustave Eiffel,public,hors EP,106.9,88.8,0.0,conforme,88.9,0.0,conforme,39235,FRAISANS,39,JURA,3,BESANCON,47.1469917449159,5.769149587423718
0390022M,Collège Aristide Briand,public,hors EP,107.7,88.8,0.0,conforme,88.9,0.0,conforme,39300,LONS LE SAUNIER,39,JURA,3,BESANCON,46.66968941337521,5.550840205004013
0390025R,Collège Pierre Vernotte,public,hors EP,100.6,88.8,0.0,conforme,88.9,0.0,conforme,39333,MOIRANS EN MONTAGNE,39,JURA,3,BESANCON,46.43691520532894,5.721950170115803
0390028U,Collège Pierre-Hyacinthe Cazeaux,public,hors EP,91.4,88.8,0.0,conforme,88.9,0.0,conforme,39368,HAUTS DE BIENNE,39,JURA,3,BESANCON,46.5188939203373,6.025505225727871
0390031X,Collège Michel Brézillon,public,hors EP,103.8,88.8,0.0,conforme,88.9,0.0,conforme,39397,ORGELET,39,JURA,3,BESANCON,46.52268589979346,5.614600254500371
0390783P,Collège Xavier Bichat,public,hors EP,100.3,88.8,0.0,conforme,88.9,0.0,conforme,39016,ARINTHOD,39,JURA,3,BESANCON,46.39280180133507,5.563370202503507
0390784R,Collège Gilbert Cousin,public,hors EP,99.5,88.8,0.0,conforme,88.9,0.0,conforme,39391,NOZEROY,39,JURA,3,BESANCON,46.779338290770895,6.046260583534552
0390785S,Collège Lucien Febvre,public,hors EP,96.1,88.8,0.0,conforme,88.9,0.0,conforme,39475,SAINT AMOUR,39,JURA,3,BESANCON,46.43887463703944,5.342547602703235
0390797E,Collège de l'Arc,public,hors EP,103.0,88.8,0.0,conforme,88.9,0.0,conforme,39198,DOLE,39,JURA,3,BESANCON,47.092512492333086,5.491059813842252
0390798F,Collège Jules Grévy,public,hors EP,101.3,88.8,0.0,conforme,88.9,0.0,conforme,39434,POLIGNY,39,JURA,3,BESANCON,46.837575759175536,5.698159553326336
0390800H,Collège Claude Nicolas Ledoux,public,hors EP,107.5,88.8,0.0,conforme,88.9,0.0,conforme,39198,DOLE,39,JURA,3,BESANCON,47.070834943498696,5.502720541150207
0390823H,Collège des Vernaux Marius Daubigney,public,hors EP,101.3,88.8,0.0,conforme,88.9,0.0,conforme,39526,TAVAUX,39,JURA,3,BESANCON,47.04387406569472,5.402060604431044
0390883Y,Collège Maryse Bastié,public,REP,89.2,88.8,0.4000000000000057,sur-inclus,88.9,0.29999999999999716,sur-inclus,39198,DOLE,39,JURA,3,BESANCON,47.08340082443504,5.468919719671181
0390906Y,Collège Rouget-de-Lisle,public,hors EP,111.5,88.8,0.0,conforme,88.9,0.0,conforme,39300,LONS LE SAUNIER,39,JURA,3,BESANCON,46.67222898532074,5.547599819745884
0390907Z,Collège Saint-Exupéry,public,hors EP,89.2,88.8,0.0,conforme,88.9,0.0,conforme,39300,LONS LE SAUNIER,39,JURA,3,BESANCON,46.67961909845252,5.565940517303166
0390916J,Collège Louis Bouvier,public,hors EP,102.7,88.8,0.0,conforme,88.9,0.0,conforme,39487,SAINT LAURENT EN GRANDVAUX,39,JURA,3,BESANCON,46.57817581752256,5.953989894486795
0390922R,Collège Marcel Aymé,public,hors EP,93.5,88.8,0.0,conforme,88.9,0.0,conforme,39128,CHAUSSIN,39,JURA,3,BESANCON,46.96907372224679,5.40875062388315
0390923S,Collège le Rochat,public,hors EP,114.7,88.8,0.0,conforme,88.9,0.0,conforme,39470,LES ROUSSES,39,JURA,3,BESANCON,46.489607694774215,6.0696700528740415
0390924T,Collège Pré Saint-Sauveur,public,REP,86.8,88.8,0.0,conforme,88.9,0.0,conforme,39478,SAINT CLAUDE,39,JURA,3,BESANCON,46.3794007022961,5.868670532163426
0390960G,Collège Louis Pasteur,public,hors EP,108.7,88.8,0.0,conforme,88.9,0.0,conforme,39013,ARBOIS,39,JURA,3,BESANCON,46.90343265763138,5.774440348000051
0390961H,Collège les Louataux,public,hors EP,98.2,88.8,0.0,conforme,88.9,0.0,conforme,39097,CHAMPAGNOLE,39,JURA,3,BESANCON,46.7337803680386,5.9265896649911625
0390962J,Collège Victor Considerant,public,hors EP,107.6,88.8,0.0,conforme,88.9,0.0,conforme,39500,SALINS LES BAINS,39,JURA,3,BESANCON,46.949158115055546,5.882903591378322
0390997X,Collège Jules Grévy,public,hors EP,103.4,88.8,0.0,conforme,88.9,0.0,conforme,39365,MONT SOUS VAUDREY,39,JURA,3,BESANCON,46.98237367694576,5.60526994804134
0391035N,Collège du Plateau,public,hors EP,94.6,88.8,0.0,conforme,88.9,0.0,conforme,39286,LAVANS LES SAINT CLAUDE,39,JURA,3,BESANCON,46.39242834802411,5.7886534489811705
0400003L,Collège du Pays des Luys,public,hors EP,102.3,88.8,0.0,conforme,92.4,0.0,conforme,40002,AMOU,40,LANDES,4,BORDEAUX,43.594142524179446,-0.7392649302192955
0400005N,Collège Jean Rostand,public,hors EP,117.4,88.8,0.0,conforme,92.4,0.0,conforme,40065,CAPBRETON,40,LANDES,4,BORDEAUX,43.65117727802004,-1.425503128268738
0400010U,Collège Jules Ferry,public,REP,92.2,88.8,3.4000000000000057,sur-inclus,92.4,0.0,conforme,40102,GABARRET,40,LANDES,4,BORDEAUX,43.98525987110205,0.0062843000057229
0400011V,Collège Pierre de Castelnau,public,hors EP,103.4,88.8,0.0,conforme,92.4,0.0,conforme,40110,GEAUNE,40,LANDES,4,BORDEAUX,43.638720678897215,-0.3809743880641295
0400012W,Collège Val d'Adour,public,hors EP,108.7,88.8,0.0,conforme,92.4,0.0,conforme,40117,GRENADE SUR L ADOUR,40,LANDES,4,BORDEAUX,43.7743153126739,-0.4315607675589583
0400014Y,Collège Félix Arnaudin,public,REP,94.0,88.8,5.200000000000003,sur-inclus,92.4,1.5999999999999943,sur-inclus,40134,LABOUHEYRE,40,LANDES,4,BORDEAUX,44.20061499364876,-0.916308634778351
0400023H,Collège Serge Barranx,public,hors EP,103.4,88.8,0.0,conforme,92.4,0.0,conforme,40194,MONTFORT EN CHALOSSE,40,LANDES,4,BORDEAUX,43.70987867827824,-0.8416681967067063
0400025K,Collège René Soubaigné,public,hors EP,99.9,88.8,0.0,conforme,92.4,0.0,conforme,40201,MUGRON,40,LANDES,4,BORDEAUX,43.7491399176928,-0.749527482811644
0400026L,Collège Saint-Exupéry,public,hors EP,101.2,88.8,0.0,conforme,92.4,0.0,conforme,40217,PARENTIS EN BORN,40,LANDES,4,BORDEAUX,44.35713498308802,-1.0688211737808484
0400028N,Collège du Pays d'Orthe,public,hors EP,101.2,88.8,0.0,conforme,92.4,0.0,conforme,40224,PEYREHORADE,40,LANDES,4,BORDEAUX,43.5487889880779,-1.0922605595816703
0400032T,Collège Rosa Parks,public,hors EP,103.4,88.8,0.0,conforme,92.4,0.0,conforme,40233,POUILLON,40,LANDES,4,BORDEAUX,43.60583172823358,-0.9968196949005802
0400033U,Collège Marie Curie,public,hors EP,99.8,88.8,0.0,conforme,92.4,0.0,conforme,40243,RION DES LANDES,40,LANDES,4,BORDEAUX,43.936169956156434,-0.923247001463269
0400034V,Collège George Sand,public,hors EP,99.4,88.8,0.0,conforme,92.4,0.0,conforme,40245,ROQUEFORT,40,LANDES,4,BORDEAUX,44.03198233458615,-0.3215214868366939
0400038Z,Collège Cap de Gascogne,public,hors EP,105.3,88.8,0.0,conforme,92.4,0.0,conforme,40282,SAINT SEVER,40,LANDES,4,BORDEAUX,43.75653499323728,-0.5737357416060608
0400039A,Collège Jean-Claude Sescousse,public,hors EP,109.5,88.8,0.0,conforme,92.4,0.0,conforme,40284,SAINT VINCENT DE TYROSSE,40,LANDES,4,BORDEAUX,43.65815296495225,-1.3085031686106314
0400042D,Collège Jean Rostand,public,hors EP,99.3,88.8,0.0,conforme,92.4,0.0,conforme,40313,TARTAS,40,LANDES,4,BORDEAUX,43.835613796083706,-0.8112290667403639
0400043E,Collège Pierre Blanquie,public,hors EP,103.6,88.8,0.0,conforme,92.4,0.0,conforme,40331,VILLENEUVE DE MARSAN,40,LANDES,4,BORDEAUX,43.89258800317648,-0.3015326725508683
0400090F,Collège Gaston Crampe,public,hors EP,105.6,88.8,0.0,conforme,92.4,0.0,conforme,40001,AIRE SUR L ADOUR,40,LANDES,4,BORDEAUX,43.69169469172228,-0.2782815160374162
0400091G,Collège Langevin-Wallon,public,hors EP,111.8,88.8,0.0,conforme,92.4,0.0,conforme,40312,TARNOS,40,LANDES,4,BORDEAUX,43.54521583543784,-1.4835303360318983
0400092H,Collège Jean Mermoz,public,hors EP,106.3,88.8,0.0,conforme,92.4,0.0,conforme,40046,BISCARROSSE,40,LANDES,4,BORDEAUX,44.3940230426088,-1.160445879098137
0400093J,Collège Henri Scognamiglio,public,hors EP,95.3,88.8,0.0,conforme,92.4,0.0,conforme,40197,MORCENX LA NOUVELLE,40,LANDES,4,BORDEAUX,44.039424799288966,-0.9134371221300543
0400096M,Collège Jean Moulin,public,hors EP,95.9,88.8,0.0,conforme,92.4,0.0,conforme,40279,SAINT PAUL LES DAX,40,LANDES,4,BORDEAUX,43.726734931701536,-1.0526160054522655
0400103V,Collège Lubet Barbon,public,hors EP,98.6,88.8,0.0,conforme,92.4,0.0,conforme,40281,SAINT PIERRE DU MONT,40,LANDES,4,BORDEAUX,43.87779141657054,-0.5093728558010466
0400105X,Collège Jacques Prévert,public,hors EP,101.5,88.8,0.0,conforme,92.4,0.0,conforme,40184,MIMIZAN,40,LANDES,4,BORDEAUX,44.20391567406544,-1.222357083192912
0400648M,Collège Victor Duruy,public,REP,88.1,88.8,0.0,conforme,92.4,0.0,conforme,40192,MONT DE MARSAN,40,LANDES,4,BORDEAUX,43.89753517334212,-0.5007480155494959
0400727Y,Collège Jean-Marie Lonné,public,hors EP,97.1,88.8,0.0,conforme,92.4,0.0,conforme,40119,HAGETMAU,40,LANDES,4,BORDEAUX,43.65467028534577,-0.5903718857251267
0400728Z,Collège François Mitterrand,public,hors EP,111.0,88.8,0.0,conforme,92.4,0.0,conforme,40310,SOUSTONS,40,LANDES,4,BORDEAUX,43.7541027216524,-1.3307870759937983
0400729A,Collège Léonce Dussarrat dit Léon des Landes,public,hors EP,101.4,88.8,0.0,conforme,92.4,0.0,conforme,40088,DAX,40,LANDES,4,BORDEAUX,43.7053296231459,-1.0588430204792658
0400740M,Collège d'Albret,public,hors EP,99.5,88.8,0.0,conforme,92.4,0.0,conforme,40088,DAX,40,LANDES,4,BORDEAUX,43.70269955711285,-1.0327358474483954
0400774Z,Collège Cel le Gaucher,public,hors EP,109.8,88.8,0.0,conforme,92.4,0.0,conforme,40192,MONT DE MARSAN,40,LANDES,4,BORDEAUX,43.882512288627865,-0.4711155667518061
0400779E,Collège Jean Rostand,public,hors EP,106.4,88.8,0.0,conforme,92.4,0.0,conforme,40192,MONT DE MARSAN,40,LANDES,4,BORDEAUX,43.8866032810804,-0.5020815201344144
0400874H,Collège François Truffaut,public,hors EP,110.8,88.8,0.0,conforme,92.4,0.0,conforme,40273,SAINT MARTIN DE SEIGNANX,40,LANDES,4,BORDEAUX,43.54026427406462,-1.3865794027206737
0401014K,Collège Gisèle Halimi,public,hors EP,116.2,88.8,0.0,conforme,92.4,0.0,conforme,40133,LABENNE,40,LANDES,4,BORDEAUX,43.58849585697149,-1.44783166743748
0401015L,Collège Lucie Aubrac,public,hors EP,107.6,88.8,0.0,conforme,92.4,0.0,conforme,40155,LINXE,40,LANDES,4,BORDEAUX,43.91936979918296,-1.252387157729807
0401048X,Collège Nelson Mandela,public,hors EP,116.9,88.8,0.0,conforme,92.4,0.0,conforme,40046,BISCARROSSE,40,LANDES,4,BORDEAUX,44.415721983785815,-1.157303525227308
0401066S,Collège Danielle Mitterrand,public,hors EP,106.4,88.8,0.0,conforme,92.4,0.0,conforme,40279,SAINT PAUL LES DAX,40,LANDES,4,BORDEAUX,43.73538988379585,-1.03533991542344
0401070W,Collège Aimé Césaire,public,hors EP,107.2,88.8,0.0,conforme,92.4,0.0,conforme,40261,SAINT GEOURS DE MAREMNE,40,LANDES,4,BORDEAUX,43.69329634168055,-1.2199043617044203
0401077D,Collège Henri Emmanuelli,public,hors EP,90.8,88.8,0.0,conforme,92.4,1.6000000000000085,oublie,40135,LABRIT,40,LANDES,4,BORDEAUX,44.09654166575604,-0.5481411370790018
0401091U,Collège Élisabeth et Robert Badinter,public,hors EP,118.2,88.8,0.0,conforme,92.4,0.0,conforme,40004,ANGRESSE,40,LANDES,4,BORDEAUX,43.66038076145242,-1.3582992189175036
0410003F,Collège Blois-Bégon,public,REP+,74.5,88.8,0.0,conforme,86.4,0.0,conforme,41018,BLOIS,41,LOIR-ET-CHER,18,ORLEANS-TOURS,47.59353384896432,1.3079994744129548
0410005H,Collège Hubert Fillay,public,hors EP,111.8,88.8,0.0,conforme,86.4,0.0,conforme,41025,BRACIEUX,41,LOIR-ET-CHER,18,ORLEANS-TOURS,47.54904293908283,1.5470300474903584
0410008L,Collège Jean Rostand,public,hors EP,100.5,88.8,0.0,conforme,86.4,0.0,conforme,41106,LAMOTTE BEUVRON,41,LOIR-ET-CHER,18,ORLEANS-TOURS,47.59592126232975,2.0191804666340283
0410013S,Collège Louis Pasteur,public,hors EP,95.7,88.8,0.0,conforme,86.4,0.0,conforme,41154,MOREE,41,LOIR-ET-CHER,18,ORLEANS-TOURS,47.90558897157457,1.232279418004809
0410015U,Collège Lavoisier,public,hors EP,93.5,88.8,0.0,conforme,86.4,0.0,conforme,41171,OUCQUES LA NOUVELLE,41,LOIR-ET-CHER,18,ORLEANS-TOURS,47.82263269827949,1.2976003785045165
0410016V,Collège René Cassin,public,hors EP,98.9,88.8,0.0,conforme,86.4,0.0,conforme,41173,BEAUCE LA ROMAINE,41,LOIR-ET-CHER,18,ORLEANS-TOURS,47.909437834409,1.5303600425269182
0410019Y,Collège Maurice Genevoix,public,hors EP,94.3,88.8,0.0,conforme,86.4,0.0,conforme,41194,ROMORANTIN LANTHENAY,41,LOIR-ET-CHER,18,ORLEANS-TOURS,47.36301182060434,1.7430494630193054
0410024D,Collège Honoré de Balzac,public,hors EP,102.6,88.8,0.0,conforme,86.4,0.0,conforme,41199,SAINT AMAND LONGPRE,41,LOIR-ET-CHER,18,ORLEANS-TOURS,47.688530952776,1.0146305278550545
0410035R,Collège Louis Pergaud,public,hors EP,94.3,88.8,0.0,conforme,86.4,0.0,conforme,41159,NEUNG SUR BEUVRON,41,LOIR-ET-CHER,18,ORLEANS-TOURS,47.538746009589005,1.810799816622324
0410566T,Collège Clément Janequin,public,hors EP,97.7,88.8,0.0,conforme,86.4,0.0,conforme,41149,MONTOIRE SUR LE LOIR,41,LOIR-ET-CHER,18,ORLEANS-TOURS,47.74926817540915,0.871280035992696
0410593X,Collège Blois-Vienne,public,hors EP,108.1,88.8,0.0,conforme,86.4,0.0,conforme,41018,BLOIS,41,LOIR-ET-CHER,18,ORLEANS-TOURS,47.57329211746384,1.3386605832905478
0410595Z,Collège Saint-Exupéry,public,hors EP,100.5,88.8,0.0,conforme,86.4,0.0,conforme,41059,LE CONTROIS EN SOLOGNE,41,LOIR-ET-CHER,18,ORLEANS-TOURS,47.421745316184015,1.426202566860836
0410596A,Collège Alphonse Karr,public,hors EP,92.6,88.8,0.0,conforme,86.4,0.0,conforme,41143,MONDOUBLEAU,41,LOIR-ET-CHER,18,ORLEANS-TOURS,47.98121999742099,0.8993693796117779
0410631N,Collège Pierre de Ronsard,public,hors EP,100.4,88.8,0.0,conforme,86.4,0.0,conforme,41136,MER,41,LOIR-ET-CHER,18,ORLEANS-TOURS,47.69917182815623,1.4997104004274913
0410632P,Collège Joachim du Bellay,public,hors EP,97.6,88.8,0.0,conforme,86.4,0.0,conforme,41151,MONTRICHARD VAL DE CHER,41,LOIR-ET-CHER,18,ORLEANS-TOURS,47.346050424628096,1.179479367845515
0410651K,Collège les Pressigny,public,hors EP,90.2,88.8,0.0,conforme,86.4,0.0,conforme,41242,SELLES SUR CHER,41,LOIR-ET-CHER,18,ORLEANS-TOURS,47.2786369849022,1.5460801118233196
0410714D,Collège Joseph Paul-Boncour,public,hors EP,89.5,88.8,0.0,conforme,86.4,0.0,conforme,41198,SAINT AIGNAN,41,LOIR-ET-CHER,18,ORLEANS-TOURS,47.26064162468802,1.3694301268096392
0410715E,Collège Marcel Carné,public,hors EP,111.5,88.8,0.0,conforme,86.4,0.0,conforme,41295,VINEUIL,41,LOIR-ET-CHER,18,ORLEANS-TOURS,47.58472384985411,1.382971719477044
0410716F,Collège Joseph Crocheton,public,hors EP,107.4,88.8,0.0,conforme,86.4,0.0,conforme,41167,VEUZAIN SUR LOIRE,41,LOIR-ET-CHER,18,ORLEANS-TOURS,47.49854935392683,1.1724702431330056
0410717G,Collège Gaston Jollet,public,hors EP,95.5,88.8,0.0,conforme,86.4,0.0,conforme,41232,SALBRIS,41,LOIR-ET-CHER,18,ORLEANS-TOURS,47.43085647786811,2.06288960263168
0410768M,Collège Jean Emond,public,hors EP,101.8,88.8,0.0,conforme,86.4,0.0,conforme,41269,VENDOME,41,LOIR-ET-CHER,18,ORLEANS-TOURS,47.80471590386064,1.0596206260786385
0410790L,Collège les Provinces,public,hors EP,110.2,88.8,0.0,conforme,86.4,0.0,conforme,41018,BLOIS,41,LOIR-ET-CHER,18,ORLEANS-TOURS,47.601251260903474,1.3375005360853014
0410792N,Collège Robert Lasneau,public,hors EP,109.0,88.8,0.0,conforme,86.4,0.0,conforme,41269,VENDOME,41,LOIR-ET-CHER,18,ORLEANS-TOURS,47.78496185759776,1.078199749607903
0410793P,Collège Léonard de Vinci,public,REP,84.2,88.8,0.0,conforme,86.4,0.0,conforme,41194,ROMORANTIN LANTHENAY,41,LOIR-ET-CHER,18,ORLEANS-TOURS,47.35196978181528,1.7470997684602163
0410860M,Collège Augustin Thierry,public,hors EP,108.5,88.8,0.0,conforme,86.4,0.0,conforme,41018,BLOIS,41,LOIR-ET-CHER,18,ORLEANS-TOURS,47.59632563896045,1.3298701241331403
0410914W,Collège Marie Curie,public,hors EP,104.7,88.8,0.0,conforme,86.4,0.0,conforme,41220,SAINT LAURENT NOUAN,41,LOIR-ET-CHER,18,ORLEANS-TOURS,47.71947141272932,1.6270904183321675
0410952M,Collège François Rabelais,public,REP+,66.4,88.8,0.0,conforme,86.4,0.0,conforme,41018,BLOIS,41,LOIR-ET-CHER,18,ORLEANS-TOURS,47.59447793664912,1.3163799783909151
0420003A,Collège du Pilat,public,hors EP,109.8,88.8,0.0,conforme,87.5,0.0,conforme,42023,BOURG ARGENTAL,42,LOIRE,10,LYON,45.29939220581404,4.573660012084497
0420011J,Collège Jacques Brel,public,hors EP,109.5,88.8,0.0,conforme,87.5,0.0,conforme,42059,CHAZELLES SUR LYON,42,LOIRE,10,LYON,45.63421184303466,4.390929831067519
0420012K,Collège le Palais,public,hors EP,104.6,88.8,0.0,conforme,87.5,0.0,conforme,42094,FEURS,42,LOIRE,10,LYON,45.75124394459693,4.22326972803783
0420022W,Collège Robert Schuman,public,hors EP,100.3,88.8,0.0,conforme,87.5,0.0,conforme,42159,NOIRETABLE,42,LOIRE,10,LYON,45.81168848943404,3.760249763417408
0420023X,Collège des Montagnes du Matin,public,hors EP,103.2,88.8,0.0,conforme,87.5,0.0,conforme,42165,PANISSIERES,42,LOIRE,10,LYON,45.78905515675083,4.343599614626882
0420024Y,Collège Gaston Baty,public,hors EP,111.4,88.8,0.0,conforme,87.5,0.0,conforme,42168,PELUSSIN,42,LOIRE,10,LYON,45.41988370290503,4.676049451786229
0420035K,Collège Jean de La Fontaine,public,hors EP,92.8,88.8,0.0,conforme,87.5,0.0,conforme,42187,ROANNE,42,LOIRE,10,LYON,46.02819681803356,4.0530801064527004
0420038N,Collège Émile Falabrègue,public,hors EP,106.4,88.8,0.0,conforme,87.5,0.0,conforme,42204,SAINT BONNET LE CHATEAU,42,LOIRE,10,LYON,45.42155324580736,4.068339378644801
0420058K,Collège les Champs,public,hors EP,103.1,88.8,0.0,conforme,87.5,0.0,conforme,42218,SAINT ETIENNE,42,LOIRE,10,LYON,45.46410448054007,4.3757195772214725
0420060M,Collège Papire Masson,public,hors EP,107.8,88.8,0.0,conforme,87.5,0.0,conforme,42230,SAINT GERMAIN LAVAL,42,LOIRE,10,LYON,45.82828242784681,4.013400142885692
0420062P,Collège le Breuil,public,hors EP,101.9,88.8,0.0,conforme,87.5,0.0,conforme,42248,SAINT JUST EN CHEVALET,42,LOIRE,10,LYON,45.912829423011424,3.844400299215904
0420916T,Collège Puits de la Loire,public,REP,76.4,88.8,0.0,conforme,87.5,0.0,conforme,42218,SAINT ETIENNE,42,LOIRE,10,LYON,45.44486266638672,4.3727497411511065
0420968Z,Collège Ennemond Richard,public,hors EP,86.9,88.8,1.8999999999999915,oublie,87.5,0.5999999999999943,oublie,42207,SAINT CHAMOND,42,LOIRE,10,LYON,45.46873409064988,4.518024534724368
0421068H,Collège le Bois de la Rive,public,hors EP,103.4,88.8,0.0,conforme,87.5,0.0,conforme,42316,UNIEUX,42,LOIRE,10,LYON,45.40004577259041,4.259459530297409
0421084A,Collège les Étines,public,hors EP,98.6,88.8,0.0,conforme,87.5,0.0,conforme,42071,LE COTEAU,42,LOIRE,10,LYON,46.024858856692695,4.093359649249579
0421085B,Collège l'Astrée,public,hors EP,100.4,88.8,0.0,conforme,87.5,0.0,conforme,42019,BOEN SUR LIGNON,42,LOIRE,10,LYON,45.7428631640719,4.014289709760921
0421086C,Collège Charles Exbrayat,public,hors EP,102.2,88.8,0.0,conforme,87.5,0.0,conforme,42103,LA GRAND CROIX,42,LOIRE,10,LYON,45.49838174714388,4.573189781031106
0421171V,Collège Pierre et Marie Curie,public,hors EP,113.1,88.8,0.0,conforme,87.5,0.0,conforme,42305,LA TALAUDIERE,42,LOIRE,10,LYON,45.481236109835805,4.438050101133954
0421172W,Collège François Truffaut,public,hors EP,102.1,88.8,0.0,conforme,87.5,0.0,conforme,42186,RIVE DE GIER,42,LOIRE,10,LYON,45.51621538750682,4.599779834816564
0421174Y,Collège Louis Grüner,public,hors EP,109.0,88.8,0.0,conforme,87.5,0.0,conforme,42189,ROCHE LA MOLIERE,42,LOIRE,10,LYON,45.42300126199492,4.312079385051153
0421176A,Collège Jules Vallès,public,REP+,65.5,88.8,0.0,conforme,87.5,0.0,conforme,42218,SAINT ETIENNE,42,LOIRE,10,LYON,45.44597671688978,4.400360397819424
0421451Z,Collège Marc Seguin,public,REP+,75.8,88.8,0.0,conforme,87.5,0.0,conforme,42218,SAINT ETIENNE,42,LOIRE,10,LYON,45.46501803737316,4.408860006920129
0421452A,Collège Gambetta,public,REP,86.3,88.8,0.0,conforme,87.5,0.0,conforme,42218,SAINT ETIENNE,42,LOIRE,10,LYON,45.43407784755134,4.389219814473432
0421454C,Collège Mario Meunier,public,hors EP,109.8,88.8,0.0,conforme,87.5,0.0,conforme,42147,MONTBRISON,42,LOIRE,10,LYON,45.60668739544545,4.056339733664518
0421455D,Collège Michel de Montaigne,public,hors EP,104.3,88.8,0.0,conforme,87.5,0.0,conforme,42011,BALBIGNY,42,LOIRE,10,LYON,45.81598888085199,4.192960110419245
0421456E,Collège Jean Papon,public,hors EP,97.4,88.8,0.0,conforme,87.5,0.0,conforme,42163,LA PACAUDIERE,42,LOIRE,10,LYON,46.17623664217543,3.874699560598133
0421457F,Collège Albert Schweitzer,public,hors EP,103.2,88.8,0.0,conforme,87.5,0.0,conforme,42184,RIORGES,42,LOIRE,10,LYON,46.05140128926783,4.042809828732561
0421486M,Collège Pierre Joannon,public,REP,90.2,88.8,1.4000000000000057,sur-inclus,87.5,2.700000000000003,sur-inclus,42207,SAINT CHAMOND,42,LOIRE,10,LYON,45.45963076148744,4.51173782637113
0421487N,Collège Jacques Prévert,public,hors EP,100.9,88.8,0.0,conforme,87.5,0.0,conforme,42005,ANDREZIEUX BOUTHEON,42,LOIRE,10,LYON,45.52948793571253,4.266710174692869
0421490S,Collège Nicolas Conté,public,hors EP,108.1,88.8,0.0,conforme,87.5,0.0,conforme,42181,REGNY,42,LOIRE,10,LYON,45.98734606890547,4.210356121542226
0421569C,Collège Aristide Briand,public,hors EP,89.6,88.8,0.0,conforme,87.5,0.0,conforme,42218,SAINT ETIENNE,42,LOIRE,10,LYON,45.44153131726916,4.4349195821724585
0421570D,Collège les Bruneaux,public,hors EP,79.9,88.8,8.899999999999991,oublie,87.5,7.599999999999994,oublie,42095,FIRMINY,42,LOIRE,10,LYON,45.38055274163099,4.279589776387666
0421572F,Collège Michel Servet,public,hors EP,100.5,88.8,0.0,conforme,87.5,0.0,conforme,42052,CHARLIEU,42,LOIRE,10,LYON,46.158634057852616,4.175610051425456
0421607U,Collège Jules Romains,public,hors EP,116.8,88.8,0.0,conforme,87.5,0.0,conforme,42222,SAINT GALMIER,42,LOIRE,10,LYON,45.599625140517055,4.291090499433805
0421677V,Collège Claude Fauriel,public,REP,89.2,88.8,0.4000000000000057,sur-inclus,87.5,1.7000000000000028,sur-inclus,42218,SAINT ETIENNE,42,LOIRE,10,LYON,45.443003263344345,4.387580161645071
0421678W,Collège Honoré d'Urfé,public,hors EP,78.4,88.8,10.399999999999991,oublie,87.5,9.099999999999994,oublie,42218,SAINT ETIENNE,42,LOIRE,10,LYON,45.41440785227719,4.389370319056391
0421679X,Collège le Portail Rouge,public,hors EP,89.4,88.8,0.0,conforme,87.5,0.0,conforme,42218,SAINT ETIENNE,42,LOIRE,10,LYON,45.41690480127118,4.410390317598172
0421680Y,Collège Louise Michel,public,hors EP,93.8,88.8,0.0,conforme,87.5,0.0,conforme,42186,RIVE DE GIER,42,LOIRE,10,LYON,45.52062787286724,4.614620487457737
0421681Z,Collège Waldeck Rousseau,public,hors EP,76.4,88.8,12.399999999999991,oublie,87.5,11.099999999999994,oublie,42095,FIRMINY,42,LOIRE,10,LYON,45.385795613088646,4.288569548757258
0421683B,Collège Jules Ferry,public,hors EP,89.7,88.8,0.0,conforme,87.5,0.0,conforme,42187,ROANNE,42,LOIRE,10,LYON,46.031889432489095,4.069500463063687
0421684C,Collège Albert Thomas,public,REP,76.4,88.8,0.0,conforme,87.5,0.0,conforme,42187,ROANNE,42,LOIRE,10,LYON,46.044164960693,4.074189363998615
0421686E,Collège Jean Dasté,public,REP,73.5,88.8,0.0,conforme,87.5,0.0,conforme,42218,SAINT ETIENNE,42,LOIRE,10,LYON,45.427993617542334,4.421680162625551
0421688G,Collège Jean Rostand,public,REP+,84.8,88.8,0.0,conforme,87.5,0.0,conforme,42207,SAINT CHAMOND,42,LOIRE,10,LYON,45.47204730422121,4.533209634476057
0421689H,Collège Jules Vallès,public,REP+,66.3,88.8,0.0,conforme,87.5,0.0,conforme,42183,LA RICAMARIE,42,LOIRE,10,LYON,45.39926867858585,4.366679864046602
0421734G,Collège Anne Frank,public,hors EP,119.0,88.8,0.0,conforme,87.5,0.0,conforme,42279,SAINT JUST SAINT RAMBERT,42,LOIRE,10,LYON,45.5001044321641,4.249280119262103
0421735H,Collège de la Côte Roannaise,public,hors EP,111.7,88.8,0.0,conforme,87.5,0.0,conforme,42182,RENAISON,42,LOIRE,10,LYON,46.05042359903577,3.927278340865947
0421852K,Collège Louis Aragon,public,REP,85.3,88.8,0.0,conforme,87.5,0.0,conforme,42127,MABLY,42,LOIRE,10,LYON,46.08143045710371,4.073359762134991
0421919H,Collège Massenet Fourneyron,public,REP,76.1,88.8,0.0,conforme,87.5,0.0,conforme,42044,LE CHAMBON FEUGEROLLES,42,LOIRE,10,LYON,45.39922504104214,4.333899589658417
0422136U,Collège Léonard de Vinci,public,hors EP,99.7,88.8,0.0,conforme,87.5,0.0,conforme,42285,SAINT ROMAIN LE PUY,42,LOIRE,10,LYON,45.553719754125,4.126949797075701
0422293P,Collège Antoine Guichard,public,hors EP,114.7,88.8,0.0,conforme,87.5,0.0,conforme,42323,VEAUCHE,42,LOIRE,10,LYON,45.56494419727149,4.307520298868505
0430001T,Collège du Mont Bar,public,hors EP,105.7,88.8,0.0,conforme,90.8,0.0,conforme,43003,ALLEGRE,43,HAUTE-LOIRE,6,CLERMONT-FERRAND,45.2003928383278,3.715450122439577
0430002U,Collège des Fontilles,public,hors EP,104.0,88.8,0.0,conforme,90.8,0.0,conforme,43033,BLESLE,43,HAUTE-LOIRE,6,CLERMONT-FERRAND,45.31783500366466,3.1738902869687773
0430006Y,Collège Henri Pourrat,public,hors EP,104.4,88.8,0.0,conforme,90.8,0.0,conforme,43048,LA CHAISE DIEU,43,HAUTE-LOIRE,6,CLERMONT-FERRAND,45.322068599010976,3.695299508507498
0430010C,Collège des Hauts de l'Arzon,public,hors EP,98.3,88.8,0.0,conforme,90.8,0.0,conforme,43080,CRAPONNE SUR ARZON,43,HAUTE-LOIRE,6,CLERMONT-FERRAND,45.32652197329684,3.844357375026
0430012E,Collège Robert Louis Stevenson,public,hors EP,98.3,88.8,0.0,conforme,90.8,0.0,conforme,43111,LANDOS,43,HAUTE-LOIRE,6,CLERMONT-FERRAND,44.83981825329537,3.8328704000998792
0430013F,Collège du Haut-Allier,public,hors EP,102.8,88.8,0.0,conforme,90.8,0.0,conforme,43112,LANGEAC,43,HAUTE-LOIRE,6,CLERMONT-FERRAND,45.10778115793619,3.490039881548362
0430017K,Collège Laurent Eynac,public,hors EP,106.6,88.8,0.0,conforme,90.8,0.0,conforme,43135,LE MONASTIER SUR GAZEILLE,43,HAUTE-LOIRE,6,CLERMONT-FERRAND,44.93677698157897,3.997410138311567
0430019M,Collège du Val de Senouire,public,hors EP,98.3,88.8,0.0,conforme,90.8,0.0,conforme,43148,PAULHAGUET,43,HAUTE-LOIRE,6,CLERMONT-FERRAND,45.210550073010886,3.5169403638486085
0430025U,Collège Lafayette,public,hors EP,101.0,88.8,0.0,conforme,90.8,0.0,conforme,43157,LE PUY EN VELAY,43,HAUTE-LOIRE,6,CLERMONT-FERRAND,45.043580980649175,3.8860600543876944
0430026V,Collège Boris Vian,public,hors EP,101.0,88.8,0.0,conforme,90.8,0.0,conforme,43162,RETOURNAC,43,HAUTE-LOIRE,6,CLERMONT-FERRAND,45.20653173502282,4.036050047176361
0430027W,Collège Roger Ruel,public,hors EP,109.3,88.8,0.0,conforme,90.8,0.0,conforme,43177,SAINT DIDIER EN VELAY,43,HAUTE-LOIRE,6,CLERMONT-FERRAND,45.30195236715203,4.273840375253978
0430029Y,Collège Marguerite Thomas,public,hors EP,93.3,88.8,0.0,conforme,90.8,0.0,conforme,43185,SAINTE FLORINE,43,HAUTE-LOIRE,6,CLERMONT-FERRAND,45.402114959026726,3.3174403511653945
0430030Z,Collège Jules Romains,public,hors EP,112.3,88.8,0.0,conforme,90.8,0.0,conforme,43200,SAINT JULIEN CHAPTEUIL,43,HAUTE-LOIRE,6,CLERMONT-FERRAND,45.03609146395492,4.0555205334567495
0430032B,Collège Joachim Barrande,public,hors EP,107.5,88.8,0.0,conforme,90.8,0.0,conforme,43234,SAUGUES,43,HAUTE-LOIRE,6,CLERMONT-FERRAND,44.95708540300156,3.546530407465152
0430034D,Collège de la Lionchère,public,hors EP,105.6,88.8,0.0,conforme,90.8,0.0,conforme,43244,TENCE,43,HAUTE-LOIRE,6,CLERMONT-FERRAND,45.113132490595774,4.294139521593768
0430043N,Collège Jules Vallès,public,hors EP,99.9,88.8,0.0,conforme,90.8,0.0,conforme,43157,LE PUY EN VELAY,43,HAUTE-LOIRE,6,CLERMONT-FERRAND,45.03779319919752,3.88308051130181
0430135N,Collège Jean Monnet,public,hors EP,101.0,88.8,0.0,conforme,90.8,0.0,conforme,43268,YSSINGEAUX,43,HAUTE-LOIRE,6,CLERMONT-FERRAND,45.12995664407197,4.121530045054418
0430663M,Collège Le Monteil,public,hors EP,110.0,88.8,0.0,conforme,90.8,0.0,conforme,43137,MONISTROL SUR LOIRE,43,HAUTE-LOIRE,6,CLERMONT-FERRAND,45.29223060103258,4.163860457965475
0430820H,Collège du Lignon,public,hors EP,97.5,88.8,0.0,conforme,90.8,0.0,conforme,43051,LE CHAMBON SUR LIGNON,43,HAUTE-LOIRE,6,CLERMONT-FERRAND,45.058976046609125,4.298885384771155
0430854V,Collège La Fayette,public,hors EP,96.7,88.8,0.0,conforme,90.8,0.0,conforme,43040,BRIOUDE,43,HAUTE-LOIRE,6,CLERMONT-FERRAND,45.28996447771713,3.381430401196161
0430917N,Collège Anne Frank,public,hors EP,89.9,88.8,0.0,conforme,90.8,0.8999999999999915,oublie,43041,BRIVES CHARENSAC,43,HAUTE-LOIRE,6,CLERMONT-FERRAND,45.05144847070056,3.9149796450398
0430987P,Collège des Gorges de la Loire,public,hors EP,105.0,88.8,0.0,conforme,90.8,0.0,conforme,43012,AUREC SUR LOIRE,43,HAUTE-LOIRE,6,CLERMONT-FERRAND,45.36890718676442,4.189490472729531
0440008V,Collège Cacault,public,hors EP,115.5,88.8,0.0,conforme,88.7,0.0,conforme,44043,CLISSON,44,LOIRE-ATLANTIQUE,17,NANTES,47.092117296251416,-1.2892775741771108
0440010X,Collège Paul Langevin,public,hors EP,110.9,88.8,0.0,conforme,88.7,0.0,conforme,44047,COUERON,44,LOIRE-ATLANTIQUE,17,NANTES,47.21418807207273,-1.7238600643337614
0440013A,Collège Bellevue,public,REP,96.2,88.8,7.400000000000006,sur-inclus,88.7,7.5,sur-inclus,44067,GUEMENE PENFAO,44,LOIRE-ATLANTIQUE,17,NANTES,47.627333171285294,-1.8193303115128432
0440015C,Collège Jacques Prévert,public,hors EP,98.2,88.8,0.0,conforme,88.7,0.0,conforme,44072,HERBIGNAC,44,LOIRE-ATLANTIQUE,17,NANTES,47.44352119398875,-2.328079389292724
0440016D,Collège Anne de Bretagne,public,hors EP,113.3,88.8,0.0,conforme,88.7,0.0,conforme,44162,SAINT HERBLAIN,44,LOIRE-ATLANTIQUE,17,NANTES,47.20650811318405,-1.6568201527227466
0440018F,Collège Raymond Queneau,public,hors EP,92.1,88.8,0.0,conforme,88.7,0.0,conforme,44087,MACHECOUL SAINT MEME,44,LOIRE-ATLANTIQUE,17,NANTES,46.99043905299262,-1.818739971188107
0440023L,Collège Gisèle Halimi,public,hors EP,120.0,88.8,0.0,conforme,88.7,0.0,conforme,44109,NANTES,44,LOIRE-ATLANTIQUE,17,NANTES,47.2071117300252,-1.583002894384955
0440025N,Collège Hector Berlioz,public,hors EP,113.4,88.8,0.0,conforme,88.7,0.0,conforme,44109,NANTES,44,LOIRE-ATLANTIQUE,17,NANTES,47.2404904329111,-1.5716401397055042
0440028S,Collège La Colinière,public,hors EP,102.2,88.8,0.0,conforme,88.7,0.0,conforme,44109,NANTES,44,LOIRE-ATLANTIQUE,17,NANTES,47.23634282190417,-1.511819901828716
0440045K,Collège Victor Hugo,public,hors EP,129.5,88.8,0.0,conforme,88.7,0.0,conforme,44109,NANTES,44,LOIRE-ATLANTIQUE,17,NANTES,47.223570482598525,-1.5589001194055196
0440049P,Collège Aristide Briand,public,hors EP,109.4,88.8,0.0,conforme,88.7,0.0,conforme,44109,NANTES,44,LOIRE-ATLANTIQUE,17,NANTES,47.205903351679126,-1.554629455641864
0440055W,Collège Jean Rostand,public,hors EP,123.4,88.8,0.0,conforme,88.7,0.0,conforme,44114,ORVAULT,44,LOIRE-ATLANTIQUE,17,NANTES,47.24594665769826,-1.593531280363919
0440061C,Collège Jules Verne,public,hors EP,104.9,88.8,0.0,conforme,88.7,0.0,conforme,44135,LE POULIGUEN,44,LOIRE-ATLANTIQUE,17,NANTES,47.26662025485582,-2.434099686998008
0440064F,Collège Pont Rousseau,public,hors EP,115.4,88.8,0.0,conforme,88.7,0.0,conforme,44143,REZE,44,LOIRE-ATLANTIQUE,17,NANTES,47.18652350529925,-1.5453594464955067
0440065G,Collège Petite Lande,public,hors EP,114.0,88.8,0.0,conforme,88.7,0.0,conforme,44143,REZE,44,LOIRE-ATLANTIQUE,17,NANTES,47.17848742370192,-1.5501398563789863
0440066H,Collège Hélène et René Guy Cadou,public,hors EP,110.8,88.8,0.0,conforme,88.7,0.0,conforme,44154,SAINT BREVIN LES PINS,44,LOIRE-ATLANTIQUE,17,NANTES,47.24269867304218,-2.161130454844308
0440080Y,Collège Jean Monnet,public,hors EP,129.3,88.8,0.0,conforme,88.7,0.0,conforme,44215,VERTOU,44,LOIRE-ATLANTIQUE,17,NANTES,47.16474067218998,-1.466023406196622
0440147W,Collège René Guy Cadou,public,hors EP,103.4,88.8,0.0,conforme,88.7,0.0,conforme,44003,ANCENIS SAINT GEREON,44,LOIRE-ATLANTIQUE,17,NANTES,47.38267779173077,-1.186265766061345
0440283U,Collège Libertaire Rutigliano,public,hors EP,92.8,88.8,0.0,conforme,88.7,0.0,conforme,44109,NANTES,44,LOIRE-ATLANTIQUE,17,NANTES,47.2401686662672,-1.54064460920201
0440284V,Collège Stendhal,public,REP+,77.3,88.8,0.0,conforme,88.7,0.0,conforme,44109,NANTES,44,LOIRE-ATLANTIQUE,17,NANTES,47.26145073794815,-1.569730300413915
0440285W,Collège Gaston Serpette,public,hors EP,120.3,88.8,0.0,conforme,88.7,0.0,conforme,44109,NANTES,44,LOIRE-ATLANTIQUE,17,NANTES,47.22738710438993,-1.5764704324721976
0440286X,Collège Claude Debussy,public,REP+,74.3,88.8,0.0,conforme,88.7,0.0,conforme,44109,NANTES,44,LOIRE-ATLANTIQUE,17,NANTES,47.20359196670048,-1.6056305962624915
0440287Y,Collège Élisa Merc?ur,public,hors EP,111.2,88.8,0.0,conforme,88.7,0.0,conforme,44162,SAINT HERBLAIN,44,LOIRE-ATLANTIQUE,17,NANTES,47.235876217539335,-1.599079830791879
0440289A,Collège Jean Mounes,public,hors EP,111.1,88.8,0.0,conforme,88.7,0.0,conforme,44131,PORNIC,44,LOIRE-ATLANTIQUE,17,NANTES,47.11691314596976,-2.0963203684025578
0440291C,Collège Angela Davis,public,hors EP,103.2,88.8,0.0,conforme,88.7,0.0,conforme,44190,SAINT SEBASTIEN SUR LOIRE,44,LOIRE-ATLANTIQUE,17,NANTES,47.20974921250772,-1.4887296854581993
0440292D,Collège Jean Mermoz,public,hors EP,107.0,88.8,0.0,conforme,88.7,0.0,conforme,44113,NOZAY,44,LOIRE-ATLANTIQUE,17,NANTES,47.56298533319045,-1.619650051847367
0440293E,Collège Robert Schuman,public,hors EP,93.7,88.8,0.0,conforme,88.7,0.0,conforme,44036,CHATEAUBRIANT,44,LOIRE-ATLANTIQUE,17,NANTES,47.72609335526899,-1.370830536447499
0440308W,Collège Alice Milliat,public,hors EP,100.2,88.8,0.0,conforme,88.7,0.0,conforme,44015,BLAIN,44,LOIRE-ATLANTIQUE,17,NANTES,47.48034940390784,-1.7615696667523142
0440311Z,Collège Anne Frank,public,REP,82.6,88.8,0.0,conforme,88.7,0.0,conforme,44162,SAINT HERBLAIN,44,LOIRE-ATLANTIQUE,17,NANTES,47.21964904450719,-1.6127069872566195
0440314C,Collège Jean Moulin,public,hors EP,98.6,88.8,0.0,conforme,88.7,0.0,conforme,44184,SAINT NAZAIRE,44,LOIRE-ATLANTIQUE,17,NANTES,47.28672944530537,-2.2233097759081866
0440316E,Collège Marie Marvingt,public,hors EP,105.8,88.8,0.0,conforme,88.7,0.0,conforme,44020,BOUGUENAIS,44,LOIRE-ATLANTIQUE,17,NANTES,47.176288309984,-1.5900534134380542
0440347N,Collège Saint-Exupéry,public,hors EP,119.0,88.8,0.0,conforme,88.7,0.0,conforme,44101,LA MONTAGNE,44,LOIRE-ATLANTIQUE,17,NANTES,47.18445572834288,-1.683639834407343
0440348P,Collège La ville aux Roses,public,REP,91.8,88.8,3.0,sur-inclus,88.7,3.0999999999999943,sur-inclus,44036,CHATEAUBRIANT,44,LOIRE-ATLANTIQUE,17,NANTES,47.71044564035731,-1.3844179749751808
0440350S,Collège Albert Vincon,public,hors EP,108.0,88.8,0.0,conforme,88.7,0.0,conforme,44184,SAINT NAZAIRE,44,LOIRE-ATLANTIQUE,17,NANTES,47.25546787053045,-2.258229461261846
0440534S,Collège Salvador Allende,public,hors EP,99.6,88.8,0.0,conforme,88.7,0.0,conforme,44143,REZE,44,LOIRE-ATLANTIQUE,17,NANTES,47.18412621385988,-1.5705703697460438
0440536U,Collège Sophie Germain,public,REP+,93.6,88.8,4.799999999999997,sur-inclus,88.7,4.8999999999999915,sur-inclus,44109,NANTES,44,LOIRE-ATLANTIQUE,17,NANTES,47.21492576651176,-1.5361600679820884
0440538W,Collège Jacques Brel,public,hors EP,109.4,88.8,0.0,conforme,88.7,0.0,conforme,44069,GUERANDE,44,LOIRE-ATLANTIQUE,17,NANTES,47.338699579264,-2.4267306061875606
0440539X,Collège René Guy Cadou,public,hors EP,92.1,88.8,0.0,conforme,88.7,0.0,conforme,44103,MONTOIR DE BRETAGNE,44,LOIRE-ATLANTIQUE,17,NANTES,47.329807911722085,-2.154129560021324
0441545R,Collège la Noë Lambert,public,hors EP,108.6,88.8,0.0,conforme,88.7,0.0,conforme,44109,NANTES,44,LOIRE-ATLANTIQUE,17,NANTES,47.23201709108662,-1.5272795035778095
0441547T,Collège Le grand Beauregard,public,hors EP,131.8,88.8,0.0,conforme,88.7,0.0,conforme,44035,LA CHAPELLE SUR ERDRE,44,LOIRE-ATLANTIQUE,17,NANTES,47.29762599775365,-1.556500505836541
0441548U,Collège René Bernier,public,hors EP,114.8,88.8,0.0,conforme,88.7,0.0,conforme,44190,SAINT SEBASTIEN SUR LOIRE,44,LOIRE-ATLANTIQUE,17,NANTES,47.193604906014826,-1.5009098121907771
0441608J,Collège La Durantière,public,REP,76.5,88.8,0.0,conforme,88.7,0.0,conforme,44109,NANTES,44,LOIRE-ATLANTIQUE,17,NANTES,47.21486580010774,-1.6039894137236577
0441610L,Collège Gutenberg,public,hors EP,98.0,88.8,0.0,conforme,88.7,0.0,conforme,44162,SAINT HERBLAIN,44,LOIRE-ATLANTIQUE,17,NANTES,47.24662501348978,-1.6115906201441996
0441612N,Collège Violette Dorange,public,hors EP,98.6,88.8,0.0,conforme,88.7,0.0,conforme,44081,LEGE,44,LOIRE-ATLANTIQUE,17,NANTES,46.88666511259006,-1.591739959454936
0441613P,Collège Pierre Norange,public,REP+,71.3,88.8,0.0,conforme,88.7,0.0,conforme,44184,SAINT NAZAIRE,44,LOIRE-ATLANTIQUE,17,NANTES,47.2663270361421,-2.246099584192326
0441616T,Collège Julien Lambot,public,REP,85.5,88.8,0.0,conforme,88.7,0.0,conforme,44210,TRIGNAC,44,LOIRE-ATLANTIQUE,17,NANTES,47.30145822208672,-2.198945019077303
0441654J,Collège Isabelle Autissier,public,hors EP,111.4,88.8,0.0,conforme,88.7,0.0,conforme,44110,NORT SUR ERDRE,44,LOIRE-ATLANTIQUE,17,NANTES,47.43681770444923,-1.4983799856775752
0441655K,Collège Louis Pasteur,public,hors EP,93.8,88.8,0.0,conforme,88.7,0.0,conforme,44180,VALLONS DE L ERDRE,44,LOIRE-ATLANTIQUE,17,NANTES,47.52794512086742,-1.1821899356420376
0441657M,Collège Antoine de Saint-Exupéry,public,hors EP,113.5,88.8,0.0,conforme,88.7,0.0,conforme,44195,SAVENAY,44,LOIRE-ATLANTIQUE,17,NANTES,47.36153921681086,-1.934276666910907
0441658N,Collège Pierre et Marie Curie,public,hors EP,111.0,88.8,0.0,conforme,88.7,0.0,conforme,44120,LE PELLERIN,44,LOIRE-ATLANTIQUE,17,NANTES,47.195522101896216,-1.757420564552027
0441686U,Collège Auguste Mailloux,public,hors EP,114.9,88.8,0.0,conforme,88.7,0.0,conforme,44084,LE LOROUX BOTTEREAU,44,LOIRE-ATLANTIQUE,17,NANTES,47.237406834955976,-1.3421902294637214
0441724K,Collège La Reinetière,public,hors EP,104.4,88.8,0.0,conforme,88.7,0.0,conforme,44172,SAINTE LUCE SUR LOIRE,44,LOIRE-ATLANTIQUE,17,NANTES,47.2580077907531,-1.4907927011526765
0441727N,Collège Arthur Rimbaud,public,REP,89.8,88.8,1.0,sur-inclus,88.7,1.0999999999999943,sur-inclus,44052,DONGES,44,LOIRE-ATLANTIQUE,17,NANTES,47.32193185592498,-2.0739896646570566
0441728P,Collège René Char,public,hors EP,99.4,88.8,0.0,conforme,88.7,0.0,conforme,44168,SAINT JOACHIM,44,LOIRE-ATLANTIQUE,17,NANTES,47.38232077652589,-2.192689976392366
0441822S,Collège Grand Air,public,hors EP,132.3,88.8,0.0,conforme,88.7,0.0,conforme,44055,LA BAULE ESCOUBLAC,44,LOIRE-ATLANTIQUE,17,NANTES,47.28745043018352,-2.373919613860018
0441858F,Collège Bellestre,public,hors EP,116.4,88.8,0.0,conforme,88.7,0.0,conforme,44018,BOUAYE,44,LOIRE-ATLANTIQUE,17,NANTES,47.1483723759946,-1.694365132882292
0441859G,Collège Éric Tabarly,public,hors EP,115.2,88.8,0.0,conforme,88.7,0.0,conforme,44055,LA BAULE ESCOUBLAC,44,LOIRE-ATLANTIQUE,17,NANTES,47.27613681743137,-2.3308399194388123
0441862K,Collège Louise Michel,public,hors EP,94.4,88.8,0.0,conforme,88.7,0.0,conforme,44116,PAIMBOEUF,44,LOIRE-ATLANTIQUE,17,NANTES,47.28614798988743,-2.02472052161701
0441917V,Collège La Fontaine,public,hors EP,95.9,88.8,0.0,conforme,88.7,0.0,conforme,44098,MISSILLAC,44,LOIRE-ATLANTIQUE,17,NANTES,47.48028178527403,-2.156789653095622
0442011X,Collège La Coutancière,public,hors EP,127.3,88.8,0.0,conforme,88.7,0.0,conforme,44035,LA CHAPELLE SUR ERDRE,44,LOIRE-ATLANTIQUE,17,NANTES,47.308350050740856,-1.5622199856527337
0442023K,Collège Paul Gauguin,public,hors EP,116.0,88.8,0.0,conforme,88.7,0.0,conforme,44045,CORDEMAIS,44,LOIRE-ATLANTIQUE,17,NANTES,47.309336086729246,-1.8324593456057248
0442029S,Collège Gérard Philipe,public,hors EP,127.7,88.8,0.0,conforme,88.7,0.0,conforme,44026,CARQUEFOU,44,LOIRE-ATLANTIQUE,17,NANTES,47.2833486657527,-1.4839406299208304
0442052S,Collège Pierre Abelard,public,hors EP,112.2,88.8,0.0,conforme,88.7,0.0,conforme,44212,VALLET,44,LOIRE-ATLANTIQUE,17,NANTES,47.16872878325813,-1.264720043457769
0442186M,Collège Condorcet,public,hors EP,109.9,88.8,0.0,conforme,88.7,0.0,conforme,44188,SAINT PHILBERT DE GRAND LIEU,44,LOIRE-ATLANTIQUE,17,NANTES,47.03979366337347,-1.6478602909800686
0442277L,Collège de Goulaine,public,hors EP,128.6,88.8,0.0,conforme,88.7,0.0,conforme,44009,BASSE GOULAINE,44,LOIRE-ATLANTIQUE,17,NANTES,47.21736860800736,-1.4629391173272013
0442368K,Collège du Pays Blanc,public,hors EP,108.8,88.8,0.0,conforme,88.7,0.0,conforme,44069,GUERANDE,44,LOIRE-ATLANTIQUE,17,NANTES,47.33890913139504,-2.4330095174072235
0442417N,Collège Les Sables d'or,public,hors EP,121.4,88.8,0.0,conforme,88.7,0.0,conforme,44204,THOUARE SUR LOIRE,44,LOIRE-ATLANTIQUE,17,NANTES,47.26469263879263,-1.4558385057382095
0442418P,Collège Le Haut Gesvres,public,hors EP,125.4,88.8,0.0,conforme,88.7,0.0,conforme,44209,TREILLIERES,44,LOIRE-ATLANTIQUE,17,NANTES,47.3259673328728,-1.6188006810067876
0442542Z,Collège Andrée Chedid,public,hors EP,110.2,88.8,0.0,conforme,88.7,0.0,conforme,44002,AIGREFEUILLE SUR MAINE,44,LOIRE-ATLANTIQUE,17,NANTES,47.07488375971623,-1.4140100197012675
0442595G,Collège Lucie Aubrac,public,hors EP,123.5,88.8,0.0,conforme,88.7,0.0,conforme,44215,VERTOU,44,LOIRE-ATLANTIQUE,17,NANTES,47.178298315093286,-1.4708747013484404
0442625P,Collège Olympe de Gouges,public,hors EP,112.5,88.8,0.0,conforme,88.7,0.0,conforme,44186,SAINTE PAZANNE,44,LOIRE-ATLANTIQUE,17,NANTES,47.09676492130785,-1.817329949074965
0442691L,Collège Agnès Varda,public,hors EP,113.2,88.8,0.0,conforme,88.7,0.0,conforme,44082,LIGNE,44,LOIRE-ATLANTIQUE,17,NANTES,47.40567431714034,-1.3745595638880006
0442728B,Collège Marcelle Baron,public,hors EP,113.3,88.8,0.0,conforme,88.7,0.0,conforme,44073,HERIC,44,LOIRE-ATLANTIQUE,17,NANTES,47.40774070851513,-1.64866049389028
0442759K,Collège Anita Conti,public,hors EP,109.4,88.8,0.0,conforme,88.7,0.0,conforme,44184,SAINT NAZAIRE,44,LOIRE-ATLANTIQUE,17,NANTES,47.270912419653015,-2.232430467602762
0442781J,Collège Rosa Parks,public,hors EP,115.3,88.8,0.0,conforme,88.7,0.0,conforme,44043,CLISSON,44,LOIRE-ATLANTIQUE,17,NANTES,47.08895037997319,-1.2951099922896223
0442782K,Collège Julie-Victoire Daubié,public,hors EP,106.6,88.8,0.0,conforme,88.7,0.0,conforme,44188,SAINT PHILBERT DE GRAND LIEU,44,LOIRE-ATLANTIQUE,17,NANTES,47.03138703557713,-1.6284604437273575
0442806L,Collège Mona Ozouf,public,hors EP,115.9,88.8,0.0,conforme,88.7,0.0,conforme,44195,SAVENAY,44,LOIRE-ATLANTIQUE,17,NANTES,47.36722184074046,-1.928710231322852
0442807M,Collège Frida Kahlo,public,hors EP,100.4,88.8,0.0,conforme,88.7,0.0,conforme,44129,PONTCHATEAU,44,LOIRE-ATLANTIQUE,17,NANTES,47.4297319329535,-2.076763454868571
0442835T,Collège Simone Veil,public,hors EP,104.5,88.8,0.0,conforme,88.7,0.0,conforme,44109,NANTES,44,LOIRE-ATLANTIQUE,17,NANTES,47.27016691546494,-1.5142676420923138
0442921L,Collège Camille Lepage,public,hors EP,101.1,88.8,0.0,conforme,88.7,0.0,conforme,44213,LOIREAUXENCE,44,LOIRE-ATLANTIQUE,17,NANTES,47.39053523008869,-1.0307796953541564
0443020U,Collège Floreska Guépin,public,hors EP,120.4,88.8,0.0,conforme,88.7,0.0,conforme,44109,NANTES,44,LOIRE-ATLANTIQUE,17,NANTES,47.218280572572375,-1.5678023898172004
0443021V,Collège Joséphine Baker,public,hors EP,101.7,88.8,0.0,conforme,88.7,0.0,conforme,44005,CHAUMES EN RETZ,44,LOIRE-ATLANTIQUE,17,NANTES,47.12078603229218,-1.9375524203379648
0450003J,Collège Jean Moulin,public,hors EP,102.2,88.8,0.0,conforme,86.4,0.0,conforme,45008,ARTENAY,45,LOIRET,18,ORLEANS-TOURS,48.08011868220513,1.876269919168062
0450004K,Collège Louis-Joseph Soulas,public,hors EP,101.2,88.8,0.0,conforme,86.4,0.0,conforme,45025,BAZOCHES LES GALLERANDES,45,LOIRET,18,ORLEANS-TOURS,48.16177496493381,2.0432090272557533
0450005L,Collège Robert Goupil,public,hors EP,107.7,88.8,0.0,conforme,86.4,0.0,conforme,45028,BEAUGENCY,45,LOIRET,18,ORLEANS-TOURS,47.77542194742036,1.6280695489116035
0450006M,Collège Frédéric Bazille,public,hors EP,96.5,88.8,0.0,conforme,86.4,0.0,conforme,45030,BEAUNE LA ROLANDE,45,LOIRET,18,ORLEANS-TOURS,48.07002238439621,2.4386699101899554
0450007N,Collège Charles Desvergnes,public,hors EP,100.7,88.8,0.0,conforme,86.4,0.0,conforme,45031,BELLEGARDE,45,LOIRET,18,ORLEANS-TOURS,47.991977633685394,2.450579864072511
0450008P,Collège Albert Camus,public,hors EP,90.3,88.8,0.0,conforme,86.4,0.0,conforme,45053,BRIARE,45,LOIRET,18,ORLEANS-TOURS,47.65244423356159,2.731140228471268
0450016Y,Collège Henri Becquerel,public,hors EP,92.1,88.8,0.0,conforme,86.4,0.0,conforme,45278,SAINTE GENEVIEVE DES BOIS,45,LOIRET,18,ORLEANS-TOURS,47.82550143086439,2.8419794832336844
0450017Z,Collège Pierre Dezarnaulds,public,hors EP,101.8,88.8,0.0,conforme,86.4,0.0,conforme,45087,CHATILLON SUR LOIRE,45,LOIRET,18,ORLEANS-TOURS,47.59125260504006,2.7442206123650505
0450022E,Collège Pierre Auguste Renoir,public,hors EP,95.6,88.8,0.0,conforme,86.4,0.0,conforme,45145,FERRIERES EN GATINAIS,45,LOIRET,18,ORLEANS-TOURS,48.090853036330834,2.80117029264711
0450023F,Collège Le Pré des Rois,public,hors EP,113.6,88.8,0.0,conforme,86.4,0.0,conforme,45146,LA FERTE SAINT AUBIN,45,LOIRET,18,ORLEANS-TOURS,47.72105435040081,1.942540504005851
0450034T,Collège Guillaume de Lorris,public,hors EP,101.2,88.8,0.0,conforme,86.4,0.0,conforme,45187,LORRIS,45,LOIRET,18,ORLEANS-TOURS,47.88149434122777,2.517399538456813
0450038X,Collège Gaston Couté,public,hors EP,106.0,88.8,0.0,conforme,86.4,0.0,conforme,45203,MEUNG SUR LOIRE,45,LOIRET,18,ORLEANS-TOURS,47.83311268225408,1.6803001591496889
0450041A,Collège du Chinchon,public,hors EP,88.4,88.8,0.3999999999999915,oublie,86.4,0.0,conforme,45208,MONTARGIS,45,LOIRET,18,ORLEANS-TOURS,47.99532565654423,2.7319403960280377
0450045E,Collège Léon Delagrange,public,hors EP,103.9,88.8,0.0,conforme,86.4,0.0,conforme,45224,NEUVILLE AUX BOIS,45,LOIRET,18,ORLEANS-TOURS,48.06571859736681,2.056380629968403
0450047G,Collège Charles Rivière,public,hors EP,124.5,88.8,0.0,conforme,86.4,0.0,conforme,45232,OLIVET,45,LOIRET,18,ORLEANS-TOURS,47.86558763781891,1.8874701409841568
0450053N,Collège Jean Dunois,public,hors EP,116.5,88.8,0.0,conforme,86.4,0.0,conforme,45234,ORLEANS,45,LOIRET,18,ORLEANS-TOURS,47.90739828194815,1.893379531004593
0450055R,Collège Étienne Dolet,public,hors EP,80.3,88.8,8.5,oublie,86.4,6.1000000000000085,oublie,45234,ORLEANS,45,LOIRET,18,ORLEANS-TOURS,47.883916757288006,1.90635010451614
0450061X,Collège Alfred de Musset,public,hors EP,102.5,88.8,0.0,conforme,86.4,0.0,conforme,45248,PATAY,45,LOIRET,18,ORLEANS-TOURS,48.05220892306943,1.6950705314194623
0450063Z,Collège Victor Hugo,public,hors EP,103.1,88.8,0.0,conforme,86.4,0.0,conforme,45258,PUISEAUX,45,LOIRET,18,ORLEANS-TOURS,48.207338369834254,2.467920623612718
0450069F,Collège Max Jacob,public,REP,85.8,88.8,0.0,conforme,86.4,0.0,conforme,45285,SAINT JEAN DE LA RUELLE,45,LOIRET,18,ORLEANS-TOURS,47.91834539320126,1.8783696125234337
0450783G,Collège Jean Joudiou,public,hors EP,109.2,88.8,0.0,conforme,86.4,0.0,conforme,45082,CHATEAUNEUF SUR LOIRE,45,LOIRET,18,ORLEANS-TOURS,47.86593262739064,2.2201202107743376
0450784H,Collège Condorcet,public,hors EP,89.1,88.8,0.0,conforme,86.4,0.0,conforme,45147,FLEURY LES AUBRAIS,45,LOIRET,18,ORLEANS-TOURS,47.93026713284334,1.9262196139750525
0450785J,Collège Jeanne d'Arc,public,hors EP,106.0,88.8,0.0,conforme,86.4,0.0,conforme,45234,ORLEANS,45,LOIRET,18,ORLEANS-TOURS,47.90325190819803,1.9121800184937567
0450787L,Collège Gutenberg,public,hors EP,96.2,88.8,0.0,conforme,86.4,0.0,conforme,45191,LE MALESHERBOIS,45,LOIRET,18,ORLEANS-TOURS,48.29568126528134,2.4103697875592323
0450789N,Collège Le Grand Clos,public,REP,83.3,88.8,0.0,conforme,86.4,0.0,conforme,45208,MONTARGIS,45,LOIRET,18,ORLEANS-TOURS,47.999178474560026,2.7404901919260425
0450790P,Collège Maximilien de Sully,public,hors EP,89.5,88.8,0.0,conforme,86.4,0.0,conforme,45315,SULLY SUR LOIRE,45,LOIRET,18,ORLEANS-TOURS,47.76283487615521,2.386200455178674
0450839T,Collège Saint-Exupéry,public,hors EP,82.3,88.8,6.5,oublie,86.4,4.1000000000000085,oublie,45284,SAINT JEAN DE BRAYE,45,LOIRET,18,ORLEANS-TOURS,47.91231359537454,1.962820184322168
0450840U,Collège Paul Éluard,public,REP,78.4,88.8,0.0,conforme,86.4,0.0,conforme,45068,CHALETTE SUR LOING,45,LOIRET,18,ORLEANS-TOURS,48.00527288728754,2.7064903591706924
0450936Y,Collège Jean Rostand,public,REP+,79.3,88.8,0.0,conforme,86.4,0.0,conforme,45234,ORLEANS,45,LOIRET,18,ORLEANS-TOURS,47.92103480258824,1.9270330428671327
0450937Z,Collège Robert Schuman,public,hors EP,99.7,88.8,0.0,conforme,86.4,0.0,conforme,45004,AMILLY,45,LOIRET,18,ORLEANS-TOURS,47.98892963010754,2.7664094621333004
0450939B,Collège Alain-Fournier,public,REP,77.5,88.8,0.0,conforme,86.4,0.0,conforme,45234,ORLEANS,45,LOIRET,18,ORLEANS-TOURS,47.83242534504176,1.9304602299494644
0451035F,Collège Louis Pasteur,public,hors EP,106.0,88.8,0.0,conforme,86.4,0.0,conforme,45075,LA CHAPELLE SAINT MESMIN,45,LOIRET,18,ORLEANS-TOURS,47.89194600425206,1.8368496037263555
0451038J,Collège Montjoie,public,hors EP,96.8,88.8,0.0,conforme,86.4,0.0,conforme,45302,SARAN,45,LOIRET,18,ORLEANS-TOURS,47.94988292066079,1.88595942263542
0451068S,Collège Montabuzard,public,hors EP,112.3,88.8,0.0,conforme,86.4,0.0,conforme,45169,INGRE,45,LOIRET,18,ORLEANS-TOURS,47.920347151656,1.834190587642808
0451069T,Collège Le Clos Ferbois,public,hors EP,109.0,88.8,0.0,conforme,86.4,0.0,conforme,45173,JARGEAU,45,LOIRET,18,ORLEANS-TOURS,47.862375403700646,2.120299643272569
0451070U,Collège Montesquieu,public,REP,81.6,88.8,0.0,conforme,86.4,0.0,conforme,45234,ORLEANS,45,LOIRET,18,ORLEANS-TOURS,47.833157310219086,1.9364195008661584
0451072W,Collège Pierre de Coubertin,public,hors EP,108.7,88.8,0.0,conforme,86.4,0.0,conforme,45284,SAINT JEAN DE BRAYE,45,LOIRET,18,ORLEANS-TOURS,47.9134604074543,1.979379870606504
0451074Y,Collège Jacques Prévert,public,hors EP,116.2,88.8,0.0,conforme,86.4,0.0,conforme,45286,SAINT JEAN LE BLANC,45,LOIRET,18,ORLEANS-TOURS,47.88370477586063,1.9361699803546704
0451107J,Collège de la Vallée de l'Ouanne,public,hors EP,94.0,88.8,0.0,conforme,86.4,0.0,conforme,45083,CHATEAU RENARD,45,LOIRET,18,ORLEANS-TOURS,47.92226175982938,2.9311103155320386
0451148D,Collège Pablo Picasso,public,hors EP,85.2,88.8,3.5999999999999943,oublie,86.4,1.2000000000000028,oublie,45068,CHALETTE SUR LOING,45,LOIRET,18,ORLEANS-TOURS,48.0322346384499,2.7359905928445434
0451173F,Collège Aristide Bruant,public,hors EP,93.8,88.8,0.0,conforme,86.4,0.0,conforme,45115,COURTENAY,45,LOIRET,18,ORLEANS-TOURS,48.03296194294775,3.049890520658098
0451241E,Collège André Malraux,public,REP+,73.6,88.8,0.0,conforme,86.4,0.0,conforme,45285,SAINT JEAN DE LA RUELLE,45,LOIRET,18,ORLEANS-TOURS,47.90393162030344,1.865869462867776
0451245J,Collège Ernest Bildstein,public,hors EP,87.4,88.8,1.3999999999999915,oublie,86.4,0.0,conforme,45155,GIEN,45,LOIRET,18,ORLEANS-TOURS,47.6836034869948,2.6577601166690714
0451286D,Collège Les Clorisseaux,public,hors EP,98.8,88.8,0.0,conforme,86.4,0.0,conforme,45254,POILLY LEZ GIEN,45,LOIRET,18,ORLEANS-TOURS,47.66728674727002,2.606579581214501
0451365P,Collège Pierre Mendès France,public,hors EP,111.9,88.8,0.0,conforme,86.4,0.0,conforme,45089,CHECY,45,LOIRET,18,ORLEANS-TOURS,47.90195439902362,2.0247131910894987
0451421A,Collège Jean Pelletier,public,hors EP,84.8,88.8,4.0,oublie,86.4,1.6000000000000085,oublie,45234,ORLEANS,45,LOIRET,18,ORLEANS-TOURS,47.923000396764,1.889449520895208
0451434P,Collège Jacques de Tristan,public,hors EP,114.2,88.8,0.0,conforme,86.4,0.0,conforme,45098,CLERY SAINT ANDRE,45,LOIRET,18,ORLEANS-TOURS,47.82240010696916,1.761980425140184
0451443Z,Collège de la Forêt,public,hors EP,114.4,88.8,0.0,conforme,86.4,0.0,conforme,45327,TRAINOU,45,LOIRET,18,ORLEANS-TOURS,47.975652343753296,2.1116395153927083
0451449F,Collège La Sologne,public,hors EP,103.6,88.8,0.0,conforme,86.4,0.0,conforme,45324,TIGY,45,LOIRET,18,ORLEANS-TOURS,47.79379315544017,2.2019699773581727
0451450G,Collège Jean Mermoz,public,REP,76.6,88.8,0.0,conforme,86.4,0.0,conforme,45155,GIEN,45,LOIRET,18,ORLEANS-TOURS,47.707951453192976,2.620949432387217
0451499K,Collège l'Orbellière,public,hors EP,99.8,88.8,0.0,conforme,86.4,0.0,conforme,45232,OLIVET,45,LOIRET,18,ORLEANS-TOURS,47.87358207649677,1.8938498641762629
0451544J,Collège André Chêne,public,hors EP,86.4,88.8,2.3999999999999915,oublie,86.4,0.0,au seuil,45147,FLEURY LES AUBRAIS,45,LOIRET,18,ORLEANS-TOURS,47.93325544876024,1.9122506312627523
0451608D,Collège Geneniève De Gaulle - Anthonioz,public,hors EP,102.9,88.8,0.0,conforme,86.4,0.0,conforme,45042,LES BORDES,45,LOIRET,18,ORLEANS-TOURS,47.81693173124094,2.4052701150735443
0451660K,Collège Val de Loire,public,hors EP,117.1,88.8,0.0,conforme,86.4,0.0,conforme,45274,SAINT DENIS EN VAL,45,LOIRET,18,ORLEANS-TOURS,47.87215680944836,1.975910035662178
0451665R,Collège Lucie Aubrac,public,hors EP,100.8,88.8,0.0,conforme,86.4,0.0,conforme,45338,VILLEMANDEUR,45,LOIRET,18,ORLEANS-TOURS,47.982294749698944,2.7210899896913245
0451719Z,Collège Nelson Mandela,public,hors EP,112.1,88.8,0.0,conforme,86.4,0.0,conforme,45269,SAINT AY,45,LOIRET,18,ORLEANS-TOURS,47.86762846285857,1.767950618808142
0451787Y,Collège Mary Jackson,public,hors EP,95.5,88.8,0.0,conforme,86.4,0.0,conforme,45119,DADONVILLE,45,LOIRET,18,ORLEANS-TOURS,48.16422476279936,2.2587983096634057
0451788Z,Collège Simone Veil,public,hors EP,91.4,88.8,0.0,conforme,86.4,0.0,conforme,45252,PITHIVIERS,45,LOIRET,18,ORLEANS-TOURS,48.16455582713472,2.2443111179330373
0460001B,Collège Georges Pompidou,public,hors EP,106.0,88.8,0.0,conforme,89.9,0.0,conforme,46045,CAJARC,46,LOT,16,TOULOUSE,44.48904360809546,1.8438700293836752
0460006G,Collège Gambetta,public,hors EP,100.0,88.8,0.0,conforme,89.9,0.0,conforme,46042,CAHORS,46,LOT,16,TOULOUSE,44.44576715094276,1.4393900701359628
0460008J,Collège Émile Vaysse,public,hors EP,106.0,88.8,0.0,conforme,89.9,0.0,conforme,46063,CASTELNAU MONTRATIER,46,LOT,16,TOULOUSE,44.270776144635946,1.352716422776006
0460015S,Collège Jean Monnet,public,hors EP,102.1,88.8,0.0,conforme,89.9,0.0,conforme,46143,LACAPELLE MARIVAL,46,LOT,16,TOULOUSE,44.71720107443124,1.9570194446558968
0460018V,Collège La Châtaigneraie,public,hors EP,100.3,88.8,0.0,conforme,89.9,0.0,conforme,46160,LATRONQUIERE,46,LOT,16,TOULOUSE,44.79943544926571,2.0782298428108743
0460020X,Collège L'Impernal,public,hors EP,104.3,88.8,0.0,conforme,89.9,0.0,conforme,46182,LUZECH,46,LOT,16,TOULOUSE,44.47783204869545,1.2794212642482845
0460021Y,Collège des Sept Tours,public,hors EP,111.1,88.8,0.0,conforme,89.9,0.0,conforme,46185,MARTEL,46,LOT,16,TOULOUSE,44.936647401269305,1.602880364231393
0460022Z,Collège Jean-Jacques Faurie,public,hors EP,97.6,88.8,0.0,conforme,89.9,0.0,conforme,46201,MONTCUQ EN QUERCY BLANC,46,LOT,16,TOULOUSE,44.33918363001754,1.20920967387226
0460024B,Collège d'Istrie,public,hors EP,97.8,88.8,0.0,conforme,89.9,0.0,conforme,46225,PRAYSSAC,46,LOT,16,TOULOUSE,44.506260449953054,1.1882001740927888
0460027E,Collège de Salviac Émile Mompart,public,hors EP,101.4,88.8,0.0,conforme,89.9,0.0,conforme,46297,SALVIAC,46,LOT,16,TOULOUSE,44.679499690820656,1.2658699844716066
0460030H,Collège du Puy d'Issolud,public,hors EP,106.0,88.8,0.0,conforme,89.9,0.0,conforme,46330,VAYRAC,46,LOT,16,TOULOUSE,44.95413531275381,1.7064996799687633
0460054J,Collège Les Castors,public,hors EP,106.9,88.8,0.0,conforme,89.9,0.0,conforme,46102,FIGEAC,46,LOT,16,TOULOUSE,44.61667790614442,2.03643969275596
0460528Z,Collège Olivier de Magny,public,hors EP,107.2,88.8,0.0,conforme,89.9,0.0,conforme,46042,CAHORS,46,LOT,16,TOULOUSE,44.46354320618618,1.4550500739231471
0460530B,Collège d'Olt,public,hors EP,100.2,88.8,0.0,conforme,89.9,0.0,conforme,46231,PUY L EVEQUE,46,LOT,16,TOULOUSE,44.501137919688624,1.1462605979601042
0460565P,Collège La Garenne,public,hors EP,110.0,88.8,0.0,conforme,89.9,0.0,conforme,46128,GRAMAT,46,LOT,16,TOULOUSE,44.77886060659804,1.7299104149172937
0460573Y,Collège d'Orlinde,public,hors EP,103.3,88.8,0.0,conforme,89.9,0.0,conforme,46038,BRETENOUX,46,LOT,16,TOULOUSE,44.91807836097646,1.8384798037454289
0460592U,Collège Léo ferré,public,hors EP,102.4,88.8,0.0,conforme,89.9,0.0,conforme,46127,GOURDON,46,LOT,16,TOULOUSE,44.7335454566539,1.376682080100676
0460593V,Collège Jean Lurçat,public,hors EP,101.6,88.8,0.0,conforme,89.9,0.0,conforme,46251,SAINT CERE,46,LOT,16,TOULOUSE,44.85710525100271,1.896679365738424
0460594W,Collège Le Puy d'Alon,public,hors EP,101.8,88.8,0.0,conforme,89.9,0.0,conforme,46309,SOUILLAC,46,LOT,16,TOULOUSE,44.89593014979719,1.4718098091813645
0470005A,Collège Jasmin les Iles,public,hors EP,107.7,88.8,0.0,conforme,92.4,0.0,conforme,47001,AGEN,47,LOT-ET-GARONNE,4,BORDEAUX,44.20427867720016,0.6117096310469337
0470008D,Collège Paul Dangla,public,hors EP,97.8,88.8,0.0,conforme,92.4,0.0,conforme,47001,AGEN,47,LOT-ET-GARONNE,4,BORDEAUX,44.195205657359566,0.6198513534101892
0470011G,Collège Gaston Carrère,public,hors EP,94.3,88.8,0.0,conforme,92.4,0.0,conforme,47049,CASSENEUIL,47,LOT-ET-GARONNE,4,BORDEAUX,44.441532951619145,0.6241839745709281
0470012H,Collège Jean Rostand,public,hors EP,97.1,88.8,0.0,conforme,92.4,0.0,conforme,47052,CASTELJALOUX,47,LOT-ET-GARONNE,4,BORDEAUX,44.31343806289856,0.0847952294356857
0470014K,Collège Jean Boucheron,public,hors EP,97.7,88.8,0.0,conforme,92.4,0.0,conforme,47057,CASTILLONNES,47,LOT-ET-GARONNE,4,BORDEAUX,44.649839896488736,0.5918164407936763
0470017N,Collège Lucien Sigala,public,hors EP,98.2,88.8,0.0,conforme,92.4,0.0,conforme,47086,DURAS,47,LOT-ET-GARONNE,4,BORDEAUX,44.67698564930437,0.1856137214873204
0470023V,Collège Armand Fallières,public,hors EP,100.1,88.8,0.0,conforme,92.4,0.0,conforme,47167,MEZIN,47,LOT-ET-GARONNE,4,BORDEAUX,44.05835992598924,0.2603847039182444
0470024W,Collège Didier Lamoulie,public,hors EP,92.7,88.8,0.0,conforme,92.4,0.0,conforme,47168,MIRAMONT DE GUYENNE,47,LOT-ET-GARONNE,4,BORDEAUX,44.596598435250186,0.366517232203983
0470026Y,Collège Joseph Kessel,public,hors EP,103.3,88.8,0.0,conforme,92.4,0.0,conforme,47175,MONFLANQUIN,47,LOT-ET-GARONNE,4,BORDEAUX,44.52577851882912,0.7556563017074411
0470031D,Collège Damira Asperti,public,hors EP,104.9,88.8,0.0,conforme,92.4,0.0,conforme,47203,PENNE D AGENAIS,47,LOT-ET-GARONNE,4,BORDEAUX,44.38417871710987,0.81025125432018
0470032E,Collège Delmas de Grammont,public,hors EP,102.1,88.8,0.0,conforme,92.4,0.0,conforme,47210,PORT SAINTE MARIE,47,LOT-ET-GARONNE,4,BORDEAUX,44.25184260813294,0.3863267605267386
0470043S,Collège Daniel Castaing,public,hors EP,99.8,88.8,0.0,conforme,92.4,0.0,conforme,47159,LE MAS D AGENAIS,47,LOT-ET-GARONNE,4,BORDEAUX,44.407867434684064,0.2182713618193506
0470046V,Collège Jean Monnet,public,REP,86.9,88.8,0.0,conforme,92.4,0.0,conforme,47106,FUMEL,47,LOT-ET-GARONNE,4,BORDEAUX,44.49893499297532,0.9590908300321754
0470048X,Collège Kléber Thoueilles,public,hors EP,93.8,88.8,0.0,conforme,92.4,0.0,conforme,47179,MONSEMPRON LIBOS,47,LOT-ET-GARONNE,4,BORDEAUX,44.486893809180025,0.9422049584294296
0470049Y,Collège Anatole France,public,REP,88.6,88.8,0.0,conforme,92.4,0.0,conforme,47323,VILLENEUVE SUR LOT,47,LOT-ET-GARONNE,4,BORDEAUX,44.40728897267791,0.7186121281736652
0470102F,Collège Paul Froment,public,REP,79.6,88.8,0.0,conforme,92.4,0.0,conforme,47252,SAINTE LIVRADE SUR LOT,47,LOT-ET-GARONNE,4,BORDEAUX,44.40264934580909,0.5989167291248232
0470103G,Collège Jean Moulin,public,hors EP,90.1,88.8,0.0,conforme,92.4,2.3000000000000114,oublie,47157,MARMANDE,47,LOT-ET-GARONNE,4,BORDEAUX,44.49957237740594,0.18087574787166
0470104H,Collège Germillac,public,REP,88.7,88.8,0.0,conforme,92.4,0.0,conforme,47310,TONNEINS,47,LOT-ET-GARONNE,4,BORDEAUX,44.39280118735884,0.3180975641873742
0470105J,Collège Théophile de Viau,public,hors EP,104.8,88.8,0.0,conforme,92.4,0.0,conforme,47201,LE PASSAGE,47,LOT-ET-GARONNE,4,BORDEAUX,44.180406876427824,0.6002976551560043
0470677F,Collège Ducos du Hauron,public,REP,90.4,88.8,1.6000000000000085,sur-inclus,92.4,0.0,conforme,47001,AGEN,47,LOT-ET-GARONNE,4,BORDEAUX,44.19494104848643,0.6313424011554384
0470678G,Collège André Crochepierre,public,hors EP,93.3,88.8,0.0,conforme,92.4,0.0,conforme,47323,VILLENEUVE SUR LOT,47,LOT-ET-GARONNE,4,BORDEAUX,44.41311872429354,0.7557148837945908
0470720C,Collège la Rocal,public,hors EP,97.2,88.8,0.0,conforme,92.4,0.0,conforme,47032,BON ENCONTRE,47,LOT-ET-GARONNE,4,BORDEAUX,44.186897210917074,0.6680472496467528
0470732R,Collège Lucie Aubrac,public,hors EP,100.9,88.8,0.0,conforme,92.4,0.0,conforme,47054,CASTELMORON SUR LOT,47,LOT-ET-GARONNE,4,BORDEAUX,44.39950047897173,0.4958026610988623
0470733S,Collège de la Cité Scolaire,public,hors EP,101.2,88.8,0.0,conforme,92.4,0.0,conforme,47157,MARMANDE,47,LOT-ET-GARONNE,4,BORDEAUX,44.50586821180296,0.1593275330188603
0470774L,Collège Stendhal,public,hors EP,90.4,88.8,0.0,conforme,92.4,2.0,oublie,47004,AIGUILLON,47,LOT-ET-GARONNE,4,BORDEAUX,44.300794574336685,0.3369079546268659
0470775M,Collège la Plaine,public,hors EP,89.1,88.8,0.0,conforme,92.4,3.3000000000000114,oublie,47143,LAVARDAC,47,LOT-ET-GARONNE,4,BORDEAUX,44.17703645379198,0.3008556082751894
0470776N,Collège Henri de Navarre,public,hors EP,103.4,88.8,0.0,conforme,92.4,0.0,conforme,47195,NERAC,47,LOT-ET-GARONNE,4,BORDEAUX,44.14064275709461,0.3340211613015289
0470777P,Collège Joseph Chaumié,public,hors EP,86.5,88.8,2.299999999999997,oublie,92.4,5.900000000000006,oublie,47001,AGEN,47,LOT-ET-GARONNE,4,BORDEAUX,44.20216885555843,0.614527281209222
0480001R,Collège Henri Rouvière,public,hors EP,110.5,88.8,0.0,conforme,84.7,0.0,conforme,48027,MONT LOZERE ET GOULET,48,LOZERE,11,MONTPELLIER,44.48935778610336,3.7378302960568712
0480002S,Collège Henri Gamala,public,hors EP,100.9,88.8,0.0,conforme,84.7,0.0,conforme,48051,LE COLLET DE DEZE,48,LOZERE,11,MONTPELLIER,44.24588317786951,3.919860479520894
0480003T,Collège des 3 vallées,public,hors EP,107.5,88.8,0.0,conforme,84.7,0.0,conforme,48061,FLORAC TROIS RIVIERES,48,LOZERE,11,MONTPELLIER,44.32190281031611,3.5975799759929767
0480004U,Collège Marthe Dupeyron,public,hors EP,99.8,88.8,0.0,conforme,84.7,0.0,conforme,48080,LANGOGNE,48,LOZERE,11,MONTPELLIER,44.72355100082107,3.852830171057074
0480005V,Collège Marcel Pierrel,public,hors EP,103.9,88.8,0.0,conforme,84.7,0.0,conforme,48092,MARVEJOLS,48,LOZERE,11,MONTPELLIER,44.55690781776746,3.29315759300082
0480006W,Collège Sport Nature,public,hors EP,110.2,88.8,0.0,conforme,84.7,0.0,conforme,48034,LA CANOURGUE,48,LOZERE,11,MONTPELLIER,44.430466430759935,3.2192902779910866
0480011B,Collège André Chamson,public,hors EP,103.7,88.8,0.0,conforme,84.7,0.0,conforme,48096,MEYRUEIS,48,LOZERE,11,MONTPELLIER,44.1799498460612,3.431429419839645
0480013D,Collège Haut-Gévaudan,public,hors EP,103.9,88.8,0.0,conforme,84.7,0.0,conforme,48140,SAINT CHELY D APCHER,48,LOZERE,11,MONTPELLIER,44.80735243285133,3.2696806201137565
0480015F,Collège Achille Rousson,public,hors EP,98.9,88.8,0.0,conforme,84.7,0.0,conforme,48148,SAINT ETIENNE VALLEE FRANCAISE,48,LOZERE,11,MONTPELLIER,44.16645423107118,3.842009641751905
0480016G,Collège du Trenze,public,hors EP,83.8,88.8,5.0,oublie,84.7,0.9000000000000057,oublie,48194,VIALAS,48,LOZERE,11,MONTPELLIER,44.33315764472346,3.896066401833079
0480017H,Collège Odilon-Barrot,public,hors EP,104.6,88.8,0.0,conforme,84.7,0.0,conforme,48198,VILLEFORT,48,LOZERE,11,MONTPELLIER,44.4409467285234,3.927059949019333
0480607Z,Collège Henri Bourrillon,public,hors EP,110.1,88.8,0.0,conforme,84.7,0.0,conforme,48095,MENDE,48,LOZERE,11,MONTPELLIER,44.52056510081909,3.506629698436677
0490004N,Collège Chevreul,public,hors EP,127.6,88.8,0.0,conforme,88.7,0.0,conforme,49007,ANGERS,49,MAINE-ET-LOIRE,17,NANTES,47.46862904879203,-0.5441196632404977
0490010V,Collège Châteaucoin,public,hors EP,93.3,88.8,0.0,conforme,88.7,0.0,conforme,49018,BAUGE EN ANJOU,49,MAINE-ET-LOIRE,17,NANTES,47.54732686735544,-0.1081203577577392
0490014Z,Collège de l'Aubance,public,hors EP,118.0,88.8,0.0,conforme,88.7,0.0,conforme,49050,BRISSAC LOIRE AUBANCE,49,MAINE-ET-LOIRE,17,NANTES,47.35261097283802,-0.4431595366072771
0490017C,Collège Pierre et Marie Curie,public,hors EP,94.4,88.8,0.0,conforme,88.7,0.0,conforme,49092,CHEMILLE EN ANJOU,49,MAINE-ET-LOIRE,17,NANTES,47.21440177552616,-0.7274693333695254
0490022H,Collège Georges Clemenceau,public,hors EP,83.8,88.8,5.0,oublie,88.7,4.900000000000006,oublie,49099,CHOLET,49,MAINE-ET-LOIRE,17,NANTES,47.05463607594209,-0.8717498858930167
0490023J,Collège Lucien Millet,public,hors EP,94.2,88.8,0.0,conforme,88.7,0.0,conforme,49125,DOUE EN ANJOU,49,MAINE-ET-LOIRE,17,NANTES,47.19654531815755,-0.2828227810151109
0490026M,Collège Maryse Bastié,public,hors EP,102.3,88.8,0.0,conforme,88.7,0.0,conforme,49160,INGRANDES LE FRESNE SUR LOIRE,49,MAINE-ET-LOIRE,17,NANTES,47.40786472387901,-0.9287167328419652
0490027N,Collège Val d'Oudon,public,hors EP,106.8,88.8,0.0,conforme,88.7,0.0,conforme,49176,LE LION D ANGERS,49,MAINE-ET-LOIRE,17,NANTES,47.62893286412027,-0.7232993468983644
0490028P,Collège François Truffaut,public,hors EP,88.1,88.8,0.7000000000000028,oublie,88.7,0.6000000000000085,oublie,49180,LONGUE JUMELLES,49,MAINE-ET-LOIRE,17,NANTES,47.37404663106294,-0.111279341787349
0490029R,Collège Camille Claudel,public,hors EP,102.2,88.8,0.0,conforme,88.7,0.0,conforme,49183,VAL D ERDRE AUXENCE,49,MAINE-ET-LOIRE,17,NANTES,47.52083048423034,-0.8903517164986984
0490032U,Collège Jean Zay,public,hors EP,115.4,88.8,0.0,conforme,88.7,0.0,conforme,49214,MONTREUIL JUIGNE,49,MAINE-ET-LOIRE,17,NANTES,47.5294544904181,-0.6079194928719969
0490034W,Collège de l'Èvre,public,hors EP,90.4,88.8,0.0,conforme,88.7,0.0,conforme,49218,MONTREVAULT SUR EVRE,49,MAINE-ET-LOIRE,17,NANTES,47.2569407450472,-1.044310006329515
0490037Z,Collège Philippe Cousteau,public,hors EP,87.8,88.8,1.0,oublie,88.7,0.9000000000000057,oublie,49248,OMBREE D ANJOU,49,MAINE-ET-LOIRE,17,NANTES,47.74450738830623,-1.166909755184635
0490039B,Collège Anjou-Bretagne,public,hors EP,93.7,88.8,0.0,conforme,88.7,0.0,conforme,49244,MAUGES SUR LOIRE,49,MAINE-ET-LOIRE,17,NANTES,47.35754674788152,-1.0145593437276033
0490042E,Collège Pierre Mendès France,public,REP,81.1,88.8,0.0,conforme,88.7,0.0,conforme,49328,SAUMUR,49,MAINE-ET-LOIRE,17,NANTES,47.24537303840275,-0.0782900258533513
0490046J,Collège les Fontaines,public,hors EP,107.9,88.8,0.0,conforme,88.7,0.0,conforme,49345,BELLEVIGNE EN LAYON,49,MAINE-ET-LOIRE,17,NANTES,47.26556476348475,-0.4934203922105914
0490048L,Collège Jean Rostand,public,REP,90.2,88.8,1.4000000000000057,sur-inclus,88.7,1.5,sur-inclus,49353,TRELAZE,49,MAINE-ET-LOIRE,17,NANTES,47.44934443235111,-0.5000595269804583
0490057W,Collège Georges Pompidou,public,hors EP,110.5,88.8,0.0,conforme,88.7,0.0,conforme,49069,OREE D ANJOU,49,MAINE-ET-LOIRE,17,NANTES,47.334575583438,-1.2688402543646755
0490060Z,Collège Jean Lurçat,public,REP+,67.0,88.8,0.0,conforme,88.7,0.0,conforme,49007,ANGERS,49,MAINE-ET-LOIRE,17,NANTES,47.48848490164326,-0.5268601217896858
0490061A,Collège Auguste et Jean Renoir,public,hors EP,101.1,88.8,0.0,conforme,88.7,0.0,conforme,49007,ANGERS,49,MAINE-ET-LOIRE,17,NANTES,47.476018574107066,-0.5701606098176355
0490783K,Collège Jean Mermoz,public,REP,77.4,88.8,0.0,conforme,88.7,0.0,conforme,49007,ANGERS,49,MAINE-ET-LOIRE,17,NANTES,47.45168573680554,-0.5682399539106795
0490921K,Collège François Rabelais,public,hors EP,97.6,88.8,0.0,conforme,88.7,0.0,conforme,49007,ANGERS,49,MAINE-ET-LOIRE,17,NANTES,47.47471728066055,-0.5970005279921484
0490922L,Collège Molière,public,hors EP,102.1,88.8,0.0,conforme,88.7,0.0,conforme,49021,BEAUFORT EN ANJOU,49,MAINE-ET-LOIRE,17,NANTES,47.43924225437412,-0.228269619439648
0490953V,Collège Félix Landreau,public,hors EP,84.2,88.8,4.599999999999994,oublie,88.7,4.5,oublie,49007,ANGERS,49,MAINE-ET-LOIRE,17,NANTES,47.45678285635344,-0.5221802592303842
0490955X,Collège Saint-Exupéry,public,hors EP,113.9,88.8,0.0,conforme,88.7,0.0,conforme,49063,CHALONNES SUR LOIRE,49,MAINE-ET-LOIRE,17,NANTES,47.34597593120073,-0.7759767713805926
0490956Y,Collège les Roches,public,hors EP,96.6,88.8,0.0,conforme,88.7,0.0,conforme,49127,DURTAL,49,MAINE-ET-LOIRE,17,NANTES,47.67212271689574,-0.2353001350019651
0490957Z,Collège la Venaiserie,public,hors EP,107.6,88.8,0.0,conforme,88.7,0.0,conforme,49267,SAINT BARTHELEMY D ANJOU,49,MAINE-ET-LOIRE,17,NANTES,47.47180005019192,-0.4860306248823749
0490960C,Collège Honoré de Balzac,public,hors EP,89.9,88.8,0.0,conforme,88.7,0.0,conforme,49328,SAUMUR,49,MAINE-ET-LOIRE,17,NANTES,47.27850089290744,-0.0807195444008718
0490962E,Collège Georges Gironde,public,hors EP,93.2,88.8,0.0,conforme,88.7,0.0,conforme,49331,SEGRE EN ANJOU BLEU,49,MAINE-ET-LOIRE,17,NANTES,47.68739440608415,-0.8852005583693346
0491024X,Collège Vallée du Loir,public,hors EP,107.7,88.8,0.0,conforme,88.7,0.0,conforme,49333,SEICHES SUR LE LOIR,49,MAINE-ET-LOIRE,17,NANTES,47.57560805282249,-0.3559702903109543
0491025Y,Collège Colbert,public,hors EP,100.0,88.8,0.0,conforme,88.7,0.0,conforme,49099,CHOLET,49,MAINE-ET-LOIRE,17,NANTES,47.064260433361056,-0.8846303022984163
0491026Z,Collège République,public,hors EP,110.9,88.8,0.0,conforme,88.7,0.0,conforme,49099,CHOLET,49,MAINE-ET-LOIRE,17,NANTES,47.06742036017033,-0.880245862904657
0491028B,Collège Montaigne,public,REP,84.9,88.8,0.0,conforme,88.7,0.0,conforme,49007,ANGERS,49,MAINE-ET-LOIRE,17,NANTES,47.469555438518896,-0.5324402157947051
0491260D,Collège François Villon,public,hors EP,109.1,88.8,0.0,conforme,88.7,0.0,conforme,49246,LES PONTS DE CE,49,MAINE-ET-LOIRE,17,NANTES,47.43243642325187,-0.5216503863378601
0491261E,Collège Paul Éluard,public,hors EP,105.3,88.8,0.0,conforme,88.7,0.0,conforme,49261,GENNES VAL DE LOIRE,49,MAINE-ET-LOIRE,17,NANTES,47.33777578141733,-0.2268303530163398
0491262F,Collège Calypso,public,hors EP,91.2,88.8,0.0,conforme,88.7,0.0,conforme,49215,MONTREUIL BELLAY,49,MAINE-ET-LOIRE,17,NANTES,47.13024134429186,-0.1470195804717507
0491645X,Collège Jean Racine,public,hors EP,116.0,88.8,0.0,conforme,88.7,0.0,conforme,49283,SAINT GEORGES SUR LOIRE,49,MAINE-ET-LOIRE,17,NANTES,47.41113801486868,-0.7564595262954776
0491648A,Collège Benjamin Delessert,public,hors EP,92.0,88.8,0.0,conforme,88.7,0.0,conforme,49328,SAUMUR,49,MAINE-ET-LOIRE,17,NANTES,47.257071983768014,-0.0888494660508375
0491674D,Collège Clément Janequin,public,hors EP,110.7,88.8,0.0,conforme,88.7,0.0,conforme,49015,AVRILLE,49,MAINE-ET-LOIRE,17,NANTES,47.4982188710456,-0.5923306532542086
0491675E,Collège Joachim du Bellay,public,REP,73.6,88.8,0.0,conforme,88.7,0.0,conforme,49099,CHOLET,49,MAINE-ET-LOIRE,17,NANTES,47.040265123704096,-0.8862803545470918
0491703K,Collège Jean Vilar,public,REP+,71.2,88.8,0.0,conforme,88.7,0.0,conforme,49007,ANGERS,49,MAINE-ET-LOIRE,17,NANTES,47.44527382998808,-0.5643496236369102
0491705M,Collège Jacques Prévert,public,hors EP,99.5,88.8,0.0,conforme,88.7,0.0,conforme,49080,LES HAUTS D ANJOU,49,MAINE-ET-LOIRE,17,NANTES,47.6632506261984,-0.5608249994647954
0491706N,Collège le Pont de Moine,public,hors EP,99.8,88.8,0.0,conforme,88.7,0.0,conforme,49301,SEVREMOINE,49,MAINE-ET-LOIRE,17,NANTES,47.09461395585282,-1.1262394092916277
0491707P,Collège Vallée du Lys,public,hors EP,88.7,88.8,0.09999999999999432,oublie,88.7,0.0,au seuil,49373,LYS HAUT LAYON,49,MAINE-ET-LOIRE,17,NANTES,47.14491702923426,-0.5268899040076572
0491764B,Collège Claude Debussy,public,hors EP,93.5,88.8,0.0,conforme,88.7,0.0,conforme,49007,ANGERS,49,MAINE-ET-LOIRE,17,NANTES,47.48939062753007,-0.5162502622117519
0491766D,Collège Porte d'Anjou,public,hors EP,91.8,88.8,0.0,conforme,88.7,0.0,conforme,49228,NOYANT VILLAGES,49,MAINE-ET-LOIRE,17,NANTES,47.51550576293814,0.1085804308310302
0491825T,Collège David d'Angers,public,hors EP,111.7,88.8,0.0,conforme,88.7,0.0,conforme,49007,ANGERS,49,MAINE-ET-LOIRE,17,NANTES,47.46583574726785,-0.5446801151216725
0491826U,Collège Yolande d'Anjou,public,hors EP,91.5,88.8,0.0,conforme,88.7,0.0,conforme,49328,SAUMUR,49,MAINE-ET-LOIRE,17,NANTES,47.25491363506482,-0.0745703685385721
0491859E,Collège Trémolières,public,hors EP,86.0,88.8,2.799999999999997,oublie,88.7,2.700000000000003,oublie,49099,CHOLET,49,MAINE-ET-LOIRE,17,NANTES,47.0540823007082,-0.89776970100763
0492081W,Collège Jean Monnet,public,hors EP,116.7,88.8,0.0,conforme,88.7,0.0,conforme,49007,ANGERS,49,MAINE-ET-LOIRE,17,NANTES,47.46562716835345,-0.6014204747469678
0500001E,Collège Les Embruns,public,hors EP,110.7,88.8,0.0,conforme,90.0,0.0,conforme,50003,AGON COUTAINVILLE,50,MANCHE,70,NORMANDIE,49.05964033886526,-1.5956345097909126
0500003G,Collège Challemel Lacour,public,hors EP,111.8,88.8,0.0,conforme,90.0,0.0,conforme,50025,AVRANCHES,50,MANCHE,70,NORMANDIE,48.68295218733943,-1.3626199631808429
0500006K,Collège le Hague Dike,public,hors EP,107.8,88.8,0.0,conforme,90.0,0.0,conforme,50041,LA HAGUE,50,MANCHE,70,NORMANDIE,49.66573019725519,-1.8447400404974783
0500010P,Collège Marcel Grillard,public,hors EP,99.8,88.8,0.0,conforme,90.0,0.0,conforme,50082,BRICQUEBEC EN COTENTIN,50,MANCHE,70,NORMANDIE,49.46874420541929,-1.630340651063492
0500011R,Collège Jean Follain,public,hors EP,102.0,88.8,0.0,conforme,90.0,0.0,conforme,50095,CANISY,50,MANCHE,70,NORMANDIE,49.07770847020884,-1.1769998808758324
0500012S,Collège Léon Gambetta,public,hors EP,91.9,88.8,0.0,conforme,90.0,0.0,conforme,50099,CARENTAN LES MARAIS,50,MANCHE,70,NORMANDIE,49.30093814921892,-1.2512693444861456
0500014U,Collège Anne Heurgon Desjardins,public,hors EP,98.5,88.8,0.0,conforme,90.0,0.0,conforme,50111,CERISY LA SALLE,50,MANCHE,70,NORMANDIE,49.02656525073974,-1.2775900350190357
0500024E,Collège Ingénieur Cachin,public,hors EP,96.4,88.8,0.0,conforme,90.0,0.0,conforme,50129,CHERBOURG EN COTENTIN,50,MANCHE,70,NORMANDIE,49.63914135202082,-1.6137595455434055
0500034R,Collège Raymond le Corre,public,hors EP,98.7,88.8,0.0,conforme,90.0,0.0,conforme,50129,CHERBOURG EN COTENTIN,50,MANCHE,70,NORMANDIE,49.6500634476954,-1.6544404799321455
0500035S,Collège Roland Vaudatin,public,hors EP,92.6,88.8,0.0,conforme,90.0,0.0,conforme,50197,GAVRAY SUR SIENNE,50,MANCHE,70,NORMANDIE,48.909471026638265,-1.3526035848336662
0500039W,Collège André Malraux,public,hors EP,104.6,88.8,0.0,conforme,90.0,0.0,conforme,50218,GRANVILLE,50,MANCHE,70,NORMANDIE,48.835942167985976,-1.6080763473641235
0500042Z,Collège Louis Beuve,public,hors EP,95.4,88.8,0.0,conforme,90.0,0.0,conforme,50237,LA HAYE PESNEL,50,MANCHE,70,NORMANDIE,48.79858496610603,-1.3953206405096157
0500046D,Collège Jean Monnet,public,hors EP,101.0,88.8,0.0,conforme,90.0,0.0,conforme,50292,MARIGNY LE LOZON,50,MANCHE,70,NORMANDIE,49.10018305697344,-1.242929777291703
0500047E,Collège Tiphaigne de la Roche,public,hors EP,93.8,88.8,0.0,conforme,90.0,0.0,conforme,50341,MONTEBOURG,50,MANCHE,70,NORMANDIE,49.488282931487625,-1.384603265527235
0500048F,Collège les Courtils,public,hors EP,107.3,88.8,0.0,conforme,90.0,0.0,conforme,50349,MONTMARTIN SUR MER,50,MANCHE,70,NORMANDIE,48.98768898382862,-1.520040466098572
0500050H,Collège Robert de Mortain,public,hors EP,94.0,88.8,0.0,conforme,90.0,0.0,conforme,50359,MORTAIN BOCAGE,50,MANCHE,70,NORMANDIE,48.64396048027146,-0.9360493947509448
0500052K,Collège Le Moulin de Haut,public,hors EP,95.5,88.8,0.0,conforme,90.0,0.0,conforme,50393,PERCY EN NORMANDIE,50,MANCHE,70,NORMANDIE,48.91436037826973,-1.1904294168351706
0500053L,Collège Le Fairage,public,REP,91.7,88.8,2.9000000000000057,sur-inclus,90.0,1.7000000000000028,sur-inclus,50394,PERIERS,50,MANCHE,70,NORMANDIE,49.18425859520142,-1.4037505983876106
0500059T,Collège Jean Grémillon,public,hors EP,97.5,88.8,0.0,conforme,90.0,0.0,conforme,50455,SAINT CLAIR SUR L ELLE,50,MANCHE,70,NORMANDIE,49.18979899967366,-1.0257899103631636
0500061V,Collège Jules Verne,public,hors EP,93.8,88.8,0.0,conforme,90.0,0.0,conforme,50484,SAINT HILAIRE DU HARCOUET,50,MANCHE,70,NORMANDIE,48.57866620918561,-1.0892805651085586
0500062W,Collège le Ferronay,public,hors EP,107.8,88.8,0.0,conforme,90.0,0.0,conforme,50129,CHERBOURG EN COTENTIN,50,MANCHE,70,NORMANDIE,49.6285106336572,-1.6369893266326825
0500068C,Collège Saint-Exupéry,public,REP,85.6,88.8,0.0,conforme,90.0,0.0,conforme,50523,SAINTE MERE EGLISE,50,MANCHE,70,NORMANDIE,49.41031945923135,-1.31045682573086
0500069D,Collège Gilles de Gouberville,public,hors EP,101.0,88.8,0.0,conforme,90.0,0.0,conforme,50539,SAINT PIERRE EGLISE,50,MANCHE,70,NORMANDIE,49.668812763330514,-1.4017101299905956
0500071F,Collège Tancrède de Hauteville,public,hors EP,96.4,88.8,0.0,conforme,90.0,0.0,conforme,50550,SAINT SAUVEUR VILLAGES,50,MANCHE,70,NORMANDIE,49.127402999679546,-1.409380505371699
0500072G,Collège Barbey d'Aurevilly,public,hors EP,92.8,88.8,0.0,conforme,90.0,0.0,conforme,50551,SAINT SAUVEUR LE VICOMTE,50,MANCHE,70,NORMANDIE,49.39083166431724,-1.5334204042581558
0500075K,Collège Anatole France,public,hors EP,103.4,88.8,0.0,conforme,90.0,0.0,conforme,50565,SARTILLY BAIE BOCAGE,50,MANCHE,70,NORMANDIE,48.75224495733856,-1.455160322053737
0500078N,Collège Raymond Queneau,public,hors EP,94.9,88.8,0.0,conforme,90.0,0.0,conforme,50592,TESSY BOCAGE,50,MANCHE,70,NORMANDIE,48.97118707616327,-1.0660003616961724
0500079P,Collège Albert Camus,public,hors EP,101.1,88.8,0.0,conforme,90.0,0.0,conforme,50601,TORIGNY LES VILLES,50,MANCHE,70,NORMANDIE,49.038031426560806,-0.9777494327459976
0500080R,Collège Denis Diderot,public,hors EP,99.6,88.8,0.0,conforme,90.0,0.0,conforme,50129,CHERBOURG EN COTENTIN,50,MANCHE,70,NORMANDIE,49.64700542905144,-1.5799230195041365
0500083U,Collège le Dinandier,public,REP,96.9,88.8,8.100000000000009,sur-inclus,90.0,6.900000000000006,sur-inclus,50639,VILLEDIEU LES POELES ROUFFIGNY,50,MANCHE,70,NORMANDIE,48.84097589041527,-1.2171494143847557
0500094F,Collège Georges Lavalley,public,hors EP,106.9,88.8,0.0,conforme,90.0,0.0,conforme,50502,SAINT LO,50,MANCHE,70,NORMANDIE,49.11246471536882,-1.1031501224687963
0500095G,Collège Louis Pasteur,public,hors EP,90.9,88.8,0.0,conforme,90.0,0.0,conforme,50502,SAINT LO,50,MANCHE,70,NORMANDIE,49.114205582373465,-1.080684377285271
0500096H,Collège Félix Buhot,public,hors EP,107.9,88.8,0.0,conforme,90.0,0.0,conforme,50615,VALOGNES,50,MANCHE,70,NORMANDIE,49.50756505640143,-1.480210383513937
0501205N,Collège les Provinces,public,REP+,81.9,88.8,0.0,conforme,90.0,0.0,conforme,50129,CHERBOURG EN COTENTIN,50,MANCHE,70,NORMANDIE,49.62796998464379,-1.6298799572344471
0501206P,Collège Jacques Prévert,public,hors EP,98.7,88.8,0.0,conforme,90.0,0.0,conforme,50147,COUTANCES,50,MANCHE,70,NORMANDIE,49.05436094146021,-1.4305901607271578
0501216A,Collège Émile Zola,public,hors EP,105.9,88.8,0.0,conforme,90.0,0.0,conforme,50129,CHERBOURG EN COTENTIN,50,MANCHE,70,NORMANDIE,49.615515244456695,-1.6018294231557797
0501217B,Collège André Miclot,public,hors EP,104.0,88.8,0.0,conforme,90.0,0.0,conforme,50412,PORT BAIL SUR MER,50,MANCHE,70,NORMANDIE,49.33703881506812,-1.6988184650769105
0501218C,Collège Étenclin,public,hors EP,90.6,88.8,0.0,conforme,90.0,0.0,conforme,50236,LA HAYE,50,MANCHE,70,NORMANDIE,49.29260495040637,-1.541389492702728
0501220E,Collège le Castillon,public,hors EP,107.8,88.8,0.0,conforme,90.0,0.0,conforme,50402,LES PIEUX,50,MANCHE,70,NORMANDIE,49.514614309697095,-1.8039002758418907
0501239A,Collège la Vanlée,public,hors EP,101.1,88.8,0.0,conforme,90.0,0.0,conforme,50076,BREHAL,50,MANCHE,70,NORMANDIE,48.902898097845096,-1.509189705569086
0501240B,Collège Gabriel de Montgomery,public,hors EP,100.7,88.8,0.0,conforme,90.0,0.0,conforme,50168,DUCEY LES CHERIS,50,MANCHE,70,NORMANDIE,48.61581271959491,-1.2916697896946456
0501241C,Collège Georges Brassens,public,hors EP,98.2,88.8,0.0,conforme,90.0,0.0,conforme,50410,PONTORSON,50,MANCHE,70,NORMANDIE,48.5497638751752,-1.507439350772083
0501242D,Collège le Clos Tardif,public,hors EP,91.4,88.8,0.0,conforme,90.0,0.0,conforme,50487,SAINT JAMES,50,MANCHE,70,NORMANDIE,48.52014460776465,-1.3268696911205948
0501300S,Collège Guillaume Fouace,public,REP,90.4,88.8,1.6000000000000085,sur-inclus,90.0,0.4000000000000057,sur-inclus,50562,SAINT VAAST LA HOUGUE,50,MANCHE,70,NORMANDIE,49.58923620521151,-1.27119995876091
0501301T,Collège Du Marais,public,hors EP,93.0,88.8,0.0,conforme,90.0,0.0,conforme,50488,SAINT JEAN DE DAYE,50,MANCHE,70,NORMANDIE,49.22860985568914,-1.136950399539709
0501302U,Collège Pierre Aguiton,public,hors EP,98.3,88.8,0.0,conforme,90.0,0.0,conforme,50074,BRECEY,50,MANCHE,70,NORMANDIE,48.72746095288361,-1.1683997621875153
0501458N,Collège Desdevises du Dézert,public,hors EP,92.9,88.8,0.0,conforme,90.0,0.0,conforme,50267,LESSAY,50,MANCHE,70,NORMANDIE,49.211707356066,-1.5349297512284632
0501482P,Collège Jules Ferry,public,hors EP,105.5,88.8,0.0,conforme,90.0,0.0,conforme,50129,CHERBOURG EN COTENTIN,50,MANCHE,70,NORMANDIE,49.65934141474176,-1.692789970758555
0501525L,Collège la Chaussonnière,public,hors EP,100.9,88.8,0.0,conforme,90.0,0.0,conforme,50025,AVRANCHES,50,MANCHE,70,NORMANDIE,48.67889134000722,-1.3490924936986963
0501799J,Collège Lucien Goubert,public,hors EP,111.2,88.8,0.0,conforme,90.0,0.0,conforme,50184,FLAMANVILLE,50,MANCHE,70,NORMANDIE,49.53093206320035,-1.8615305826830373
0501830T,Collège Léon Jozeau Marigné,public,hors EP,94.7,88.8,0.0,conforme,90.0,0.0,conforme,50256,ISIGNY LE BUAT,50,MANCHE,70,NORMANDIE,48.61982969741742,-1.174690217600275
0502008L,Collège Bucaille-Charcot,public,hors EP,112.1,88.8,0.0,conforme,90.0,0.0,conforme,50129,CHERBOURG EN COTENTIN,50,MANCHE,70,NORMANDIE,49.64148964259467,-1.6322802370986358
0510001Z,Collège du Mazelot,public,hors EP,95.4,88.8,0.0,conforme,86.2,0.0,conforme,51009,ANGLURE,51,MARNE,19,REIMS,48.58693293367648,3.811870635702463
0510002A,Collège Saint-Exupéry,public,hors EP,99.9,88.8,0.0,conforme,86.2,0.0,conforme,51029,AVIZE,51,MARNE,19,REIMS,48.97468761723017,4.029760556011039
0510010J,Collège Victor Duruy,public,hors EP,101.1,88.8,0.0,conforme,86.2,0.0,conforme,51108,CHALONS EN CHAMPAGNE,51,MARNE,19,REIMS,48.95581116466658,4.353437153624679
0510011K,Collège Perrot d'Ablancourt,public,hors EP,95.1,88.8,0.0,conforme,86.2,0.0,conforme,51108,CHALONS EN CHAMPAGNE,51,MARNE,19,REIMS,48.95009801777346,4.368359903609187
0510016R,Collège Jean Monnet,public,hors EP,96.0,88.8,0.0,conforme,86.2,0.0,conforme,51230,EPERNAY,51,MARNE,19,REIMS,49.04056076546184,3.95458001538225
0510022X,Collège Stéphane Mallarmé,public,hors EP,88.6,88.8,0.20000000000000284,oublie,86.2,0.0,conforme,51248,FERE CHAMPENOISE,51,MARNE,19,REIMS,48.74955516569693,3.991090547138744
0510026B,Collège de la Brie Champenoise,public,hors EP,92.2,88.8,0.0,conforme,86.2,0.0,conforme,51380,MONTMIRAIL,51,MARNE,19,REIMS,48.8768877797906,3.550010647987584
0510027C,Collège Montmort-Lucy,public,hors EP,91.8,88.8,0.0,conforme,86.2,0.0,conforme,51381,MONTMORT LUCY,51,MARNE,19,REIMS,48.922511106118925,3.801799522178691
0510028D,Collège professeur Nicaise,public,hors EP,98.6,88.8,0.0,conforme,86.2,0.0,conforme,51346,MAREUIL LE PORT,51,MARNE,19,REIMS,49.08154333124151,3.738270485950324
0510029E,Collège Henri Guillaumet,public,hors EP,102.2,88.8,0.0,conforme,86.2,0.0,conforme,51388,MOURMELON LE GRAND,51,MARNE,19,REIMS,49.13745241187264,4.362270365618986
0510030F,Collège Pierre Souverville,public,hors EP,105.7,88.8,0.0,conforme,86.2,0.0,conforme,51440,PONTFAVERGER MORONVILLIERS,51,MARNE,19,REIMS,49.29525920942616,4.309732642081052
0510044W,Collège Colbert,public,REP+,76.7,88.8,0.0,conforme,86.2,0.0,conforme,51454,REIMS,51,MARNE,19,REIMS,49.28222789146159,4.020812536928728
0510048A,Collège la Source,public,hors EP,122.3,88.8,0.0,conforme,86.2,0.0,conforme,51461,RILLY LA MONTAGNE,51,MARNE,19,REIMS,49.16111996332805,4.048010073019983
0510051D,Collège du Mont d'Hor,public,hors EP,117.6,88.8,0.0,conforme,86.2,0.0,conforme,51518,SAINT THIERRY,51,MARNE,19,REIMS,49.30556430091417,3.962829399538612
0510052E,Collège Louis Pasteur,public,REP,89.6,88.8,0.7999999999999972,sur-inclus,86.2,3.3999999999999915,sur-inclus,51531,SERMAIZE LES BAINS,51,MARNE,19,REIMS,48.78496604934703,4.908199818700666
0510054G,Collège la Fontaine du Vé,public,hors EP,96.4,88.8,0.0,conforme,86.2,0.0,conforme,51535,SEZANNE,51,MARNE,19,REIMS,48.725484147857486,3.716919433550897
0510056J,Collège Louis Pasteur,public,hors EP,96.7,88.8,0.0,conforme,86.2,0.0,conforme,51559,SUIPPES,51,MARNE,19,REIMS,49.12672268918688,4.536289802169468
0510059M,Collège Eustache Deschamps,public,hors EP,101.3,88.8,0.0,conforme,86.2,0.0,conforme,51612,BLANCS COTEAUX,51,MARNE,19,REIMS,48.90211536578267,4.006260431907027
0510060N,Collège Paul Éluard,public,hors EP,117.8,88.8,0.0,conforme,86.2,0.0,conforme,51614,VERZY,51,MARNE,19,REIMS,49.146517450677294,4.166509963402198
0511083A,Collège Nicolas Appert,public,hors EP,87.7,88.8,1.0999999999999943,oublie,86.2,0.0,conforme,51108,CHALONS EN CHAMPAGNE,51,MARNE,19,REIMS,48.95291186468392,4.33690065693748
0511084B,Collège université,public,hors EP,121.5,88.8,0.0,conforme,86.2,0.0,conforme,51454,REIMS,51,MARNE,19,REIMS,49.25109269513979,4.03564151110926
0511085C,Collège Robert Schuman,public,hors EP,87.1,88.8,1.7000000000000028,oublie,86.2,0.0,conforme,51454,REIMS,51,MARNE,19,REIMS,49.25303543854247,4.058850659618287
0511108C,Collège Paul Fort,public,REP+,76.2,88.8,0.0,conforme,86.2,0.0,conforme,51454,REIMS,51,MARNE,19,REIMS,49.22701661700926,4.042520099566606
0511179E,Collège Saint-Rémi,public,hors EP,98.5,88.8,0.0,conforme,86.2,0.0,conforme,51454,REIMS,51,MARNE,19,REIMS,49.24342890084333,4.035979583222365
0511187N,Collège Paulette Billa,public,hors EP,103.7,88.8,0.0,conforme,86.2,0.0,conforme,51573,TINQUEUX,51,MARNE,19,REIMS,49.24858160257871,3.988940525090371
0511188P,Collège Thibaud de Champagne,public,hors EP,105.3,88.8,0.0,conforme,86.2,0.0,conforme,51250,FISMES,51,MARNE,19,REIMS,49.304263425817,3.695969510948837
0511189R,Collège Côte Legris,public,hors EP,102.5,88.8,0.0,conforme,86.2,0.0,conforme,51230,EPERNAY,51,MARNE,19,REIMS,49.054108824007095,3.949890124907866
0511191T,Collège Jean Baptiste Drouet,public,hors EP,91.4,88.8,0.0,conforme,86.2,0.0,conforme,51507,SAINTE MENEHOULD,51,MARNE,19,REIMS,49.09248270008968,4.911459457615363
0511214T,Collège trois Fontaines,public,REP,84.6,88.8,0.0,conforme,86.2,0.0,conforme,51454,REIMS,51,MARNE,19,REIMS,49.27653803620592,4.010009804803653
0511216V,Collège Jean Moulin,public,hors EP,102.8,88.8,0.0,conforme,86.2,0.0,conforme,51506,SAINT MEMMIE,51,MARNE,19,REIMS,48.946367348657645,4.387920061002502
0511251H,Collège Joliot-Curie,public,REP+,68.4,88.8,0.0,conforme,86.2,0.0,conforme,51454,REIMS,51,MARNE,19,REIMS,49.231894423087184,4.005970510389876
0511254L,Collège François Legros,public,REP,76.6,88.8,0.0,conforme,86.2,0.0,conforme,51454,REIMS,51,MARNE,19,REIMS,49.23670937815828,4.010433126222066
0511256N,Collège les Indes,public,REP,87.4,88.8,0.0,conforme,86.2,1.2000000000000028,sur-inclus,51649,VITRY LE FRANCOIS,51,MARNE,19,REIMS,48.72877575805801,4.580520187764212
0511258R,Collège Claude Nicolas le Doux,public,hors EP,100.0,88.8,0.0,conforme,86.2,0.0,conforme,51217,DORMANS,51,MARNE,19,REIMS,49.0712631167263,3.636719550457106
0511326P,Collège Georges Charpak,public,hors EP,109.8,88.8,0.0,conforme,86.2,0.0,conforme,51043,BAZANCOURT,51,MARNE,19,REIMS,49.36081325267735,4.16747949144331
0511327R,Collège Terres Rouges,public,hors EP,88.3,88.8,0.5,oublie,86.2,0.0,conforme,51230,EPERNAY,51,MARNE,19,REIMS,49.02791590487967,3.957149511920305
0511432E,Collège Yvette Lundy,public,hors EP,107.8,88.8,0.0,conforme,86.2,0.0,conforme,51030,AY CHAMPAGNE,51,MARNE,19,REIMS,49.049377312336446,3.999190174130391
0511470W,Collège Maryse Bastié,public,REP,86.1,88.8,0.0,conforme,86.2,0.0,conforme,51454,REIMS,51,MARNE,19,REIMS,49.26984549368462,4.044869446645695
0511472Y,Collège Louis Grignon,public,hors EP,97.7,88.8,0.0,conforme,86.2,0.0,conforme,51242,FAGNIERES,51,MARNE,19,REIMS,48.952109937022655,4.3241500827558506
0511474A,Collège Pierre Gilles de Gennes,public,hors EP,85.8,88.8,3.0,oublie,86.2,0.4000000000000057,oublie,51262,FRIGNICOURT,51,MARNE,19,REIMS,48.71230434278272,4.590709492301247
0511476C,Collège Gisèle Probst,public,hors EP,95.3,88.8,0.0,conforme,86.2,0.0,conforme,51649,VITRY LE FRANCOIS,51,MARNE,19,REIMS,48.72814196601992,4.592600583273537
0511531M,Collège Pierre Brossolette,public,hors EP,96.2,88.8,0.0,conforme,86.2,0.0,conforme,51454,REIMS,51,MARNE,19,REIMS,49.2687097638527,4.017120409283519
0511564Y,Collège Raymond Sirot,public,hors EP,124.1,88.8,0.0,conforme,86.2,0.0,conforme,51282,GUEUX,51,MARNE,19,REIMS,49.24957017605578,3.9137606177434456
0511567B,Collège du Grand Morin,public,hors EP,99.0,88.8,0.0,conforme,86.2,0.0,conforme,51237,ESTERNAY,51,MARNE,19,REIMS,48.7309188805646,3.556340443422617
0511802G,Collège Georges Braque,public,REP+,69.1,88.8,0.0,conforme,86.2,0.0,conforme,51454,REIMS,51,MARNE,19,REIMS,49.22324921302735,4.017080105216009
0511961E,Collège Pierre de Coubertin,public,hors EP,99.1,88.8,0.0,conforme,86.2,0.0,conforme,51172,CORMONTREUIL,51,MARNE,19,REIMS,49.219596209033455,4.034516698454307
0512014M,Collège Léonard de Vinci,public,hors EP,116.8,88.8,0.0,conforme,86.2,0.0,conforme,51662,WITRY LES REIMS,51,MARNE,19,REIMS,49.291686636816166,4.108070626688349
0520004X,Collège Louis Bruntz,public,hors EP,86.2,88.8,2.5999999999999943,oublie,86.2,0.0,au seuil,52064,BOURMONT ENTRE MEUSE ET MOUZON,52,HAUTE-MARNE,19,REIMS,48.20166245216098,5.589604670520042
0520006Z,Collège Amiral Denis Decres,public,hors EP,95.3,88.8,0.0,conforme,86.2,0.0,conforme,52114,CHATEAUVILLAIN,52,HAUTE-MARNE,19,REIMS,48.02720570953875,4.915370346957971
0520014H,Collège Jouffroy d'Abbans,public,hors EP,91.9,88.8,0.0,conforme,86.2,0.0,conforme,52177,DOULAINCOURT SAUCOURT,52,HAUTE-MARNE,19,REIMS,48.32103569097893,5.214699812283425
0520017L,Collège des 3 provinces,public,hors EP,89.2,88.8,0.0,conforme,86.2,0.0,conforme,52197,FAYL BILLOT,52,HAUTE-MARNE,19,REIMS,47.78091344389857,5.606789606755099
0520018M,Collège Marie Calves,public,hors EP,91.2,88.8,0.0,conforme,86.2,0.0,conforme,52211,FRONCLES,52,HAUTE-MARNE,19,REIMS,48.29525868277767,5.145870072548677
0520022S,Collège Jean Renoir,public,hors EP,99.0,88.8,0.0,conforme,86.2,0.0,conforme,52331,LA PORTE DU DER,52,HAUTE-MARNE,19,REIMS,48.48056589660886,4.767730387677093
0520023T,Collège Camille Flammarion,public,hors EP,95.0,88.8,0.0,conforme,86.2,0.0,conforme,52332,VAL DE MEUSE,52,HAUTE-MARNE,19,REIMS,47.999458928928746,5.489180385168197
0520025V,Collège Françoise Dolto,public,hors EP,91.1,88.8,0.0,conforme,86.2,0.0,conforme,52353,NOGENT,52,HAUTE-MARNE,19,REIMS,48.02869541336096,5.347839407282649
0520026W,Collège les Vignes du Crey,public,hors EP,108.3,88.8,0.0,conforme,86.2,0.0,conforme,52405,LE MONTSAUGEONNAIS,52,HAUTE-MARNE,19,REIMS,47.67871725105362,5.288649845361541
0520039K,Collège Louise Michel,public,hors EP,98.9,88.8,0.0,conforme,86.2,0.0,conforme,52121,CHAUMONT,52,HAUTE-MARNE,19,REIMS,48.10425628030658,5.148130643607404
0520040L,Collège Les Franchises,public,hors EP,96.8,88.8,0.0,conforme,86.2,0.0,conforme,52269,LANGRES,52,HAUTE-MARNE,19,REIMS,47.868459235587984,5.3416006180522375
0520049W,Collège Anne Frank,public,REP+,74.4,88.8,0.0,conforme,86.2,0.0,conforme,52448,SAINT DIZIER,52,HAUTE-MARNE,19,REIMS,48.64699426079609,4.968319750330073
0520050X,Collège Luis Ortiz,public,REP,87.2,88.8,0.0,conforme,86.2,1.0,sur-inclus,52448,SAINT DIZIER,52,HAUTE-MARNE,19,REIMS,48.63874685362223,4.966639632648322
0520051Y,Collège la Noue,public,hors EP,87.1,88.8,1.7000000000000028,oublie,86.2,0.0,conforme,52448,SAINT DIZIER,52,HAUTE-MARNE,19,REIMS,48.63873460600575,4.931479411479316
0520052Z,Collège Diderot,public,hors EP,82.7,88.8,6.099999999999994,oublie,86.2,3.5,oublie,52269,LANGRES,52,HAUTE-MARNE,19,REIMS,47.86211527192536,5.333959544429537
0520706K,Collège Montmorency,public,hors EP,89.7,88.8,0.0,conforme,86.2,0.0,conforme,52060,BOURBONNE LES BAINS,52,HAUTE-MARNE,19,REIMS,47.95970408588476,5.745379814145302
0520708M,Collège Paul Claudel,public,hors EP,89.5,88.8,0.0,conforme,86.2,0.0,conforme,52550,WASSY,52,HAUTE-MARNE,19,REIMS,48.504574967643,4.94119031657734
0520733P,Collège Camille Saint-Saens,public,hors EP,109.3,88.8,0.0,conforme,86.2,0.0,conforme,52121,CHAUMONT,52,HAUTE-MARNE,19,REIMS,48.112479184857584,5.140919787456839
0520737U,Collège la Rochotte,public,REP,86.5,88.8,0.0,conforme,86.2,0.29999999999999716,sur-inclus,52121,CHAUMONT,52,HAUTE-MARNE,19,REIMS,48.09041042915168,5.134959611402558
0520794F,Collège Henri Vincenot,public,hors EP,94.8,88.8,0.0,conforme,86.2,0.0,conforme,52093,CHALINDREY,52,HAUTE-MARNE,19,REIMS,47.80757837573006,5.433030465070312
0520814C,Collège Colombey les deux églises,public,hors EP,97.0,88.8,0.0,conforme,86.2,0.0,conforme,52140,COLOMBEY LES DEUX EGLISES,52,HAUTE-MARNE,19,REIMS,48.22366967841845,4.887934215022914
0520822L,Collège Cressot,public,REP,89.8,88.8,1.0,sur-inclus,86.2,3.5999999999999943,sur-inclus,52250,JOINVILLE,52,HAUTE-MARNE,19,REIMS,48.44041161771185,5.156077998088681
0520842H,Collège René Rollin,public,hors EP,89.2,88.8,0.0,conforme,86.2,0.0,conforme,52123,CHEVILLON,52,HAUTE-MARNE,19,REIMS,48.52487886222406,5.1149196547547255
0530001N,Collège Léo Ferré,public,hors EP,98.8,88.8,0.0,conforme,88.7,0.0,conforme,53003,AMBRIERES LES VALLEES,53,MAYENNE,17,NANTES,48.39798359573725,-0.6334914329156816
0530002P,Collège des 7 Fontaines,public,hors EP,107.4,88.8,0.0,conforme,88.7,0.0,conforme,53005,ANDOUILLE,53,MAYENNE,17,NANTES,48.17832768284777,-0.7764417376555726
0530003R,Collège Jean-Louis Bernard,public,hors EP,96.3,88.8,0.0,conforme,88.7,0.0,conforme,53016,BAIS,53,MAYENNE,17,NANTES,48.25704448362329,-0.3675772203330804
0530005T,Collège Volney,public,hors EP,94.5,88.8,0.0,conforme,88.7,0.0,conforme,53084,CRAON,53,MAYENNE,17,NANTES,47.84319968222657,-0.9430603748081452
0530007V,Collège Paul Langevin,public,hors EP,89.9,88.8,0.0,conforme,88.7,0.0,conforme,53097,EVRON,53,MAYENNE,17,NANTES,48.15251043805528,-0.4007399969870093
0530015D,Collège Pierre Dubois,public,hors EP,107.3,88.8,0.0,conforme,88.7,0.0,conforme,53130,LAVAL,53,MAYENNE,17,NANTES,48.06484434884635,-0.7620616937571794
0530021K,Collège de Misedon,public,hors EP,102.4,88.8,0.0,conforme,88.7,0.0,conforme,53182,PORT BRILLET,53,MAYENNE,17,NANTES,48.115182038250886,-0.971969992508014
0530025P,Collège Les Garettes,public,hors EP,87.0,88.8,1.7999999999999972,oublie,88.7,1.7000000000000028,oublie,53271,VILLAINES LA JUHEL,53,MAYENNE,17,NANTES,48.345326402739296,-0.2816898252923849
0530030V,Collège l'Oriette,public,hors EP,98.9,88.8,0.0,conforme,88.7,0.0,conforme,53077,COSSE LE VIVIEN,53,MAYENNE,17,NANTES,47.94357087521468,-0.91006964851329
0530031W,Collège Le grand Champ,public,hors EP,93.3,88.8,0.0,conforme,88.7,0.0,conforme,53110,GREZ EN BOUERE,53,MAYENNE,17,NANTES,47.87674965219911,-0.5255394095412954
0530041G,Collège Emmanuel de Martonne,public,hors EP,91.2,88.8,0.0,conforme,88.7,0.0,conforme,53130,LAVAL,53,MAYENNE,17,NANTES,48.08255428852296,-0.7817694146970597
0530077W,Collège René Cassin,public,hors EP,91.4,88.8,0.0,conforme,88.7,0.0,conforme,53096,ERNEE,53,MAYENNE,17,NANTES,48.2980054366832,-0.9344302055131082
0530078X,Collège Jules Ferry,public,hors EP,98.5,88.8,0.0,conforme,88.7,0.0,conforme,53147,MAYENNE,53,MAYENNE,17,NANTES,48.30223194254734,-0.6079899515029219
0530082B,Collège Jules Renard,public,hors EP,107.4,88.8,0.0,conforme,88.7,0.0,conforme,53130,LAVAL,53,MAYENNE,17,NANTES,48.08387100305019,-0.7574189903359653
0530484N,Collège Alain Gerbault,public,REP+,76.0,88.8,0.0,conforme,88.7,0.0,conforme,53130,LAVAL,53,MAYENNE,17,NANTES,48.061387646157705,-0.7481104943065231
0530583W,Collège des Avaloirs,public,hors EP,94.0,88.8,0.0,conforme,88.7,0.0,conforme,53185,PRE EN PAIL SAINT SAMSON,53,MAYENNE,17,NANTES,48.46092465571431,-0.2032295665860829
0530584X,Collège Alfred Jarry,public,hors EP,85.6,88.8,3.200000000000003,oublie,88.7,3.1000000000000085,oublie,53188,RENAZE,53,MAYENNE,17,NANTES,47.792377923868685,-1.0586894343382065
0530779J,Collège Jean Rostand,public,hors EP,102.4,88.8,0.0,conforme,88.7,0.0,conforme,53062,CHATEAU GONTIER SUR MAYENNE,53,MAYENNE,17,NANTES,47.83065129829974,-0.7179027793852203
0530790W,Collège Jacques Monod,public,hors EP,99.3,88.8,0.0,conforme,88.7,0.0,conforme,53130,LAVAL,53,MAYENNE,17,NANTES,48.06578512638096,-0.7849304301383724
0530791X,Collège Maurice Genevoix,public,hors EP,94.5,88.8,0.0,conforme,88.7,0.0,conforme,53152,MESLAY DU MAINE,53,MAYENNE,17,NANTES,47.948390721425184,-0.5542801425039587
0530792Y,Collège Béatrix de Gavre,public,hors EP,101.8,88.8,0.0,conforme,88.7,0.0,conforme,53161,MONTSURS,53,MAYENNE,17,NANTES,48.132099742579655,-0.5560441830364663
0530793Z,Collège Francis Lallart,public,hors EP,92.3,88.8,0.0,conforme,88.7,0.0,conforme,53107,GORRON,53,MAYENNE,17,NANTES,48.41258007265446,-0.807761022646242
0530803K,Collège Victor Hugo,public,hors EP,98.6,88.8,0.0,conforme,88.7,0.0,conforme,53127,LASSAY LES CHATEAUX,53,MAYENNE,17,NANTES,48.43479983531925,-0.4936194956286049
0530804L,Collège Louis Launay,public,hors EP,92.5,88.8,0.0,conforme,88.7,0.0,conforme,53125,LANDIVY,53,MAYENNE,17,NANTES,48.47763149244908,-1.0298995981964232
0530826K,Collège Sévigné,public,hors EP,100.3,88.8,0.0,conforme,88.7,0.0,conforme,53147,MAYENNE,53,MAYENNE,17,NANTES,48.30481408169694,-0.6246061476042021
0530827L,Collège Paul-Émile Victor,public,hors EP,106.8,88.8,0.0,conforme,88.7,0.0,conforme,53062,CHATEAU GONTIER SUR MAYENNE,53,MAYENNE,17,NANTES,47.837114059889466,-0.6995424181704569
0530914F,Collège Fernand Puech,public,hors EP,109.9,88.8,0.0,conforme,88.7,0.0,conforme,53130,LAVAL,53,MAYENNE,17,NANTES,48.07313206211767,-0.7659097208520368
0540001H,Collège de Baccarat,public,hors EP,96.8,88.8,0.0,conforme,84.8,0.0,conforme,54039,BACCARAT,54,MEURTHE-ET-MOSELLE,12,NANCY-METZ,48.44589746372329,6.7399600451478765
0540004L,Collège René Gaillard,public,hors EP,100.9,88.8,0.0,conforme,84.8,0.0,conforme,54061,BENAMENIL,54,MEURTHE-ET-MOSELLE,12,NANCY-METZ,48.56890280636425,6.67124937458415
0540005M,Collège Langevin Wallon,public,hors EP,99.6,88.8,0.0,conforme,84.8,0.0,conforme,54076,BLAINVILLE SUR L EAU,54,MEURTHE-ET-MOSELLE,12,NANCY-METZ,48.56335209419181,6.404079476628616
0540008R,Collège Jules Ferry,public,hors EP,102.1,88.8,0.0,conforme,84.8,0.0,conforme,54099,VAL DE BRIEY,54,MEURTHE-ET-MOSELLE,12,NANCY-METZ,49.23883178315317,5.972430533922175
0540011U,Collège de la Haute Vezouze,public,hors EP,93.2,88.8,0.0,conforme,84.8,0.0,conforme,54129,CIREY SUR VEZOUZE,54,MEURTHE-ET-MOSELLE,12,NANCY-METZ,48.57670601190736,6.942950671151198
0540012V,Collège Jacques Grüber,public,hors EP,103.6,88.8,0.0,conforme,84.8,0.0,conforme,54135,COLOMBEY LES BELLES,54,MEURTHE-ET-MOSELLE,12,NANCY-METZ,48.530104684721,5.891730298000086
0540013W,Collège Joliot Curie,public,hors EP,110.1,88.8,0.0,conforme,84.8,0.0,conforme,54157,DIEULOUARD,54,MEURTHE-ET-MOSELLE,12,NANCY-METZ,48.84120070858394,6.060369512487257
0540014X,Collège Julienne Farenc,public,hors EP,97.7,88.8,0.0,conforme,84.8,0.0,conforme,54159,DOMBASLE SUR MEURTHE,54,MEURTHE-ET-MOSELLE,12,NANCY-METZ,48.6251214087127,6.35245997585818
0540017A,Collège Charles Maximilien Duvivier,public,hors EP,109.7,88.8,0.0,conforme,84.8,0.0,conforme,54176,EINVILLE AU JARD,54,MEURTHE-ET-MOSELLE,12,NANCY-METZ,48.66162041414905,6.482570266734345
0540019C,Collège Louis Pergaud,public,hors EP,90.1,88.8,0.0,conforme,84.8,0.0,conforme,54205,FOUG,54,MEURTHE-ET-MOSELLE,12,NANCY-METZ,48.68105578582672,5.790329665743689
0540022F,Collège Eugène François,public,hors EP,104.6,88.8,0.0,conforme,84.8,0.0,conforme,54222,GERBEVILLER,54,MEURTHE-ET-MOSELLE,12,NANCY-METZ,48.49513196565681,6.507769632190635
0540025J,Collège Louis Aragon,public,hors EP,103.8,88.8,0.0,conforme,84.8,0.0,conforme,54273,JARNY,54,MEURTHE-ET-MOSELLE,12,NANCY-METZ,49.163223266468925,5.870280605341654
0540047H,Collège Victor Prouvé,public,hors EP,105.8,88.8,0.0,conforme,84.8,0.0,conforme,54304,LAXOU,54,MEURTHE-ET-MOSELLE,12,NANCY-METZ,48.67761532196342,6.143700130181998
0540052N,Collège Jules Ferry,public,hors EP,112.2,88.8,0.0,conforme,84.8,0.0,conforme,54397,NEUVES MAISONS,54,MEURTHE-ET-MOSELLE,12,NANCY-METZ,48.61508915854624,6.106610490606688
0540054R,Collège Val de Seille,public,hors EP,108.9,88.8,0.0,conforme,84.8,0.0,conforme,54400,NOMENY,54,MEURTHE-ET-MOSELLE,12,NANCY-METZ,48.88775243893895,6.223490499627017
0540064B,Collège Ferdinand Buisson,public,hors EP,97.5,88.8,0.0,conforme,84.8,0.0,conforme,54518,THIAUCOURT REGNIEVILLE,54,MEURTHE-ET-MOSELLE,12,NANCY-METZ,48.95023883684387,5.870090150374094
0540071J,Collège Robert Geant,public,hors EP,111.8,88.8,0.0,conforme,84.8,0.0,conforme,54563,VEZELISE,54,MEURTHE-ET-MOSELLE,12,NANCY-METZ,48.48896870321224,6.083429520971061
0540078S,Collège Louis Marin,public,hors EP,109.4,88.8,0.0,conforme,84.8,0.0,conforme,54150,CUSTINES,54,MEURTHE-ET-MOSELLE,12,NANCY-METZ,48.79407326484112,6.154180080886135
0540088C,Collège Anatole France,public,REP,72.0,88.8,0.0,conforme,84.8,0.0,conforme,54382,MONT SAINT MARTIN,54,MEURTHE-ET-MOSELLE,12,NANCY-METZ,49.5447086456776,5.790349509391255
0540106X,Collège La Craffe,public,hors EP,121.9,88.8,0.0,conforme,84.8,0.0,conforme,54395,NANCY,54,MEURTHE-ET-MOSELLE,12,NANCY-METZ,48.69898165052352,6.177149381080738
0540110B,Collège Georges de la Tour,public,hors EP,94.3,88.8,0.0,conforme,84.8,0.0,conforme,54395,NANCY,54,MEURTHE-ET-MOSELLE,12,NANCY-METZ,48.692072199209306,6.138330428338978
0540111C,Collège Jacques Callot,public,hors EP,78.5,88.8,10.299999999999997,oublie,84.8,6.299999999999997,oublie,54547,VANDOEUVRE LES NANCY,54,MEURTHE-ET-MOSELLE,12,NANCY-METZ,48.66599311776567,6.161119410728105
0540112D,Collège Jacques Marquette,public,hors EP,100.0,88.8,0.0,conforme,84.8,0.0,conforme,54431,PONT A MOUSSON,54,MEURTHE-ET-MOSELLE,12,NANCY-METZ,48.90610517131058,6.058099824002732
0540115G,Collège Jean Maumus,public,hors EP,100.7,88.8,0.0,conforme,84.8,0.0,conforme,54099,VAL DE BRIEY,54,MEURTHE-ET-MOSELLE,12,NANCY-METZ,49.2557012349787,5.935350365117178
0541210X,Collège Valcourt,public,hors EP,106.9,88.8,0.0,conforme,84.8,0.0,conforme,54528,TOUL,54,MEURTHE-ET-MOSELLE,12,NANCY-METZ,48.66763324088784,5.888890067774486
0541211Y,Collège Émile Gallé,public,hors EP,105.0,88.8,0.0,conforme,84.8,0.0,conforme,54184,ESSEY LES NANCY,54,MEURTHE-ET-MOSELLE,12,NANCY-METZ,48.70004339242134,6.2216805889771125
0541284C,Collège Grandville,public,hors EP,108.5,88.8,0.0,conforme,84.8,0.0,conforme,54318,LIVERDUN,54,MEURTHE-ET-MOSELLE,12,NANCY-METZ,48.75816871566044,6.0851401859083305
0541288G,Collège Vauban,public,hors EP,81.1,88.8,7.700000000000003,oublie,84.8,3.700000000000003,oublie,54323,LONGWY,54,MEURTHE-ET-MOSELLE,12,NANCY-METZ,49.520430343173885,5.762499859335035
0541325X,Collège Embanie,public,hors EP,109.7,88.8,0.0,conforme,84.8,0.0,conforme,54159,DOMBASLE SUR MEURTHE,54,MEURTHE-ET-MOSELLE,12,NANCY-METZ,48.61695802859028,6.362330096456626
0541326Y,Collège Jean Lurçat,public,hors EP,86.7,88.8,2.0999999999999943,oublie,84.8,0.0,conforme,54215,FROUARD,54,MEURTHE-ET-MOSELLE,12,NANCY-METZ,48.760785256971495,6.127100543698392
0541327Z,Collège Jean Lamour,public,REP+,76.3,88.8,0.0,conforme,84.8,0.0,conforme,54395,NANCY,54,MEURTHE-ET-MOSELLE,12,NANCY-METZ,48.70369708993783,6.1632895291222685
0541328A,Collège Ernest Bichat,public,hors EP,98.4,88.8,0.0,conforme,84.8,0.0,conforme,54329,LUNEVILLE,54,MEURTHE-ET-MOSELLE,12,NANCY-METZ,48.59620083848812,6.503859481142351
0541329B,Collège Charles Guérin,public,hors EP,89.0,88.8,0.0,conforme,84.8,0.0,conforme,54329,LUNEVILLE,54,MEURTHE-ET-MOSELLE,12,NANCY-METZ,48.588324762965065,6.48646055079721
0541330C,Collège Amiral de Rigny,public,hors EP,110.3,88.8,0.0,conforme,84.8,0.0,conforme,54528,TOUL,54,MEURTHE-ET-MOSELLE,12,NANCY-METZ,48.677452393597584,5.889099785551229
0541331D,Collège Alfred Mézières,public,hors EP,95.9,88.8,0.0,conforme,84.8,0.0,conforme,54273,JARNY,54,MEURTHE-ET-MOSELLE,12,NANCY-METZ,49.15712884157373,5.883120639228318
0541332E,Collège Paul Langevin,public,hors EP,87.0,88.8,1.7999999999999972,oublie,84.8,0.0,conforme,54425,PIENNES,54,MEURTHE-ET-MOSELLE,12,NANCY-METZ,49.30638737090091,5.793520479885729
0541333F,Collège Joliot Curie,public,hors EP,99.2,88.8,0.0,conforme,84.8,0.0,conforme,54536,TUCQUEGNIEUX,54,MEURTHE-ET-MOSELLE,12,NANCY-METZ,49.30930162719249,5.9005804875689405
0541334G,Collège Albert Lebrun,public,hors EP,82.2,88.8,6.599999999999994,oublie,84.8,2.5999999999999943,oublie,54323,LONGWY,54,MEURTHE-ET-MOSELLE,12,NANCY-METZ,49.53239073301865,5.761939597672267
0541336J,Collège Pierre Brossolette,public,hors EP,99.6,88.8,0.0,conforme,84.8,0.0,conforme,54451,REHON,54,MEURTHE-ET-MOSELLE,12,NANCY-METZ,49.49127571816511,5.751820476733104
0541466A,Collège Julien Franck,public,hors EP,103.8,88.8,0.0,conforme,84.8,0.0,conforme,54115,CHAMPIGNEULLES,54,MEURTHE-ET-MOSELLE,12,NANCY-METZ,48.72933536396607,6.169119438039568
0541469D,Collège Jean de La Fontaine,public,REP+,70.7,88.8,0.0,conforme,84.8,0.0,conforme,54304,LAXOU,54,MEURTHE-ET-MOSELLE,12,NANCY-METZ,48.69846285671614,6.134789846987164
0541470E,Collège Gaston Ramon,public,hors EP,101.5,88.8,0.0,conforme,84.8,0.0,conforme,54029,AUDUN LE ROMAN,54,MEURTHE-ET-MOSELLE,12,NANCY-METZ,49.37199032220119,5.889440134650881
0541471F,Collège Amilcar Zannoni,public,REP,81.8,88.8,0.0,conforme,84.8,0.0,conforme,54263,HOMECOURT,54,MEURTHE-ET-MOSELLE,12,NANCY-METZ,49.2262271067214,5.982076411201353
0541474J,Collège Paul Verlaine,public,hors EP,115.3,88.8,0.0,conforme,84.8,0.0,conforme,54339,MALZEVILLE,54,MEURTHE-ET-MOSELLE,12,NANCY-METZ,48.72328398763632,6.178849840766453
0541501N,Collège Niki de Saint Phalle,public,hors EP,94.9,88.8,0.0,conforme,84.8,0.0,conforme,54395,NANCY,54,MEURTHE-ET-MOSELLE,12,NANCY-METZ,48.67062395524581,6.159480374961708
0541515D,Collège Simone de Beauvoir,public,REP,83.1,88.8,0.0,conforme,84.8,0.0,conforme,54547,VANDOEUVRE LES NANCY,54,MEURTHE-ET-MOSELLE,12,NANCY-METZ,48.65174692130823,6.174680164132446
0541565H,Collège Croix de Metz,public,REP,86.4,88.8,0.0,conforme,84.8,1.6000000000000085,sur-inclus,54528,TOUL,54,MEURTHE-ET-MOSELLE,12,NANCY-METZ,48.69190000397324,5.896819824306622
0541567K,Collège La Plante Gribé,public,hors EP,107.6,88.8,0.0,conforme,84.8,0.0,conforme,54415,PAGNY SUR MOSELLE,54,MEURTHE-ET-MOSELLE,12,NANCY-METZ,48.98164642171792,6.017649968599069
0541568L,Collège Alfred Mézières,public,hors EP,110.7,88.8,0.0,conforme,84.8,0.0,conforme,54395,NANCY,54,MEURTHE-ET-MOSELLE,12,NANCY-METZ,48.70143196042543,6.170079861347021
0541569M,Collège Jean Moulin,public,hors EP,98.8,88.8,0.0,conforme,84.8,0.0,conforme,54526,TOMBLAINE,54,MEURTHE-ET-MOSELLE,12,NANCY-METZ,48.69728348367139,6.216209652556374
0541572R,Collège Antoine de Saint-Exupéry,public,hors EP,103.3,88.8,0.0,conforme,84.8,0.0,conforme,54483,SAINT NICOLAS DE PORT,54,MEURTHE-ET-MOSELLE,12,NANCY-METZ,48.62173080210344,6.2979305429528685
0541573S,Collège Jacques Callot,public,hors EP,112.8,88.8,0.0,conforme,84.8,0.0,conforme,54397,NEUVES MAISONS,54,MEURTHE-ET-MOSELLE,12,NANCY-METZ,48.62155664950468,6.112590056949817
0541576V,Collège Vincent Van Gogh,public,hors EP,94.6,88.8,0.0,conforme,84.8,0.0,conforme,54079,BLENOD LES PONT A MOUSSON,54,MEURTHE-ET-MOSELLE,12,NANCY-METZ,48.881692819888265,6.045709512384375
0541578X,Collège Léodile Béra,public,REP,81.1,88.8,0.0,conforme,84.8,0.0,conforme,54321,LONGLAVILLE,54,MEURTHE-ET-MOSELLE,12,NANCY-METZ,49.527375055269054,5.797190256340773
0541579Y,Collège Émile Gallé,public,hors EP,104.5,88.8,0.0,conforme,84.8,0.0,conforme,54314,LEXY,54,MEURTHE-ET-MOSELLE,12,NANCY-METZ,49.497035731056734,5.730229782400035
0541706L,Collège René Nicklès,public,hors EP,102.9,88.8,0.0,conforme,84.8,0.0,conforme,54165,DOMMARTEMONT,54,MEURTHE-ET-MOSELLE,12,NANCY-METZ,48.71175326778883,6.211560479128741
0541776M,Collège Georges Chepfer,public,hors EP,123.8,88.8,0.0,conforme,84.8,0.0,conforme,54578,VILLERS LES NANCY,54,MEURTHE-ET-MOSELLE,12,NANCY-METZ,48.66442298162307,6.138859851551659
0541778P,Collège Fréderic Chopin,public,hors EP,123.3,88.8,0.0,conforme,84.8,0.0,conforme,54395,NANCY,54,MEURTHE-ET-MOSELLE,12,NANCY-METZ,48.68043546493627,6.167400618126231
0541817G,Collège Albert Camus,public,REP,77.2,88.8,0.0,conforme,84.8,0.0,conforme,54274,JARVILLE LA MALGRANGE,54,MEURTHE-ET-MOSELLE,12,NANCY-METZ,48.67584247097175,6.201199399255605
0541819J,Collège Guynemer,public,hors EP,106.8,88.8,0.0,conforme,84.8,0.0,conforme,54395,NANCY,54,MEURTHE-ET-MOSELLE,12,NANCY-METZ,48.68743509011762,6.179680385835367
0541852V,Collège de l'Euron,public,hors EP,112.6,88.8,0.0,conforme,84.8,0.0,conforme,54054,BAYON,54,MEURTHE-ET-MOSELLE,12,NANCY-METZ,48.47723867309012,6.315350286118983
0541956H,Collège Edmond de Goncourt,public,hors EP,109.2,88.8,0.0,conforme,84.8,0.0,conforme,54439,PULNOY,54,MEURTHE-ET-MOSELLE,12,NANCY-METZ,48.705960645238086,6.261800005998273
0542189L,Collège Jacques Monod,public,hors EP,121.8,88.8,0.0,conforme,84.8,0.0,conforme,54328,LUDRES,54,MEURTHE-ET-MOSELLE,12,NANCY-METZ,48.61965843305136,6.168840374565712
0542349K,Collège Paul Verlaine,public,hors EP,94.1,88.8,0.0,conforme,84.8,0.0,conforme,54322,LONGUYON,54,MEURTHE-ET-MOSELLE,12,NANCY-METZ,49.43569819877678,5.614680561198268
0542418K,Collège Théodore Monod,public,hors EP,89.8,88.8,0.0,conforme,84.8,0.0,conforme,54580,VILLERUPT,54,MEURTHE-ET-MOSELLE,12,NANCY-METZ,49.46190293152584,5.925479841811349
0542468P,Collège Montaigu,public,hors EP,102.8,88.8,0.0,conforme,84.8,0.0,conforme,54257,HEILLECOURT,54,MEURTHE-ET-MOSELLE,12,NANCY-METZ,48.65693766120418,6.20911056276027
0550006H,Collège Pierre et Marie Curie,public,hors EP,91.1,88.8,0.0,conforme,84.8,0.0,conforme,55063,BOULIGNY,55,MEUSE,12,NANCY-METZ,49.29569527789007,5.7360300250917415
0550007J,Collège de l'Argonne,public,hors EP,98.0,88.8,0.0,conforme,84.8,0.0,conforme,55117,CLERMONT EN ARGONNE,55,MEUSE,12,NANCY-METZ,49.10975921230701,5.072789392134722
0550009L,Collège Jules Bastien Lepage,public,hors EP,89.0,88.8,0.0,conforme,84.8,0.0,conforme,55145,DAMVILLERS,55,MEUSE,12,NANCY-METZ,49.337805015160335,5.399650046284551
0550011N,Collège Louise Michel,public,hors EP,89.3,88.8,0.0,conforme,84.8,0.0,conforme,55181,ETAIN,55,MEUSE,12,NANCY-METZ,49.21214664735379,5.642810259157477
0550012P,Collège Louis Pergaud,public,hors EP,99.1,88.8,0.0,conforme,84.8,0.0,conforme,55198,FRESNES EN WOEVRE,55,MEUSE,12,NANCY-METZ,49.093140251761085,5.632939873181356
0550013R,Collège Val d'Ornois,public,hors EP,88.6,88.8,0.20000000000000284,oublie,84.8,0.0,conforme,55215,GONDRECOURT LE CHATEAU,55,MEUSE,12,NANCY-METZ,48.51468466384766,5.502500099987518
0550014S,Collège Robert Aubry,public,hors EP,92.7,88.8,0.0,conforme,84.8,0.0,conforme,55291,LIGNY EN BARROIS,55,MEUSE,12,NANCY-METZ,48.68642346392968,5.326910131085712
0550016U,Collège Jean d'Allamont,public,hors EP,87.6,88.8,1.2000000000000028,oublie,84.8,0.0,conforme,55351,MONTMEDY,55,MEUSE,12,NANCY-METZ,49.5155682097961,5.378600354921704
0550018W,Collège Jean Moulin,public,hors EP,93.7,88.8,0.0,conforme,84.8,0.0,conforme,55427,REVIGNY SUR ORNAIN,55,MEUSE,12,NANCY-METZ,48.82894703805605,4.979899434795889
0550020Y,Collège Alfred Kastler,public,REP,87.6,88.8,0.0,conforme,84.8,2.799999999999997,sur-inclus,55502,STENAY,55,MEUSE,12,NANCY-METZ,49.48640760051944,5.198129436091281
0550022A,Collège Émilie du Châtelet,public,hors EP,99.5,88.8,0.0,conforme,84.8,0.0,conforme,55532,VAUBECOURT,55,MEUSE,12,NANCY-METZ,48.93810812350437,5.113800107352728
0550023B,Collège Les Cuvelles,public,hors EP,97.1,88.8,0.0,conforme,84.8,0.0,conforme,55533,VAUCOULEURS,55,MEUSE,12,NANCY-METZ,48.60094089720718,5.660780181891443
0550024C,Collège Buvignier,public,hors EP,88.1,88.8,0.7000000000000028,oublie,84.8,0.0,conforme,55545,VERDUN,55,MEUSE,12,NANCY-METZ,49.16273231106516,5.385400285173376
0550701N,Collège Jacques Prévert,public,REP+,80.7,88.8,0.0,conforme,84.8,0.0,conforme,55029,BAR LE DUC,55,MEUSE,12,NANCY-METZ,48.779758068548,5.170279675783989
0550703R,Collège André Theuriet,public,hors EP,98.0,88.8,0.0,conforme,84.8,0.0,conforme,55029,BAR LE DUC,55,MEUSE,12,NANCY-METZ,48.77317780048845,5.165900541533589
0550758A,Collège Maurice Barrès,public,REP,82.2,88.8,0.0,conforme,84.8,0.0,conforme,55545,VERDUN,55,MEUSE,12,NANCY-METZ,49.15276692457511,5.405019875530204
0550759B,Collège Saint-Exupéry,public,hors EP,103.8,88.8,0.0,conforme,84.8,0.0,conforme,55505,THIERVILLE SUR MEUSE,55,MEUSE,12,NANCY-METZ,49.171525285807896,5.356499923069255
0550804A,Collège Les Avrils,public,hors EP,97.4,88.8,0.0,conforme,84.8,0.0,conforme,55463,SAINT MIHIEL,55,MEUSE,12,NANCY-METZ,48.89481568026949,5.531299406201482
0550840P,Collège Les Tilleuls,public,hors EP,94.8,88.8,0.0,conforme,84.8,0.0,conforme,55122,COMMERCY,55,MEUSE,12,NANCY-METZ,48.75645369815035,5.580449924292756
0550848Y,Collège Émilie Carles,public,hors EP,101.4,88.8,0.0,conforme,84.8,0.0,conforme,55010,ANCERVILLE,55,MEUSE,12,NANCY-METZ,48.63474946745456,5.016240494093964
0550859K,Collège Louis de Broglie,public,hors EP,99.3,88.8,0.0,conforme,84.8,0.0,conforme,55009,ANCEMONT,55,MEUSE,12,NANCY-METZ,49.071537279203,5.3976903520017085
0550890U,Collège Raymond Poincaré,public,hors EP,103.1,88.8,0.0,conforme,84.8,0.0,conforme,55029,BAR LE DUC,55,MEUSE,12,NANCY-METZ,48.77741675792715,5.157180236904018
0560002Y,Collège Le Verger,public,hors EP,104.8,88.8,0.0,conforme,88.3,0.0,conforme,56007,AURAY,56,MORBIHAN,14,RENNES,47.66287023823367,-2.9857005858024577
0560006C,Collège Les Korrigans,public,hors EP,117.7,88.8,0.0,conforme,88.3,0.0,conforme,56034,CARNAC,56,MORBIHAN,14,RENNES,47.58960109724623,-3.077829371117912
0560009F,Collège La Rivière,public,hors EP,113.3,88.8,0.0,conforme,88.3,0.0,conforme,56055,ETEL,56,MORBIHAN,14,RENNES,47.65180293385487,-3.201079578990824
0560010G,Collège Jean Corentin Carré,public,hors EP,94.2,88.8,0.0,conforme,88.3,0.0,conforme,56057,LE FAOUET,56,MORBIHAN,14,RENNES,48.03527595492686,-3.499760148889325
0560018R,Collège Pierre et Marie Curie,public,hors EP,108.6,88.8,0.0,conforme,88.3,0.0,conforme,56083,HENNEBONT,56,MORBIHAN,14,RENNES,47.80888004866963,-3.259239344310501
0560020T,Collège Max Jacob,public,REP,91.0,88.8,2.200000000000003,sur-inclus,88.3,2.700000000000003,sur-inclus,56091,JOSSELIN,56,MORBIHAN,14,RENNES,47.95977177139836,-2.552339319812478
0560022V,Collège Henri Wallon,public,hors EP,103.3,88.8,0.0,conforme,88.3,0.0,conforme,56098,LANESTER,56,MORBIHAN,14,RENNES,47.77175007814023,-3.345159829270789
0560024X,Collège Jean Moulin,public,hors EP,93.4,88.8,0.0,conforme,88.3,0.0,conforme,56117,LOCMINE,56,MORBIHAN,14,RENNES,47.8796104514724,-2.8283396373050853
0560029C,Collège Auguste Brizeux,public,hors EP,114.6,88.8,0.0,conforme,88.3,0.0,conforme,56121,LORIENT,56,MORBIHAN,14,RENNES,47.74406183756184,-3.361000586410473
0560032F,Collège Madame de Sévigné,public,hors EP,86.4,88.8,2.3999999999999915,oublie,88.3,1.8999999999999915,oublie,56127,MAURON,56,MORBIHAN,14,RENNES,48.07583533151148,-2.292579516158628
0560033G,Collège Jean Rostand,public,hors EP,107.5,88.8,0.0,conforme,88.3,0.0,conforme,56143,MUZILLAC,56,MORBIHAN,14,RENNES,47.56687473188197,-2.5070699298479613
0560034H,Collège Michel Lotte,public,hors EP,112.1,88.8,0.0,conforme,88.3,0.0,conforme,56152,LE PALAIS,56,MORBIHAN,14,RENNES,47.33655935295878,-3.1612263049141105
0560037L,Collège Marcel Pagnol,public,hors EP,104.5,88.8,0.0,conforme,88.3,0.0,conforme,56166,PLOUAY,56,MORBIHAN,14,RENNES,47.91732126106376,-3.340510625951712
0560044U,Collège Jean Loup Chrétien,public,hors EP,101.0,88.8,0.0,conforme,88.3,0.0,conforme,56184,QUESTEMBERT,56,MORBIHAN,14,RENNES,47.66287776789056,-2.461879472901478
0560047X,Collège Yves le Bec,public,hors EP,91.7,88.8,0.0,conforme,88.3,0.0,conforme,56198,ROHAN,56,MORBIHAN,14,RENNES,48.07806351004528,-2.755669570675133
0560048Y,Collège de Rhuys,public,hors EP,114.4,88.8,0.0,conforme,88.3,0.0,conforme,56240,SARZEAU,56,MORBIHAN,14,RENNES,47.52777435019245,-2.7594194790266906
0560050A,Collège Jules Simon,public,hors EP,113.3,88.8,0.0,conforme,88.3,0.0,conforme,56260,VANNES,56,MORBIHAN,14,RENNES,47.65866791680233,-2.7608904994187884
0560058J,Collège Yves Coppens,public,hors EP,97.9,88.8,0.0,conforme,88.3,0.0,conforme,56124,MALESTROIT,56,MORBIHAN,14,RENNES,47.80943811423075,-2.3754402368206224
0560061M,Collège Brocéliande,public,hors EP,103.9,88.8,0.0,conforme,88.3,0.0,conforme,56075,GUER,56,MORBIHAN,14,RENNES,47.94716585479618,-2.1328395975388856
0560063P,Collège Eugène Guillevic,public,hors EP,95.7,88.8,0.0,conforme,88.3,0.0,conforme,56222,SAINT JEAN BREVELAY,56,MORBIHAN,14,RENNES,47.84096636503119,-2.745699762581932
0560214D,Collège Paul Langevin,public,hors EP,95.1,88.8,0.0,conforme,88.3,0.0,conforme,56083,HENNEBONT,56,MORBIHAN,14,RENNES,47.80278839994521,-3.2723696557078217
0560215E,Collège Jean Lurçat,public,hors EP,94.1,88.8,0.0,conforme,88.3,0.0,conforme,56098,LANESTER,56,MORBIHAN,14,RENNES,47.76309345387246,-3.3393543350700856
0560223N,Collège Antoine de Saint-Exupéry,public,hors EP,97.1,88.8,0.0,conforme,88.3,0.0,conforme,56260,VANNES,56,MORBIHAN,14,RENNES,47.676116620401416,-2.771027509571085
0560226S,Collège Beaumanoir,public,hors EP,95.2,88.8,0.0,conforme,88.3,0.0,conforme,56165,PLOERMEL,56,MORBIHAN,14,RENNES,47.92304079937789,-2.395870440995738
0560802T,Collège Charles de Gaulle,public,hors EP,122.7,88.8,0.0,conforme,88.3,0.0,conforme,56162,PLOEMEUR,56,MORBIHAN,14,RENNES,47.73477574469644,-3.435109899172321
0561329R,Collège Beg Er Vil,public,hors EP,109.2,88.8,0.0,conforme,88.3,0.0,conforme,56186,QUIBERON,56,MORBIHAN,14,RENNES,47.479145048559154,-3.111510087180504
0561330S,Collège Anita Conti,public,hors EP,88.3,88.8,0.5,oublie,88.3,0.0,au seuil,56121,LORIENT,56,MORBIHAN,14,RENNES,47.73670303781284,-3.380510425523694
0561332U,Collège Romain Rolland,public,hors EP,94.5,88.8,0.0,conforme,88.3,0.0,conforme,56178,PONTIVY,56,MORBIHAN,14,RENNES,48.06258581589263,-2.9777402548680447
0561356V,Collège Goh Lanno,public,hors EP,109.3,88.8,0.0,conforme,88.3,0.0,conforme,56177,PLUVIGNER,56,MORBIHAN,14,RENNES,47.77893606127216,-3.006199981560668
0561358X,Collège Émile Mazé,public,hors EP,94.8,88.8,0.0,conforme,88.3,0.0,conforme,56073,GUEMENE SUR SCORFF,56,MORBIHAN,14,RENNES,48.06528219603462,-3.202680419299775
0561383Z,Collège François René de Chateaubriand,public,hors EP,92.3,88.8,0.0,conforme,88.3,0.0,conforme,56066,GOURIN,56,MORBIHAN,14,RENNES,48.130390726713806,-3.61664063534474
0561384A,Collège Joseph Kerbellec,public,hors EP,107.9,88.8,0.0,conforme,88.3,0.0,conforme,56185,QUEVEN,56,MORBIHAN,14,RENNES,47.791051439333486,-3.4251199684128046
0561386C,Collège Mathurin Martin,public,hors EP,102.4,88.8,0.0,conforme,88.3,0.0,conforme,56010,BAUD,56,MORBIHAN,14,RENNES,47.87374576234271,-3.013519625912479
0561409C,Collège de Kerdurand,public,hors EP,108.8,88.8,0.0,conforme,88.3,0.0,conforme,56193,RIANTEC,56,MORBIHAN,14,RENNES,47.714441321551085,-3.318530283689771
0561410D,Collège René Guy Cadou,public,hors EP,100.4,88.8,0.0,conforme,88.3,0.0,conforme,56123,MALANSAC,56,MORBIHAN,14,RENNES,47.67568095008606,-2.2989995364116207
0561474Y,Collège Charles Langlais,public,hors EP,93.7,88.8,0.0,conforme,88.3,0.0,conforme,56178,PONTIVY,56,MORBIHAN,14,RENNES,48.06041364026239,-2.9694803737926394
0561598H,Collège Gilles Gahinet,public,hors EP,123.5,88.8,0.0,conforme,88.3,0.0,conforme,56003,ARRADON,56,MORBIHAN,14,RENNES,47.626735452270445,-2.831249906335917
0561616C,Collège de Kerfontaine,public,hors EP,112.5,88.8,0.0,conforme,88.3,0.0,conforme,56176,PLUNERET,56,MORBIHAN,14,RENNES,47.67372729350005,-2.963370183260884
0561622J,Collège Cousteau,public,hors EP,108.6,88.8,0.0,conforme,88.3,0.0,conforme,56243,SENE,56,MORBIHAN,14,RENNES,47.64862492944391,-2.719039411387147
0561931V,Collège Anne Frank,public,hors EP,112.9,88.8,0.0,conforme,88.3,0.0,conforme,56158,PLESCOP,56,MORBIHAN,14,RENNES,47.69857462810584,-2.7974302813374488
0561965G,Collège Simone Veil,public,hors EP,104.7,88.8,0.0,conforme,88.3,0.0,conforme,56053,ELVEN,56,MORBIHAN,14,RENNES,47.724095112965664,-2.5886904799190416
0562028A,Collège de Tréfaven,public,REP,78.2,88.8,0.0,conforme,88.3,0.0,conforme,56121,LORIENT,56,MORBIHAN,14,RENNES,47.76232938786065,-3.367242980201857
0570010B,Collège Victor Demange,public,hors EP,103.0,88.8,0.0,conforme,84.8,0.0,conforme,57097,BOULAY MOSELLE,57,MOSELLE,12,NANCY-METZ,49.18586316530187,6.491310136483597
0570012D,Collège Adalbert,public,hors EP,93.9,88.8,0.0,conforme,84.8,0.0,conforme,57106,BOUZONVILLE,57,MOSELLE,12,NANCY-METZ,49.29856148642772,6.522489525539383
0570020M,Collège André Malraux,public,hors EP,111.5,88.8,0.0,conforme,84.8,0.0,conforme,57171,DELME,57,MOSELLE,12,NANCY-METZ,48.89043785974699,6.392979898790417
0570026U,Collège Paul Verlaine,public,hors EP,95.1,88.8,0.0,conforme,84.8,0.0,conforme,57209,FAULQUEMONT,57,MOSELLE,12,NANCY-METZ,49.05209091625064,6.596669737425279
0570038G,Collège de la Vallée de la Bièvre,public,hors EP,107.8,88.8,0.0,conforme,84.8,0.0,conforme,57299,HARTZVILLER,57,MOSELLE,12,NANCY-METZ,48.67373341332768,7.080159371573823
0570055A,Collège Ernest-Jacques Barbot,public,hors EP,99.7,88.8,0.0,conforme,84.8,0.0,conforme,57463,METZ,57,MOSELLE,12,NANCY-METZ,49.11093171322313,6.168239688408272
0570069R,Collège Jules Lagneau,public,hors EP,77.3,88.8,11.5,oublie,84.8,7.5,oublie,57463,METZ,57,MOSELLE,12,NANCY-METZ,49.1200744448891,6.197589709110649
0570073V,Collège L'Arboretum,public,hors EP,88.5,88.8,0.29999999999999716,oublie,84.8,0.0,conforme,57483,MORHANGE,57,MOSELLE,12,NANCY-METZ,48.91859849443464,6.629679513820473
0570074W,Collège Les Étangs,public,hors EP,95.0,88.8,0.0,conforme,84.8,0.0,conforme,57488,MOUSSEY,57,MOSELLE,12,NANCY-METZ,48.69048935010842,6.80520943731744
0570091P,Collège Gabriel Pierné,public,hors EP,104.7,88.8,0.0,conforme,84.8,0.0,conforme,57620,SAINTE MARIE AUX CHENES,57,MOSELLE,12,NANCY-METZ,49.19465381135701,5.995300290537849
0570093S,Collège Robert Doisneau,public,hors EP,93.9,88.8,0.0,conforme,84.8,0.0,conforme,57628,SARRALBE,57,MOSELLE,12,NANCY-METZ,48.98280036455819,7.022000014992119
0570097W,Collège Pierre Messmer,public,hors EP,99.0,88.8,0.0,conforme,84.8,0.0,conforme,57630,SARREBOURG,57,MOSELLE,12,NANCY-METZ,48.73691586622833,7.071840372132353
0570104D,Collège Nicolas Untersteller,public,REP,66.9,88.8,0.0,conforme,84.8,0.0,conforme,57660,STIRING WENDEL,57,MOSELLE,12,NANCY-METZ,49.19226476766512,6.916059753764804
0570115R,Collège Jean Mermoz,public,hors EP,100.9,88.8,0.0,conforme,84.8,0.0,conforme,57757,YUTZ,57,MOSELLE,12,NANCY-METZ,49.35485459020518,6.198830246183162
0570127D,Collège Les Hauts de Blémont,public,REP+,59.1,88.8,0.0,conforme,84.8,0.0,conforme,57463,METZ,57,MOSELLE,12,NANCY-METZ,49.11842459289866,6.2272104275955655
0570128E,Collège Jean Bauchez,public,hors EP,120.5,88.8,0.0,conforme,84.8,0.0,conforme,57049,LE BAN SAINT MARTIN,57,MOSELLE,12,NANCY-METZ,49.12276512893662,6.150850075511837
0570143W,Collège Jean de La Fontaine,public,hors EP,97.8,88.8,0.0,conforme,84.8,0.0,conforme,57606,SAINT AVOLD,57,MOSELLE,12,NANCY-METZ,49.11660870654957,6.714570579423925
0570315H,Collège de la Canner,public,hors EP,112.0,88.8,0.0,conforme,84.8,0.0,conforme,57358,KEDANGE SUR CANNER,57,MOSELLE,12,NANCY-METZ,49.31621867020366,6.330470390927877
0570317K,Collège Louis Pasteur,public,hors EP,85.6,88.8,3.200000000000003,oublie,84.8,0.0,conforme,57221,FLORANGE,57,MOSELLE,12,NANCY-METZ,49.32144646634372,6.129079684622412
0570318L,Collège Jean Moulin,public,REP,80.5,88.8,0.0,conforme,84.8,0.0,conforme,57683,UCKANGE,57,MOSELLE,12,NANCY-METZ,49.30368412664921,6.146729683080667
0570326V,Collège Claudie Haigneré,public,REP,73.7,88.8,0.0,conforme,84.8,0.0,conforme,57240,FREYMING MERLEBACH,57,MOSELLE,12,NANCY-METZ,49.15473021261919,6.817740550247311
0570327W,Collège de la Passepierre,public,hors EP,101.1,88.8,0.0,conforme,84.8,0.0,conforme,57132,CHATEAU SALINS,57,MOSELLE,12,NANCY-METZ,48.82599739700535,6.4997001041069895
0570328X,Collège des Deux Sarres,public,hors EP,98.9,88.8,0.0,conforme,84.8,0.0,conforme,57414,LORQUIN,57,MOSELLE,12,NANCY-METZ,48.67149618962491,6.993870213238583
0571994H,Collège Charles Péguy,public,hors EP,111.3,88.8,0.0,conforme,84.8,0.0,conforme,57124,CATTENOM,57,MOSELLE,12,NANCY-METZ,49.407077606760296,6.242149629492706
0572009Z,Collège Marie Curie,public,hors EP,90.4,88.8,0.0,conforme,84.8,0.0,conforme,57226,FONTOY,57,MOSELLE,12,NANCY-METZ,49.356610734268514,5.986779529595513
0572013D,Collège Lucien Pougue,public,hors EP,113.2,88.8,0.0,conforme,84.8,0.0,conforme,57572,REMILLY,57,MOSELLE,12,NANCY-METZ,49.00775430788595,6.396869624173786
0572015F,Collège Pilâtre de Rozier,public,hors EP,108.7,88.8,0.0,conforme,84.8,0.0,conforme,57032,ARS SUR MOSELLE,57,MOSELLE,12,NANCY-METZ,49.07793360393145,6.067090361383827
0572017H,Collège Jean Burger,public,REP,84.5,88.8,0.0,conforme,84.8,0.0,conforme,57491,MOYEUVRE GRANDE,57,MOSELLE,12,NANCY-METZ,49.25361265455629,6.031539425340115
0572019K,Collège du Justemont,public,hors EP,96.5,88.8,0.0,conforme,84.8,0.0,conforme,57724,VITRY SUR ORNE,57,MOSELLE,12,NANCY-METZ,49.27141681586413,6.115579742149714
0572020L,Collège La Paraison,public,hors EP,99.2,88.8,0.0,conforme,84.8,0.0,conforme,57390,LEMBERG,57,MOSELLE,12,NANCY-METZ,48.99697457627733,7.378560397288528
0572021M,Collège du Himmelsberg,public,hors EP,96.0,88.8,0.0,conforme,84.8,0.0,conforme,57631,SARREGUEMINES,57,MOSELLE,12,NANCY-METZ,49.10887125252949,7.051549728822332
0572023P,Collège Georges Holderith,public,REP,83.0,88.8,0.0,conforme,84.8,0.0,conforme,57207,FAREBERSVILLER,57,MOSELLE,12,NANCY-METZ,49.12208233715545,6.876109957692088
0572025S,Collège Jean-Marie Pelt annexe de Volmerange les Mines,public,hors EP,115.3,88.8,0.0,conforme,84.8,0.0,conforme,57323,HETTANGE GRANDE,57,MOSELLE,12,NANCY-METZ,49.40253040176921,6.163269451528049
0572026T,Collège Général de Gaulle,public,hors EP,109.4,88.8,0.0,conforme,84.8,0.0,conforme,57650,SIERCK LES BAINS,57,MOSELLE,12,NANCY-METZ,49.43835037943946,6.356449657479204
0572082D,Collège Jean Mermoz,public,hors EP,111.0,88.8,0.0,conforme,84.8,0.0,conforme,57447,MARLY,57,MOSELLE,12,NANCY-METZ,49.084574775818666,6.147960187993439
0572088K,Collège Jean Rostand,public,hors EP,82.2,88.8,6.599999999999994,oublie,84.8,2.5999999999999943,oublie,57463,METZ,57,MOSELLE,12,NANCY-METZ,49.13253816466499,6.15592039534303
0572164T,Collège Paul Verlaine,public,hors EP,101.5,88.8,0.0,conforme,84.8,0.0,conforme,57433,MAIZIERES LES METZ,57,MOSELLE,12,NANCY-METZ,49.21490284339379,6.1658001984998405
0572166V,Collège Paul Valéry,public,hors EP,82.8,88.8,6.0,oublie,84.8,2.0,oublie,57463,METZ,57,MOSELLE,12,NANCY-METZ,49.10919627118946,6.218159405457773
0572168X,Collège François Rabelais,public,REP,82.2,88.8,0.0,conforme,84.8,0.0,conforme,57463,METZ,57,MOSELLE,12,NANCY-METZ,49.09748024340159,6.171610513476223
0572169Y,Collège Évariste Galois,public,hors EP,91.7,88.8,0.0,conforme,84.8,0.0,conforme,57012,ALGRANGE,57,MOSELLE,12,NANCY-METZ,49.37028301112069,6.058690524572973
0572170Z,Collège Émile Zola,public,hors EP,89.3,88.8,0.0,conforme,84.8,0.0,conforme,57038,AUDUN LE TICHE,57,MOSELLE,12,NANCY-METZ,49.47299869066445,5.94303999497646
0572171A,Collège Jacques Monod,public,hors EP,95.9,88.8,0.0,conforme,84.8,0.0,conforme,57306,HAYANGE,57,MOSELLE,12,NANCY-METZ,49.35564200784282,6.068019331201162
0572172B,Collège Paul Langevin,public,hors EP,92.3,88.8,0.0,conforme,84.8,0.0,conforme,57283,HAGONDANGE,57,MOSELLE,12,NANCY-METZ,49.25082287934308,6.173820413225659
0572174D,Collège Le Breuil,public,hors EP,95.0,88.8,0.0,conforme,84.8,0.0,conforme,57663,TALANGE,57,MOSELLE,12,NANCY-METZ,49.22722309487229,6.1721198812720255
0572176F,Collège Louis Pasteur,public,hors EP,101.0,88.8,0.0,conforme,84.8,0.0,conforme,57209,FAULQUEMONT,57,MOSELLE,12,NANCY-METZ,49.04765805166814,6.60368960771831
0572180K,Collège Pierre Adt,public,REP+,70.6,88.8,0.0,conforme,84.8,0.0,conforme,57227,FORBACH,57,MOSELLE,12,NANCY-METZ,49.17944235060765,6.892720395707076
0572183N,Collège Jean-Baptiste Éblé,public,REP,91.8,88.8,3.0,sur-inclus,84.8,7.0,sur-inclus,57556,PUTTELANGE AUX LACS,57,MOSELLE,12,NANCY-METZ,49.05257095354602,6.92538983224191
0572184P,Collège Fulrad,public,hors EP,91.1,88.8,0.0,conforme,84.8,0.0,conforme,57631,SARREGUEMINES,57,MOSELLE,12,NANCY-METZ,49.11907991323221,7.074870160463598
0572186S,Collège Albert Camus,public,hors EP,119.1,88.8,0.0,conforme,84.8,0.0,conforme,57487,MOULINS LES METZ,57,MOSELLE,12,NANCY-METZ,49.10166240862932,6.104239562827272
0572187T,Collège Alexandre Dreux,public,hors EP,89.9,88.8,0.0,conforme,84.8,0.0,conforme,57224,FOLSCHVILLER,57,MOSELLE,12,NANCY-METZ,49.07671268949892,6.684009451449142
0572348T,Collège Paul Verlaine,public,hors EP,112.0,88.8,0.0,conforme,84.8,0.0,conforme,57463,METZ,57,MOSELLE,12,NANCY-METZ,49.073604946288576,6.187230148527797
0572350V,Collège Philippe de Vigneulles,public,hors EP,91.8,88.8,0.0,conforme,84.8,0.0,conforme,57463,METZ,57,MOSELLE,12,NANCY-METZ,49.096389683505045,6.199480122163195
0572352X,Collège Taison,public,hors EP,114.3,88.8,0.0,conforme,84.8,0.0,conforme,57463,METZ,57,MOSELLE,12,NANCY-METZ,49.11964939467414,6.178529633992563
0572354Z,Collège Charles Péguy,public,hors EP,121.8,88.8,0.0,conforme,84.8,0.0,conforme,57716,VIGY,57,MOSELLE,12,NANCY-METZ,49.20589793308666,6.307840502392579
0572355A,Collège La Milliaire,public,hors EP,89.6,88.8,0.0,conforme,84.8,0.0,conforme,57672,THIONVILLE,57,MOSELLE,12,NANCY-METZ,49.359789786726566,6.147590016590711
0572358D,Collège La Grande Saule,public,hors EP,98.1,88.8,0.0,conforme,84.8,0.0,conforme,57205,FALCK,57,MOSELLE,12,NANCY-METZ,49.23668463005853,6.640810512311688
0572359E,Collège Bergpfad,public,hors EP,102.7,88.8,0.0,conforme,84.8,0.0,conforme,57288,HAM SOUS VARSBERG,57,MOSELLE,12,NANCY-METZ,49.17441715342631,6.6426494185848615
0572360F,Collège Le Castel,public,hors EP,104.0,88.8,0.0,conforme,84.8,0.0,conforme,57413,LONGEVILLE LES SAINT AVOLD,57,MOSELLE,12,NANCY-METZ,49.11258515718049,6.643409735115612
0572363J,Collège Val de Sarre,public,hors EP,103.2,88.8,0.0,conforme,84.8,0.0,conforme,57260,GROSBLIEDERSTROFF,57,MOSELLE,12,NANCY-METZ,49.15001675537087,7.023625658813886
0572477H,Collège Louis Armand,public,hors EP,107.4,88.8,0.0,conforme,84.8,0.0,conforme,57487,MOULINS LES METZ,57,MOSELLE,12,NANCY-METZ,49.09368143649696,6.122460403831624
0572480L,Collège Hurlevent,public,hors EP,89.9,88.8,0.0,conforme,84.8,0.0,conforme,57306,HAYANGE,57,MOSELLE,12,NANCY-METZ,49.31406102472778,6.057689949898912
0572487U,Collège François Rabelais,public,REP,78.3,88.8,0.0,conforme,84.8,0.0,conforme,57336,L HOPITAL,57,MOSELLE,12,NANCY-METZ,49.1629203433612,6.744419552148368
0572488V,Collège La Carrière,public,hors EP,88.9,88.8,0.0,conforme,84.8,0.0,conforme,57606,SAINT AVOLD,57,MOSELLE,12,NANCY-METZ,49.1013900027445,6.719509756310679
0572490X,Collège Le Herapel,public,hors EP,95.0,88.8,0.0,conforme,84.8,0.0,conforme,57144,COCHEREN,57,MOSELLE,12,NANCY-METZ,49.13500447559153,6.859819520072588
0572491Y,Collège Robert Schuman,public,REP+,81.3,88.8,0.0,conforme,84.8,0.0,conforme,57332,HOMBOURG HAUT,57,MOSELLE,12,NANCY-METZ,49.13890738186971,6.777449906556984
0572493A,Collège Louis Armand,public,REP,74.6,88.8,0.0,conforme,84.8,0.0,conforme,57537,PETITE ROSSELLE,57,MOSELLE,12,NANCY-METZ,49.20993462751077,6.8500603280484285
0572496D,Collège Jean Seitlinger,public,hors EP,105.3,88.8,0.0,conforme,84.8,0.0,conforme,57589,ROHRBACH LES BITCHE,57,MOSELLE,12,NANCY-METZ,49.04007894711339,7.2742298095109215
0572579U,Collège Jules Ferry,public,REP+,67.4,88.8,0.0,conforme,84.8,0.0,conforme,57751,WOIPPY,57,MOSELLE,12,NANCY-METZ,49.148211697080846,6.168929956923903
0572582X,Collège Pierre Mendès France,public,hors EP,97.0,88.8,0.0,conforme,84.8,0.0,conforme,57751,WOIPPY,57,MOSELLE,12,NANCY-METZ,49.15662770962842,6.1373995998984014
0572583Y,Collège Lionel Terray,public,hors EP,97.4,88.8,0.0,conforme,84.8,0.0,conforme,57041,AUMETZ,57,MOSELLE,12,NANCY-METZ,49.42320043352248,5.947189490543205
0572585A,Collège Julie Daubié,public,hors EP,87.8,88.8,1.0,oublie,84.8,0.0,conforme,57591,ROMBAS,57,MOSELLE,12,NANCY-METZ,49.25141287878672,6.097729926450333
0572586B,Collège Les Gaudinettes,public,hors EP,107.0,88.8,0.0,conforme,84.8,0.0,conforme,57443,MARANGE SILVANGE,57,MOSELLE,12,NANCY-METZ,49.212912331567104,6.111769977622322
0572587C,Collège Jean Jaurès,public,REP,84.8,88.8,0.0,conforme,84.8,0.0,au seuil,57631,SARREGUEMINES,57,MOSELLE,12,NANCY-METZ,49.10344695113353,7.0490399063376366
0572640K,Collège Metz-Arsenal,public,hors EP,98.0,88.8,0.0,conforme,84.8,0.0,conforme,57463,METZ,57,MOSELLE,12,NANCY-METZ,49.12312598234381,6.184290065991954
0572689N,Collège La Source,public,hors EP,101.7,88.8,0.0,conforme,84.8,0.0,conforme,57019,AMNEVILLE,57,MOSELLE,12,NANCY-METZ,49.25867864988478,6.134940533944369
0572690P,Collège Jacques-Yves Cousteau annexe Breckelberg,public,REP,77.2,88.8,0.0,conforme,84.8,0.0,conforme,57160,CREUTZWALD,57,MOSELLE,12,NANCY-METZ,49.20940018202168,6.7109404714696375
0572691R,Collège de l'Albe,public,hors EP,98.4,88.8,0.0,conforme,84.8,0.0,conforme,57011,ALBESTROFF,57,MOSELLE,12,NANCY-METZ,48.94400363954266,6.866460447710307
0572754J,Collège La Louvière,public,hors EP,114.7,88.8,0.0,conforme,84.8,0.0,conforme,57447,MARLY,57,MOSELLE,12,NANCY-METZ,49.06060364510572,6.1646995575437815
0572809U,Collège Georges de la Tour,public,hors EP,105.7,88.8,0.0,conforme,84.8,0.0,conforme,57463,METZ,57,MOSELLE,12,NANCY-METZ,49.11114572504697,6.169849618494417
0572811W,Collège Charlemagne,public,hors EP,88.5,88.8,0.29999999999999716,oublie,84.8,0.0,conforme,57672,THIONVILLE,57,MOSELLE,12,NANCY-METZ,49.360392615709415,6.167929546588329
0572812X,Collège Hélène Boucher,public,hors EP,92.1,88.8,0.0,conforme,84.8,0.0,conforme,57672,THIONVILLE,57,MOSELLE,12,NANCY-METZ,49.35849777666397,6.1614832589172845
0572813Y,Collège Jean Moulin,public,hors EP,82.0,88.8,6.799999999999997,oublie,84.8,2.799999999999997,oublie,57227,FORBACH,57,MOSELLE,12,NANCY-METZ,49.18314569874072,6.906910576406723
0572814Z,Collège Charles Hermite,public,hors EP,95.2,88.8,0.0,conforme,84.8,0.0,conforme,57177,DIEUZE,57,MOSELLE,12,NANCY-METZ,48.80823673230325,6.724160021717743
0572815A,Collège Erckmann-Chatrian,public,hors EP,100.2,88.8,0.0,conforme,84.8,0.0,conforme,57540,PHALSBOURG,57,MOSELLE,12,NANCY-METZ,48.76770599458518,7.260649547871557
0572816B,Collège Mangin,public,hors EP,94.2,88.8,0.0,conforme,84.8,0.0,conforme,57630,SARREBOURG,57,MOSELLE,12,NANCY-METZ,48.7383767245395,7.059870121890382
0573244S,Collège René Cassin,public,hors EP,99.3,88.8,0.0,conforme,84.8,0.0,conforme,57269,GUENANGE,57,MOSELLE,12,NANCY-METZ,49.30042696385426,6.198930398168907
0573268T,Collège Robert Schuman,public,REP+,72.1,88.8,0.0,conforme,84.8,0.0,conforme,57058,BEHREN LES FORBACH,57,MOSELLE,12,NANCY-METZ,49.16571161242194,6.934230187932992
0573269U,Collège Charles de Gaulle,public,REP,82.7,88.8,0.0,conforme,84.8,0.0,conforme,57206,FAMECK,57,MOSELLE,12,NANCY-METZ,49.30239963596309,6.116210568501709
0573361U,Collège Jean-Jacques Kieffer,public,hors EP,93.7,88.8,0.0,conforme,84.8,0.0,conforme,57089,BITCHE,57,MOSELLE,12,NANCY-METZ,49.05699985791372,7.415530034459175
0573754W,Collège Nelson Mandela,public,hors EP,117.2,88.8,0.0,conforme,84.8,0.0,conforme,57708,VERNY,57,MOSELLE,12,NANCY-METZ,49.00198908313756,6.198819698921631
0580002M,Collège Champ de la Porte,public,hors EP,95.4,88.8,0.0,conforme,92.1,0.0,conforme,58046,CERCY LA TOUR,58,NIEVRE,7,DIJON,46.87875815789256,3.660739864913747
0580005R,Collège Bibracte,public,REP,94.6,88.8,5.799999999999997,sur-inclus,92.1,2.5,sur-inclus,58062,CHATEAU CHINON VILLE,58,NIEVRE,7,DIJON,47.05796329038972,3.930719582927924
0580012Y,Collège Noël Berrier,public,REP,99.5,88.8,10.700000000000003,sur-inclus,92.1,7.400000000000006,sur-inclus,58083,CORBIGNY,58,NIEVRE,7,DIJON,47.25231366566169,3.683490280380998
0580017D,Collège Maurice Genevoix,public,hors EP,100.4,88.8,0.0,conforme,92.1,0.0,conforme,58095,DECIZE,58,NIEVRE,7,DIJON,46.82852762949173,3.4407227495854675
0580018E,Collège Henri Clément,public,hors EP,96.7,88.8,0.0,conforme,92.1,0.0,conforme,58102,DONZY,58,NIEVRE,7,DIJON,47.36760220505576,3.123969518377668
0580019F,Collège Lucien Chaussin,public,hors EP,96.4,88.8,0.0,conforme,92.1,0.0,conforme,58104,DORNES,58,NIEVRE,7,DIJON,46.71913379246914,3.3529699310926007
0580023K,Collège Jean Jaurès,public,hors EP,109.3,88.8,0.0,conforme,92.1,0.0,conforme,58131,GUERIGNY,58,NIEVRE,7,DIJON,47.08651447040543,3.195760284291315
0580026N,Collège Paul Barreau,public,hors EP,104.3,88.8,0.0,conforme,92.1,0.0,conforme,58145,LORMES,58,NIEVRE,7,DIJON,47.27751132694748,3.8217897382291386
0580028R,Collège Jean Rostand,public,hors EP,92.8,88.8,0.0,conforme,92.1,0.0,conforme,58151,LA MACHINE,58,NIEVRE,7,DIJON,46.89174187547377,3.465990007123569
0580029S,Collège François Mitterrand des Grands Lacs du Morvan,public,hors EP,101.2,88.8,0.0,conforme,92.1,0.0,conforme,58180,MONTSAUCHE LES SETTONS,58,NIEVRE,7,DIJON,47.21680414546962,4.025400587461513
0580030T,Collège Les Deux Rivières,public,hors EP,103.2,88.8,0.0,conforme,92.1,0.0,conforme,58182,MOULINS ENGILBERT,58,NIEVRE,7,DIJON,46.98646080375931,3.8060999784733855
0580034X,Collège Victor Hugo,public,hors EP,106.8,88.8,0.0,conforme,92.1,0.0,conforme,58194,NEVERS,58,NIEVRE,7,DIJON,46.9946696053615,3.153150357820893
0580035Y,Collège Les Guilleraults,public,hors EP,94.9,88.8,0.0,conforme,92.1,0.0,conforme,58215,POUILLY SUR LOIRE,58,NIEVRE,7,DIJON,47.28155863175143,2.964779933587348
0580036Z,Collège Achille Millien,public,hors EP,99.4,88.8,0.0,conforme,92.1,0.0,conforme,58218,PREMERY,58,NIEVRE,7,DIJON,47.169278050956834,3.335589700894611
0580037A,Collège Arsène Fié,public,hors EP,98.9,88.8,0.0,conforme,92.1,0.0,conforme,58227,SAINT AMAND EN PUISAYE,58,NIEVRE,7,DIJON,47.53533313699535,3.076626866414114
0580038B,Collège Les Amognes,public,hors EP,104.5,88.8,0.0,conforme,92.1,0.0,conforme,58232,SAINT BENIN D AZY,58,NIEVRE,7,DIJON,47.00151710369676,3.3933404573377084
0580039C,Collège Les Allières,public,hors EP,104.5,88.8,0.0,conforme,92.1,0.0,conforme,58264,SAINT PIERRE LE MOUTIER,58,NIEVRE,7,DIJON,46.79830235218582,3.1157398767485907
0580040D,Collège Jean Arnolet,public,hors EP,94.3,88.8,0.0,conforme,92.1,0.0,conforme,58267,SAINT SAULGE,58,NIEVRE,7,DIJON,47.111573971770746,3.512620370845517
0580542Z,Collège Les Loges,public,REP,87.1,88.8,0.0,conforme,92.1,0.0,conforme,58194,NEVERS,58,NIEVRE,7,DIJON,46.98487234584173,3.1325601863409216
0580553L,Collège Paul Langevin,public,hors EP,104.5,88.8,0.0,conforme,92.1,0.0,conforme,58117,FOURCHAMBAULT,58,NIEVRE,7,DIJON,47.0121047242555,3.083809999877418
0580599L,Collège Adam Billaut,public,REP,100.3,88.8,11.5,sur-inclus,92.1,8.200000000000003,sur-inclus,58194,NEVERS,58,NIEVRE,7,DIJON,47.00666934303448,3.1584886205988747
0580610Y,Collège Aumeunier-Michot,public,hors EP,101.1,88.8,0.0,conforme,92.1,0.0,conforme,58059,LA CHARITE SUR LOIRE,58,NIEVRE,7,DIJON,47.18019083801336,3.0187804451023275
0580618G,Collège Louis Aragon,public,hors EP,100.9,88.8,0.0,conforme,92.1,0.0,conforme,58134,IMPHY,58,NIEVRE,7,DIJON,46.93041143688357,3.2656897321516887
0580619H,Collège Antony Duvivier,public,hors EP,104.6,88.8,0.0,conforme,92.1,0.0,conforme,58149,LUZY,58,NIEVRE,7,DIJON,46.7922404436591,3.971350409163856
0580620J,Collège Henri Wallon,public,hors EP,99.4,88.8,0.0,conforme,92.1,0.0,conforme,58303,VARENNES VAUZELLES,58,NIEVRE,7,DIJON,47.011523878880965,3.1448501346237943
0580651T,Collège Giroud de Villette,public,hors EP,92.4,88.8,0.0,conforme,92.1,0.0,conforme,58079,CLAMECY,58,NIEVRE,7,DIJON,47.4547606805498,3.5291400985764447
0580669M,Collège Claude Tillier,public,REP,97.2,88.8,8.400000000000006,sur-inclus,92.1,5.1000000000000085,sur-inclus,58086,COSNE COURS SUR LOIRE,58,NIEVRE,7,DIJON,47.40310380238856,2.923030447789512
0580682B,Collège Les Courlis,public,REP,88.9,88.8,0.10000000000000853,sur-inclus,92.1,0.0,conforme,58194,NEVERS,58,NIEVRE,7,DIJON,46.98089342674046,3.1900798996697666
0580746W,Collège René Cassin,public,hors EP,103.3,88.8,0.0,conforme,92.1,0.0,conforme,58086,COSNE COURS SUR LOIRE,58,NIEVRE,7,DIJON,47.42522206631398,2.9372794092148644
0581009G,Collège Le Mont Châtelet,public,hors EP,92.1,88.8,0.0,conforme,92.1,0.0,au seuil,58304,VARZY,58,NIEVRE,7,DIJON,47.3582014778439,3.3819251981719725
0590002G,Collège Théodore Monod,public,REP,82.2,88.8,0.0,conforme,85.1,0.0,conforme,59008,ANICHE,59,NORD,9,LILLE,50.33181566173207,3.247760687010971
0590006L,Collège Les Rochambelles,public,REP,73.7,88.8,0.0,conforme,85.1,0.0,conforme,59014,ANZIN,59,NORD,9,LILLE,50.37346121465078,3.5010114530765613
0590007M,Collège Pierre Gilles de Gennes,public,hors EP,92.5,88.8,0.0,conforme,85.1,0.0,conforme,59459,PETITE FORET,59,NORD,9,LILLE,50.36562803338223,3.476989834504741
0590030M,Collège du Septentrion,public,hors EP,99.0,88.8,0.0,conforme,85.1,0.0,conforme,59107,BRAY DUNES,59,NORD,9,LILLE,51.07081620306653,2.5132403618887618
0590031N,Collège Jean Macé,public,REP,77.1,88.8,0.0,conforme,85.1,0.0,conforme,59112,BRUAY SUR L ESCAUT,59,NORD,9,LILLE,50.39919213133157,3.545290512818122
0590046E,Collège Jean Monnet,public,hors EP,81.5,88.8,7.299999999999997,oublie,85.1,3.5999999999999943,oublie,59139,CAUDRY,59,NORD,9,LILLE,50.12676022256164,3.4039695542541724
0590050J,Collège Josquin des Prés,public,REP+,72.8,88.8,0.0,conforme,85.1,0.0,conforme,59153,CONDE SUR L ESCAUT,59,NORD,9,LILLE,50.4584602905091,3.585310527359675
0590055P,Collège Alfred Jennepin,public,hors EP,91.5,88.8,0.0,conforme,85.1,0.0,conforme,59157,COUSOLRE,59,NORD,9,LILLE,50.24388496161089,4.153389475665061
0590057S,Collège Paul Éluard,public,hors EP,126.0,88.8,0.0,conforme,85.1,0.0,conforme,59168,CYSOING,59,NORD,9,LILLE,50.57151762437064,3.214139764921509
0590058T,Collège Paul Langevin,public,REP,81.0,88.8,0.0,conforme,85.1,0.0,conforme,59170,DECHY,59,NORD,9,LILLE,50.34717671609427,3.1310706351778967
0590062X,Collège Villars,public,REP,73.0,88.8,0.0,conforme,85.1,0.0,conforme,59172,DENAIN,59,NORD,9,LILLE,50.32378660944312,3.393452134939878
0590068D,Collège Jules Ferry,public,hors EP,88.2,88.8,0.5999999999999943,oublie,85.1,0.0,conforme,59178,DOUAI,59,NORD,9,LILLE,50.38175061469219,3.0610115023258024
0590082U,Collège Jean Moulin,public,hors EP,113.3,88.8,0.0,conforme,85.1,0.0,conforme,59239,FLINES LEZ RACHES,59,NORD,9,LILLE,50.42710776071974,3.184340322301246
0590087Z,Collège Pharamond Savary,public,hors EP,97.0,88.8,0.0,conforme,85.1,0.0,conforme,59269,GOUZEAUCOURT,59,NORD,9,LILLE,50.05717546786334,3.1281674339819734
0590088A,Collège Jules Verne,public,REP+,75.9,88.8,0.0,conforme,85.1,0.0,conforme,59271,GRANDE SYNTHE,59,NORD,9,LILLE,51.020127902647296,2.3046996668512616
0590090C,Collège Pierre et Marie Curie,public,hors EP,90.3,88.8,0.0,conforme,85.1,0.0,conforme,59273,GRAVELINES,59,NORD,9,LILLE,50.98688621410387,2.137089920170622
0590091D,Collège Lili Keller-Rosenberg,public,hors EP,88.2,88.8,0.5999999999999943,oublie,85.1,0.0,conforme,59279,HALLUIN,59,NORD,9,LILLE,50.77419348507758,3.1283265476621334
0590103S,Collège Fernande Benoist,public,hors EP,92.8,88.8,0.0,conforme,85.1,0.0,conforme,59295,HAZEBROUCK,59,NORD,9,LILLE,50.717482139224366,2.529540189704659
0590107W,Collège Jean Moulin,public,hors EP,97.8,88.8,0.0,conforme,85.1,0.0,conforme,59322,IWUY,59,NORD,9,LILLE,50.23296688119976,3.327169411828922
0590109Y,Collège Eugène Thomas,public,REP+,71.4,88.8,0.0,conforme,85.1,0.0,conforme,59324,JEUMONT,59,NORD,9,LILLE,50.29370361793669,4.105252364889303
0590115E,Collège Franklin,public,hors EP,104.8,88.8,0.0,conforme,85.1,0.0,conforme,59350,LILLE,59,NORD,9,LILLE,50.62910544167586,3.070409601593442
0590131X,Collège Jean Jaurès,public,REP,82.6,88.8,0.0,conforme,85.1,0.0,conforme,59350,LILLE,59,NORD,9,LILLE,50.64124280357082,3.011501851353845
0590142J,Collège Marguerite Yourcenar,public,hors EP,114.3,88.8,0.0,conforme,85.1,0.0,conforme,59375,MARCHIENNES,59,NORD,9,LILLE,50.40570807072044,3.287370497251291
0590150T,Collège Guillaume Budé,public,hors EP,96.4,88.8,0.0,conforme,85.1,0.0,conforme,59392,MAUBEUGE,59,NORD,9,LILLE,50.280047313159926,3.9855703085094856
0590151U,Collège Ernest Coutelle,public,REP,88.2,88.8,0.0,conforme,85.1,3.1000000000000085,sur-inclus,59392,MAUBEUGE,59,NORD,9,LILLE,50.27794947812394,3.971009768841562
0590155Y,Collège Descartes,public,hors EP,98.1,88.8,0.0,conforme,85.1,0.0,conforme,59410,MONS EN BAROEUL,59,NORD,9,LILLE,50.6356690520175,3.1070795554789647
0590157A,Collège Saint-Exupéry,public,REP,83.1,88.8,0.0,conforme,85.1,0.0,conforme,59447,ONNAING,59,NORD,9,LILLE,50.38314537455736,3.582870374959155
0590159C,Collège du Pévèle,public,hors EP,115.5,88.8,0.0,conforme,85.1,0.0,conforme,59449,ORCHIES,59,NORD,9,LILLE,50.47035688880419,3.2396793057798456
0590164H,Collège Jean Zay,public,hors EP,84.1,88.8,4.700000000000003,oublie,85.1,1.0,oublie,59183,DUNKERQUE,59,NORD,9,LILLE,51.019704052139566,2.338029756501514
0590179Z,Collège Paul Machy,public,hors EP,104.8,88.8,0.0,conforme,85.1,0.0,conforme,59183,DUNKERQUE,59,NORD,9,LILLE,51.03944431720388,2.4071702281218306
0590183D,Collège Madame de Sévigné,public,REP+,66.0,88.8,0.0,conforme,85.1,0.0,conforme,59512,ROUBAIX,59,NORD,9,LILLE,50.69317762001669,3.164919554423088
0590190L,Collège Jean-Baptiste Lebas,public,REP+,66.9,88.8,0.0,conforme,85.1,0.0,conforme,59512,ROUBAIX,59,NORD,9,LILLE,50.68101814010843,3.1830697839593847
0590200X,Collège Robespierre,public,REP,82.6,88.8,0.0,conforme,85.1,0.0,conforme,59183,DUNKERQUE,59,NORD,9,LILLE,51.03061093896889,2.351990212137265
0590206D,Collège du Solrezis,public,hors EP,95.7,88.8,0.0,conforme,85.1,0.0,conforme,59572,SOLRE LE CHATEAU,59,NORD,9,LILLE,50.1724226574321,4.094559853312446
0590211J,Collège Albert Camus,public,hors EP,116.7,88.8,0.0,conforme,85.1,0.0,conforme,59592,THUMERIES,59,NORD,9,LILLE,50.46975600738184,3.0699506566329924
0590224Y,Collège Jean-Baptiste Carpeaux,public,hors EP,104.9,88.8,0.0,conforme,85.1,0.0,conforme,59606,VALENCIENNES,59,NORD,9,LILLE,50.36055942062598,3.518971221639622
0590228C,Collège François Villon,public,hors EP,93.4,88.8,0.0,conforme,85.1,0.0,conforme,59631,WALINCOURT SELVIGNY,59,NORD,9,LILLE,50.07482514571605,3.341450544534616
0590238N,Collège Romain Rolland,public,REP,79.8,88.8,0.0,conforme,85.1,0.0,conforme,59654,WAZIERS,59,NORD,9,LILLE,50.38602048362716,3.107990599187455
0590248Z,Collège Louis Pasteur,public,hors EP,91.8,88.8,0.0,conforme,85.1,0.0,conforme,59574,SOMAIN,59,NORD,9,LILLE,50.3498386310885,3.2842295962456927
0590271Z,Collège Verlaine,public,REP+,83.2,88.8,0.0,conforme,85.1,0.0,conforme,59350,LILLE,59,NORD,9,LILLE,50.61075822667113,3.070130015934418
0592634T,Collège Antoine de Saint-Exupéry,public,REP,85.3,88.8,0.0,conforme,85.1,0.20000000000000284,sur-inclus,59291,HAUTMONT,59,NORD,9,LILLE,50.24532696812899,3.909300273180787
0592713D,Collège Guilleminot,public,hors EP,109.0,88.8,0.0,conforme,85.1,0.0,conforme,59183,DUNKERQUE,59,NORD,9,LILLE,51.0395262839392,2.383282390487841
0592714E,Collège Pierre Mendès France,public,REP+,70.0,88.8,0.0,conforme,85.1,0.0,conforme,59599,TOURCOING,59,NORD,9,LILLE,50.736039039559365,3.189489312110548
0592715F,Collège Charles Eisen,public,hors EP,113.9,88.8,0.0,conforme,85.1,0.0,conforme,59606,VALENCIENNES,59,NORD,9,LILLE,50.36506090635376,3.5320595657419096
0592733A,Collège André Streinger,public,hors EP,83.6,88.8,5.200000000000003,oublie,85.1,1.5,oublie,59178,DOUAI,59,NORD,9,LILLE,50.36149324083736,3.085579742225807
0592751V,Collège Félicien Joly,public,REP,80.3,88.8,0.0,conforme,85.1,0.0,conforme,59205,ESCAUDAIN,59,NORD,9,LILLE,50.33786460186301,3.357429505458492
0592830F,Collège Jean Zay,public,hors EP,86.9,88.8,1.8999999999999915,oublie,85.1,0.0,conforme,59220,FACHES THUMESNIL,59,NORD,9,LILLE,50.60722395909997,3.063599555138808
0593168Y,Collège Carnot,public,hors EP,125.9,88.8,0.0,conforme,85.1,0.0,conforme,59350,LILLE,59,NORD,9,LILLE,50.63974827214583,3.066700292621803
0593177H,Collège Jean Zay,public,REP,89.9,88.8,1.1000000000000085,sur-inclus,85.1,4.800000000000011,sur-inclus,59350,LILLE,59,NORD,9,LILLE,50.64774962781398,2.985500143169132
0593178J,Collège François Rabelais,public,REP+,71.4,88.8,0.0,conforme,85.1,0.0,conforme,59410,MONS EN BAROEUL,59,NORD,9,LILLE,50.64150585891844,3.115126413586085
0593179K,Collège Claude Lévi-Strauss,public,REP,86.7,88.8,0.0,conforme,85.1,1.6000000000000085,sur-inclus,59350,LILLE,59,NORD,9,LILLE,50.63147124244808,3.036739502459178
0593180L,Collège Saint-Exupéry,public,hors EP,101.5,88.8,0.0,conforme,85.1,0.0,conforme,59350,LILLE,59,NORD,9,LILLE,50.62873043145287,3.1185919783385483
0593181M,Collège Maxence Van Der Meersch,public,hors EP,86.5,88.8,2.299999999999997,oublie,85.1,0.0,conforme,59131,CAPPELLE LA GRANDE,59,NORD,9,LILLE,50.99827512811122,2.3588498284131214
0593182N,Collège Jules Ferry,public,hors EP,96.9,88.8,0.0,conforme,85.1,0.0,conforme,59155,COUDEKERQUE BRANCHE,59,NORD,9,LILLE,51.0188532063078,2.375090221191141
0593185S,Collège Anatole France,public,REP,74.2,88.8,0.0,conforme,85.1,0.0,conforme,59569,SIN LE NOBLE,59,NORD,9,LILLE,50.361329331555964,3.114949443162363
0593196D,Collège Arthur Rimbaud,public,hors EP,105.0,88.8,0.0,conforme,85.1,0.0,conforme,59009,VILLENEUVE D ASCQ,59,NORD,9,LILLE,50.61876767819437,3.1561295928053
0593226L,Collège Anne Frank,public,hors EP,123.2,88.8,0.0,conforme,85.1,0.0,conforme,59328,LAMBERSART,59,NORD,9,LILLE,50.6485074220452,3.028000828003354
0593227M,Collège du Lazaro,public,hors EP,118.7,88.8,0.0,conforme,85.1,0.0,conforme,59378,MARCQ EN BAROEUL,59,NORD,9,LILLE,50.67807490650264,3.0859402558333904
0593228N,Collège Jean Moulin,public,hors EP,112.0,88.8,0.0,conforme,85.1,0.0,conforme,59527,SAINT ANDRE LEZ LILLE,59,NORD,9,LILLE,50.65850679010164,3.0493535637918514
0593231S,Collège Albert Schweitzer,public,hors EP,100.1,88.8,0.0,conforme,85.1,0.0,conforme,59051,LA BASSEE,59,NORD,9,LILLE,50.53522024593181,2.8111599077333573
0593233U,Collège professeur Albert Debeyre,public,hors EP,93.3,88.8,0.0,conforme,85.1,0.0,conforme,59360,LOOS,59,NORD,9,LILLE,50.61198061344932,3.0212300656807765
0593234V,Collège Albert Ball,public,hors EP,113.2,88.8,0.0,conforme,85.1,0.0,conforme,59011,ANNOEULLIN,59,NORD,9,LILLE,50.53340847736127,2.931829619272259
0593235W,Collège Boris Vian,public,REP+,90.9,88.8,2.1000000000000085,sur-inclus,85.1,5.800000000000011,sur-inclus,59350,LILLE,59,NORD,9,LILLE,50.63132395149781,3.094625337133136
0593237Y,Collège Gernez Rieux,public,hors EP,95.6,88.8,0.0,conforme,85.1,0.0,conforme,59507,RONCHIN,59,NORD,9,LILLE,50.59900639074089,3.091456659932265
0593239A,Collège Boris Vian,public,hors EP,96.0,88.8,0.0,conforme,85.1,0.0,conforme,59163,CROIX,59,NORD,9,LILLE,50.68344141187111,3.14996066957436
0593240B,Collège Gambetta,public,hors EP,92.4,88.8,0.0,conforme,85.1,0.0,conforme,59367,LYS LEZ LANNOY,59,NORD,9,LILLE,50.67870670141196,3.2154206179818767
0593241C,Collège Albert Calmette,public,hors EP,105.5,88.8,0.0,conforme,85.1,0.0,conforme,59646,WASQUEHAL,59,NORD,9,LILLE,50.668835311606735,3.126159309653126
0593242D,Collège Gustave Nadaud,public,REP,80.4,88.8,0.0,conforme,85.1,0.0,conforme,59650,WATTRELOS,59,NORD,9,LILLE,50.70884740732559,3.1978302784174524
0593244F,Collège Philippe de Commynes,public,hors EP,82.8,88.8,6.0,oublie,85.1,2.299999999999997,oublie,59152,COMINES,59,NORD,9,LILLE,50.75911346571574,3.0121371917609854
0593246H,Collège Desrousseaux,public,hors EP,86.3,88.8,2.5,oublie,85.1,0.0,conforme,59017,ARMENTIERES,59,NORD,9,LILLE,50.68857024739166,2.89093017010974
0593251N,Collège Docteur Ernest Schaffner,public,hors EP,97.4,88.8,0.0,conforme,85.1,0.0,conforme,59509,ROOST WARENDIN,59,NORD,9,LILLE,50.41353020793823,3.108330457286914
0593252P,Collège Léo Lagrange,public,REP,84.2,88.8,0.0,conforme,85.1,0.0,conforme,59249,FOURMIES,59,NORD,9,LILLE,50.02108572685968,4.050690661024452
0593254S,Collège Jules Verne,public,REP+,67.6,88.8,0.0,conforme,85.1,0.0,conforme,59392,MAUBEUGE,59,NORD,9,LILLE,50.29012560182999,3.963680580224768
0593474F,Collège professeur Albert Debeyre,public,hors EP,110.8,88.8,0.0,conforme,85.1,0.0,conforme,59386,MARQUETTE LEZ LILLE,59,NORD,9,LILLE,50.680405802996674,3.0678305726762205
0593475G,Collège Léon Blum,public,hors EP,110.3,88.8,0.0,conforme,85.1,0.0,conforme,59653,WAVRIN,59,NORD,9,LILLE,50.57199673109877,2.9399274470057177
0593476H,Collège Jean Mermoz,public,hors EP,112.8,88.8,0.0,conforme,85.1,0.0,conforme,59220,FACHES THUMESNIL,59,NORD,9,LILLE,50.59610598148052,3.072039865248604
0593479L,Collège Wenceslas Cobergher,public,hors EP,100.6,88.8,0.0,conforme,85.1,0.0,conforme,59067,BERGUES,59,NORD,9,LILLE,50.96659100576805,2.4322903561075293
0593482P,Collège Fréderic Joliot Curie,public,REP,83.3,88.8,0.0,conforme,85.1,0.0,conforme,59327,LALLAING,59,NORD,9,LILLE,50.38278261710616,3.1725305000597075
0593483R,Collège Robert Desnos,public,REP,89.4,88.8,0.6000000000000085,sur-inclus,85.1,4.300000000000011,sur-inclus,59390,MASNY,59,NORD,9,LILLE,50.342317608166105,3.200689310892901
0593484S,Collège Émile Littré,public,REP,83.3,88.8,0.0,conforme,85.1,0.0,conforme,59179,DOUCHY LES MINES,59,NORD,9,LILLE,50.30026003135326,3.398559394578643
0593486U,Collège Félicien Joly,public,REP,75.8,88.8,0.0,conforme,85.1,0.0,conforme,59253,FRESNES SUR ESCAUT,59,NORD,9,LILLE,50.43703364705557,3.571800073022058
0593487V,Collège Jules Ferry,public,hors EP,90.3,88.8,0.0,conforme,85.1,0.0,conforme,59122,CAMBRAI,59,NORD,9,LILLE,50.17396793599496,3.225749719228612
0593488W,Collège Lamartine,public,REP,88.5,88.8,0.0,conforme,85.1,3.4000000000000057,sur-inclus,59122,CAMBRAI,59,NORD,9,LILLE,50.158508690819055,3.263580630801944
0593490Y,Collège Jean Lemaire de Belges,public,hors EP,107.2,88.8,0.0,conforme,85.1,0.0,conforme,59053,BAVAY,59,NORD,9,LILLE,50.29514389909433,3.8026802795568
0593494C,Collège Boris Vian,public,hors EP,90.3,88.8,0.0,conforme,85.1,0.0,conforme,59155,COUDEKERQUE BRANCHE,59,NORD,9,LILLE,51.01693601648694,2.3900903125484936
0593658F,Collège Yvonne Abbas,public,hors EP,95.6,88.8,0.0,conforme,85.1,0.0,conforme,59368,LA MADELEINE,59,NORD,9,LILLE,50.652658361725656,3.065119524583582
0593660H,Collège René Descartes,public,REP+,77.6,88.8,0.0,conforme,85.1,0.0,conforme,59360,LOOS,59,NORD,9,LILLE,50.60889499400215,3.006710500148804
0593662K,Collège Jean Demailly,public,hors EP,92.2,88.8,0.0,conforme,85.1,0.0,conforme,59560,SECLIN,59,NORD,9,LILLE,50.54374997635936,3.0148797683903457
0593663L,Collège Jean Deconinck,public,REP,72.2,88.8,0.0,conforme,85.1,0.0,conforme,59183,DUNKERQUE,59,NORD,9,LILLE,51.02822808170235,2.331560244588171
0593664M,Collège Lucie Aubrac,public,REP+,76.1,88.8,0.0,conforme,85.1,0.0,conforme,59183,DUNKERQUE,59,NORD,9,LILLE,51.02151982236385,2.3566876381128563
0593666P,Collège Gaspard Malo,public,hors EP,107.6,88.8,0.0,conforme,85.1,0.0,conforme,59183,DUNKERQUE,59,NORD,9,LILLE,51.05153241629934,2.4234896505024253
0593667R,Collège Rosa Parks,public,REP+,61.9,88.8,0.0,conforme,85.1,0.0,conforme,59512,ROUBAIX,59,NORD,9,LILLE,50.70142966619501,3.1864605337728373
0593668S,Collège Paul Éluard,public,hors EP,100.7,88.8,0.0,conforme,85.1,0.0,conforme,59508,RONCQ,59,NORD,9,LILLE,50.74973221349122,3.126856628550581
0593672W,Collège de l'Ostrevant,public,hors EP,96.7,88.8,0.0,conforme,85.1,0.0,conforme,59092,BOUCHAIN,59,NORD,9,LILLE,50.28074903042848,3.306319883127561
0593673X,Collège Madame d'Épinay,public,hors EP,90.6,88.8,0.0,conforme,85.1,0.0,conforme,59032,AULNOY LEZ VALENCIENNES,59,NORD,9,LILLE,50.32898461946876,3.520979515211069
0593674Y,Collège Alphonse Terroir,public,hors EP,88.4,88.8,0.3999999999999915,oublie,85.1,0.0,conforme,59383,MARLY,59,NORD,9,LILLE,50.34329180060328,3.5552895760918646
0593676A,Collège Paul Langevin,public,hors EP,93.9,88.8,0.0,conforme,85.1,0.0,conforme,59037,AVESNES LES AUBERT,59,NORD,9,LILLE,50.1954870718211,3.391320285202762
0593678C,Collège Jean Moulin,public,hors EP,89.0,88.8,0.0,conforme,85.1,0.0,conforme,59632,WALLERS,59,NORD,9,LILLE,50.37400098091182,3.3984184071598618
0593680E,Collège Joséphine Baker,public,REP+,67.8,88.8,0.0,conforme,85.1,0.0,conforme,59606,VALENCIENNES,59,NORD,9,LILLE,50.3557471367492,3.5038220362532377
0593681F,Collège Lavoisier,public,hors EP,87.2,88.8,1.5999999999999943,oublie,85.1,0.0,conforme,59230,FERRIERE LA GRANDE,59,NORD,9,LILLE,50.25898931641586,4.005229832364161
0593683H,Collège Jacques Prévert,public,hors EP,95.6,88.8,0.0,conforme,85.1,0.0,conforme,59389,MASNIERES,59,NORD,9,LILLE,50.11479324281707,3.215710148311657
0593686L,Collège Jacques Brel,public,REP+,69.1,88.8,0.0,conforme,85.1,0.0,conforme,59365,LOUVROIL,59,NORD,9,LILLE,50.26333776604779,3.9650896805773166
0593991T,Collège Théodore Monod,public,hors EP,123.8,88.8,0.0,conforme,85.1,0.0,conforme,59343,LESQUIN,59,NORD,9,LILLE,50.58997542740828,3.1108169574698388
0593992U,Collège Antoine de Saint-Exupéry,public,hors EP,111.0,88.8,0.0,conforme,85.1,0.0,conforme,59580,STEENVOORDE,59,NORD,9,LILLE,50.80848584339924,2.5891693415535046
0594168K,Collège Jean Zay,public,REP,88.1,88.8,0.0,conforme,85.1,3.0,sur-inclus,59225,FEIGNIES,59,NORD,9,LILLE,50.29266344220489,3.9204097660583934
0594287P,Collège Rouges Barres,public,hors EP,111.0,88.8,0.0,conforme,85.1,0.0,conforme,59378,MARCQ EN BAROEUL,59,NORD,9,LILLE,50.65706606446519,3.0948799749375424
0594288R,Collège Louise Michel,public,REP+,69.1,88.8,0.0,conforme,85.1,0.0,conforme,59350,LILLE,59,NORD,9,LILLE,50.60615198731221,3.0462601560354328
0594290T,Collège Henri Matisse,public,REP,83.4,88.8,0.0,conforme,85.1,0.0,conforme,59452,OSTRICOURT,59,NORD,9,LILLE,50.457575681553536,3.026609554977936
0594291U,Collège Molière,public,hors EP,120.2,88.8,0.0,conforme,85.1,0.0,conforme,59009,VILLENEUVE D ASCQ,59,NORD,9,LILLE,50.65812261218345,3.146320362761172
0594293W,Collège Albert Roussel,public,REP+,72.1,88.8,0.0,conforme,85.1,0.0,conforme,59599,TOURCOING,59,NORD,9,LILLE,50.72310063045733,3.168440278617063
0594294X,Collège Henri Dunant,public,hors EP,80.2,88.8,8.599999999999994,oublie,85.1,4.8999999999999915,oublie,59400,MERVILLE,59,NORD,9,LILLE,50.64897069452894,2.638800542120294
0594295Y,Collège du Westhoek,public,REP,87.2,88.8,0.0,conforme,85.1,2.1000000000000085,sur-inclus,59155,COUDEKERQUE BRANCHE,59,NORD,9,LILLE,51.02950774638383,2.40210989744275
0594297A,Collège Victor Hugo,public,REP,80.9,88.8,0.0,conforme,85.1,0.0,conforme,59028,AUBY,59,NORD,9,LILLE,50.41270786264848,3.053580606600088
0594298B,Collège André Malraux,public,hors EP,100.6,88.8,0.0,conforme,85.1,0.0,conforme,59329,LAMBRES LEZ DOUAI,59,NORD,9,LILLE,50.3549966148838,3.06203024183708
0594299C,Collège Turgot,public,REP+,69.9,88.8,0.0,conforme,85.1,0.0,conforme,59172,DENAIN,59,NORD,9,LILLE,50.33072586542027,3.3954403591508777
0594300D,Collège Bayard,public,REP+,72.9,88.8,0.0,conforme,85.1,0.0,conforme,59172,DENAIN,59,NORD,9,LILLE,50.3360867240659,3.382930373268679
0594301E,Collège Paul Éluard,public,REP+,77.7,88.8,0.0,conforme,85.1,0.0,conforme,59079,BEUVRAGES,59,NORD,9,LILLE,50.38544700442605,3.500880459857708
0594303G,Collège Jehan Froissart,public,REP,78.9,88.8,0.0,conforme,85.1,0.0,conforme,59484,QUIEVRECHAIN,59,NORD,9,LILLE,50.40095515303546,3.657790588229318
0594304H,Collège Marie Curie,public,hors EP,91.6,88.8,0.0,conforme,85.1,0.0,conforme,59526,SAINT AMAND LES EAUX,59,NORD,9,LILLE,50.45089083665621,3.4324203839908787
0594308M,Collège Denis Saurat,public,hors EP,84.5,88.8,4.299999999999997,oublie,85.1,0.5999999999999943,oublie,59601,TRELON,59,NORD,9,LILLE,50.05729880556586,4.111670619563331
0594309N,Collège Pierre de Ronsard,public,REP+,72.0,88.8,0.0,conforme,85.1,0.0,conforme,59291,HAUTMONT,59,NORD,9,LILLE,50.25368461527236,3.901209519412997
0594362W,Collège Vauban,public,REP+,65.8,88.8,0.0,conforme,85.1,0.0,conforme,59392,MAUBEUGE,59,NORD,9,LILLE,50.274459245680944,3.941730398498145
0594386X,Collège Le Parc,public,hors EP,106.1,88.8,0.0,conforme,85.1,0.0,conforme,59286,HAUBOURDIN,59,NORD,9,LILLE,50.61483502539845,2.976610619776166
0594389A,Collège Anne Frank,public,REP+,64.5,88.8,0.0,conforme,85.1,0.0,conforme,59512,ROUBAIX,59,NORD,9,LILLE,50.6940448027289,3.175800650844688
0594392D,Collège Pablo Néruda,public,REP,89.4,88.8,0.6000000000000085,sur-inclus,85.1,4.300000000000011,sur-inclus,59650,WATTRELOS,59,NORD,9,LILLE,50.70934262131982,3.2378495967709715
0594394F,Collège Marie Curie,public,REP,80.8,88.8,0.0,conforme,85.1,0.0,conforme,59599,TOURCOING,59,NORD,9,LILLE,50.71886899490245,3.154550138787485
0594397J,Collège Jean Rostand,public,hors EP,80.1,88.8,8.700000000000003,oublie,85.1,5.0,oublie,59017,ARMENTIERES,59,NORD,9,LILLE,50.68779925676303,2.866820491853828
0594398K,Collège Anne Frank,public,hors EP,83.7,88.8,5.099999999999994,oublie,85.1,1.3999999999999915,oublie,59271,GRANDE SYNTHE,59,NORD,9,LILLE,51.01181210067035,2.284900276405925
0594401N,Collège Val de la Sensée,public,hors EP,103.8,88.8,0.0,conforme,85.1,0.0,conforme,59015,ARLEUX,59,NORD,9,LILLE,50.28398626566773,3.0993299444221893
0594402P,Collège André Canivez,public,REP,74.2,88.8,0.0,conforme,85.1,0.0,conforme,59178,DOUAI,59,NORD,9,LILLE,50.38556769775681,3.0743805506245514
0594405T,Collège Victor Hugo,public,REP,84.9,88.8,0.0,conforme,85.1,0.0,conforme,59574,SOMAIN,59,NORD,9,LILLE,50.36153891792843,3.276190437285765
0594408W,Collège Germinal,public,REP+,74.5,88.8,0.0,conforme,85.1,0.0,conforme,59491,RAISMES,59,NORD,9,LILLE,50.3955694812591,3.4816293075127525
0594409X,Collège Jean Zay,public,REP,71.8,88.8,0.0,conforme,85.1,0.0,conforme,59207,ESCAUTPONT,59,NORD,9,LILLE,50.42078147044804,3.5518399557173934
0594410Y,Collège Fernig,public,hors EP,101.9,88.8,0.0,conforme,85.1,0.0,conforme,59418,MORTAGNE DU NORD,59,NORD,9,LILLE,50.49682643022259,3.4521995558918843
0594411Z,Collège Moulin Blanc,public,hors EP,110.7,88.8,0.0,conforme,85.1,0.0,conforme,59526,SAINT AMAND LES EAUX,59,NORD,9,LILLE,50.44207143219327,3.40937958634235
0594412A,Collège Jean Jaurès,public,REP,83.6,88.8,0.0,conforme,85.1,0.0,conforme,59616,VIEUX CONDE,59,NORD,9,LILLE,50.46468284594241,3.566440487065162
0594415D,Collège Gilles de Chin,public,hors EP,96.7,88.8,0.0,conforme,85.1,0.0,conforme,59068,BERLAIMONT,59,NORD,9,LILLE,50.2070353452752,3.81239040408588
0594418G,Collège Charles de Gaulle,public,REP,76.7,88.8,0.0,conforme,85.1,0.0,conforme,59324,JEUMONT,59,NORD,9,LILLE,50.3030779347669,4.090250109750892
0594523W,Collège Guy Mollet,public,hors EP,102.7,88.8,0.0,conforme,85.1,0.0,conforme,59350,LILLE,59,NORD,9,LILLE,50.64140987868975,2.9903228887018427
0594524X,Collège Jean Moulin,public,REP,79.2,88.8,0.0,conforme,85.1,0.0,conforme,59648,WATTIGNIES,59,NORD,9,LILLE,50.59193523772984,3.045949585843362
0594525Y,Collège Le Triolo,public,hors EP,102.1,88.8,0.0,conforme,85.1,0.0,conforme,59009,VILLENEUVE D ASCQ,59,NORD,9,LILLE,50.61612690346182,3.139180476019098
0594527A,Collège Maxence Van Der Meersch,public,hors EP,100.9,88.8,0.0,conforme,85.1,0.0,conforme,59421,MOUVAUX,59,NORD,9,LILLE,50.70491642489152,3.131188745143633
0594533G,Collège Voltaire,public,REP,75.3,88.8,0.0,conforme,85.1,0.0,conforme,59361,LOURCHES,59,NORD,9,LILLE,50.314703750485606,3.3554093031083663
0594534H,Collège Paul Langevin,public,hors EP,90.5,88.8,0.0,conforme,85.1,0.0,conforme,59603,TRITH SAINT LEGER,59,NORD,9,LILLE,50.33329774288732,3.4823600112733906
0594537L,Collège Jules Verne,public,hors EP,105.9,88.8,0.0,conforme,85.1,0.0,conforme,59426,NEUVILLE EN FERRAIN,59,NORD,9,LILLE,50.74748021155926,3.1643105640649147
0594538M,Collège Jean Rostand,public,hors EP,86.7,88.8,2.0999999999999943,oublie,85.1,0.0,conforme,59525,SAINS DU NORD,59,NORD,9,LILLE,50.095158322880415,4.006865513112936
0594628K,Collège Jacques Monod,public,hors EP,112.3,88.8,0.0,conforme,85.1,0.0,conforme,59457,PERENCHIES,59,NORD,9,LILLE,50.6696987944097,2.97350955943881
0594632P,Collège Raymond Devos,public,REP,91.1,88.8,2.299999999999997,sur-inclus,85.1,6.0,sur-inclus,59299,HEM,59,NORD,9,LILLE,50.66115030577164,3.187780607305509
0594634S,Collège Théodore Monod,public,REP+,71.9,88.8,0.0,conforme,85.1,0.0,conforme,59512,ROUBAIX,59,NORD,9,LILLE,50.67211691461054,3.1825896596418874
0594636U,Collège Maxime Deyts,public,hors EP,101.6,88.8,0.0,conforme,85.1,0.0,conforme,59043,BAILLEUL,59,NORD,9,LILLE,50.74278770807799,2.736630496038372
0594638W,Collège Roger Salengro,public,hors EP,98.4,88.8,0.0,conforme,85.1,0.0,conforme,59317,HOUPLINES,59,NORD,9,LILLE,50.6874893834522,2.9184296508224232
0594640Y,Collège Jean Jaurès,public,hors EP,83.6,88.8,5.200000000000003,oublie,85.1,1.5,oublie,59094,BOURBOURG,59,NORD,9,LILLE,50.94458059613789,2.2003199174355488
0594642A,Collège Lamartine,public,hors EP,87.0,88.8,1.7999999999999972,oublie,85.1,0.0,conforme,59309,HONDSCHOOTE,59,NORD,9,LILLE,50.977990212987145,2.5813802735220897
0594643B,Collège du Houtland,public,hors EP,100.5,88.8,0.0,conforme,85.1,0.0,conforme,59663,WORMHOUT,59,NORD,9,LILLE,50.88394918679232,2.464759659200426
0594644C,Collège Lavoisier,public,hors EP,94.8,88.8,0.0,conforme,85.1,0.0,conforme,59544,SAINT SAULVE,59,NORD,9,LILLE,50.36449573634536,3.55778945950352
0594645D,Collège Jean-Jacques Rousseau,public,hors EP,98.7,88.8,0.0,conforme,85.1,0.0,conforme,59589,THIANT,59,NORD,9,LILLE,50.30456341813654,3.459229398720995
0594648G,Collège Antoine de Saint-Exupéry,public,hors EP,95.6,88.8,0.0,conforme,85.1,0.0,conforme,59571,SOLESMES,59,NORD,9,LILLE,50.19206460229412,3.497060079399007
0594650J,Collège Jacques Prévert,public,hors EP,95.1,88.8,0.0,conforme,85.1,0.0,conforme,59647,WATTEN,59,NORD,9,LILLE,50.83871585277448,2.2165805925832007
0594865T,Collège Anatole France,public,REP,95.3,88.8,6.5,sur-inclus,85.1,10.200000000000003,sur-inclus,59507,RONCHIN,59,NORD,9,LILLE,50.6118171943921,3.080530699112658
0594866U,Collège Françoise Dolto,public,hors EP,129.7,88.8,0.0,conforme,85.1,0.0,conforme,59466,PONT A MARCQ,59,NORD,9,LILLE,50.519627270223545,3.112430368530551
0594872A,Collège Robert le Frison,public,hors EP,104.7,88.8,0.0,conforme,85.1,0.0,conforme,59135,CASSEL,59,NORD,9,LILLE,50.80065105891234,2.4865096325092093
0594876E,Collège Montaigne,public,hors EP,95.4,88.8,0.0,conforme,85.1,0.0,conforme,59464,POIX DU NORD,59,NORD,9,LILLE,50.19636234641837,3.6082095864660095
0594879H,Collège Joliot Curie,public,REP,86.5,88.8,0.0,conforme,85.1,1.4000000000000057,sur-inclus,59249,FOURMIES,59,NORD,9,LILLE,50.01822260004242,4.06094930878839
0594881K,Collège Martha Desrumaux,public,hors EP,85.0,88.8,3.799999999999997,oublie,85.1,0.09999999999999432,oublie,59350,LILLE,59,NORD,9,LILLE,50.63901029289493,3.084840391287406
0595163S,Collège Lavoisier,public,hors EP,101.3,88.8,0.0,conforme,85.1,0.0,conforme,59328,LAMBERSART,59,NORD,9,LILLE,50.6425747235052,3.023230122382464
0595166V,Collège Hergé,public,hors EP,125.6,88.8,0.0,conforme,85.1,0.0,conforme,59266,GONDECOURT,59,NORD,9,LILLE,50.54306193496924,2.9760594502681053
0595167W,Collège Charles Baudelaire,public,hors EP,81.7,88.8,7.099999999999994,oublie,85.1,3.3999999999999915,oublie,59512,ROUBAIX,59,NORD,9,LILLE,50.67987287899336,3.1686397575894043
0595168X,Collège Maxence Van Der Meersch,public,REP+,71.8,88.8,0.0,conforme,85.1,0.0,conforme,59512,ROUBAIX,59,NORD,9,LILLE,50.6812808376292,3.2072199693145738
0595169Y,Collège Émile Zola,public,REP,78.2,88.8,0.0,conforme,85.1,0.0,conforme,59650,WATTRELOS,59,NORD,9,LILLE,50.70685190477116,3.2315225356010413
0595170Z,Collège des Flandres,public,hors EP,98.8,88.8,0.0,conforme,85.1,0.0,conforme,59295,HAZEBROUCK,59,NORD,9,LILLE,50.73117704127288,2.529060997950157
0595171A,Collège Albert Châtelet,public,hors EP,107.1,88.8,0.0,conforme,85.1,0.0,conforme,59178,DOUAI,59,NORD,9,LILLE,50.37386901137226,3.085550178609437
0595172B,Collège Eugène Thomas,public,hors EP,115.1,88.8,0.0,conforme,85.1,0.0,conforme,59481,LE QUESNOY,59,NORD,9,LILLE,50.24844416685529,3.645209621701694
0595174D,Collège Robert Badinter,public,hors EP,94.0,88.8,0.0,conforme,85.1,0.0,conforme,59122,CAMBRAI,59,NORD,9,LILLE,50.17342677818578,3.242090094682516
0595175E,Collège Fénelon,public,hors EP,100.3,88.8,0.0,conforme,85.1,0.0,conforme,59122,CAMBRAI,59,NORD,9,LILLE,50.17574317799031,3.2292114647688024
0595176F,Collège Renaud-Barrault,public,hors EP,88.9,88.8,0.0,conforme,85.1,0.0,conforme,59035,AVESNELLES,59,NORD,9,LILLE,50.11845078112309,3.940649327113
0595177G,Collège Camille Claudel,public,hors EP,81.6,88.8,7.200000000000003,oublie,85.1,3.5,oublie,59249,FOURMIES,59,NORD,9,LILLE,50.01066928717324,4.042290607143839
0595178H,Collège Dupleix,public,hors EP,97.7,88.8,0.0,conforme,85.1,0.0,conforme,59331,LANDRECIES,59,NORD,9,LILLE,50.12237464869933,3.6866104835807536
0595190W,Collège Gayant,public,REP+,76.3,88.8,0.0,conforme,85.1,0.0,conforme,59178,DOUAI,59,NORD,9,LILLE,50.40191279499383,3.124549464711073
0595277R,Collège Jacques Prévert,public,REP,79.2,88.8,0.0,conforme,85.1,0.0,conforme,59139,CAUDRY,59,NORD,9,LILLE,50.12524217659558,3.421170555940896
0595328W,Collège Simone de Beauvoir,public,REP,80.7,88.8,0.0,conforme,85.1,0.0,conforme,59009,VILLENEUVE D ASCQ,59,NORD,9,LILLE,50.62942944171095,3.130319950410022
0595337F,Collège Jean Rostand,public,REP,78.7,88.8,0.0,conforme,85.1,0.0,conforme,59136,LE CATEAU CAMBRESIS,59,NORD,9,LILLE,50.09912563351136,3.532410616161984
0595595L,Collège du Looweg,public,hors EP,96.4,88.8,0.0,conforme,85.1,0.0,conforme,59162,CROCHTE,59,NORD,9,LILLE,50.93290859933239,2.3862994981216272
0595596M,Collège Jean Rostand,public,hors EP,88.5,88.8,0.29999999999999716,oublie,85.1,0.0,conforme,59359,LOON PLAGE,59,NORD,9,LILLE,50.99319077559097,2.225009650069569
0595597N,Collège Voltaire,public,hors EP,118.4,88.8,0.0,conforme,85.1,0.0,conforme,59648,WATTIGNIES,59,NORD,9,LILLE,50.58102608017054,3.043960565185845
0595656C,Collège Camille Claudel,public,hors EP,110.2,88.8,0.0,conforme,85.1,0.0,conforme,59009,VILLENEUVE D ASCQ,59,NORD,9,LILLE,50.639299202164814,3.1589495398639804
0595712N,Collège Jean Monnet,public,hors EP,90.4,88.8,0.0,conforme,85.1,0.0,conforme,59272,GRAND FORT PHILIPPE,59,NORD,9,LILLE,50.99529548371293,2.109440545763145
0595713P,Collège Alphonse Daudet,public,hors EP,112.2,88.8,0.0,conforme,85.1,0.0,conforme,59339,LEERS,59,NORD,9,LILLE,50.67610097737733,3.2402496086964256
0595757M,Collège Henri Durez,public,hors EP,93.5,88.8,0.0,conforme,85.1,0.0,conforme,59212,ESTAIRES,59,NORD,9,LILLE,50.6429942905723,2.7055896378076194
0595758N,Collège Dolet,public,hors EP,102.1,88.8,0.0,conforme,85.1,0.0,conforme,59477,PROVIN,59,NORD,9,LILLE,50.52137082566311,2.899600556595615
0595782P,Collège du Moulin,public,REP+,74.7,88.8,0.0,conforme,85.1,0.0,conforme,59271,GRANDE SYNTHE,59,NORD,9,LILLE,51.01131527401728,2.3041700698011334
0596059R,Collège Jules Ferry,public,hors EP,102.8,88.8,0.0,conforme,85.1,0.0,conforme,59286,HAUBOURDIN,59,NORD,9,LILLE,50.61329692560199,2.991740199271085
0596172N,Collège Henri Matisse,public,hors EP,92.8,88.8,0.0,conforme,85.1,0.0,conforme,59352,LINSELLES,59,NORD,9,LILLE,50.73845020491154,3.086660310303704
0596529B,Collège intercommunal Maurice Schumann,public,REP,88.8,88.8,0.0,au seuil,85.1,3.700000000000003,sur-inclus,59456,PECQUENCOURT,59,NORD,9,LILLE,50.37506182930576,3.2054296343625706
0596694F,Collège Félix del Marle,public,hors EP,86.6,88.8,2.200000000000003,oublie,85.1,0.0,conforme,59033,AULNOYE AYMERIES,59,NORD,9,LILLE,50.19848109922283,3.834749442751117
0596716E,Collège Arthur Van Hecke,public,hors EP,85.0,88.8,3.799999999999997,oublie,85.1,0.09999999999999432,oublie,59183,DUNKERQUE,59,NORD,9,LILLE,51.03982924030353,2.387079848956808
0596833G,Collège Nina Simone,public,REP+,79.2,88.8,0.0,conforme,85.1,0.0,conforme,59350,LILLE,59,NORD,9,LILLE,50.624217470059136,3.044390564657286
0596860L,Collège Lucie Aubrac,public,REP+,77.7,88.8,0.0,conforme,85.1,0.0,conforme,59599,TOURCOING,59,NORD,9,LILLE,50.73096722790286,3.1303902796289336
0596873A,Collège Simone Veil,public,hors EP,131.3,88.8,0.0,conforme,85.1,0.0,conforme,59129,CAPPELLE EN PEVELE,59,NORD,9,LILLE,50.51335728894572,3.1655495272417715
0596988A,Collège Jeanne de Constantinople,public,hors EP,106.4,88.8,0.0,conforme,85.1,0.0,conforme,59431,NIEPPE,59,NORD,9,LILLE,50.69509445056544,2.851530298837395
0597004T,Collège Miriam Makeba,public,REP+,77.5,88.8,0.0,conforme,85.1,0.0,conforme,59350,LILLE,59,NORD,9,LILLE,50.618361982323066,3.0641581581824213
0600007G,Collège Henri Baumont,public,REP+,74.7,88.8,0.0,conforme,87.3,0.0,conforme,60057,BEAUVAIS,60,OISE,20,AMIENS,49.4393634706028,2.102389643192186
0600012M,Collège Antoine de Saint-Exupéry,public,hors EP,108.7,88.8,0.0,conforme,87.3,0.0,conforme,60143,CHAUMONT EN VEXIN,60,OISE,20,AMIENS,49.26267365279204,1.8734896369763347
0600018U,Collège Gaëtan Denain,public,REP,84.7,88.8,0.0,conforme,87.3,0.0,conforme,60159,COMPIEGNE,60,OISE,20,AMIENS,49.41087262124788,2.82072362679193
0600022Y,Collège Gabriel Havez,public,REP+,71.3,88.8,0.0,conforme,87.3,0.0,conforme,60175,CREIL,60,OISE,20,AMIENS,49.24881529786544,2.467662873811276
0600027D,Collège Jéhan le Fréron,public,hors EP,98.7,88.8,0.0,conforme,87.3,0.0,conforme,60178,CREVECOEUR LE GRAND,60,OISE,20,AMIENS,49.60788381314161,2.09561262322303
0600028E,Collège Louis Bouland,public,hors EP,102.9,88.8,0.0,conforme,87.3,0.0,conforme,60167,COULOISY,60,OISE,20,AMIENS,49.40305788366055,3.0152099019813825
0600030G,Collège Ferdinand Buisson,public,hors EP,94.1,88.8,0.0,conforme,87.3,0.0,conforme,60286,GRANDVILLIERS,60,OISE,20,AMIENS,49.66317512581509,1.946149983667134
0600032J,Collège La Rochefoucauld,public,hors EP,98.7,88.8,0.0,conforme,87.3,0.0,conforme,60360,LIANCOURT,60,OISE,20,AMIENS,49.32647170524783,2.464039752942275
0600036N,Collège Édouard Herriot,public,REP,84.7,88.8,0.0,conforme,87.3,0.0,conforme,60463,NOGENT SUR OISE,60,OISE,20,AMIENS,49.26776085469383,2.451049890230202
0600045Y,Collège de la Vallée du Matz,public,hors EP,104.1,88.8,0.0,conforme,87.3,0.0,conforme,60533,RESSONS SUR MATZ,60,OISE,20,AMIENS,49.53991645622643,2.752599939162897
0600046Z,Collège de Marly,public,hors EP,97.7,88.8,0.0,conforme,87.3,0.0,conforme,60537,RIBECOURT DRESLINCOURT,60,OISE,20,AMIENS,49.50818880802897,2.921980099529408
0600050D,Collège Albéric Magnard,public,hors EP,115.5,88.8,0.0,conforme,87.3,0.0,conforme,60612,SENLIS,60,OISE,20,AMIENS,49.20966583857836,2.596710341776209
0600060P,Collège Jacques Prévert,public,hors EP,110.5,88.8,0.0,conforme,87.3,0.0,conforme,60139,CHAMBLY,60,OISE,20,AMIENS,49.16985423746382,2.254719537556851
0601176C,Collège Gérard Philipe,public,hors EP,101.8,88.8,0.0,conforme,87.3,0.0,conforme,60265,FROISSY,60,OISE,20,AMIENS,49.5640873939052,2.2217400145346407
0601177D,Collège Jean-Jacques Rousseau,public,REP,76.4,88.8,0.0,conforme,87.3,0.0,conforme,60175,CREIL,60,OISE,20,AMIENS,49.25038471151,2.4828999117810087
0601178E,Collège Anatole France,public,REP+,79.6,88.8,0.0,conforme,87.3,0.0,conforme,60414,MONTATAIRE,60,OISE,20,AMIENS,49.26079517459383,2.437900460854897
0601179F,Collège Marcelin Berthelot,public,REP,88.4,88.8,0.0,conforme,87.3,1.1000000000000085,sur-inclus,60463,NOGENT SUR OISE,60,OISE,20,AMIENS,49.28139973437501,2.476239643181955
0601180G,Collège Madeleine et Georges Blin,public,hors EP,91.7,88.8,0.0,conforme,87.3,0.0,conforme,60374,MAIGNELAY MONTIGNY,60,OISE,20,AMIENS,49.55152223713596,2.513359900097968
0601188R,Collège Jean-Baptiste Pellerin,public,hors EP,106.4,88.8,0.0,conforme,87.3,0.0,conforme,60057,BEAUVAIS,60,OISE,20,AMIENS,49.42913827330356,2.0936197175677096
0601189S,Collège Jules Michelet,public,hors EP,94.4,88.8,0.0,conforme,87.3,0.0,conforme,60057,BEAUVAIS,60,OISE,20,AMIENS,49.43468812028149,2.0769951645777143
0601190T,Collège Charles Fauqueux,public,REP+,74.8,88.8,0.0,conforme,87.3,0.0,conforme,60057,BEAUVAIS,60,OISE,20,AMIENS,49.41636219923293,2.080820339683501
0601191U,Collège du Thelle,public,REP,92.9,88.8,4.1000000000000085,sur-inclus,87.3,5.6000000000000085,sur-inclus,60395,MERU,60,OISE,20,AMIENS,49.23063643280627,2.124189492955177
0601192V,Collège Sonia Delaunay,public,hors EP,118.7,88.8,0.0,conforme,87.3,0.0,conforme,60282,GOUVIEUX,60,OISE,20,AMIENS,49.18975811913847,2.410143536794917
0601193W,Collège Claude Debussy,public,hors EP,104.9,88.8,0.0,conforme,87.3,0.0,conforme,60382,MARGNY LES COMPIEGNE,60,OISE,20,AMIENS,49.43219401543936,2.826609760448528
0601292D,Collège Les Fontainettes,public,hors EP,97.2,88.8,0.0,conforme,87.3,0.0,conforme,60567,SAINT AUBIN EN BRAY,60,OISE,20,AMIENS,49.43353518835056,1.893930074893368
0601293E,Collège Romain Rolland,public,hors EP,98.2,88.8,0.0,conforme,87.3,0.0,conforme,60439,MOUY,60,OISE,20,AMIENS,49.32061213279904,2.309089394420348
0601294F,Collège Jean de La Fontaine,public,hors EP,100.6,88.8,0.0,conforme,87.3,0.0,conforme,60176,CREPY EN VALOIS,60,OISE,20,AMIENS,49.2270063910445,2.8938094009162207
0601295G,Collège Jacques Monod,public,hors EP,106.5,88.8,0.0,conforme,87.3,0.0,conforme,60159,COMPIEGNE,60,OISE,20,AMIENS,49.41339697240992,2.83038156000026
0601296H,Collège Lucie et Raymond Aubrac,public,hors EP,93.3,88.8,0.0,conforme,87.3,0.0,conforme,60509,PONT SAINTE MAXENCE,60,OISE,20,AMIENS,49.29354577082032,2.5979493308925186
0601297J,Collège Louis Pasteur,public,REP,90.7,88.8,1.9000000000000057,sur-inclus,87.3,3.4000000000000057,sur-inclus,60471,NOYON,60,OISE,20,AMIENS,49.58549160898964,3.015309560285732
0601365H,Collège Phileas Lebesgue,public,hors EP,98.8,88.8,0.0,conforme,87.3,0.0,conforme,60387,MARSEILLE EN BEAUVAISIS,60,OISE,20,AMIENS,49.57048948156368,1.9504305831246664
0601366J,Collège Ferdinand Bac,public,hors EP,114.0,88.8,0.0,conforme,87.3,0.0,conforme,60159,COMPIEGNE,60,OISE,20,AMIENS,49.41936644378581,2.8293699072562526
0601367K,Collège La Fontaine des Prés,public,hors EP,111.4,88.8,0.0,conforme,87.3,0.0,conforme,60612,SENLIS,60,OISE,20,AMIENS,49.21320483148206,2.57639058616428
0601406C,Collège Compère Morel,public,hors EP,90.5,88.8,0.0,conforme,87.3,0.0,conforme,60104,BRETEUIL,60,OISE,20,AMIENS,49.63502475576505,2.2984827049918857
0601407D,Collège d'Aramont,public,hors EP,97.8,88.8,0.0,conforme,87.3,0.0,conforme,60667,VERBERIE,60,OISE,20,AMIENS,49.30812445684649,2.71851015582772
0601408E,Collège Guillaume Cale,public,hors EP,104.8,88.8,0.0,conforme,87.3,0.0,conforme,60446,NANTEUIL LE HAUDOUIN,60,OISE,20,AMIENS,49.13724439870172,2.8099903974777813
0601409F,Collège Jules Vallès,public,hors EP,113.7,88.8,0.0,conforme,87.3,0.0,conforme,60584,SAINT LEU D ESSERENT,60,OISE,20,AMIENS,49.21875669241234,2.403890654932297
0601424X,Collège Condorcet,public,hors EP,107.4,88.8,0.0,conforme,87.3,0.0,conforme,60103,BRESLES,60,OISE,20,AMIENS,49.40963342531509,2.244690102299078
0601432F,Collège Abel Didelet,public,hors EP,107.4,88.8,0.0,conforme,87.3,0.0,conforme,60223,ESTREES SAINT DENIS,60,OISE,20,AMIENS,49.428507112064906,2.6419395416677234
0601443T,Collège Anna de Noailles,public,hors EP,102.8,88.8,0.0,conforme,87.3,0.0,conforme,60462,NOAILLES,60,OISE,20,AMIENS,49.3281761975144,2.1958273013779226
0601445V,Collège Louise Michel,public,hors EP,98.3,88.8,0.0,conforme,87.3,0.0,conforme,60581,SAINT JUST EN CHAUSSEE,60,OISE,20,AMIENS,49.50231993494022,2.425189350024811
0601446W,Collège Clotaire Baujoin,public,hors EP,98.2,88.8,0.0,conforme,87.3,0.0,conforme,60636,THOUROTTE,60,OISE,20,AMIENS,49.48019238746851,2.8743697936460304
0601447X,Collège Marcel Pagnol,public,hors EP,101.7,88.8,0.0,conforme,87.3,0.0,conforme,60069,BETZ,60,OISE,20,AMIENS,49.15995145891837,2.947490281867122
0601449Z,Collège Jules Michelet,public,hors EP,86.7,88.8,2.0999999999999943,oublie,87.3,0.5999999999999943,oublie,60175,CREIL,60,OISE,20,AMIENS,49.26291200924911,2.482649559908272
0601469W,Collège Jean Moulin,public,hors EP,84.0,88.8,4.799999999999997,oublie,87.3,3.299999999999997,oublie,60245,FORMERIE,60,OISE,20,AMIENS,49.64805994029029,1.722240571206056
0601471Y,Collège Jean Fernel,public,hors EP,100.4,88.8,0.0,conforme,87.3,0.0,conforme,60157,CLERMONT,60,OISE,20,AMIENS,49.38437183612887,2.397400300741368
0601487R,Collège George Sand,public,hors EP,98.2,88.8,0.0,conforme,87.3,0.0,conforme,60057,BEAUVAIS,60,OISE,20,AMIENS,49.45063238324752,2.085210349717758
0601524F,Collège André Malraux,public,REP+,76.1,88.8,0.0,conforme,87.3,0.0,conforme,60159,COMPIEGNE,60,OISE,20,AMIENS,49.39849706983318,2.795549845978134
0601605U,Collège Paul Éluard,public,REP,84.4,88.8,0.0,conforme,87.3,0.0,conforme,60471,NOYON,60,OISE,20,AMIENS,49.58519509908178,2.9977898297798644
0601606V,Collège des Bourgognes,public,hors EP,119.9,88.8,0.0,conforme,87.3,0.0,conforme,60141,CHANTILLY,60,OISE,20,AMIENS,49.20271391969206,2.4665593665316505
0601607W,Collège Simone Veil,public,hors EP,102.7,88.8,0.0,conforme,87.3,0.0,conforme,60134,CAUFFRY,60,OISE,20,AMIENS,49.313803112870914,2.4490794409961327
0601718S,Collège Pierre Mendès France,public,REP,88.1,88.8,0.0,conforme,87.3,0.7999999999999972,sur-inclus,60395,MERU,60,OISE,20,AMIENS,49.23013890968722,2.1407595120776297
0601766U,Collège du Servois,public,hors EP,123.1,88.8,0.0,conforme,87.3,0.0,conforme,60142,LA CHAPELLE EN SERVAL,60,OISE,20,AMIENS,49.12506345261316,2.528869098722752
0601786R,Collège René Cassin,public,hors EP,112.2,88.8,0.0,conforme,87.3,0.0,conforme,60102,BRENOUILLE,60,OISE,20,AMIENS,49.30704388990935,2.541560186267132
0601799E,Collège Le Point du Jour,public,hors EP,104.5,88.8,0.0,conforme,87.3,0.0,conforme,60029,AUNEUIL,60,OISE,20,AMIENS,49.36809186333661,1.9905494408089672
0601821D,Collège Émile Lambert,public,REP,95.7,88.8,6.900000000000006,sur-inclus,87.3,8.400000000000006,sur-inclus,60684,VILLERS SAINT PAUL,60,OISE,20,AMIENS,49.292149071415714,2.4906196170819275
0601833S,Collège Gérard de Nerval,public,hors EP,109.6,88.8,0.0,conforme,87.3,0.0,conforme,60176,CREPY EN VALOIS,60,OISE,20,AMIENS,49.23766101307455,2.891460403624712
0601834T,Collège Jacques-Yves Cousteau,public,hors EP,107.5,88.8,0.0,conforme,87.3,0.0,conforme,60107,BREUIL LE VERT,60,OISE,20,AMIENS,49.36141132748215,2.4190405345621
0601847G,Collège Henry de Montherlant,public,hors EP,108.5,88.8,0.0,conforme,87.3,0.0,conforme,60450,NEUILLY EN THELLE,60,OISE,20,AMIENS,49.215472441716486,2.2812439945345706
0601872J,Collège Françoise Dolto,public,hors EP,132.2,88.8,0.0,conforme,87.3,0.0,conforme,60346,LAMORLAYE,60,OISE,20,AMIENS,49.15282200553362,2.422519589437512
0601882V,Collège Guy de Maupassant,public,hors EP,110.4,88.8,0.0,conforme,87.3,0.0,conforme,60143,CHAUMONT EN VEXIN,60,OISE,20,AMIENS,49.272949122976144,1.890880307749534
0601937E,Collège Jules Verne,public,hors EP,109.9,88.8,0.0,conforme,87.3,0.0,conforme,60338,LACROIX SAINT OUEN,60,OISE,20,AMIENS,49.35697162909394,2.7754196003964995
0601938F,Collège Léonard de Vinci,public,hors EP,105.3,88.8,0.0,conforme,87.3,0.0,conforme,60575,SAINTE GENEVIEVE,60,OISE,20,AMIENS,49.29312025067534,2.187547681875047
0601970R,Collège Abel Lefranc,public,hors EP,96.6,88.8,0.0,conforme,87.3,0.0,conforme,60350,LASSIGNY,60,OISE,20,AMIENS,49.58654987754768,2.8385163601016328
0602004C,Collège Constant Bourgeois,public,hors EP,91.0,88.8,0.0,conforme,87.3,0.0,conforme,60291,GUISCARD,60,OISE,20,AMIENS,49.65087679034654,3.056079321090164
0602077G,Collège Françoise Sagan,public,hors EP,108.6,88.8,0.0,conforme,87.3,0.0,conforme,60088,BORNEL,60,OISE,20,AMIENS,49.20120372134799,2.214719366221565
0610003X,Collège Jean Racine,public,hors EP,104.7,88.8,0.0,conforme,90.0,0.0,conforme,61001,ALENCON,61,ORNE,70,NORMANDIE,48.42312140936205,0.0881695620744308
0610010E,Collège Roger Martin du Gard,public,hors EP,104.0,88.8,0.0,conforme,90.0,0.0,conforme,61038,BELLEME,61,ORNE,70,NORMANDIE,48.3691684730622,0.5662593731697781
0610012G,Collège Henri Delivet,public,hors EP,103.8,88.8,0.0,conforme,90.0,0.0,conforme,61074,CARROUGES,61,ORNE,70,NORMANDIE,48.56510191327661,-0.1417176492651898
0610016L,Collège Georges Brassens,public,hors EP,101.0,88.8,0.0,conforme,90.0,0.0,conforme,61153,ECOUCHE LES VALLEES,61,ORNE,70,NORMANDIE,48.71761440868348,-0.1165507344368119
0610017M,Collège Charles Léandre,public,hors EP,95.6,88.8,0.0,conforme,90.0,0.0,conforme,61163,LA FERRIERE AUX ETANGS,61,ORNE,70,NORMANDIE,48.665347141392616,-0.5175905561794207
0610023U,Collège Sévigné,public,hors EP,99.9,88.8,0.0,conforme,90.0,0.0,conforme,61169,FLERS,61,ORNE,70,NORMANDIE,48.74609988545794,-0.5669596041133428
0610031C,Collège Louis Grenier,public,hors EP,103.7,88.8,0.0,conforme,90.0,0.0,conforme,61258,LE MELE SUR SARTHE,61,ORNE,70,NORMANDIE,48.51419739772366,0.3543697033121152
0610033E,Collège Émile Chartier,public,hors EP,94.3,88.8,0.0,conforme,90.0,0.0,conforme,61293,MORTAGNE AU PERCHE,61,ORNE,70,NORMANDIE,48.51468973607472,0.546549503495828
0610036H,Collège André Collet,public,hors EP,97.0,88.8,0.0,conforme,90.0,0.0,conforme,61297,MOULINS LA MARCHE,61,ORNE,70,NORMANDIE,48.656297805006666,0.4735405700777335
0610037J,Collège Gaston Lefavrais,public,hors EP,103.4,88.8,0.0,conforme,90.0,0.0,conforme,61339,PUTANGES LE LAC,61,ORNE,70,NORMANDIE,48.76089146409844,-0.2486095494728986
0610040M,Collège Nicolas-Jacques Conté,public,hors EP,98.5,88.8,0.0,conforme,90.0,0.0,conforme,61464,SEES,61,ORNE,70,NORMANDIE,48.59532193607769,0.1743795337783298
0610042P,Collège Albert Camus,public,hors EP,92.7,88.8,0.0,conforme,90.0,0.0,conforme,61486,TINCHEBRAY BOCAGE,61,ORNE,70,NORMANDIE,48.7645613209042,-0.7345296082889846
0610044S,Collège André Malraux,public,hors EP,96.1,88.8,0.0,conforme,90.0,0.0,conforme,61494,TRUN,61,ORNE,70,NORMANDIE,48.84350432436202,0.0394203711626981
0610045T,Collège Arlette Hee-Fergant,public,REP,90.7,88.8,1.9000000000000057,sur-inclus,90.0,0.7000000000000028,sur-inclus,61508,VIMOUTIERS,61,ORNE,70,NORMANDIE,48.93189476503051,0.1995697305854822
0610051Z,Collège René Cassin,public,hors EP,104.5,88.8,0.0,conforme,90.0,0.0,conforme,61007,ATHIS VAL DE ROUVRE,61,ORNE,70,NORMANDIE,48.81103599131557,-0.503859985843094
0610056E,Collège Saint-Exupéry,public,hors EP,93.4,88.8,0.0,conforme,90.0,0.0,conforme,61001,ALENCON,61,ORNE,70,NORMANDIE,48.43699520592512,0.1023595332027627
0610057F,Collège Jean Monnet,public,REP,83.5,88.8,0.0,conforme,90.0,0.0,conforme,61169,FLERS,61,ORNE,70,NORMANDIE,48.74029575145305,-0.5700803651327394
0610739X,Collège Félix Leclerc,public,hors EP,96.4,88.8,0.0,conforme,90.0,0.0,conforme,61230,LONGNY LES VILLAGES,61,ORNE,70,NORMANDIE,48.52932247415909,0.760109884944826
0610740Y,Collège Paul Harel,public,hors EP,96.8,88.8,0.0,conforme,90.0,0.0,conforme,61345,REMALARD EN PERCHE,61,ORNE,70,NORMANDIE,48.42692517510853,0.7815304904982433
0610745D,Collège Molière,public,hors EP,86.6,88.8,2.200000000000003,oublie,90.0,3.4000000000000057,oublie,61214,L AIGLE,61,ORNE,70,NORMANDIE,48.75589071172233,0.6360995099600193
0610800N,Collège Jacques Brel,public,hors EP,96.8,88.8,0.0,conforme,90.0,0.0,conforme,61168,LA FERTE MACE,61,ORNE,70,NORMANDIE,48.58613042682138,-0.3627496029339159
0610918S,Collège Honoré de Balzac,public,hors EP,108.2,88.8,0.0,conforme,90.0,0.0,conforme,61001,ALENCON,61,ORNE,70,NORMANDIE,48.43891383380959,0.0769044676203568
0610958K,Collège Jean Moulin,public,hors EP,92.3,88.8,0.0,conforme,90.0,0.0,conforme,61181,GACE,61,ORNE,70,NORMANDIE,48.79208290409246,0.2983254409343331
0610959L,Collège Yves Montand,public,hors EP,89.0,88.8,0.0,conforme,90.0,1.0,oublie,61484,VAL AU PERCHE,61,ORNE,70,NORMANDIE,48.26397669546911,0.6818206585583623
0610970Y,Collège Jacques Prévert,public,hors EP,94.2,88.8,0.0,conforme,90.0,0.0,conforme,61145,DOMFRONT EN POIRAIE,61,ORNE,70,NORMANDIE,48.587153184612525,-0.6447596431984285
0611022E,Collège Jean Rostand,public,hors EP,87.1,88.8,1.7000000000000028,oublie,90.0,2.9000000000000057,oublie,61006,ARGENTAN,61,ORNE,70,NORMANDIE,48.75392502195064,-0.0079396434458686
0611023F,Collège François Truffaut,public,hors EP,91.5,88.8,0.0,conforme,90.0,0.0,conforme,61006,ARGENTAN,61,ORNE,70,NORMANDIE,48.74210880895407,-0.0164705839407186
0611024G,Collège du Houlme,public,hors EP,93.9,88.8,0.0,conforme,90.0,0.0,conforme,61063,BRIOUZE,61,ORNE,70,NORMANDIE,48.70036640767341,-0.3629698312227406
0611026J,Collège Louise Michel,public,REP+,68.1,88.8,0.0,conforme,90.0,0.0,conforme,61001,ALENCON,61,ORNE,70,NORMANDIE,48.41269314499769,0.095009929554143
0611156A,Collège Françoise Dolto,public,hors EP,90.6,88.8,0.0,conforme,90.0,0.0,conforme,61214,L AIGLE,61,ORNE,70,NORMANDIE,48.76320915380872,0.6320305422846951
0611220V,Collège René Goscinny - site de Passais,public,hors EP,90.7,88.8,0.0,conforme,90.0,0.0,conforme,61075,CEAUCE,61,ORNE,70,NORMANDIE,48.49727541779089,-0.6254196913111978
0620004T,Collège de l'Europe,public,hors EP,96.1,88.8,0.0,conforme,85.1,0.0,conforme,62038,ARDRES,62,PAS-DE-CALAIS,9,LILLE,50.85129259607474,1.9758702718799537
0620014D,Collège Diderot,public,hors EP,97.5,88.8,0.0,conforme,85.1,0.0,conforme,62263,DAINVILLE,62,PAS-DE-CALAIS,9,LILLE,50.291402801437386,2.730800657656168
0620016F,Collège Jean Monnet,public,hors EP,110.0,88.8,0.0,conforme,85.1,0.0,conforme,62045,AUBIGNY EN ARTOIS,62,PAS-DE-CALAIS,9,LILLE,50.35013583771473,2.5886699332955727
0620021L,Collège Sévigné,public,REP,76.1,88.8,0.0,conforme,85.1,0.0,conforme,62048,AUCHEL,62,PAS-DE-CALAIS,9,LILLE,50.50657276230646,2.4645395665443663
0620024P,Collège du Bredenarde,public,hors EP,92.8,88.8,0.0,conforme,85.1,0.0,conforme,62057,AUDRUICQ,62,PAS-DE-CALAIS,9,LILLE,50.87715138021697,2.069709418770968
0620025R,Collège du Val d'Authie,public,hors EP,87.0,88.8,1.7999999999999972,oublie,85.1,0.0,conforme,62060,AUXI LE CHATEAU,62,PAS-DE-CALAIS,9,LILLE,50.22910948306126,2.106420297563793
0620026S,Collège du Val du Gy,public,hors EP,94.9,88.8,0.0,conforme,85.1,0.0,conforme,62063,AVESNES LE COMTE,62,PAS-DE-CALAIS,9,LILLE,50.27313642826175,2.5227499843981085
0620031X,Collège Carlin Legrand,public,hors EP,90.2,88.8,0.0,conforme,85.1,0.0,conforme,62080,BAPAUME,62,PAS-DE-CALAIS,9,LILLE,50.10357490025015,2.8534305851452544
0620036C,Collège Jean Moulin,public,hors EP,86.7,88.8,2.0999999999999943,oublie,85.1,0.0,conforme,62108,BERCK,62,PAS-DE-CALAIS,9,LILLE,50.40038871835439,1.5639800130381238
0620039F,Collège Jacques-Yves Cousteau,public,hors EP,88.5,88.8,0.29999999999999716,oublie,85.1,0.0,conforme,62117,BERTINCOURT,62,PAS-DE-CALAIS,9,LILLE,50.08837894809274,2.981250186800952
0620047P,Collège Germinal,public,hors EP,108.4,88.8,0.0,conforme,85.1,0.0,conforme,62128,BIACHE SAINT VAAST,62,PAS-DE-CALAIS,9,LILLE,50.314186408645455,2.9411297719377694
0620051U,Collège Angellier,public,REP,77.0,88.8,0.0,conforme,85.1,0.0,conforme,62160,BOULOGNE SUR MER,62,PAS-DE-CALAIS,9,LILLE,50.7211009818125,1.6093893504615435
0620055Y,Collège Paul Langevin,public,REP+,65.0,88.8,0.0,conforme,85.1,0.0,conforme,62160,BOULOGNE SUR MER,62,PAS-DE-CALAIS,9,LILLE,50.733725140619015,1.6185600819517356
0620068M,Collège Fréderic Joliot Curie,public,REP,84.0,88.8,0.0,conforme,85.1,0.0,conforme,62194,CALONNE RICOUART,62,PAS-DE-CALAIS,9,LILLE,50.48535248436109,2.4787500415447026
0620071R,Collège Jean-Jacques Rousseau,public,hors EP,95.3,88.8,0.0,conforme,85.1,0.0,conforme,62215,CARVIN,62,PAS-DE-CALAIS,9,LILLE,50.49201513899851,2.945749689783677
0620073T,Collège Jean Monnet,public,hors EP,102.6,88.8,0.0,conforme,85.1,0.0,conforme,62244,COULOGNE,62,PAS-DE-CALAIS,9,LILLE,50.92416197807941,1.8838797192422767
0620079Z,Collège Henri Wallon,public,REP,80.3,88.8,0.0,conforme,85.1,0.0,conforme,62270,DIVION,62,PAS-DE-CALAIS,9,LILLE,50.47042647481198,2.4967699897743376
0620082C,Collège Monsigny,public,hors EP,91.6,88.8,0.0,conforme,85.1,0.0,conforme,62325,FAUQUEMBERGUES,62,PAS-DE-CALAIS,9,LILLE,50.60166097882675,2.100550431011966
0620085F,Collège Jacques Brel,public,hors EP,90.5,88.8,0.0,conforme,85.1,0.0,conforme,62364,FRUGES,62,PAS-DE-CALAIS,9,LILLE,50.51656361266711,2.1299198395232355
0620088J,Collège Les Quatre Vents,public,hors EP,88.1,88.8,0.7000000000000028,oublie,85.1,0.0,conforme,62397,GUINES,62,PAS-DE-CALAIS,9,LILLE,50.864755312754816,1.867720513867491
0620096T,Collège Jean Macé,public,REP,82.3,88.8,0.0,conforme,85.1,0.0,conforme,62427,HENIN BEAUMONT,62,PAS-DE-CALAIS,9,LILLE,50.41155165553044,2.938790907188865
0620097U,Collège Romain Rolland,public,hors EP,92.8,88.8,0.0,conforme,85.1,0.0,conforme,62443,HERSIN COUPIGNY,62,PAS-DE-CALAIS,9,LILLE,50.44641614050594,2.6433404163683143
0620099W,Collège des 7 Vallées,public,hors EP,85.2,88.8,3.5999999999999943,oublie,85.1,0.0,conforme,62447,HESDIN,62,PAS-DE-CALAIS,9,LILLE,50.36992994909537,2.0397337505951407
0620104B,Collège Gabriel de la Gorce,public,hors EP,92.3,88.8,0.0,conforme,85.1,0.0,conforme,62463,HUCQUELIERS,62,PAS-DE-CALAIS,9,LILLE,50.57063043455061,1.9052804919735515
0620119T,Collège Pierre et Marie Curie,public,REP,79.1,88.8,0.0,conforme,85.1,0.0,conforme,62510,LIEVIN,62,PAS-DE-CALAIS,9,LILLE,50.43556699322092,2.7557494341030004
0620123X,Collège René Cassin,public,hors EP,91.1,88.8,0.0,conforme,85.1,0.0,conforme,62528,LOOS EN GOHELLE,62,PAS-DE-CALAIS,9,LILLE,50.45701667971794,2.795719852199828
0620130E,Collège des Marches de l'Artois,public,hors EP,96.2,88.8,0.0,conforme,85.1,0.0,conforme,62559,MARQUION,62,PAS-DE-CALAIS,9,LILLE,50.20925634002819,3.0846299930795484
0620136L,Collège Maurice Piquet,public,hors EP,90.6,88.8,0.0,conforme,85.1,0.0,conforme,62473,ISBERGUES,62,PAS-DE-CALAIS,9,LILLE,50.61322684479989,2.4582884219253707
0620154F,Collège Albert Camus,public,hors EP,88.4,88.8,0.3999999999999915,oublie,85.1,0.0,conforme,62643,OUTREAU,62,PAS-DE-CALAIS,9,LILLE,50.70255080268576,1.5914034040436629
0620156H,Collège du Bellimont,public,hors EP,98.7,88.8,0.0,conforme,85.1,0.0,conforme,62652,PERNES,62,PAS-DE-CALAIS,9,LILLE,50.48868559827195,2.404010648847953
0620158K,Collège Paul Langevin,public,REP,84.9,88.8,0.0,conforme,85.1,0.0,conforme,62724,ROUVROY,62,PAS-DE-CALAIS,9,LILLE,50.4048482044999,2.9056856100522213
0620165T,Collège Esplanade,public,hors EP,96.9,88.8,0.0,conforme,85.1,0.0,conforme,62765,SAINT OMER,62,PAS-DE-CALAIS,9,LILLE,50.75259992362606,2.246763012994992
0620170Y,Collège Joséphine Baker,public,REP+,74.7,88.8,0.0,conforme,85.1,0.0,conforme,62771,SALLAUMINES,62,PAS-DE-CALAIS,9,LILLE,50.41331768427423,2.862969385858147
0620172A,Collège François Mitterrand,public,hors EP,101.6,88.8,0.0,conforme,85.1,0.0,conforme,62811,THEROUANNE,62,PAS-DE-CALAIS,9,LILLE,50.636627436382994,2.252459789957055
0620180J,Collège Léon Blum,public,REP,83.5,88.8,0.0,conforme,85.1,0.0,conforme,62895,WINGLES,62,PAS-DE-CALAIS,9,LILLE,50.49557185372062,2.864339965471704
0620194Z,Collège Jean Rostand,public,hors EP,92.4,88.8,0.0,conforme,85.1,0.0,conforme,62506,LICQUES,62,PAS-DE-CALAIS,9,LILLE,50.78327910741272,1.944929972347424
0620195A,Collège Bernard Chochoy,public,hors EP,95.4,88.8,0.0,conforme,85.1,0.0,conforme,62620,NORRENT FONTES,62,PAS-DE-CALAIS,9,LILLE,50.5853491351186,2.407876354791568
0620196B,Collège Jean Jaurès,public,hors EP,85.6,88.8,3.200000000000003,oublie,85.1,0.0,conforme,62193,CALAIS,62,PAS-DE-CALAIS,9,LILLE,50.95260540409165,1.8562901901170816
0620197C,Collège Anita Conti,public,hors EP,94.3,88.8,0.0,conforme,85.1,0.0,conforme,62186,BULLY LES MINES,62,PAS-DE-CALAIS,9,LILLE,50.43669738917831,2.724259575121028
0620198D,Collège Albert Camus,public,REP,80.6,88.8,0.0,conforme,85.1,0.0,conforme,62178,BRUAY LA BUISSIERE,62,PAS-DE-CALAIS,9,LILLE,50.47547424442204,2.558440656583557
0620199E,Collège Pierre Daunou,public,hors EP,88.3,88.8,0.5,oublie,85.1,0.0,conforme,62160,BOULOGNE SUR MER,62,PAS-DE-CALAIS,9,LILLE,50.718521027312086,1.6098101033211176
0620219B,Collège Danielle Darras Riaumont,public,REP,76.7,88.8,0.0,conforme,85.1,0.0,conforme,62510,LIEVIN,62,PAS-DE-CALAIS,9,LILLE,50.4190876704708,2.785595426768926
0622082B,Collège Marie Curie,public,hors EP,98.6,88.8,0.0,conforme,85.1,0.0,conforme,62041,ARRAS,62,PAS-DE-CALAIS,9,LILLE,50.28429765775309,2.784539757112145
0622083C,Collège Jéhan Bodel,public,hors EP,114.7,88.8,0.0,conforme,85.1,0.0,conforme,62041,ARRAS,62,PAS-DE-CALAIS,9,LILLE,50.28824161703904,2.769435209319848
0622084D,Collège Pablo Néruda,public,hors EP,100.6,88.8,0.0,conforme,85.1,0.0,conforme,62865,VITRY EN ARTOIS,62,PAS-DE-CALAIS,9,LILLE,50.32940314377099,2.9929899978489933
0622085E,Collège Paul Duez,public,hors EP,93.6,88.8,0.0,conforme,85.1,0.0,conforme,62497,LEFOREST,62,PAS-DE-CALAIS,9,LILLE,50.43887615919263,3.054589523121761
0622086F,Collège Descartes-Montaigne,public,hors EP,88.8,88.8,0.0,au seuil,85.1,0.0,conforme,62510,LIEVIN,62,PAS-DE-CALAIS,9,LILLE,50.41352759147422,2.767419908840578
0622087G,Collège Blaise Pascal,public,REP,79.6,88.8,0.0,conforme,85.1,0.0,conforme,62563,MAZINGARBE,62,PAS-DE-CALAIS,9,LILLE,50.46164187069234,2.7194599930897345
0622090K,Collège Albert Debeyre,public,hors EP,93.5,88.8,0.0,conforme,85.1,0.0,conforme,62126,BEUVRY,62,PAS-DE-CALAIS,9,LILLE,50.51889991403288,2.6661803974822464
0622091L,Collège Georges Brassens,public,hors EP,105.7,88.8,0.0,conforme,85.1,0.0,conforme,62770,SAINT VENANT,62,PAS-DE-CALAIS,9,LILLE,50.62044913885898,2.5366194629407954
0622093N,Collège Pierre Mendès France,public,hors EP,90.0,88.8,0.0,conforme,85.1,0.0,conforme,62040,ARQUES,62,PAS-DE-CALAIS,9,LILLE,50.73703528790606,2.300609849590099
0622094P,Collège Jean Jaurès,public,REP,87.9,88.8,0.0,conforme,85.1,2.8000000000000114,sur-inclus,62014,AIRE SUR LA LYS,62,PAS-DE-CALAIS,9,LILLE,50.63545303863663,2.4006094467249137
0622095R,Collège Jean Moulin,public,REP,78.6,88.8,0.0,conforme,85.1,0.0,conforme,62667,LE PORTEL,62,PAS-DE-CALAIS,9,LILLE,50.70825662279591,1.5844998448274454
0622096S,Collège Jean Rostand,public,hors EP,96.6,88.8,0.0,conforme,85.1,0.0,conforme,62560,MARQUISE,62,PAS-DE-CALAIS,9,LILLE,50.817259140201,1.7126997626864189
0622097T,Collège Jean Rostand,public,hors EP,80.7,88.8,8.099999999999994,oublie,85.1,4.3999999999999915,oublie,62050,AUCHY LES HESDIN,62,PAS-DE-CALAIS,9,LILLE,50.40309660977085,2.09708054059803
0622098U,Collège Émile Zola,public,REP,88.2,88.8,0.0,conforme,85.1,3.1000000000000085,sur-inclus,62351,FOUQUIERES LES LENS,62,PAS-DE-CALAIS,9,LILLE,50.4287649601296,2.918329570093103
0622239X,Collège Jean de Saint-Aubert,public,REP,85.1,88.8,0.0,conforme,85.1,0.0,au seuil,62907,LIBERCOURT,62,PAS-DE-CALAIS,9,LILLE,50.4816324638282,3.0160628283621755
0622261W,Collège Pierre Cuallacci,public,REP,78.2,88.8,0.0,conforme,85.1,0.0,conforme,62361,FREVENT,62,PAS-DE-CALAIS,9,LILLE,50.27639042933437,2.2847005068762374
0622262X,Collège Henri Wallon,public,REP,83.9,88.8,0.0,conforme,85.1,0.0,conforme,62570,MERICOURT,62,PAS-DE-CALAIS,9,LILLE,50.41020311287875,2.877100390185131
0622264Z,Collège Claude Debussy,public,hors EP,89.7,88.8,0.0,conforme,85.1,0.0,conforme,62250,COURRIERES,62,PAS-DE-CALAIS,9,LILLE,50.45243870696567,2.948760311927088
0622268D,Collège Jean Moulin,public,hors EP,83.9,88.8,4.8999999999999915,oublie,85.1,1.1999999999999886,oublie,62083,BARLIN,62,PAS-DE-CALAIS,9,LILLE,50.4579458797513,2.622779628122749
0622269E,Collège Anatole France,public,REP,84.7,88.8,0.0,conforme,85.1,0.0,conforme,62617,NOEUX LES MINES,62,PAS-DE-CALAIS,9,LILLE,50.47179839596067,2.6625203622757074
0622272H,Collège Émile Zola,public,hors EP,86.5,88.8,2.299999999999997,oublie,85.1,0.0,conforme,62555,MARLES LES MINES,62,PAS-DE-CALAIS,9,LILLE,50.50446731136025,2.501379879246545
0622273J,Collège Lucien Vadez,public,REP+,68.9,88.8,0.0,conforme,85.1,0.0,conforme,62193,CALAIS,62,PAS-DE-CALAIS,9,LILLE,50.95498792686664,1.8989393922124256
0622299M,Collège Pilâtre de Rozier,public,hors EP,104.9,88.8,0.0,conforme,85.1,0.0,conforme,62894,WIMILLE,62,PAS-DE-CALAIS,9,LILLE,50.76618299919516,1.6189197376558495
0622417R,Collège Michelet,public,hors EP,77.7,88.8,11.099999999999994,oublie,85.1,7.3999999999999915,oublie,62498,LENS,62,PAS-DE-CALAIS,9,LILLE,50.4298593304873,2.826930432308774
0622418S,Collège Jean Zay,public,REP+,75.2,88.8,0.0,conforme,85.1,0.0,conforme,62498,LENS,62,PAS-DE-CALAIS,9,LILLE,50.44273593059116,2.823900494132792
0622420U,Collège Paul Langevin,public,REP+,77.1,88.8,0.0,conforme,85.1,0.0,conforme,62065,AVION,62,PAS-DE-CALAIS,9,LILLE,50.39828810131777,2.838520306506523
0622422W,Collège Jean-Jacques Rousseau,public,hors EP,87.2,88.8,1.5999999999999943,oublie,85.1,0.0,conforme,62065,AVION,62,PAS-DE-CALAIS,9,LILLE,50.40449324585825,2.825990625524639
0622423X,Collège Youri Gagarine,public,REP,77.0,88.8,0.0,conforme,85.1,0.0,conforme,62587,MONTIGNY EN GOHELLE,62,PAS-DE-CALAIS,9,LILLE,50.4310641266138,2.9319693624659204
0622424Y,Collège Langevin-Wallon,public,REP+,74.5,88.8,0.0,conforme,85.1,0.0,conforme,62386,GRENAY,62,PAS-DE-CALAIS,9,LILLE,50.45108347226466,2.7378298991850905
0622425Z,Collège Paul Verlaine,public,REP,85.1,88.8,0.0,conforme,85.1,0.0,au seuil,62119,BETHUNE,62,PAS-DE-CALAIS,9,LILLE,50.51572894210717,2.630230199680592
0622427B,Collège du Pays de l'Alloeu,public,hors EP,114.8,88.8,0.0,conforme,85.1,0.0,conforme,62491,LAVENTIE,62,PAS-DE-CALAIS,9,LILLE,50.62531607769132,2.7703600810577025
0622428C,Collège Edmond Rostand,public,hors EP,85.1,88.8,3.700000000000003,oublie,85.1,0.0,au seuil,62178,BRUAY LA BUISSIERE,62,PAS-DE-CALAIS,9,LILLE,50.487227461465054,2.5555504164428298
0622431F,Collège République,public,hors EP,77.6,88.8,11.200000000000003,oublie,85.1,7.5,oublie,62193,CALAIS,62,PAS-DE-CALAIS,9,LILLE,50.95129983940826,1.858710308123196
0622432G,Collège Jean Macé,public,hors EP,99.3,88.8,0.0,conforme,85.1,0.0,conforme,62193,CALAIS,62,PAS-DE-CALAIS,9,LILLE,50.9570611204092,1.8535390393491435
0622434J,Collège Roger Salengro,public,REP,88.4,88.8,0.0,conforme,85.1,3.3000000000000114,sur-inclus,62758,SAINT MARTIN BOULOGNE,62,PAS-DE-CALAIS,9,LILLE,50.727617613334296,1.6306095845429611
0622435K,Collège Belrem,public,hors EP,89.3,88.8,0.0,conforme,85.1,0.0,conforme,62100,BEAURAINVILLE,62,PAS-DE-CALAIS,9,LILLE,50.42293790027999,1.89741937486022
0622572J,Collège Jean Jaurès,public,REP,83.8,88.8,0.0,conforme,85.1,0.0,conforme,62318,ETAPLES,62,PAS-DE-CALAIS,9,LILLE,50.51822811167607,1.6419865846343975
0622574L,Collège Albert Camus,public,hors EP,92.3,88.8,0.0,conforme,85.1,0.0,conforme,62534,LUMBRES,62,PAS-DE-CALAIS,9,LILLE,50.70561462940704,2.1146998548882547
0622575M,Collège Blaise Pascal,public,hors EP,97.5,88.8,0.0,conforme,85.1,0.0,conforme,62525,LONGUENESSE,62,PAS-DE-CALAIS,9,LILLE,50.73867971356185,2.2561397443597024
0622576N,Collège Vauban,public,REP+,68.6,88.8,0.0,conforme,85.1,0.0,conforme,62193,CALAIS,62,PAS-DE-CALAIS,9,LILLE,50.94828933426335,1.8331704068499093
0622578R,Collège Jean Rostand,public,REP,93.4,88.8,4.6000000000000085,sur-inclus,85.1,8.300000000000011,sur-inclus,62737,SAINS EN GOHELLE,62,PAS-DE-CALAIS,9,LILLE,50.4442954599612,2.682389428496004
0622579S,Collège Jean Vilar,public,hors EP,104.9,88.8,0.0,conforme,85.1,0.0,conforme,62032,ANGRES,62,PAS-DE-CALAIS,9,LILLE,50.41074383810004,2.753560056201392
0622581U,Collège Gérard Philipe,public,hors EP,85.3,88.8,3.5,oublie,85.1,0.0,conforme,62427,HENIN BEAUMONT,62,PAS-DE-CALAIS,9,LILLE,50.42149494047896,2.9431206699958947
0622789V,Collège Charles Péguy,public,REP,81.8,88.8,0.0,conforme,85.1,0.0,conforme,62041,ARRAS,62,PAS-DE-CALAIS,9,LILLE,50.30128663031908,2.750510474779164
0622790W,Collège Roger Salengro,public,hors EP,92.0,88.8,0.0,conforme,85.1,0.0,conforme,62767,SAINT POL SUR TERNOISE,62,PAS-DE-CALAIS,9,LILLE,50.379591320916624,2.330597221870604
0622791X,Collège Victor Hugo,public,REP,79.3,88.8,0.0,conforme,85.1,0.0,conforme,62413,HARNES,62,PAS-DE-CALAIS,9,LILLE,50.45054798315641,2.901050524240089
0622792Y,Collège Bracke Desrousseaux,public,hors EP,93.1,88.8,0.0,conforme,85.1,0.0,conforme,62842,VENDIN LE VIEIL,62,PAS-DE-CALAIS,9,LILLE,50.47790567477626,2.860990357056119
0622793Z,Collège David Marcelle,public,REP,83.3,88.8,0.0,conforme,85.1,0.0,conforme,62133,BILLY MONTIGNY,62,PAS-DE-CALAIS,9,LILLE,50.41608045486609,2.921099632581262
0622795B,Collège François Rabelais,public,hors EP,93.9,88.8,0.0,conforme,85.1,0.0,conforme,62427,HENIN BEAUMONT,62,PAS-DE-CALAIS,9,LILLE,50.4124297788558,2.9586434580044747
0622797D,Collège Liberté,public,hors EP,98.5,88.8,0.0,conforme,85.1,0.0,conforme,62035,ANNEZIN,62,PAS-DE-CALAIS,9,LILLE,50.539916212912246,2.6217102527681235
0622799F,Collège Léo Lagrange,public,REP,81.2,88.8,0.0,conforme,85.1,0.0,conforme,62516,LILLERS,62,PAS-DE-CALAIS,9,LILLE,50.56703427913765,2.4807895586763813
0622806N,Collège Maxence Van Der Meersch,public,hors EP,105.8,88.8,0.0,conforme,85.1,0.0,conforme,62826,LE TOUQUET PARIS PLAGE,62,PAS-DE-CALAIS,9,LILLE,50.51203335043392,1.6171993613260045
0622863A,Collège Adam de la Halle,public,hors EP,97.8,88.8,0.0,conforme,85.1,0.0,conforme,62004,ACHICOURT,62,PAS-DE-CALAIS,9,LILLE,50.26837738946462,2.7673305314071426
0622864B,Collège François Mitterrand,public,hors EP,99.2,88.8,0.0,conforme,85.1,0.0,conforme,62041,ARRAS,62,PAS-DE-CALAIS,9,LILLE,50.27517239207419,2.789150280730852
0622866D,Collège Jacques Prévert,public,hors EP,91.5,88.8,0.0,conforme,85.1,0.0,conforme,62451,HEUCHIN,62,PAS-DE-CALAIS,9,LILLE,50.47439192291763,2.2688603220749526
0622867E,Collège Antoine de Saint-Exupéry,public,hors EP,92.9,88.8,0.0,conforme,85.1,0.0,conforme,62276,DOUVRIN,62,PAS-DE-CALAIS,9,LILLE,50.50840485922295,2.8409710420355943
0622868F,Collège Jean Jaurès,public,REP+,73.2,88.8,0.0,conforme,85.1,0.0,conforme,62498,LENS,62,PAS-DE-CALAIS,9,LILLE,50.44010490702362,2.7992097018058164
0622871J,Collège Jacques Prévert,public,hors EP,86.1,88.8,2.700000000000003,oublie,85.1,0.0,conforme,62457,HOUDAIN,62,PAS-DE-CALAIS,9,LILLE,50.46188878086681,2.5449694761045163
0622873L,Collège Boris Vian,public,hors EP,101.4,88.8,0.0,conforme,85.1,0.0,conforme,62548,MARCK,62,PAS-DE-CALAIS,9,LILLE,50.94314290988881,1.9515199637415728
0622874M,Collège René Cassin,public,hors EP,86.1,88.8,2.700000000000003,oublie,85.1,0.0,conforme,62902,WIZERNES,62,PAS-DE-CALAIS,9,LILLE,50.71584944339516,2.231910192482097
0622907Y,Collège de la Morinie,public,REP+,77.9,88.8,0.0,conforme,85.1,0.0,conforme,62765,SAINT OMER,62,PAS-DE-CALAIS,9,LILLE,50.74773575087692,2.26844997765505
0622943M,Collège Adulphe Delegorgue,public,REP,82.9,88.8,0.0,conforme,85.1,0.0,conforme,62249,COURCELLES LES LENS,62,PAS-DE-CALAIS,9,LILLE,50.41517287550865,3.0152801884425764
0622946R,Collège Joliot Curie,public,REP,89.4,88.8,0.6000000000000085,sur-inclus,85.1,4.300000000000011,sur-inclus,62051,AUCHY LES MINES,62,PAS-DE-CALAIS,9,LILLE,50.51788963605935,2.788200077932545
0622947S,Collège George Sand,public,hors EP,96.0,88.8,0.0,conforme,85.1,0.0,conforme,62119,BETHUNE,62,PAS-DE-CALAIS,9,LILLE,50.529725801612535,2.645259432715609
0622950V,Collège Le Trion,public,hors EP,100.2,88.8,0.0,conforme,85.1,0.0,conforme,62773,SAMER,62,PAS-DE-CALAIS,9,LILLE,50.6389119378196,1.7501737392551555
0622951W,Collège du Bras d'Or Écuires,public,hors EP,100.7,88.8,0.0,conforme,85.1,0.0,conforme,62588,MONTREUIL SUR MER,62,PAS-DE-CALAIS,9,LILLE,50.45543110428306,1.7575896262443562
0623014P,Collège Paul Verlaine,public,hors EP,99.0,88.8,0.0,conforme,85.1,0.0,conforme,62764,SAINT NICOLAS,62,PAS-DE-CALAIS,9,LILLE,50.3067041643579,2.794759744288523
0623016S,Collège Pierre Brossolette,public,hors EP,87.1,88.8,1.7000000000000028,oublie,85.1,0.0,conforme,62628,NOYELLES SOUS LENS,62,PAS-DE-CALAIS,9,LILLE,50.42776515025256,2.873759365847921
0623018U,Collège Louis Pasteur,public,REP,84.8,88.8,0.0,conforme,85.1,0.0,conforme,62637,OIGNIES,62,PAS-DE-CALAIS,9,LILLE,50.47531115423204,2.990669874398844
0623022Y,Collège Paul Éluard,public,hors EP,88.6,88.8,0.20000000000000284,oublie,85.1,0.0,conforme,62846,VERMELLES,62,PAS-DE-CALAIS,9,LILLE,50.48562923086735,2.744179633314748
0623023Z,Collège du Caraquet,public,hors EP,93.4,88.8,0.0,conforme,85.1,0.0,conforme,62268,DESVRES,62,PAS-DE-CALAIS,9,LILLE,50.66775545426103,1.8275193451698724
0623112W,Collège Marguerite Berger,public,hors EP,92.9,88.8,0.0,conforme,85.1,0.0,conforme,62649,PAS EN ARTOIS,62,PAS-DE-CALAIS,9,LILLE,50.15757036869106,2.4881994306841806
0623115Z,Collège Paul Éluard,public,hors EP,93.3,88.8,0.0,conforme,85.1,0.0,conforme,62746,SAINT ETIENNE AU MONT,62,PAS-DE-CALAIS,9,LILLE,50.67393534528132,1.631019792325546
0623310L,Collège Gambetta,public,hors EP,97.0,88.8,0.0,conforme,85.1,0.0,conforme,62041,ARRAS,62,PAS-DE-CALAIS,9,LILLE,50.28838885743881,2.7762496929984435
0623312N,Collège René Cassin,public,hors EP,90.1,88.8,0.0,conforme,85.1,0.0,conforme,62516,LILLERS,62,PAS-DE-CALAIS,9,LILLE,50.55895892470479,2.471610200879648
0623313P,Collège Lavoisier,public,REP,83.3,88.8,0.0,conforme,85.1,0.0,conforme,62048,AUCHEL,62,PAS-DE-CALAIS,9,LILLE,50.50690421353284,2.475710473957055
0623314R,Collège Simone Signoret,public,REP,77.6,88.8,0.0,conforme,85.1,0.0,conforme,62178,BRUAY LA BUISSIERE,62,PAS-DE-CALAIS,9,LILLE,50.48260659356755,2.547420203520672
0623315S,Collège Les Dentelliers,public,hors EP,84.5,88.8,4.299999999999997,oublie,85.1,0.5999999999999943,oublie,62193,CALAIS,62,PAS-DE-CALAIS,9,LILLE,50.941880612712886,1.8585395899923165
0623322Z,Collège Anne Frank,public,hors EP,93.3,88.8,0.0,conforme,85.1,0.0,conforme,62274,DOURGES,62,PAS-DE-CALAIS,9,LILLE,50.42905572095348,2.994120089685504
0623759Z,Collège Les Argousiers,public,hors EP,97.4,88.8,0.0,conforme,85.1,0.0,conforme,62645,OYE PLAGE,62,PAS-DE-CALAIS,9,LILLE,50.97603134098412,2.0423998218835915
0623865P,Collège Louis Blériot,public,hors EP,111.6,88.8,0.0,conforme,85.1,0.0,conforme,62774,SANGATTE,62,PAS-DE-CALAIS,9,LILLE,50.95617861181516,1.8170695183429149
0623918X,Collège Martin Luther King,public,REP+,73.9,88.8,0.0,conforme,85.1,0.0,conforme,62193,CALAIS,62,PAS-DE-CALAIS,9,LILLE,50.9540238765464,1.8869197286561832
0623919Y,Collège Léonard de Vinci,public,hors EP,85.7,88.8,3.0999999999999943,oublie,85.1,0.0,conforme,62215,CARVIN,62,PAS-DE-CALAIS,9,LILLE,50.4968304789591,2.9759097447360388
0630006P,Collège Jean Auguste Senèze,public,hors EP,100.7,88.8,0.0,conforme,90.8,0.0,conforme,63010,ARLANC,63,PUY-DE-DOME,6,CLERMONT-FERRAND,45.416476679894174,3.723830478161567
0630007R,Collège Molière,public,hors EP,117.4,88.8,0.0,conforme,90.8,0.0,conforme,63032,BEAUMONT,63,PUY-DE-DOME,6,CLERMONT-FERRAND,45.75036079845668,3.097679545977691
0630008S,Collège du Pavin,public,hors EP,111.6,88.8,0.0,conforme,90.8,0.0,conforme,63038,BESSE ET SAINT ANASTAISE,63,PUY-DE-DOME,6,CLERMONT-FERRAND,45.51253114663601,2.937319497968635
0630009T,Collège du Beffroi,public,hors EP,106.9,88.8,0.0,conforme,90.8,0.0,conforme,63040,BILLOM,63,PUY-DE-DOME,6,CLERMONT-FERRAND,45.720615870851816,3.338989358604888
0630010U,Collège Marcel Bony,public,hors EP,103.5,88.8,0.0,conforme,90.8,0.0,conforme,63246,MURAT LE QUAIRE,63,PUY-DE-DOME,6,CLERMONT-FERRAND,45.59422873269178,2.7458040638018417
0630011V,Collège Willy Mabrut,public,hors EP,97.0,88.8,0.0,conforme,90.8,0.0,conforme,63048,BOURG LASTIC,63,PUY-DE-DOME,6,CLERMONT-FERRAND,45.64746148578679,2.558819739696492
0630016A,Collège Antoine Grimoald Monnet,public,hors EP,113.3,88.8,0.0,conforme,90.8,0.0,conforme,63080,CHAMPEIX,63,PUY-DE-DOME,6,CLERMONT-FERRAND,45.586948314675865,3.1233003543689497
0630017B,Collège Champclaux,public,hors EP,119.5,88.8,0.0,conforme,90.8,0.0,conforme,63103,CHATEL GUYON,63,PUY-DE-DOME,6,CLERMONT-FERRAND,45.92191927352103,3.07049943500198
0630028N,Collège Marc Bloch,public,hors EP,109.7,88.8,0.0,conforme,90.8,0.0,conforme,63124,COURNON D AUVERGNE,63,PUY-DE-DOME,6,CLERMONT-FERRAND,45.73694514303324,3.191290631962775
0630031S,Collège Lucien Gachon,public,hors EP,99.1,88.8,0.0,conforme,90.8,0.0,conforme,63132,CUNLHAT,63,PUY-DE-DOME,6,CLERMONT-FERRAND,45.63055760417839,3.5601598360107163
0630036X,Collège Sancy-Artense,public,hors EP,101.2,88.8,0.0,conforme,90.8,0.0,conforme,63192,LA TOUR D AUVERGNE,63,PUY-DE-DOME,6,CLERMONT-FERRAND,45.53349029119178,2.691409888495864
0630038Z,Collège René Cassin,public,hors EP,111.3,88.8,0.0,conforme,90.8,0.0,conforme,63206,MANZAT,63,PUY-DE-DOME,6,CLERMONT-FERRAND,45.960953219180496,2.942749867868202
0630039A,Collège Louise Michel,public,hors EP,96.1,88.8,0.0,conforme,90.8,0.0,conforme,63210,MARINGUES,63,PUY-DE-DOME,6,CLERMONT-FERRAND,45.92701568515344,3.337759597210567
0630045G,Collège Alexandre Varenne,public,hors EP,106.2,88.8,0.0,conforme,90.8,0.0,conforme,63258,OLLIERGUES,63,PUY-DE-DOME,6,CLERMONT-FERRAND,45.67630333193297,3.640087428827973
0630046H,Collège Nestor Perret,public,hors EP,99.0,88.8,0.0,conforme,90.8,0.0,conforme,63281,PIONSAT,63,PUY-DE-DOME,6,CLERMONT-FERRAND,46.11048540695267,2.6940405999909705
0630047J,Collège Pierre Gironnet,public,hors EP,101.8,88.8,0.0,conforme,90.8,0.0,conforme,63283,PONTAUMUR,63,PUY-DE-DOME,6,CLERMONT-FERRAND,45.86649280148769,2.673189731459038
0630049L,Collège Anna Garcin-Mayade,public,hors EP,109.4,88.8,0.0,conforme,90.8,0.0,conforme,63285,PONTGIBAUD,63,PUY-DE-DOME,6,CLERMONT-FERRAND,45.82983582670201,2.8592298427116924
0630050M,Collège Condorcet,public,hors EP,98.5,88.8,0.0,conforme,90.8,0.0,conforme,63291,PUY GUILLAUME,63,PUY-DE-DOME,6,CLERMONT-FERRAND,45.96206812020041,3.4821396816369927
0630056U,Collège Gordon Bennett,public,hors EP,113.2,88.8,0.0,conforme,90.8,0.0,conforme,63305,ROCHEFORT MONTAGNE,63,PUY-DE-DOME,6,CLERMONT-FERRAND,45.686905396127486,2.8006300487777875
0630058W,Collège du Val d'Ance,public,hors EP,101.1,88.8,0.0,conforme,90.8,0.0,conforme,63319,SAINT ANTHEME,63,PUY-DE-DOME,6,CLERMONT-FERRAND,45.52736452083878,3.918241998068634
0630059X,Collège François Villon,public,hors EP,104.9,88.8,0.0,conforme,90.8,0.0,conforme,63334,SAINT DIER D AUVERGNE,63,PUY-DE-DOME,6,CLERMONT-FERRAND,45.67629337796844,3.4831496978801053
0630060Y,Collège Alexandre Varenne,public,hors EP,91.6,88.8,0.0,conforme,90.8,0.0,conforme,63338,SAINT ELOY LES MINES,63,PUY-DE-DOME,6,CLERMONT-FERRAND,46.16377568808901,2.8233599179010205
0630062A,Collège de Liziniat,public,hors EP,101.8,88.8,0.0,conforme,90.8,0.0,conforme,63352,SAINT GERMAIN LEMBRON,63,PUY-DE-DOME,6,CLERMONT-FERRAND,45.45774084109608,3.234910019337738
0630063B,Collège Henri Pourrat,public,hors EP,124.4,88.8,0.0,conforme,90.8,0.0,conforme,63070,CEYRAT,63,PUY-DE-DOME,6,CLERMONT-FERRAND,45.73384996962799,3.064366430253396
0630064C,Collège Gaspard des Montagnes,public,hors EP,98.9,88.8,0.0,conforme,90.8,0.0,conforme,63353,SAINT GERMAIN L HERM,63,PUY-DE-DOME,6,CLERMONT-FERRAND,45.45648556727962,3.5398127631173337
0630065D,Collège Baptiste Bascoulergue,public,hors EP,99.2,88.8,0.0,conforme,90.8,0.0,conforme,63354,SAINT GERVAIS D AUVERGNE,63,PUY-DE-DOME,6,CLERMONT-FERRAND,46.02969398737131,2.8141397225905727
0630072L,Collège de la Comté Henri Bertrand,public,hors EP,112.3,88.8,0.0,conforme,90.8,0.0,conforme,63457,VIC LE COMTE,63,PUY-DE-DOME,6,CLERMONT-FERRAND,45.64464102387948,3.238320463012309
0630074N,Collège Victor Hugo,public,hors EP,112.4,88.8,0.0,conforme,90.8,0.0,conforme,63470,VOLVIC,63,PUY-DE-DOME,6,CLERMONT-FERRAND,45.872518290937,3.0412299599528745
0630079U,Collège Diderot,public,hors EP,111.9,88.8,0.0,conforme,90.8,0.0,conforme,63001,AIGUEPERSE,63,PUY-DE-DOME,6,CLERMONT-FERRAND,46.0289402079198,3.211099481090044
0630916D,Collège Mortaix,public,hors EP,111.9,88.8,0.0,conforme,90.8,0.0,conforme,63284,PONT DU CHATEAU,63,PUY-DE-DOME,6,CLERMONT-FERRAND,45.79213201590954,3.257319447511014
0631120A,Collège Gérard Philipe,public,hors EP,71.4,88.8,17.39999999999999,oublie,90.8,19.39999999999999,oublie,63113,CLERMONT FERRAND,63,PUY-DE-DOME,6,CLERMONT-FERRAND,45.79713209171927,3.1150399561108566
0631121B,Collège Jean Vilar,public,hors EP,106.7,88.8,0.0,conforme,90.8,0.0,conforme,63300,RIOM,63,PUY-DE-DOME,6,CLERMONT-FERRAND,45.88568460702361,3.130870638570876
0631125F,Collège Teilhard de Chardin,public,hors EP,130.6,88.8,0.0,conforme,90.8,0.0,conforme,63075,CHAMALIERES,63,PUY-DE-DOME,6,CLERMONT-FERRAND,45.77703834410162,3.0610502279495235
0631126G,Collège Lucie Aubrac,public,hors EP,87.9,88.8,0.8999999999999915,oublie,90.8,2.8999999999999915,oublie,63113,CLERMONT FERRAND,63,PUY-DE-DOME,6,CLERMONT-FERRAND,45.771396384808845,3.109289877372288
0631153L,Collège Jules Romains,public,hors EP,97.7,88.8,0.0,conforme,90.8,0.0,conforme,63003,AMBERT,63,PUY-DE-DOME,6,CLERMONT-FERRAND,45.54028440746665,3.749589523383274
0631161V,Collège Anatole France,public,hors EP,95.8,88.8,0.0,conforme,90.8,0.0,conforme,63164,GERZAT,63,PUY-DE-DOME,6,CLERMONT-FERRAND,45.82919637778269,3.1539600772544203
0631199L,Collège La Charme,public,REP+,67.8,88.8,0.0,conforme,90.8,0.0,conforme,63113,CLERMONT FERRAND,63,PUY-DE-DOME,6,CLERMONT-FERRAND,45.79772571210262,3.120040076684408
0631238D,Collège Antoine Audembron,public,REP,87.0,88.8,0.0,conforme,90.8,0.0,conforme,63430,THIERS,63,PUY-DE-DOME,6,CLERMONT-FERRAND,45.8628286393282,3.5358697821799767
0631410R,Collège Jeanne d'Arc,public,hors EP,102.6,88.8,0.0,conforme,90.8,0.0,conforme,63113,CLERMONT FERRAND,63,PUY-DE-DOME,6,CLERMONT-FERRAND,45.77743997678379,3.094910386297031
0631411S,Collège Blaise Pascal,public,hors EP,100.4,88.8,0.0,conforme,90.8,0.0,conforme,63113,CLERMONT FERRAND,63,PUY-DE-DOME,6,CLERMONT-FERRAND,45.77603129654092,3.094210482596919
0631412T,Collège Antoine de Saint-Exupéry,public,hors EP,96.5,88.8,0.0,conforme,90.8,0.0,conforme,63193,LEMPDES,63,PUY-DE-DOME,6,CLERMONT-FERRAND,45.77073920587127,3.187269427491591
0631448G,Collège de Verrière,public,hors EP,103.4,88.8,0.0,conforme,90.8,0.0,conforme,63178,ISSOIRE,63,PUY-DE-DOME,6,CLERMONT-FERRAND,45.54993905774322,3.2475604968462104
0631451K,Collège Joliot Curie,public,hors EP,115.6,88.8,0.0,conforme,90.8,0.0,conforme,63014,AUBIERE,63,PUY-DE-DOME,6,CLERMONT-FERRAND,45.75129112976596,3.119100577540569
0631479R,Collège Jean Rostand,public,hors EP,123.1,88.8,0.0,conforme,90.8,0.0,conforme,63214,LES MARTRES DE VEYRE,63,PUY-DE-DOME,6,CLERMONT-FERRAND,45.69455591104048,3.198364392357027
0631481T,Collège Georges Onslow,public,hors EP,107.7,88.8,0.0,conforme,90.8,0.0,conforme,63195,LEZOUX,63,PUY-DE-DOME,6,CLERMONT-FERRAND,45.8357210293049,3.393959761585028
0631482U,Collège,public,hors EP,92.8,88.8,0.0,conforme,90.8,0.0,conforme,63004,LES ANCIZES COMPS,63,PUY-DE-DOME,6,CLERMONT-FERRAND,45.93000872675133,2.8292699147767046
0631502R,Collège Charles Baudelaire,public,REP+,75.9,88.8,0.0,conforme,90.8,0.0,conforme,63113,CLERMONT FERRAND,63,PUY-DE-DOME,6,CLERMONT-FERRAND,45.75864662579044,3.095069798394713
0631503S,Collège Jules Ferry,public,hors EP,91.2,88.8,0.0,conforme,90.8,0.0,conforme,63050,BRASSAC LES MINES,63,PUY-DE-DOME,6,CLERMONT-FERRAND,45.41685911664946,3.3231195332530383
0631522M,Collège Albert Camus,public,REP+,74.4,88.8,0.0,conforme,90.8,0.0,conforme,63113,CLERMONT FERRAND,63,PUY-DE-DOME,6,CLERMONT-FERRAND,45.80771203821128,3.107659529498524
0631523N,Collège Bellime,public,hors EP,97.9,88.8,0.0,conforme,90.8,0.0,conforme,63125,COURPIERE,63,PUY-DE-DOME,6,CLERMONT-FERRAND,45.76777477817405,3.5336703482018
0631580A,Collège Michel de l'Hospital,public,hors EP,113.1,88.8,0.0,conforme,90.8,0.0,conforme,63300,RIOM,63,PUY-DE-DOME,6,CLERMONT-FERRAND,45.89221559276883,3.116309981716352
0631604B,Collège Les Prés,public,hors EP,97.4,88.8,0.0,conforme,90.8,0.0,conforme,63178,ISSOIRE,63,PUY-DE-DOME,6,CLERMONT-FERRAND,45.54601428140546,3.2597496685183827
0631688T,Collège La Ribeyre,public,hors EP,109.0,88.8,0.0,conforme,90.8,0.0,conforme,63124,COURNON D AUVERGNE,63,PUY-DE-DOME,6,CLERMONT-FERRAND,45.72752760018896,3.204250512925668
0631762Y,Collège de la Durolle,public,REP,90.8,88.8,2.0,sur-inclus,90.8,0.0,au seuil,63231,LA MONNERIE LE MONTEL,63,PUY-DE-DOME,6,CLERMONT-FERRAND,45.87241859489041,3.5977494268825336
0631763Z,Collège Pierre Mendès France,public,hors EP,105.9,88.8,0.0,conforme,90.8,0.0,conforme,63300,RIOM,63,PUY-DE-DOME,6,CLERMONT-FERRAND,45.88171161047561,3.107859431022061
0631773K,Collège Roger Quilliot,public,hors EP,96.5,88.8,0.0,conforme,90.8,0.0,conforme,63113,CLERMONT FERRAND,63,PUY-DE-DOME,6,CLERMONT-FERRAND,45.7929906127036,3.07018942215026
0640003F,Collège Endarra,public,hors EP,112.2,88.8,0.0,conforme,92.4,0.0,conforme,64024,ANGLET,64,PYRENEES-ATLANTIQUES,4,BORDEAUX,43.483317923253765,-1.5111134370452493
0640004G,Collège de Baretous,public,hors EP,106.1,88.8,0.0,conforme,92.4,0.0,conforme,64040,ARETTE,64,PYRENEES-ATLANTIQUES,4,BORDEAUX,43.09664829490117,-0.7180557828418089
0640005H,Collège Corisande d'Andoins,public,hors EP,105.7,88.8,0.0,conforme,92.4,0.0,conforme,64057,ARTHEZ DE BEARN,64,PYRENEES-ATLANTIQUES,4,BORDEAUX,43.463788506149065,-0.6150797522052113
0640007K,Collège d'Ossau,public,hors EP,112.6,88.8,0.0,conforme,92.4,0.0,conforme,64062,ARUDY,64,PYRENEES-ATLANTIQUES,4,BORDEAUX,43.10235428982792,-0.4293332185290852
0640008L,Collège d'Arzacq,public,hors EP,107.2,88.8,0.0,conforme,92.4,0.0,conforme,64063,ARZACQ ARRAZIGUET,64,PYRENEES-ATLANTIQUES,4,BORDEAUX,43.53470699756713,-0.40659717915786
0640016V,Collège d'Aspe,public,hors EP,108.3,88.8,0.0,conforme,92.4,0.0,conforme,64104,BEDOUS,64,PYRENEES-ATLANTIQUES,4,BORDEAUX,42.99365189539971,-0.6024732419747437
0640019Y,Collège du Pays de Bidache,public,hors EP,115.3,88.8,0.0,conforme,92.4,0.0,conforme,64123,BIDACHE,64,PYRENEES-ATLANTIQUES,4,BORDEAUX,43.484307455104464,-1.141386271353564
0640023C,Collège Henri Barbusse,public,hors EP,100.0,88.8,0.0,conforme,92.4,0.0,conforme,64140,BOUCAU,64,PYRENEES-ATLANTIQUES,4,BORDEAUX,43.52814947537647,-1.4869035668393895
0640025E,Collège Joseph Peyre,public,hors EP,102.4,88.8,0.0,conforme,92.4,0.0,conforme,64233,GARLIN,64,PYRENEES-ATLANTIQUES,4,BORDEAUX,43.56281231281604,-0.2706159695855683
0640035R,Collège les Cinq Monts,public,hors EP,104.2,88.8,0.0,conforme,92.4,0.0,conforme,64320,LARUNS,64,PYRENEES-ATLANTIQUES,4,BORDEAUX,42.98857327382051,-0.4222205369228761
0640036S,Collège Pierre Jeliote,public,hors EP,118.9,88.8,0.0,conforme,92.4,0.0,conforme,64324,LASSEUBE,64,PYRENEES-ATLANTIQUES,4,BORDEAUX,43.22153434146569,-0.4731978136745348
0640037T,Collège du Vic-Bilh,public,hors EP,107.5,88.8,0.0,conforme,92.4,0.0,conforme,64331,LEMBEYE,64,PYRENEES-ATLANTIQUES,4,BORDEAUX,43.44992412655776,-0.1098920666513094
0640039V,Collège Argia,public,hors EP,99.2,88.8,0.0,conforme,92.4,0.0,conforme,64371,MAULEON LICHARRE,64,PYRENEES-ATLANTIQUES,4,BORDEAUX,43.22489423296673,-0.8755460313408346
0640041X,Collège Recteur Jean Sarrailh,public,hors EP,110.3,88.8,0.0,conforme,92.4,0.0,conforme,64393,MONEIN,64,PYRENEES-ATLANTIQUES,4,BORDEAUX,43.32094034457588,-0.576325592491224
0640045B,Collège des Remparts,public,hors EP,101.6,88.8,0.0,conforme,92.4,0.0,conforme,64416,NAVARRENX,64,PYRENEES-ATLANTIQUES,4,BORDEAUX,43.32277650921941,-0.75498849604277
0640048E,Collège des Cordeliers,public,hors EP,103.1,88.8,0.0,conforme,92.4,0.0,conforme,64422,OLORON SAINTE MARIE,64,PYRENEES-ATLANTIQUES,4,BORDEAUX,43.189197945445336,-0.6069840305678349
0640062V,Collège Jean Bouzet,public,hors EP,117.9,88.8,0.0,conforme,92.4,0.0,conforme,64453,PONTACQ,64,PYRENEES-ATLANTIQUES,4,BORDEAUX,43.193778980760975,-0.1191069425523537
0640064X,Collège Jean Pujo,public,hors EP,101.9,88.8,0.0,conforme,92.4,0.0,conforme,64477,SAINT ETIENNE DE BAIGORRY,64,PYRENEES-ATLANTIQUES,4,BORDEAUX,43.182178404728255,-1.3350275916281251
0640069C,Collège La Citadelle,public,hors EP,99.6,88.8,0.0,conforme,92.4,0.0,conforme,64485,SAINT JEAN PIED DE PORT,64,PYRENEES-ATLANTIQUES,4,BORDEAUX,43.16189004220951,-1.2327680018655578
0640071E,Collège Félix Pécaut,public,hors EP,103.5,88.8,0.0,conforme,92.4,0.0,conforme,64499,SALIES DE BEARN,64,PYRENEES-ATLANTIQUES,4,BORDEAUX,43.47431001350065,-0.934175606640126
0640073G,Collège Reine Sancie,public,hors EP,98.6,88.8,0.0,conforme,92.4,0.0,conforme,64513,SAUVETERRE DE BEARN,64,PYRENEES-ATLANTIQUES,4,BORDEAUX,43.40102572179592,-0.9409258013522964
0640074H,Collège Docteur Pierre Jauréguy,public,hors EP,103.8,88.8,0.0,conforme,92.4,0.0,conforme,64533,TARDETS SORHOLUS,64,PYRENEES-ATLANTIQUES,4,BORDEAUX,43.11565379872042,-0.860503678865446
0640078M,Collège Villa Fal,public,hors EP,124.4,88.8,0.0,conforme,92.4,0.0,conforme,64122,BIARRITZ,64,PYRENEES-ATLANTIQUES,4,BORDEAUX,43.46203527054648,-1.5524808508581258
0640211G,Collège Tristan Derème,public,hors EP,98.9,88.8,0.0,conforme,92.4,0.0,conforme,64422,OLORON SAINTE MARIE,64,PYRENEES-ATLANTIQUES,4,BORDEAUX,43.18416551439361,-0.6221060055614167
0640212H,Collège Marracq,public,hors EP,121.4,88.8,0.0,conforme,92.4,0.0,conforme,64102,BAYONNE,64,PYRENEES-ATLANTIQUES,4,BORDEAUX,43.47745705663095,-1.483260625218458
0640214K,Collège Daniel Argote,public,hors EP,101.4,88.8,0.0,conforme,92.4,0.0,conforme,64430,ORTHEZ,64,PYRENEES-ATLANTIQUES,4,BORDEAUX,43.47993200174246,-0.7663161544224655
0640227Z,Collège Jeanne d'Albret,public,REP,97.0,88.8,8.200000000000003,sur-inclus,92.4,4.599999999999994,sur-inclus,64445,PAU,64,PYRENEES-ATLANTIQUES,4,BORDEAUX,43.30161019423648,-0.3426021927729051
0640228A,Collège Irandatz,public,hors EP,101.7,88.8,0.0,conforme,92.4,0.0,conforme,64260,HENDAYE,64,PYRENEES-ATLANTIQUES,4,BORDEAUX,43.351104277682055,-1.775331375063202
0640229B,Collège Chantaco,public,hors EP,106.8,88.8,0.0,conforme,92.4,0.0,conforme,64483,SAINT JEAN DE LUZ,64,PYRENEES-ATLANTIQUES,4,BORDEAUX,43.37523664916411,-1.6386354454652918
0640231D,Collège Jean Moulin,public,hors EP,105.6,88.8,0.0,conforme,92.4,0.0,conforme,64061,ARTIX,64,PYRENEES-ATLANTIQUES,4,BORDEAUX,43.3980366870718,-0.5736235561189478
0640606L,Collège du Bois d'Amour,public,hors EP,103.0,88.8,0.0,conforme,92.4,0.0,conforme,64129,BILLERE,64,PYRENEES-ATLANTIQUES,4,BORDEAUX,43.3074740100768,-0.3936283989263391
0640607M,Collège Marguerite de Navarre,public,hors EP,113.5,88.8,0.0,conforme,92.4,0.0,conforme,64445,PAU,64,PYRENEES-ATLANTIQUES,4,BORDEAUX,43.29674278853159,-0.3636641107199256
0640608N,Collège Clermont,public,hors EP,85.0,88.8,3.799999999999997,oublie,92.4,7.400000000000006,oublie,64445,PAU,64,PYRENEES-ATLANTIQUES,4,BORDEAUX,43.31114517016447,-0.3707500148030446
0640609P,Collège Albert Camus,public,REP,83.5,88.8,0.0,conforme,92.4,0.0,conforme,64102,BAYONNE,64,PYRENEES-ATLANTIQUES,4,BORDEAUX,43.499360089811226,-1.45348081983899
0641232S,Collège d'Amikuze,public,hors EP,99.3,88.8,0.0,conforme,92.4,0.0,conforme,64493,SAINT PALAIS,64,PYRENEES-ATLANTIQUES,4,BORDEAUX,43.32753955841356,-1.027221110359681
0641391P,Collège Simin Palay,public,hors EP,119.3,88.8,0.0,conforme,92.4,0.0,conforme,64335,LESCAR,64,PYRENEES-ATLANTIQUES,4,BORDEAUX,43.335350061294974,-0.4392967504786811
0641392R,Collège Errobi,public,hors EP,104.0,88.8,0.0,conforme,92.4,0.0,conforme,64160,CAMBO LES BAINS,64,PYRENEES-ATLANTIQUES,4,BORDEAUX,43.36071204222486,-1.4068139976774356
0641393S,Collège Elhuyar,public,hors EP,104.5,88.8,0.0,conforme,92.4,0.0,conforme,64256,HASPARREN,64,PYRENEES-ATLANTIQUES,4,BORDEAUX,43.38553905762775,-1.31277034759996
0641411L,Collège Ernest Gabard,public,hors EP,111.9,88.8,0.0,conforme,92.4,0.0,conforme,64284,JURANCON,64,PYRENEES-ATLANTIQUES,4,BORDEAUX,43.2840614365008,-0.38526593963004
0641412M,Collège La Hourquie,public,hors EP,118.6,88.8,0.0,conforme,92.4,0.0,conforme,64405,MORLAAS,64,PYRENEES-ATLANTIQUES,4,BORDEAUX,43.34090680062089,-0.2611649757357192
0641413N,Collège des Lavandières,public,hors EP,124.3,88.8,0.0,conforme,92.4,0.0,conforme,64132,BIZANOS,64,PYRENEES-ATLANTIQUES,4,BORDEAUX,43.29260760977746,-0.3465212409257108
0641414P,Collège Jean Rostand,public,hors EP,125.4,88.8,0.0,conforme,92.4,0.0,conforme,64122,BIARRITZ,64,PYRENEES-ATLANTIQUES,4,BORDEAUX,43.48550704761696,-1.5457085992826254
0641509T,Collège Henri IV,public,hors EP,109.4,88.8,0.0,conforme,92.4,0.0,conforme,64417,NAY,64,PYRENEES-ATLANTIQUES,4,BORDEAUX,43.17915257862632,-0.2549645639746545
0641559X,Collège Maurice Ravel,public,hors EP,103.8,88.8,0.0,conforme,92.4,0.0,conforme,64483,SAINT JEAN DE LUZ,64,PYRENEES-ATLANTIQUES,4,BORDEAUX,43.38542385024169,-1.6596322240071428
0641560Y,Collège Gaston Fébus,public,hors EP,106.8,88.8,0.0,conforme,92.4,0.0,conforme,64430,ORTHEZ,64,PYRENEES-ATLANTIQUES,4,BORDEAUX,43.491399949882265,-0.7665224493414241
0641561Z,Collège Pierre Bourdieu,public,REP,87.5,88.8,0.0,conforme,92.4,0.0,conforme,64410,MOURENX,64,PYRENEES-ATLANTIQUES,4,BORDEAUX,43.36858824859739,-0.6251662358374172
0641780M,Collège René Forgues,public,hors EP,118.8,88.8,0.0,conforme,92.4,0.0,conforme,64519,SERRES CASTET,64,PYRENEES-ATLANTIQUES,4,BORDEAUX,43.37557300226881,-0.3745807588903596
0642038T,Collège Aturri,public,hors EP,116.1,88.8,0.0,conforme,92.4,0.0,conforme,64496,SAINT PIERRE D IRUBE,64,PYRENEES-ATLANTIQUES,4,BORDEAUX,43.47277793670509,-1.442726645245352
0642095E,Collège innovant Pierre Emmanuel,public,hors EP,101.6,88.8,0.0,conforme,92.4,0.0,conforme,64445,PAU,64,PYRENEES-ATLANTIQUES,4,BORDEAUX,43.30529717539059,-0.3615570600358999
0650003A,Collège Maréchal Foch,public,hors EP,113.9,88.8,0.0,conforme,89.9,0.0,conforme,65031,ARREAU,65,HAUTES-PYRENEES,16,TOULOUSE,42.90274295436756,0.3577901462695085
0650015N,Collège La Serre de Sarsan,public,hors EP,93.3,88.8,0.0,conforme,89.9,0.0,conforme,65286,LOURDES,65,HAUTES-PYRENEES,16,TOULOUSE,43.106985749501646,-0.0250796215339309
0650017R,Collège de la Barousse,public,hors EP,107.0,88.8,0.0,conforme,89.9,0.0,conforme,65287,LOURES BAROUSSE,65,HAUTES-PYRENEES,16,TOULOUSE,43.02298568150394,0.604357582696416
0650018S,Collège des Trois Vallées,public,hors EP,103.2,88.8,0.0,conforme,89.9,0.0,conforme,65295,LUZ SAINT SAUVEUR,65,HAUTES-PYRENEES,16,TOULOUSE,42.87238984676897,-0.0011703780189494
0650019T,Collège Jean Jaurès,public,hors EP,101.4,88.8,0.0,conforme,89.9,0.0,conforme,65304,MAUBOURGUET,65,HAUTES-PYRENEES,16,TOULOUSE,43.46766622450729,0.0212881318088316
0650020U,Collège du Haut Lavedan,public,hors EP,102.6,88.8,0.0,conforme,89.9,0.0,conforme,65362,PIERREFITTE NESTALAS,65,HAUTES-PYRENEES,16,TOULOUSE,42.960349934356536,-0.0748295756735617
0650022W,Collège Beaulieu,public,hors EP,108.2,88.8,0.0,conforme,89.9,0.0,conforme,65389,SAINT LAURENT DE NESTE,65,HAUTES-PYRENEES,16,TOULOUSE,43.07515041662363,0.4839400896220272
0650031F,Collège Desaix,public,hors EP,89.9,88.8,0.0,conforme,89.9,0.0,au seuil,65440,TARBES,65,HAUTES-PYRENEES,16,TOULOUSE,43.23054644055343,0.0780903542957282
0650033H,Collège Massey,public,hors EP,91.1,88.8,0.0,conforme,89.9,0.0,conforme,65440,TARBES,65,HAUTES-PYRENEES,16,TOULOUSE,43.23802701843627,0.0739195377555481
0650034J,Collège Paul Éluard,public,REP,90.4,88.8,1.6000000000000085,sur-inclus,89.9,0.5,sur-inclus,65440,TARBES,65,HAUTES-PYRENEES,16,TOULOUSE,43.24353497215986,0.0582513971968151
0650036L,Collège du Val d'Arros,public,hors EP,110.3,88.8,0.0,conforme,89.9,0.0,conforme,65447,TOURNAY,65,HAUTES-PYRENEES,16,TOULOUSE,43.18534909975496,0.242120565363803
0650037M,Collège d'Astarac Bigorre,public,hors EP,101.4,88.8,0.0,conforme,89.9,0.0,conforme,65452,TRIE SUR BAISE,65,HAUTES-PYRENEES,16,TOULOUSE,43.3194571196572,0.3708904310081038
0650050B,Collège Voltaire,public,hors EP,100.3,88.8,0.0,conforme,89.9,0.0,conforme,65440,TARBES,65,HAUTES-PYRENEES,16,TOULOUSE,43.2207760806361,0.0818699680329714
0650084N,Collège Gaston Fébus,public,hors EP,102.7,88.8,0.0,conforme,89.9,0.0,conforme,65258,LANNEMEZAN,65,HAUTES-PYRENEES,16,TOULOUSE,43.13101100982716,0.3910798742707803
0650088T,Collège Paul Valéry,public,hors EP,105.0,88.8,0.0,conforme,89.9,0.0,conforme,65417,SEMEAC,65,HAUTES-PYRENEES,16,TOULOUSE,43.232071380021054,0.1053226059681011
0650089U,Collège Blanche Odin,public,hors EP,113.4,88.8,0.0,conforme,89.9,0.0,conforme,65059,BAGNERES DE BIGORRE,65,HAUTES-PYRENEES,16,TOULOUSE,43.0690638496498,0.1453399479013601
0650740B,Collège Pyrénées,public,hors EP,91.2,88.8,0.0,conforme,89.9,0.0,conforme,65440,TARBES,65,HAUTES-PYRENEES,16,TOULOUSE,43.23811496513077,0.0583097864358012
0650835E,Collège Victor Hugo,public,hors EP,118.3,88.8,0.0,conforme,89.9,0.0,conforme,65440,TARBES,65,HAUTES-PYRENEES,16,TOULOUSE,43.21904973399345,0.0672297840541829
0650836F,Collège climatique René Billères,public,hors EP,114.8,88.8,0.0,conforme,89.9,0.0,conforme,65025,ARGELES GAZOST,65,HAUTES-PYRENEES,16,TOULOUSE,43.00266813382011,-0.0926704973009869
0650838H,Collège Pierre Mendès France,public,hors EP,99.7,88.8,0.0,conforme,89.9,0.0,conforme,65460,VIC EN BIGORRE,65,HAUTES-PYRENEES,16,TOULOUSE,43.38875792956981,0.0563197123310079
0660001T,Collège des Albères,public,hors EP,96.2,88.8,0.0,conforme,84.7,0.0,conforme,66008,ARGELES SUR MER,66,PYRENEES-ORIENTALES,11,MONTPELLIER,42.550038267666565,3.0284105681566764
0660007Z,Collège Irène Joliot-Curie,public,hors EP,101.2,88.8,0.0,conforme,84.7,0.0,conforme,66071,ESTAGEL,66,PYRENEES-ORIENTALES,11,MONTPELLIER,42.77035728322113,2.694830248387333
0660008A,Collège Pierre Fouché,public,hors EP,97.6,88.8,0.0,conforme,84.7,0.0,conforme,66088,ILLE SUR TET,66,PYRENEES-ORIENTALES,11,MONTPELLIER,42.66669821174377,2.6170968993603427
0660012E,Collège Joseph Sébastien Pons,public,REP+,68.5,88.8,0.0,conforme,84.7,0.0,conforme,66136,PERPIGNAN,66,PYRENEES-ORIENTALES,11,MONTPELLIER,42.71972588354669,2.891494189728808
0660016J,Collège la Garrigole,public,REP,78.8,88.8,0.0,conforme,84.7,0.0,conforme,66136,PERPIGNAN,66,PYRENEES-ORIENTALES,11,MONTPELLIER,42.69462404489727,2.868556885532539
0660017K,Collège Jean Macé,public,hors EP,88.4,88.8,0.3999999999999915,oublie,84.7,0.0,conforme,66136,PERPIGNAN,66,PYRENEES-ORIENTALES,11,MONTPELLIER,42.69530421787952,2.888789901455317
0660018L,Collège Madame de Sévigné,public,REP+,76.0,88.8,0.0,conforme,84.7,0.0,conforme,66136,PERPIGNAN,66,PYRENEES-ORIENTALES,11,MONTPELLIER,42.68776861397172,2.8859524883726566
0660019M,Collège Saint-Exupéry,public,hors EP,76.3,88.8,12.5,oublie,84.7,8.400000000000006,oublie,66136,PERPIGNAN,66,PYRENEES-ORIENTALES,11,MONTPELLIER,42.68094046567639,2.902787058162288
0660022R,Collège Gustave Violet,public,hors EP,97.5,88.8,0.0,conforme,84.7,0.0,conforme,66149,PRADES,66,PYRENEES-ORIENTALES,11,MONTPELLIER,42.61999607201706,2.418490512732492
0660028X,Collège Jean Mermoz,public,hors EP,94.3,88.8,0.0,conforme,84.7,0.0,conforme,66180,SAINT LAURENT DE LA SALANQUE,66,PYRENEES-ORIENTALES,11,MONTPELLIER,42.77285881794948,2.985372319341012
0660029Y,Collège Joseph Calvet,public,hors EP,87.7,88.8,1.0999999999999943,oublie,84.7,0.0,conforme,66187,SAINT PAUL DE FENOUILLET,66,PYRENEES-ORIENTALES,11,MONTPELLIER,42.80895015872295,2.504899299149271
0660030Z,Collège Pierre Moreto,public,hors EP,102.9,88.8,0.0,conforme,84.7,0.0,conforme,66210,THUIR,66,PYRENEES-ORIENTALES,11,MONTPELLIER,42.63405190585837,2.759142583948337
0660037G,Collège Joffre,public,hors EP,91.1,88.8,0.0,conforme,84.7,0.0,conforme,66164,RIVESALTES,66,PYRENEES-ORIENTALES,11,MONTPELLIER,42.7686759834736,2.87657487805815
0660038H,Collège de la Côte Vermeille,public,hors EP,97.9,88.8,0.0,conforme,84.7,0.0,conforme,66148,PORT VENDRES,66,PYRENEES-ORIENTALES,11,MONTPELLIER,42.51887692133108,3.103760487704064
0660049V,Collège Jean Moulin,public,REP,89.7,88.8,0.9000000000000057,sur-inclus,84.7,5.0,sur-inclus,66136,PERPIGNAN,66,PYRENEES-ORIENTALES,11,MONTPELLIER,42.696803654453234,2.8994341863692275
0660051X,Collège Albert Camus,public,REP,73.4,88.8,0.0,conforme,84.7,0.0,conforme,66136,PERPIGNAN,66,PYRENEES-ORIENTALES,11,MONTPELLIER,42.69077386777217,2.9089852068360944
0660431K,Collège le Riberal,public,hors EP,101.5,88.8,0.0,conforme,84.7,0.0,conforme,66172,SAINT ESTEVE,66,PYRENEES-ORIENTALES,11,MONTPELLIER,42.70920060816536,2.8409317976852604
0660480N,Collège Jean Moulin,public,hors EP,94.3,88.8,0.0,conforme,84.7,0.0,conforme,66009,ARLES SUR TECH,66,PYRENEES-ORIENTALES,11,MONTPELLIER,42.45675375132754,2.632062601132513
0660521H,Collège Pau Casals,public,hors EP,105.5,88.8,0.0,conforme,84.7,0.0,conforme,66028,CABESTANY,66,PYRENEES-ORIENTALES,11,MONTPELLIER,42.67705178216629,2.9423494762262266
0660522J,Collège Marcel Pagnol,public,REP+,66.5,88.8,0.0,conforme,84.7,0.0,conforme,66136,PERPIGNAN,66,PYRENEES-ORIENTALES,11,MONTPELLIER,42.71239825182605,2.883106109110273
0660523K,Collège Paul Langevin,public,hors EP,96.7,88.8,0.0,conforme,84.7,0.0,conforme,66065,ELNE,66,PYRENEES-ORIENTALES,11,MONTPELLIER,42.61323232220601,2.9786084325018565
0660600U,Collège Cerdanya,public,hors EP,110.8,88.8,0.0,conforme,84.7,0.0,conforme,66025,BOURG MADAME,66,PYRENEES-ORIENTALES,11,MONTPELLIER,42.43417311236045,1.9490885010537216
0660601V,Collège Jean Amade,public,hors EP,101.9,88.8,0.0,conforme,84.7,0.0,conforme,66049,CERET,66,PYRENEES-ORIENTALES,11,MONTPELLIER,42.48654978236538,2.753822326884421
0660634F,Collège climatique et sportif Pierre de Coubertin,public,hors EP,117.8,88.8,0.0,conforme,84.7,0.0,conforme,66124,FONT ROMEU ODEILLO VIA,66,PYRENEES-ORIENTALES,11,MONTPELLIER,42.51628470465537,2.0415696526904274
0660648W,Collège la Côte Radieuse,public,hors EP,101.7,88.8,0.0,conforme,84.7,0.0,conforme,66037,CANET EN ROUSSILLON,66,PYRENEES-ORIENTALES,11,MONTPELLIER,42.70606845832005,2.997320419796714
0660653B,Collège Jules Verne,public,hors EP,105.3,88.8,0.0,conforme,84.7,0.0,conforme,66195,LE SOLER,66,PYRENEES-ORIENTALES,11,MONTPELLIER,42.67941580145276,2.780264987009656
0660848N,Collège Alice et Jean Olibo,public,hors EP,103.2,88.8,0.0,conforme,84.7,0.0,conforme,66171,SAINT CYPRIEN,66,PYRENEES-ORIENTALES,11,MONTPELLIER,42.624365147000965,3.00689652143628
0660864F,Collège François Mitterrand,public,hors EP,107.0,88.8,0.0,conforme,84.7,0.0,conforme,66213,TOULOUGES,66,PYRENEES-ORIENTALES,11,MONTPELLIER,42.66549087406183,2.8406905042021955
0660865G,Collège Pierre Mendès France,public,hors EP,108.5,88.8,0.0,conforme,84.7,0.0,conforme,66168,SAINT ANDRE,66,PYRENEES-ORIENTALES,11,MONTPELLIER,42.55430128901873,2.96307584473492
0660866H,Collège Jean Rous,public,hors EP,87.3,88.8,1.5,oublie,84.7,0.0,conforme,66141,PIA,66,PYRENEES-ORIENTALES,11,MONTPELLIER,42.73747474016985,2.9278708754832627
0660925X,Collège Christian Bourquin,public,hors EP,98.0,88.8,0.0,conforme,84.7,0.0,conforme,66108,MILLAS,66,PYRENEES-ORIENTALES,11,MONTPELLIER,42.68750705591306,2.689943323665048
0670003P,Collège Robert Schuman,public,hors EP,107.6,88.8,0.0,conforme,82.4,0.0,conforme,67028,BENFELD,67,BAS-RHIN,15,STRASBOURG,48.37196183352648,7.600226253545726
0670004R,Collège le Ried,public,hors EP,83.7,88.8,5.099999999999994,oublie,82.4,0.0,conforme,67043,BISCHHEIM,67,BAS-RHIN,15,STRASBOURG,48.61889807818501,7.763812205081026
0670009W,Collège Marcel Weinum,public,hors EP,115.1,88.8,0.0,conforme,82.4,0.0,conforme,67067,BRUMATH,67,BAS-RHIN,15,STRASBOURG,48.73130161608596,7.71453354675869
0670011Y,Collège du Bernstein,public,hors EP,113.3,88.8,0.0,conforme,82.4,0.0,conforme,67084,DAMBACH LA VILLE,67,BAS-RHIN,15,STRASBOURG,48.32489297518824,7.4372484728349715
0670014B,Collège des racines et des ailes,public,hors EP,96.9,88.8,0.0,conforme,82.4,0.0,conforme,67105,DRULINGEN,67,BAS-RHIN,15,STRASBOURG,48.86753278736203,7.195290426695187
0670016D,Collège Katia et Maurice Krafft,public,hors EP,105.9,88.8,0.0,conforme,82.4,0.0,conforme,67118,ECKBOLSHEIM,67,BAS-RHIN,15,STRASBOURG,48.57614680311015,7.690977973919329
0670017E,Collège Romain Rolland,public,hors EP,106.1,88.8,0.0,conforme,82.4,0.0,conforme,67130,ERSTEIN,67,BAS-RHIN,15,STRASBOURG,48.42191628510746,7.65538698436576
0670035Z,Collège Olympe de Gouges,public,hors EP,99.7,88.8,0.0,conforme,82.4,0.0,conforme,67222,INGWILLER,67,BAS-RHIN,15,STRASBOURG,48.87385137299911,7.470802258173767
0670056X,Collège Pierre Claude,public,hors EP,95.8,88.8,0.0,conforme,82.4,0.0,conforme,67434,SARRE UNION,67,BAS-RHIN,15,STRASBOURG,48.93831639416261,7.0916815087147365
0670065G,Collège Leclerc,public,REP,84.0,88.8,0.0,conforme,82.4,1.5999999999999943,sur-inclus,67447,SCHILTIGHEIM,67,BAS-RHIN,15,STRASBOURG,48.60898317794813,7.731634119330065
0670066H,Collège Rouget de Lisle,public,REP,83.0,88.8,0.0,conforme,82.4,0.5999999999999943,sur-inclus,67447,SCHILTIGHEIM,67,BAS-RHIN,15,STRASBOURG,48.609011849546405,7.76792065723995
0670068K,Collège Haute Bruche,public,hors EP,100.4,88.8,0.0,conforme,82.4,0.0,conforme,67448,SCHIRMECK,67,BAS-RHIN,15,STRASBOURG,48.48441876807428,7.232113254488054
0670076U,Collège Albert Camus,public,hors EP,106.4,88.8,0.0,conforme,82.4,0.0,conforme,67472,SOUFFLENHEIM,67,BAS-RHIN,15,STRASBOURG,48.83601606112391,7.961450226606782
0670105A,Collège Lezay Marnésia,public,REP+,70.4,88.8,0.0,conforme,82.4,0.0,conforme,67482,STRASBOURG,67,BAS-RHIN,15,STRASBOURG,48.548950183178,7.745844401973917
0670106B,Collège du Grand Ried,public,hors EP,106.5,88.8,0.0,conforme,82.4,0.0,conforme,67486,SUNDHOUSE,67,BAS-RHIN,15,STRASBOURG,48.24960314723703,7.60823891428845
0670107C,Collège Kochersberg,public,hors EP,123.7,88.8,0.0,conforme,82.4,0.0,conforme,67495,TRUCHTERSHEIM,67,BAS-RHIN,15,STRASBOURG,48.65526771226042,7.60422041272632
0670133F,Collège Kléber,public,hors EP,91.3,88.8,0.0,conforme,82.4,0.0,conforme,67482,STRASBOURG,67,BAS-RHIN,15,STRASBOURG,48.59423892339681,7.756969476910053
0671508A,Collège Jacques Twinger,public,REP,77.6,88.8,0.0,conforme,82.4,0.0,conforme,67482,STRASBOURG,67,BAS-RHIN,15,STRASBOURG,48.58077212720135,7.705390658437511
0671590P,Collège Sophie Germain,public,REP,74.4,88.8,0.0,conforme,82.4,0.0,conforme,67482,STRASBOURG,67,BAS-RHIN,15,STRASBOURG,48.60146779932777,7.718478934875065
0671593T,Collège Louise Weiss,public,hors EP,89.4,88.8,0.0,conforme,82.4,0.0,conforme,67482,STRASBOURG,67,BAS-RHIN,15,STRASBOURG,48.56772290819016,7.768280627662811
0671594U,Collège Jules Hoffmann,public,hors EP,96.6,88.8,0.0,conforme,82.4,0.0,conforme,67482,STRASBOURG,67,BAS-RHIN,15,STRASBOURG,48.6030261599276,7.782534820680376
0671595V,Collège Françoise Dolto,public,hors EP,94.0,88.8,0.0,conforme,82.4,0.0,conforme,67388,REICHSHOFFEN,67,BAS-RHIN,15,STRASBOURG,48.92889503403269,7.659099800198128
0671596W,Collège Maréchal de Mac Mahon,public,hors EP,102.7,88.8,0.0,conforme,82.4,0.0,conforme,67550,WOERTH,67,BAS-RHIN,15,STRASBOURG,48.940662019460326,7.740693118751772
0671597X,Collège Charles de Gaulle,public,hors EP,101.7,88.8,0.0,conforme,82.4,0.0,conforme,67463,SELTZ,67,BAS-RHIN,15,STRASBOURG,48.90194232739557,8.111640082495011
0671598Y,Collège Val de Moder,public,hors EP,102.1,88.8,0.0,conforme,82.4,0.0,conforme,67372,VAL DE MODER,67,BAS-RHIN,15,STRASBOURG,48.85220943707565,7.615281318243464
0671600A,Collège Jean Jacques Waltz,public,hors EP,97.8,88.8,0.0,conforme,82.4,0.0,conforme,67281,MARCKOLSHEIM,67,BAS-RHIN,15,STRASBOURG,48.162896118009165,7.549450936392499
0671601B,Collège du Klosterwald,public,hors EP,112.4,88.8,0.0,conforme,82.4,0.0,conforme,67507,VILLE,67,BAS-RHIN,15,STRASBOURG,48.34303907582705,7.297877833580171
0671686U,Collège Paul Wernert,public,hors EP,118.2,88.8,0.0,conforme,82.4,0.0,conforme,67001,ACHENHEIM,67,BAS-RHIN,15,STRASBOURG,48.58244935919328,7.623262384047976
0671687V,Collège Sébastien Brant,public,hors EP,112.5,88.8,0.0,conforme,82.4,0.0,conforme,67131,ESCHAU,67,BAS-RHIN,15,STRASBOURG,48.487073380235,7.713698073125327
0671688W,Collège Georges Holderith,public,hors EP,108.9,88.8,0.0,conforme,82.4,0.0,conforme,67261,LAUTERBOURG,67,BAS-RHIN,15,STRASBOURG,48.97308378167757,8.182354290409213
0671689X,Collège André Malraux,public,hors EP,123.3,88.8,0.0,conforme,82.4,0.0,conforme,67519,LA WANTZENAU,67,BAS-RHIN,15,STRASBOURG,48.66001981495285,7.82922010200779
0671690Y,Collège Maxime Alexandre,public,hors EP,87.6,88.8,1.2000000000000028,oublie,82.4,0.0,conforme,67267,LINGOLSHEIM,67,BAS-RHIN,15,STRASBOURG,48.561213313452754,7.681173895875943
0671691Z,Collège Stockfeld,public,REP,72.4,88.8,0.0,conforme,82.4,0.0,conforme,67482,STRASBOURG,67,BAS-RHIN,15,STRASBOURG,48.53867620451881,7.76388540046777
0671692A,Collège Solignac,public,REP+,71.2,88.8,0.0,conforme,82.4,0.0,conforme,67482,STRASBOURG,67,BAS-RHIN,15,STRASBOURG,48.547437169091694,7.762684469825641
0671697F,Collège Frison Roche,public,hors EP,89.5,88.8,0.0,conforme,82.4,0.0,conforme,67066,LA BROQUE,67,BAS-RHIN,15,STRASBOURG,48.46601126527814,7.208748867746598
0671734W,Collège Kléber,public,hors EP,84.6,88.8,4.200000000000003,oublie,82.4,0.0,conforme,67180,HAGUENAU,67,BAS-RHIN,15,STRASBOURG,48.80260107638179,7.783283495767049
0671738A,Collège Charles Munch,public,hors EP,100.2,88.8,0.0,conforme,82.4,0.0,conforme,67324,NIEDERBRONN LES BAINS,67,BAS-RHIN,15,STRASBOURG,48.95739532998513,7.636112246659768
0671739B,Collège Suzanne Lalique-Haviland,public,hors EP,98.2,88.8,0.0,conforme,82.4,0.0,conforme,67538,WINGEN SUR MODER,67,BAS-RHIN,15,STRASBOURG,48.91609478746179,7.3671048947884765
0671740C,Collège Marcel Pagnol,public,hors EP,102.0,88.8,0.0,conforme,82.4,0.0,conforme,67520,WASSELONNE,67,BAS-RHIN,15,STRASBOURG,48.63889079204836,7.419200070659183
0671741D,Collège de l'Eichel,public,hors EP,100.5,88.8,0.0,conforme,82.4,0.0,conforme,67095,DIEMERINGEN,67,BAS-RHIN,15,STRASBOURG,48.94032804686159,7.190867846402821
0671742E,Collège Caroline Aigle,public,hors EP,97.6,88.8,0.0,conforme,82.4,0.0,conforme,67482,STRASBOURG,67,BAS-RHIN,15,STRASBOURG,48.57756301009276,7.7558176186067636
0671822S,Collège Lamartine,public,REP,74.9,88.8,0.0,conforme,82.4,0.0,conforme,67043,BISCHHEIM,67,BAS-RHIN,15,STRASBOURG,48.613869294101725,7.737967512249821
0671824U,Collège Jean de la Fontaine,public,hors EP,113.6,88.8,0.0,conforme,82.4,0.0,conforme,67152,GEISPOLSHEIM,67,BAS-RHIN,15,STRASBOURG,48.51817095506431,7.651920566678095
0671825V,Collège François Truffaut,public,REP+,69.2,88.8,0.0,conforme,82.4,0.0,conforme,67482,STRASBOURG,67,BAS-RHIN,15,STRASBOURG,48.59946075254569,7.696314283203419
0671827X,Collège de l'Outre forêt,public,hors EP,101.4,88.8,0.0,conforme,82.4,0.0,conforme,67474,SOULTZ SOUS FORETS,67,BAS-RHIN,15,STRASBOURG,48.93066189880919,7.89359886002975
0671828Y,Collège Louis Arbogast,public,hors EP,103.1,88.8,0.0,conforme,82.4,0.0,conforme,67313,MUTZIG,67,BAS-RHIN,15,STRASBOURG,48.5374104861252,7.446009653693304
0671830A,Collège Jean Mentel,public,hors EP,105.2,88.8,0.0,conforme,82.4,0.0,conforme,67462,SELESTAT,67,BAS-RHIN,15,STRASBOURG,48.25264545898066,7.451113708404354
0671907J,Collège Hans Arp,public,REP+,75.3,88.8,0.0,conforme,82.4,0.0,conforme,67482,STRASBOURG,67,BAS-RHIN,15,STRASBOURG,48.56904584374289,7.717795246816672
0671909L,Collège international Vauban,public,hors EP,95.6,88.8,0.0,conforme,82.4,0.0,conforme,67482,STRASBOURG,67,BAS-RHIN,15,STRASBOURG,48.582135183779386,7.777870947628021
0671911N,Collège Simone Veil,public,hors EP,114.3,88.8,0.0,conforme,82.4,0.0,conforme,67194,HERRLISHEIM,67,BAS-RHIN,15,STRASBOURG,48.730309384700526,7.899834396506748
0671912P,Collège Jacques Tati,public,hors EP,104.0,88.8,0.0,conforme,82.4,0.0,conforme,67291,MERTZWILLER,67,BAS-RHIN,15,STRASBOURG,48.86696575516983,7.68935360213258
0671913R,Collège Herrade de Landsberg,public,hors EP,123.5,88.8,0.0,conforme,82.4,0.0,conforme,67411,ROSHEIM,67,BAS-RHIN,15,STRASBOURG,48.50090610616952,7.4761945329227055
0671915T,Collège International de l'Esplanade Strasbourg (CIES),public,hors EP,107.2,88.8,0.0,conforme,82.4,0.0,conforme,67482,STRASBOURG,67,BAS-RHIN,15,STRASBOURG,48.57825570329037,7.773517064717907
0671956M,Collège du Parc,public,hors EP,102.8,88.8,0.0,conforme,82.4,0.0,conforme,67218,ILLKIRCH GRAFFENSTADEN,67,BAS-RHIN,15,STRASBOURG,48.53291103178264,7.714776704301909
0671958P,Collège Foch,public,hors EP,123.2,88.8,0.0,conforme,82.4,0.0,conforme,67482,STRASBOURG,67,BAS-RHIN,15,STRASBOURG,48.58822280550584,7.751831234416368
0671960S,Collège du Bois fleuri,public,hors EP,102.6,88.8,0.0,conforme,82.4,0.0,conforme,67458,SCHWEIGHOUSE SUR MODER,67,BAS-RHIN,15,STRASBOURG,48.82436101851216,7.728259027980668
0671961T,Collège Gustave Doré,public,hors EP,116.6,88.8,0.0,conforme,82.4,0.0,conforme,67202,HOCHFELDEN,67,BAS-RHIN,15,STRASBOURG,48.7615232763673,7.569004748951432
0671962U,Collège des Châteaux,public,hors EP,117.9,88.8,0.0,conforme,82.4,0.0,conforme,67073,CHATENOIS,67,BAS-RHIN,15,STRASBOURG,48.270852532819234,7.407760316822057
0671963V,Collège des deux rives,public,hors EP,104.7,88.8,0.0,conforme,82.4,0.0,conforme,67397,RHINAU,67,BAS-RHIN,15,STRASBOURG,48.31900661460467,7.710959939907246
0671984T,Collège Otfried,public,hors EP,99.6,88.8,0.0,conforme,82.4,0.0,conforme,67544,WISSEMBOURG,67,BAS-RHIN,15,STRASBOURG,49.03647157712142,7.953516252835747
0671985U,Collège Léonard de Vinci,public,hors EP,107.1,88.8,0.0,conforme,82.4,0.0,conforme,67283,MARMOUTIER,67,BAS-RHIN,15,STRASBOURG,48.689298076056566,7.374572337174496
0671986V,Collège Les Sources,public,hors EP,92.3,88.8,0.0,conforme,82.4,0.0,conforme,67437,SAVERNE,67,BAS-RHIN,15,STRASBOURG,48.7346104457673,7.365368815920487
0671987W,Collège Poincaré,public,hors EP,109.2,88.8,0.0,conforme,82.4,0.0,conforme,67437,SAVERNE,67,BAS-RHIN,15,STRASBOURG,48.74066798731315,7.360599508868806
0671989Y,Collège Grégoire de Tours,public,hors EP,119.2,88.8,0.0,conforme,82.4,0.0,conforme,67282,MARLENHEIM,67,BAS-RHIN,15,STRASBOURG,48.61899076820512,7.493541391482633
0672012Y,Collège Baldung Grien,public,hors EP,118.1,88.8,0.0,conforme,82.4,0.0,conforme,67205,HOERDT,67,BAS-RHIN,15,STRASBOURG,48.69990647016125,7.791025952002784
0672013Z,Collège Paul-Émile Victor,public,hors EP,108.2,88.8,0.0,conforme,82.4,0.0,conforme,67309,MUNDOLSHEIM,67,BAS-RHIN,15,STRASBOURG,48.643972146484494,7.70869944912035
0672072N,Collège Martin Schongauer,public,hors EP,85.2,88.8,3.5999999999999943,oublie,82.4,0.0,conforme,67365,OSTWALD,67,BAS-RHIN,15,STRASBOURG,48.55198032831512,7.713830591175296
0672074R,Collège du Rhin,public,hors EP,110.4,88.8,0.0,conforme,82.4,0.0,conforme,67106,DRUSENHEIM,67,BAS-RHIN,15,STRASBOURG,48.76045698453918,7.955028362198886
0672076T,Collège du Bastberg,public,hors EP,105.0,88.8,0.0,conforme,82.4,0.0,conforme,67061,BOUXWILLER,67,BAS-RHIN,15,STRASBOURG,48.823350050111344,7.481417518461795
0672078V,Collège Europe,public,hors EP,111.5,88.8,0.0,conforme,82.4,0.0,conforme,67348,OBERNAI,67,BAS-RHIN,15,STRASBOURG,48.45974900491056,7.499046729070401
0672128Z,Collège Jean Monnet,public,hors EP,89.1,88.8,0.0,conforme,82.4,0.0,conforme,67482,STRASBOURG,67,BAS-RHIN,15,STRASBOURG,48.56357866297276,7.769934307515763
0672129A,Collège Louis Pasteur,public,hors EP,94.7,88.8,0.0,conforme,82.4,0.0,conforme,67482,STRASBOURG,67,BAS-RHIN,15,STRASBOURG,48.573053612457976,7.741449340319206
0672130B,Collège André Maurois,public,REP,87.4,88.8,0.0,conforme,82.4,5.0,sur-inclus,67046,BISCHWILLER,67,BAS-RHIN,15,STRASBOURG,48.77832938281306,7.846765242693399
0672131C,Collège Henri Meck,public,hors EP,114.9,88.8,0.0,conforme,82.4,0.0,conforme,67300,MOLSHEIM,67,BAS-RHIN,15,STRASBOURG,48.53499661880984,7.491130701946056
0672132D,Collège Freppel,public,hors EP,115.6,88.8,0.0,conforme,82.4,0.0,conforme,67348,OBERNAI,67,BAS-RHIN,15,STRASBOURG,48.460132300184206,7.489360344500085
0672133E,Collège de Barr,public,hors EP,110.4,88.8,0.0,conforme,82.4,0.0,conforme,67021,BARR,67,BAS-RHIN,15,STRASBOURG,48.409253250383486,7.456918422756616
0672134F,Collège Beatus Rhenanus,public,hors EP,93.2,88.8,0.0,conforme,82.4,0.0,conforme,67462,SELESTAT,67,BAS-RHIN,15,STRASBOURG,48.26305583953804,7.456925277002203
0672135G,Collège Les cigognes,public,hors EP,115.4,88.8,0.0,conforme,82.4,0.0,conforme,67154,GERSTHEIM,67,BAS-RHIN,15,STRASBOURG,48.37554496802463,7.706047768998135
0672136H,Collège Foch,public,hors EP,93.3,88.8,0.0,conforme,82.4,0.0,conforme,67180,HAGUENAU,67,BAS-RHIN,15,STRASBOURG,48.81346567283003,7.792604621260492
0672193V,Collège de la Souffel,public,hors EP,124.1,88.8,0.0,conforme,82.4,0.0,conforme,67375,PFULGRIESHEIM,67,BAS-RHIN,15,STRASBOURG,48.639405643414975,7.6682797739671535
0672194W,Collège Nelson Mandela,public,hors EP,102.7,88.8,0.0,conforme,82.4,0.0,conforme,67218,ILLKIRCH GRAFFENSTADEN,67,BAS-RHIN,15,STRASBOURG,48.52084991896933,7.72096125009272
0672197Z,Collège Tomi Ungerer,public,hors EP,108.5,88.8,0.0,conforme,82.4,0.0,conforme,67089,DETTWILLER,67,BAS-RHIN,15,STRASBOURG,48.76047161864578,7.469412333029599
0672254L,Collège les sept Arpents,public,hors EP,103.6,88.8,0.0,conforme,82.4,0.0,conforme,67471,SOUFFELWEYERSHEIM,67,BAS-RHIN,15,STRASBOURG,48.63108848801416,7.738633572641049
0672459J,Collège Érasme,public,REP+,68.9,88.8,0.0,conforme,82.4,0.0,conforme,67482,STRASBOURG,67,BAS-RHIN,15,STRASBOURG,48.59165836495628,7.701753871014287
0672606U,Collège Rembrandt Bugatti,public,hors EP,112.6,88.8,0.0,conforme,82.4,0.0,conforme,67300,MOLSHEIM,67,BAS-RHIN,15,STRASBOURG,48.5310940601475,7.491565344904882
0672658A,Collège La pierre polie,public,hors EP,113.3,88.8,0.0,conforme,82.4,0.0,conforme,67506,VENDENHEIM,67,BAS-RHIN,15,STRASBOURG,48.66655259970646,7.704315201593862
0672765S,Collège Galilée,public,hors EP,93.7,88.8,0.0,conforme,82.4,0.0,conforme,67267,LINGOLSHEIM,67,BAS-RHIN,15,STRASBOURG,48.54972604056322,7.688407452856696
0672896J,Collège Nicolas Copernic,public,hors EP,117.7,88.8,0.0,conforme,82.4,0.0,conforme,67112,DUTTLENHEIM,67,BAS-RHIN,15,STRASBOURG,48.53090263164796,7.569308193838451
0673006D,Collège du Torenberg-Heiligenstein,public,hors EP,102.5,88.8,0.0,conforme,82.4,0.0,conforme,67021,BARR,67,BAS-RHIN,15,STRASBOURG,48.41303221519842,7.457474677479246
0673079H,École européenne de Strasbourg,public,hors EP,134.1,88.8,0.0,conforme,82.4,0.0,conforme,67482,STRASBOURG,67,BAS-RHIN,15,STRASBOURG,48.60093793385605,7.776082913293106
0680006M,Collège René Cassin,public,hors EP,100.7,88.8,0.0,conforme,82.4,0.0,conforme,68063,CERNAY,68,HAUT-RHIN,15,STRASBOURG,47.812863969176334,7.183051459084692
0680009R,Collège Pfeffel,public,REP,73.2,88.8,0.0,conforme,82.4,0.0,conforme,68066,COLMAR,68,HAUT-RHIN,15,STRASBOURG,48.08391701780884,7.346959234843528
0680012U,Collège Jean Monnet,public,hors EP,104.1,88.8,0.0,conforme,82.4,0.0,conforme,68068,DANNEMARIE,68,HAUT-RHIN,15,STRASBOURG,47.62809307588433,7.112749384697916
0680013V,Collège Victor Schoelcher,public,hors EP,101.7,88.8,0.0,conforme,82.4,0.0,conforme,68082,ENSISHEIM,68,HAUT-RHIN,15,STRASBOURG,47.86441875667857,7.342894588692735
0680014W,Collège Adélaïde Hautval,public,hors EP,102.7,88.8,0.0,conforme,82.4,0.0,conforme,68090,FERRETTE,68,HAUT-RHIN,15,STRASBOURG,47.49438127789834,7.316527974314745
0680019B,Collège Jean Paul de Dadelsen,public,hors EP,103.2,88.8,0.0,conforme,82.4,0.0,conforme,68138,HIRSINGUE,68,HAUT-RHIN,15,STRASBOURG,47.5910250695142,7.251410932602494
0680020C,Collège Gérard de Nerval,public,hors EP,98.7,88.8,0.0,conforme,82.4,0.0,conforme,68149,HUNINGUE,68,HAUT-RHIN,15,STRASBOURG,47.59561462866275,7.569153227620726
0680021D,Collège Jules Verne,public,hors EP,85.3,88.8,3.5,oublie,82.4,0.0,conforme,68154,ILLZACH,68,HAUT-RHIN,15,STRASBOURG,47.778898009873785,7.356756395304644
0680022E,Collège Albert Schweitzer,public,hors EP,113.0,88.8,0.0,conforme,82.4,0.0,conforme,68162,KAYSERSBERG VIGNOBLE,68,HAUT-RHIN,15,STRASBOURG,48.13836676370869,7.261400057660536
0680056S,Collège Théodore Monod,public,hors EP,109.2,88.8,0.0,conforme,82.4,0.0,conforme,68253,OTTMARSHEIM,68,HAUT-RHIN,15,STRASBOURG,47.78779490400208,7.510136322281104
0680064A,Collège Robert Schuman,public,hors EP,99.3,88.8,0.0,conforme,82.4,0.0,conforme,68292,SAINT AMARIN,68,HAUT-RHIN,15,STRASBOURG,47.8732466641154,7.032404204104481
0680065B,Collège René Schickele,public,hors EP,87.5,88.8,1.2999999999999972,oublie,82.4,0.0,conforme,68297,SAINT LOUIS,68,HAUT-RHIN,15,STRASBOURG,47.574878180542925,7.558164469631334
0680071H,Collège de la Largue,public,hors EP,99.1,88.8,0.0,conforme,82.4,0.0,conforme,68305,SEPPOIS LE BAS,68,HAUT-RHIN,15,STRASBOURG,47.53914740989164,7.177654462380757
0680079S,Collège Charles Péguy,public,hors EP,98.3,88.8,0.0,conforme,82.4,0.0,conforme,68375,WITTELSHEIM,68,HAUT-RHIN,15,STRASBOURG,47.79296281722442,7.235017455376087
0680084X,Collège Molière,public,REP+,69.5,88.8,0.0,conforme,82.4,0.0,conforme,68066,COLMAR,68,HAUT-RHIN,15,STRASBOURG,48.07362069680313,7.32905319590329
0680088B,Collège Victor Hugo,public,hors EP,112.5,88.8,0.0,conforme,82.4,0.0,conforme,68066,COLMAR,68,HAUT-RHIN,15,STRASBOURG,48.074747417108256,7.358645849961149
0680101R,Collège les Ménétriers,public,hors EP,111.6,88.8,0.0,conforme,82.4,0.0,conforme,68269,RIBEAUVILLE,68,HAUT-RHIN,15,STRASBOURG,48.19399722798159,7.333994949113816
0680105V,Collège Kennedy,public,REP+,76.0,88.8,0.0,conforme,82.4,0.0,conforme,68224,MULHOUSE,68,HAUT-RHIN,15,STRASBOURG,47.74934637524457,7.333750586462343
0680110A,Collège Jean Macé,public,REP+,68.3,88.8,0.0,conforme,82.4,0.0,conforme,68224,MULHOUSE,68,HAUT-RHIN,15,STRASBOURG,47.73355948572547,7.294382433052226
0680111B,Collège Saint-Exupéry,public,REP+,74.5,88.8,0.0,conforme,82.4,0.0,conforme,68224,MULHOUSE,68,HAUT-RHIN,15,STRASBOURG,47.75963911807598,7.363610295368171
0680112C,Collège Léon Gambetta,public,hors EP,99.7,88.8,0.0,conforme,82.4,0.0,conforme,68271,RIEDISHEIM,68,HAUT-RHIN,15,STRASBOURG,47.744624082619865,7.369359168110449
0680128V,Collège Robert Beltz,public,hors EP,104.4,88.8,0.0,conforme,82.4,0.0,conforme,68315,SOULTZ HAUT RHIN,68,HAUT-RHIN,15,STRASBOURG,47.88114414199818,7.219630795309613
0680129W,Collège Capitaine Dreyfus,public,hors EP,95.5,88.8,0.0,conforme,82.4,0.0,conforme,68278,RIXHEIM,68,HAUT-RHIN,15,STRASBOURG,47.74603783226382,7.397274760913393
0681123B,Collège Hector Berlioz,public,hors EP,97.9,88.8,0.0,conforme,82.4,0.0,conforme,68066,COLMAR,68,HAUT-RHIN,15,STRASBOURG,48.08906626465825,7.37594451191674
0681125D,Collège Robert Schuman,public,hors EP,95.4,88.8,0.0,conforme,82.4,0.0,conforme,68352,VOLGELSHEIM,68,HAUT-RHIN,15,STRASBOURG,48.01739544650006,7.539811434730055
0681126E,Collège Marcel Pagnol,public,hors EP,90.0,88.8,0.0,conforme,82.4,0.0,conforme,68376,WITTENHEIM,68,HAUT-RHIN,15,STRASBOURG,47.8171256819356,7.331078242035222
0681127F,Collège Bourtzwiller,public,REP+,71.6,88.8,0.0,conforme,82.4,0.0,conforme,68224,MULHOUSE,68,HAUT-RHIN,15,STRASBOURG,47.77567910678468,7.3327449311828765
0681190Z,Collège Alice Mosnier,public,hors EP,112.2,88.8,0.0,conforme,82.4,0.0,conforme,68095,FORTSCHWIHR,68,HAUT-RHIN,15,STRASBOURG,48.09528531653241,7.440999178434811
0681265F,Collège Conrad Alexandre Gérard,public,hors EP,105.9,88.8,0.0,conforme,82.4,0.0,conforme,68201,MASEVAUX NIEDERBRUCK,68,HAUT-RHIN,15,STRASBOURG,47.76694877013978,6.997013793553697
0681267H,Collège Katia et Maurice Krafft,public,hors EP,88.2,88.8,0.5999999999999943,oublie,82.4,0.0,conforme,68256,PFASTATT,68,HAUT-RHIN,15,STRASBOURG,47.774065868245344,7.306414548861218
0681268J,Collège des trois pays,public,hors EP,113.8,88.8,0.0,conforme,82.4,0.0,conforme,68126,HEGENHEIM,68,HAUT-RHIN,15,STRASBOURG,47.56979194079291,7.525801277864621
0681269K,Collège Françoise Dolto,public,hors EP,113.3,88.8,0.0,conforme,82.4,0.0,conforme,68309,SIERENTZ,68,HAUT-RHIN,15,STRASBOURG,47.6590884302645,7.453701647930411
0681284B,Collège Wolf,public,REP+,67.9,88.8,0.0,conforme,82.4,0.0,conforme,68224,MULHOUSE,68,HAUT-RHIN,15,STRASBOURG,47.75986121857376,7.339561547508013
0681318N,Collège Mathias Grunewald,public,hors EP,96.6,88.8,0.0,conforme,82.4,0.0,conforme,68112,GUEBWILLER,68,HAUT-RHIN,15,STRASBOURG,47.90297671681264,7.225700758159637
0681322T,Collège Jean Mermoz,public,hors EP,89.6,88.8,0.0,conforme,82.4,0.0,conforme,68375,WITTELSHEIM,68,HAUT-RHIN,15,STRASBOURG,47.79747992459437,7.2369437673059664
0681365P,Collège Jacques Prévert,public,hors EP,105.6,88.8,0.0,conforme,82.4,0.0,conforme,68374,WINTZENHEIM,68,HAUT-RHIN,15,STRASBOURG,48.07579536404441,7.289938377326505
0681366R,Collège Jean Moulin,public,hors EP,113.8,88.8,0.0,conforme,82.4,0.0,conforme,68287,ROUFFACH,68,HAUT-RHIN,15,STRASBOURG,47.95418821422926,7.298254012758818
0681368T,Collège Charles Walch,public,hors EP,93.7,88.8,0.0,conforme,82.4,0.0,conforme,68334,THANN,68,HAUT-RHIN,15,STRASBOURG,47.80204091720642,7.111229107349306
0681369U,Collège Émile Zola,public,hors EP,85.4,88.8,3.3999999999999915,oublie,82.4,0.0,conforme,68166,KINGERSHEIM,68,HAUT-RHIN,15,STRASBOURG,47.786475132504606,7.328404618786487
0681370V,Collège du Nonnenbruch,public,hors EP,92.6,88.8,0.0,conforme,82.4,0.0,conforme,68195,LUTTERBACH,68,HAUT-RHIN,15,STRASBOURG,47.76270294784307,7.277992917004715
0681373Y,Collège Lucien Herr,public,hors EP,101.7,88.8,0.0,conforme,82.4,0.0,conforme,68004,ALTKIRCH,68,HAUT-RHIN,15,STRASBOURG,47.6151973979128,7.234586011789016
0681394W,Collège Jean-Georges Reber,public,hors EP,87.2,88.8,1.5999999999999943,oublie,82.4,0.0,conforme,68298,SAINTE MARIE AUX MINES,68,HAUT-RHIN,15,STRASBOURG,48.23607005698391,7.1668096424783885
0681395X,Collège François Villon,public,REP+,68.0,88.8,0.0,conforme,82.4,0.0,conforme,68224,MULHOUSE,68,HAUT-RHIN,15,STRASBOURG,47.75197271083666,7.311441390251784
0681448E,Collège Georges Martelot,public,hors EP,104.4,88.8,0.0,conforme,82.4,0.0,conforme,68249,ORBEY,68,HAUT-RHIN,15,STRASBOURG,48.13233399950023,7.166790994818641
0681539D,Collège Fréderic Hartmann,public,hors EP,105.1,88.8,0.0,conforme,82.4,0.0,conforme,68226,MUNSTER,68,HAUT-RHIN,15,STRASBOURG,48.03616836444163,7.128029383111042
0681541F,Collège Rémy Faesch,public,hors EP,100.2,88.8,0.0,conforme,82.4,0.0,conforme,68334,THANN,68,HAUT-RHIN,15,STRASBOURG,47.81039782210382,7.10159802302312
0681654D,Collège Lazare de Schwendi,public,hors EP,104.2,88.8,0.0,conforme,82.4,0.0,conforme,68155,INGERSHEIM,68,HAUT-RHIN,15,STRASBOURG,48.09114832538734,7.297271413789018
0681713T,Collège Henri Ulrich,public,hors EP,109.3,88.8,0.0,conforme,82.4,0.0,conforme,68118,HABSHEIM,68,HAUT-RHIN,15,STRASBOURG,47.7231857964857,7.424780745079337
0681747E,Collège Georges Forlen,public,hors EP,81.8,88.8,7.0,oublie,82.4,0.6000000000000085,oublie,68297,SAINT LOUIS,68,HAUT-RHIN,15,STRASBOURG,47.59987803011292,7.554435176844445
0681757R,Collège Anne Frank,public,hors EP,78.5,88.8,10.299999999999997,oublie,82.4,3.9000000000000057,oublie,68154,ILLZACH,68,HAUT-RHIN,15,STRASBOURG,47.76341036026922,7.368231318262159
0681930D,Collège Irène Joliot Curie,public,hors EP,86.9,88.8,1.8999999999999915,oublie,82.4,0.0,conforme,68376,WITTENHEIM,68,HAUT-RHIN,15,STRASBOURG,47.80118884792413,7.32948652670868
0681932F,Collège de l'Ill,public,hors EP,107.1,88.8,0.0,conforme,82.4,0.0,conforme,68152,ILLFURTH,68,HAUT-RHIN,15,STRASBOURG,47.67935125205038,7.256010150106713
0681957H,Collège Pierre Pflimlin,public,hors EP,81.8,88.8,7.0,oublie,82.4,0.6000000000000085,oublie,68056,BRUNSTATT DIDENHEIM,68,HAUT-RHIN,15,STRASBOURG,47.726385995579534,7.316297006228531
0681961M,Collège Bel Air,public,REP,82.4,88.8,0.0,conforme,82.4,0.0,au seuil,68224,MULHOUSE,68,HAUT-RHIN,15,STRASBOURG,47.72996303769056,7.305630218908527
0681965S,Collège Félix Éboué,public,hors EP,104.9,88.8,0.0,conforme,82.4,0.0,conforme,68091,FESSENHEIM,68,HAUT-RHIN,15,STRASBOURG,47.91910133526861,7.526321886743386
0682017Y,Collège Nathan Katz,public,hors EP,115.7,88.8,0.0,conforme,82.4,0.0,conforme,68060,BURNHAUPT LE HAUT,68,HAUT-RHIN,15,STRASBOURG,47.73751898715982,7.152153191555804
0682018Z,Collège du Hugstein,public,hors EP,99.8,88.8,0.0,conforme,82.4,0.0,conforme,68058,BUHL,68,HAUT-RHIN,15,STRASBOURG,47.92202029781073,7.195551686972034
0690001B,Collège Eugénie de Pomey,public,hors EP,102.0,88.8,0.0,conforme,87.5,0.0,conforme,69006,AMPLEPUIS,69,RHONE,10,LYON,45.97206389337161,4.334419897679284
0690002C,Collège Asa Paulini,public,hors EP,122.0,88.8,0.0,conforme,87.5,0.0,conforme,69009,ANSE,69,RHONE,10,LYON,45.93879178584631,4.712986205748602
0690005F,Collège du Val d'Ardières,public,hors EP,102.6,88.8,0.0,conforme,87.5,0.0,conforme,69018,BEAUJEU,69,RHONE,10,LYON,46.15134273848258,4.592804744637628
0690007H,Collège Émile Zola,public,hors EP,96.2,88.8,0.0,conforme,87.5,0.0,conforme,69019,BELLEVILLE EN BEAUJOLAIS,69,RHONE,10,LYON,46.104989457870936,4.749254142615913
0690015S,Collège le Bassenon,public,hors EP,113.4,88.8,0.0,conforme,87.5,0.0,conforme,69064,CONDRIEU,69,RHONE,10,LYON,45.47158463988048,4.776331322441669
0690016T,Collège François Brossette,public,hors EP,97.7,88.8,0.0,conforme,87.5,0.0,conforme,69066,COURS,69,RHONE,10,LYON,46.09563208065584,4.321761731841764
0690022Z,Collège de la Haute Azergues,public,hors EP,107.9,88.8,0.0,conforme,87.5,0.0,conforme,69107,LAMURE SUR AZERGUES,69,RHONE,10,LYON,46.05505830753216,4.4931049353547525
0690036P,Collège Victor Schoelcher,public,REP+,75.0,88.8,0.0,conforme,87.5,0.0,conforme,69389,LYON 9E ARRONDISSEMENT,69,RHONE,10,LYON,45.78884825806107,4.795596483244693
0690053H,Collège Professeur Dargent,public,hors EP,105.6,88.8,0.0,conforme,87.5,0.0,conforme,69383,LYON 3E ARRONDISSEMENT,69,RHONE,10,LYON,45.74669927169342,4.870113433686357
0690060R,Collège Jean Mermoz,public,REP,85.7,88.8,0.0,conforme,87.5,0.0,conforme,69388,LYON 8E ARRONDISSEMENT,69,RHONE,10,LYON,45.73378684857455,4.888826360955459
0690070B,Collège du Mont Saint-Rigaud,public,hors EP,104.0,88.8,0.0,conforme,87.5,0.0,conforme,69135,DEUX GROSNES,69,RHONE,10,LYON,46.22233991077566,4.515259225435016
0690075G,Collège Pierre Brossolette,public,hors EP,97.5,88.8,0.0,conforme,87.5,0.0,conforme,69149,OULLINS PIERRE BENITE,69,RHONE,10,LYON,45.71649429283932,4.790044348266654
0690076H,Collège Marcel Pagnol,public,REP+,85.2,88.8,0.0,conforme,87.5,0.0,conforme,69149,OULLINS PIERRE BENITE,69,RHONE,10,LYON,45.69940404147715,4.818619042548059
0690078K,Collège du Val d'Argent,public,hors EP,106.4,88.8,0.0,conforme,87.5,0.0,conforme,69201,SAINTE FOY L ARGENTIERE,69,RHONE,10,LYON,45.70713072068715,4.476793866825914
0690080M,Collège Bois Franc,public,hors EP,114.2,88.8,0.0,conforme,87.5,0.0,conforme,69206,SAINT GEORGES DE RENEINS,69,RHONE,10,LYON,46.060652918120965,4.713020512701667
0690094C,Collège Jules Michelet,public,REP+,72.1,88.8,0.0,conforme,87.5,0.0,conforme,69259,VENISSIEUX,69,RHONE,10,LYON,45.68846474600085,4.872875990843281
0690099H,Collège Jean Moulin,public,REP+,76.5,88.8,0.0,conforme,87.5,0.0,conforme,69264,VILLEFRANCHE SUR SAONE,69,RHONE,10,LYON,45.98378288644437,4.714890389447981
0690117C,Collège Jean Claude Ruet,public,hors EP,113.6,88.8,0.0,conforme,87.5,0.0,conforme,69267,VILLIE MORGON,69,RHONE,10,LYON,46.16251811949406,4.681453185340326
0690131T,Collège Raoul Dufy,public,hors EP,111.7,88.8,0.0,conforme,87.5,0.0,conforme,69383,LYON 3E ARRONDISSEMENT,69,RHONE,10,LYON,45.75881533570775,4.847529171105776
0690249W,Collège Pierre Valdo,public,REP+,80.2,88.8,0.0,conforme,87.5,0.0,conforme,69256,VAULX EN VELIN,69,RHONE,10,LYON,45.779670960163855,4.92880538362763
0690280E,Collège les Iris,public,REP,83.0,88.8,0.0,conforme,87.5,0.0,conforme,69266,VILLEURBANNE,69,RHONE,10,LYON,45.769270202520346,4.896862245731628
0691478G,Collège Jean Macé,public,hors EP,93.3,88.8,0.0,conforme,87.5,0.0,conforme,69266,VILLEURBANNE,69,RHONE,10,LYON,45.77700340248821,4.879893934342968
0691479H,Collège Joliot Curie,public,REP,78.5,88.8,0.0,conforme,87.5,0.0,conforme,69029,BRON,69,RHONE,10,LYON,45.7481619936372,4.914561881335255
0691480J,Collège Honoré de Balzac,public,REP,82.0,88.8,0.0,conforme,87.5,0.0,conforme,69259,VENISSIEUX,69,RHONE,10,LYON,45.72612116694508,4.861721622741635
0691481K,Collège Laurent Mourguet,public,hors EP,93.3,88.8,0.0,conforme,87.5,0.0,conforme,69081,ECULLY,69,RHONE,10,LYON,45.78199946891618,4.78558749766291
0691482L,Collège les Quatre Vents,public,hors EP,111.6,88.8,0.0,conforme,87.5,0.0,conforme,69010,L ARBRESLE,69,RHONE,10,LYON,45.83167177182995,4.607994864735114
0691483M,Collège Lucie Aubrac,public,REP,77.8,88.8,0.0,conforme,87.5,0.0,conforme,69091,GIVORS,69,RHONE,10,LYON,45.60013087269712,4.769111417293747
0691484N,Collège le Plan du Loup,public,hors EP,102.5,88.8,0.0,conforme,87.5,0.0,conforme,69202,SAINTE FOY LES LYON,69,RHONE,10,LYON,45.73329973188249,4.789657248014452
0691495A,Collège Maryse Bastié,public,hors EP,97.0,88.8,0.0,conforme,87.5,0.0,conforme,69275,DECINES CHARPIEU,69,RHONE,10,LYON,45.76416082606951,4.952261032820869
0691496B,Collège Jacques Prévert,public,hors EP,120.8,88.8,0.0,conforme,87.5,0.0,conforme,69291,SAINT SYMPHORIEN D OZON,69,RHONE,10,LYON,45.63387372935297,4.8617009721347975
0691497C,Collège Colette,public,REP,83.4,88.8,0.0,conforme,87.5,0.0,conforme,69290,SAINT PRIEST,69,RHONE,10,LYON,45.68965691970762,4.94351439762419
0691498D,Collège Maria Casarès,public,REP+,75.8,88.8,0.0,conforme,87.5,0.0,conforme,69286,RILLIEUX LA PAPE,69,RHONE,10,LYON,45.81816139480754,4.900112619036367
0691614E,Collège Léonard de Vinci,public,hors EP,123.2,88.8,0.0,conforme,87.5,0.0,conforme,69271,CHASSIEU,69,RHONE,10,LYON,45.74095426651952,4.979035834908633
0691645N,Collège Faubert,public,REP,81.8,88.8,0.0,conforme,87.5,0.0,conforme,69264,VILLEFRANCHE SUR SAONE,69,RHONE,10,LYON,45.991086928968,4.721762515214991
0691662G,Collège Clément Marot,public,hors EP,126.5,88.8,0.0,conforme,87.5,0.0,conforme,69384,LYON 4E ARRONDISSEMENT,69,RHONE,10,LYON,45.78111637801041,4.825242028069484
0691663H,Collège Bellecombe,public,hors EP,119.6,88.8,0.0,conforme,87.5,0.0,conforme,69386,LYON 6E ARRONDISSEMENT,69,RHONE,10,LYON,45.76722103643735,4.862698486058412
0691664J,Collège Jean Jaurès,public,REP,87.3,88.8,0.0,conforme,87.5,0.0,conforme,69266,VILLEURBANNE,69,RHONE,10,LYON,45.75759880249377,4.883449409156436
0691666L,Collège Aimé Césaire,public,REP+,76.9,88.8,0.0,conforme,87.5,0.0,conforme,69256,VAULX EN VELIN,69,RHONE,10,LYON,45.78502996666985,4.915881019301367
0691668N,Collège les Servizières,public,hors EP,101.1,88.8,0.0,conforme,87.5,0.0,conforme,69282,MEYZIEU,69,RHONE,10,LYON,45.76376720763263,5.015458953582749
0691669P,Collège Victor Grignard,public,REP,87.5,88.8,0.0,conforme,87.5,0.0,au seuil,69388,LYON 8E ARRONDISSEMENT,69,RHONE,10,LYON,45.72483630367119,4.882625384599657
0691670R,Collège Jean Charcot,public,hors EP,101.0,88.8,0.0,conforme,87.5,0.0,conforme,69385,LYON 5E ARRONDISSEMENT,69,RHONE,10,LYON,45.75352443163933,4.80542678764175
0691673U,Collège la Clavelière,public,REP,92.6,88.8,3.799999999999997,sur-inclus,87.5,5.099999999999994,sur-inclus,69149,OULLINS PIERRE BENITE,69,RHONE,10,LYON,45.71036416281546,4.816378481441572
0691674V,Collège les Pierres Dorées,public,hors EP,123.6,88.8,0.0,conforme,87.5,0.0,conforme,69024,VAL D OINGT,69,RHONE,10,LYON,45.9221444566942,4.585248788465688
0691675W,Collège Louis Jouvet,public,hors EP,94.5,88.8,0.0,conforme,87.5,0.0,conforme,69266,VILLEURBANNE,69,RHONE,10,LYON,45.761081768342216,4.872534364728232
0691728D,Collège André Lassagne,public,hors EP,108.5,88.8,0.0,conforme,87.5,0.0,conforme,69034,CALUIRE ET CUIRE,69,RHONE,10,LYON,45.8066888736527,4.851248467175776
0691730F,Collège Paul Éluard,public,REP+,75.6,88.8,0.0,conforme,87.5,0.0,conforme,69259,VENISSIEUX,69,RHONE,10,LYON,45.69977280394754,4.868958976382973
0691736M,Collège Jean de Tournes,public,hors EP,118.3,88.8,0.0,conforme,87.5,0.0,conforme,69088,FONTAINES SUR SAONE,69,RHONE,10,LYON,45.83036336267253,4.851774582371779
0691793Z,Collège Jacques Duclos,public,REP+,81.0,88.8,0.0,conforme,87.5,0.0,conforme,69256,VAULX EN VELIN,69,RHONE,10,LYON,45.75577238577945,4.921345641277431
0691798E,Collège les Battières,public,hors EP,93.3,88.8,0.0,conforme,87.5,0.0,conforme,69385,LYON 5E ARRONDISSEMENT,69,RHONE,10,LYON,45.75107762799264,4.781154529679851
0691799F,Collège Louis Aragon,public,REP,78.2,88.8,0.0,conforme,87.5,0.0,conforme,69259,VENISSIEUX,69,RHONE,10,LYON,45.69237903870874,4.888641357416083
0691824H,Collège Daisy Georges Martin,public,hors EP,106.9,88.8,0.0,conforme,87.5,0.0,conforme,69100,IRIGNY,69,RHONE,10,LYON,45.672708955444456,4.816855369967496
0692155T,Collège des Gratte-Ciel - Môrice Leroux,public,hors EP,97.6,88.8,0.0,conforme,87.5,0.0,conforme,69266,VILLEURBANNE,69,RHONE,10,LYON,45.77200417581165,4.876924297291593
0692157V,Collège Georges Brassens,public,REP,88.4,88.8,0.0,conforme,87.5,0.9000000000000057,sur-inclus,69275,DECINES CHARPIEU,69,RHONE,10,LYON,45.76858335729128,4.975196301146557
0692159X,Collège Paul-Émile Victor,public,REP+,74.9,88.8,0.0,conforme,87.5,0.0,conforme,69286,RILLIEUX LA PAPE,69,RHONE,10,LYON,45.81684375838678,4.905981369520654
0692160Y,Collège Gérard Philipe,public,hors EP,90.3,88.8,0.0,conforme,87.5,0.0,conforme,69290,SAINT PRIEST,69,RHONE,10,LYON,45.7040582976331,4.934402948729767
0692163B,Collège Jean-Jacques Rousseau,public,hors EP,114.7,88.8,0.0,conforme,87.5,0.0,conforme,69244,TASSIN LA DEMI LUNE,69,RHONE,10,LYON,45.758834142508974,4.769165826496545
0692164C,Collège La Platière,public,hors EP,90.5,88.8,0.0,conforme,87.5,0.0,conforme,69248,THIZY LES BOURGS,69,RHONE,10,LYON,46.029483627468814,4.310899967645705
0692165D,Collège Élie Vignal,public,hors EP,123.1,88.8,0.0,conforme,87.5,0.0,conforme,69034,CALUIRE ET CUIRE,69,RHONE,10,LYON,45.78411918935716,4.835362407983091
0692334M,Collège Jean Monnet,public,hors EP,104.5,88.8,0.0,conforme,87.5,0.0,conforme,69382,LYON 2E ARRONDISSEMENT,69,RHONE,10,LYON,45.74578468621085,4.82254952592439
0692335N,Collège Évariste Galois,public,hors EP,101.2,88.8,0.0,conforme,87.5,0.0,conforme,69282,MEYZIEU,69,RHONE,10,LYON,45.77005504089116,4.99439530000246
0692336P,Collège Henri Barbusse,public,REP+,79.4,88.8,0.0,conforme,87.5,0.0,conforme,69256,VAULX EN VELIN,69,RHONE,10,LYON,45.78584196475057,4.917235287048299
0692337R,Collège Lamartine,public,REP+,77.4,88.8,0.0,conforme,87.5,0.0,conforme,69266,VILLEURBANNE,69,RHONE,10,LYON,45.75062425675254,4.916918126529449
0692338S,Collège Vendôme,public,hors EP,138.5,88.8,0.0,conforme,87.5,0.0,conforme,69386,LYON 6E ARRONDISSEMENT,69,RHONE,10,LYON,45.77054481745969,4.84477059603165
0692339T,Collège Georges Clemenceau,public,hors EP,107.6,88.8,0.0,conforme,87.5,0.0,conforme,69387,LYON 7E ARRONDISSEMENT,69,RHONE,10,LYON,45.75018277859704,4.841024950011324
0692340U,Collège Henri Longchambon,public,REP+,78.2,88.8,0.0,conforme,87.5,0.0,conforme,69388,LYON 8E ARRONDISSEMENT,69,RHONE,10,LYON,45.72596123674255,4.874144766940049
0692342W,Collège Alain,public,REP+,73.0,88.8,0.0,conforme,87.5,0.0,conforme,69199,SAINT FONS,69,RHONE,10,LYON,45.69674426389136,4.855460398189426
0692343X,Collège Elsa Triolet,public,REP+,69.1,88.8,0.0,conforme,87.5,0.0,conforme,69259,VENISSIEUX,69,RHONE,10,LYON,45.697470444725326,4.866355379613104
0692346A,Collège Pierre de Ronsard,public,hors EP,120.0,88.8,0.0,conforme,87.5,0.0,conforme,69141,MORNANT,69,RHONE,10,LYON,45.61949074806527,4.668887134464428
0692410V,Collège Charles Sénard,public,hors EP,101.6,88.8,0.0,conforme,87.5,0.0,conforme,69034,CALUIRE ET CUIRE,69,RHONE,10,LYON,45.79062212173587,4.843673395149212
0692411W,Collège Molière,public,hors EP,114.8,88.8,0.0,conforme,87.5,0.0,conforme,69383,LYON 3E ARRONDISSEMENT,69,RHONE,10,LYON,45.74931938166731,4.885861441470985
0692414Z,Collège Jean-Philippe Rameau,public,hors EP,105.4,88.8,0.0,conforme,87.5,0.0,conforme,69040,CHAMPAGNE AU MONT D OR,69,RHONE,10,LYON,45.79275611788912,4.788188554322999
0692417C,Collège Boris Vian,public,hors EP,89.2,88.8,0.0,conforme,87.5,0.0,conforme,69290,SAINT PRIEST,69,RHONE,10,LYON,45.69675116412661,4.961193908029516
0692419E,Collège Émile Malfroy,public,hors EP,97.5,88.8,0.0,conforme,87.5,0.0,conforme,69096,GRIGNY,69,RHONE,10,LYON,45.607240351037326,4.785457621860339
0692420F,Collège Maurice Utrillo,public,hors EP,94.7,88.8,0.0,conforme,87.5,0.0,conforme,69115,LIMAS,69,RHONE,10,LYON,45.98145349094129,4.704879941151015
0692422H,Collège Jean Rostand,public,hors EP,122.2,88.8,0.0,conforme,87.5,0.0,conforme,69069,CRAPONNE,69,RHONE,10,LYON,45.7450410799248,4.72759997385166
0692423J,Collège Jean Renoir,public,hors EP,113.5,88.8,0.0,conforme,87.5,0.0,conforme,69143,NEUVILLE SUR SAONE,69,RHONE,10,LYON,45.86959978860372,4.846531511463315
0692448L,Collège Alexis Kandelaft,public,hors EP,129.6,88.8,0.0,conforme,87.5,0.0,conforme,69052,CHAZAY D AZERGUES,69,RHONE,10,LYON,45.87228399787468,4.71011582262222
0692520P,Collège Frédéric Mistral,public,hors EP,89.0,88.8,0.0,conforme,87.5,0.0,conforme,69276,FEYZIN,69,RHONE,10,LYON,45.67037320495266,4.861700414515363
0692521R,Collège Jean Giono,public,hors EP,104.5,88.8,0.0,conforme,87.5,0.0,conforme,69204,SAINT GENIS LAVAL,69,RHONE,10,LYON,45.6901757619564,4.801150443736928
0692576A,Collège Pablo Picasso,public,hors EP,108.3,88.8,0.0,conforme,87.5,0.0,conforme,69029,BRON,69,RHONE,10,LYON,45.73912918385016,4.906858743788634
0692578C,Collège Gabriel Rosset,public,REP,80.5,88.8,0.0,conforme,87.5,0.0,conforme,69387,LYON 7E ARRONDISSEMENT,69,RHONE,10,LYON,45.72973322700155,4.84010095150771
0692579D,Collège Martin Luther King,public,hors EP,103.4,88.8,0.0,conforme,87.5,0.0,conforme,69283,MIONS,69,RHONE,10,LYON,45.66941514847895,4.954285738262604
0692582G,Collège Jean Zay,public,hors EP,113.6,88.8,0.0,conforme,87.5,0.0,conforme,69027,BRIGNAIS,69,RHONE,10,LYON,45.67838886614898,4.752918785595804
0692583H,Collège Paul Vallon,public,hors EP,79.6,88.8,9.200000000000003,oublie,87.5,7.900000000000006,oublie,69091,GIVORS,69,RHONE,10,LYON,45.56947317596296,4.794823967779179
0692693C,Collège Ampère,public,hors EP,122.9,88.8,0.0,conforme,87.5,0.0,conforme,69382,LYON 2E ARRONDISSEMENT,69,RHONE,10,LYON,45.76528336519406,4.83700438868978
0692694D,Collège Antoine de Saint-Exupéry,public,hors EP,120.9,88.8,0.0,conforme,87.5,0.0,conforme,69384,LYON 4E ARRONDISSEMENT,69,RHONE,10,LYON,45.77966183892988,4.821889474400757
0692695E,Collège Lacassagne,public,hors EP,100.0,88.8,0.0,conforme,87.5,0.0,conforme,69383,LYON 3E ARRONDISSEMENT,69,RHONE,10,LYON,45.75776003048027,4.870405383851498
0692696F,Collège Jean Moulin,public,hors EP,125.1,88.8,0.0,conforme,87.5,0.0,conforme,69385,LYON 5E ARRONDISSEMENT,69,RHONE,10,LYON,45.75740997163222,4.820790437022874
0692698H,Collège Jean Perrin,public,hors EP,110.0,88.8,0.0,conforme,87.5,0.0,conforme,69389,LYON 9E ARRONDISSEMENT,69,RHONE,10,LYON,45.79471710872436,4.817222681179547
0692699J,Collège Claude Bernard,public,hors EP,96.6,88.8,0.0,conforme,87.5,0.0,conforme,69264,VILLEFRANCHE SUR SAONE,69,RHONE,10,LYON,45.98934570178001,4.712028447764924
0692700K,Collège Marie Laurencin,public,hors EP,97.6,88.8,0.0,conforme,87.5,0.0,conforme,69243,TARARE,69,RHONE,10,LYON,45.89664118540146,4.444735523834281
0692703N,Collège Jean de Verrazane,public,REP,84.1,88.8,0.0,conforme,87.5,0.0,conforme,69389,LYON 9E ARRONDISSEMENT,69,RHONE,10,LYON,45.77380490983354,4.8045964418779015
0692704P,Collège Olivier de Serres,public,hors EP,106.6,88.8,0.0,conforme,87.5,0.0,conforme,69282,MEYZIEU,69,RHONE,10,LYON,45.780506759183645,5.019723356426328
0692865P,Collège Louis Lachenal,public,hors EP,116.4,88.8,0.0,conforme,87.5,0.0,conforme,69288,SAINT LAURENT DE MURE,69,RHONE,10,LYON,45.68700148859743,5.035016587702935
0692898A,Collège René Cassin,public,hors EP,109.0,88.8,0.0,conforme,87.5,0.0,conforme,69273,CORBAS,69,RHONE,10,LYON,45.65631899612206,4.900250754176466
0693046L,Collège la Perrière,public,hors EP,127.2,88.8,0.0,conforme,87.5,0.0,conforme,69176,SOUCIEU EN JARREST,69,RHONE,10,LYON,45.67613562394162,4.695297531563371
0693092L,Collège Hector Berlioz,public,hors EP,117.7,88.8,0.0,conforme,87.5,0.0,conforme,69272,COMMUNAY,69,RHONE,10,LYON,45.60457014297924,4.822664639596858
0693093M,Collège du cinéma - Bertrand Tavernier (ex collège du Tonkin),public,hors EP,98.0,88.8,0.0,conforme,87.5,0.0,conforme,69266,VILLEURBANNE,69,RHONE,10,LYON,45.77637926436517,4.863710113971357
0693286X,Collège Jacques Coeur,public,hors EP,131.6,88.8,0.0,conforme,87.5,0.0,conforme,69112,LENTILLY,69,RHONE,10,LYON,45.816364437625296,4.665184441281357
0693287Y,Collège Paul d'Aubarède,public,hors EP,107.8,88.8,0.0,conforme,87.5,0.0,conforme,69204,SAINT GENIS LAVAL,69,RHONE,10,LYON,45.68185819205907,4.791910334046765
0693331W,Collège Louis Leprince-Ringuet,public,hors EP,125.2,88.8,0.0,conforme,87.5,0.0,conforme,69277,GENAS,69,RHONE,10,LYON,45.73221016778393,5.01137198423709
0693365H,Collège Françoise Dolto,public,hors EP,131.4,88.8,0.0,conforme,87.5,0.0,conforme,69043,CHAPONOST,69,RHONE,10,LYON,45.7103930557935,4.745763999922136
0693479G,Collège de la cité scolaire internationale,public,hors EP,147.6,88.8,0.0,conforme,87.5,0.0,conforme,69387,LYON 7E ARRONDISSEMENT,69,RHONE,10,LYON,45.728303630485776,4.821920579586815
0693834T,Collège Théodore Monod,public,REP,87.0,88.8,0.0,conforme,87.5,0.0,conforme,69029,BRON,69,RHONE,10,LYON,45.730537988992765,4.903545049869182
0693890D,Collège Georges Charpak,public,hors EP,125.3,88.8,0.0,conforme,87.5,0.0,conforme,69028,BRINDAS,69,RHONE,10,LYON,45.722063442535394,4.703621165797148
0693975W,Collège Simone Veil,public,hors EP,127.0,88.8,0.0,conforme,87.5,0.0,conforme,69050,CHATILLON,69,RHONE,10,LYON,45.86735067782684,4.641675580321433
0694007F,Collège Gilbert Dru,public,hors EP,103.2,88.8,0.0,conforme,87.5,0.0,conforme,69383,LYON 3E ARRONDISSEMENT,69,RHONE,10,LYON,45.75320022307073,4.863728792262061
0694092Y,Collège le Petit Pont,public,hors EP,114.3,88.8,0.0,conforme,87.5,0.0,conforme,69227,SAINT MARTIN EN HAUT,69,RHONE,10,LYON,45.657885631786506,4.553935487962848
0694151M,Collège Christiane Bernardin,public,hors EP,116.0,88.8,0.0,conforme,87.5,0.0,conforme,69089,FRANCHEVILLE,69,RHONE,10,LYON,45.74084793961383,4.775001492956221
0694191F,Collège La Tourette,public,hors EP,135.0,88.8,0.0,conforme,87.5,0.0,conforme,69381,LYON 1ER ARRONDISSEMENT,69,RHONE,10,LYON,45.77364696684301,4.8249424797850375
0694227V,Collège Charles de Gaulle,public,hors EP,127.4,88.8,0.0,conforme,87.5,0.0,conforme,69289,SAINT PIERRE DE CHANDIEU,69,RHONE,10,LYON,45.64722494321727,5.004029988525339
0694295U,Collège Alice Guy,public,REP,83.5,88.8,0.0,conforme,87.5,0.0,conforme,69388,LYON 8E ARRONDISSEMENT,69,RHONE,10,LYON,45.736783372104966,4.86503535037878
0694296V,Collège Simone Lagrange,public,REP+,71.2,88.8,0.0,conforme,87.5,0.0,conforme,69266,VILLEURBANNE,69,RHONE,10,LYON,45.77926108782248,4.903774500573558
0694406P,Collège Simone Veil,public,hors EP,92.1,88.8,0.0,conforme,87.5,0.0,conforme,69290,SAINT PRIEST,69,RHONE,10,LYON,45.7057067635598,4.921500290216628
0694453R,Collège Gisèle Halimi,public,hors EP,99.9,88.8,0.0,conforme,87.5,0.0,conforme,69387,LYON 7E ARRONDISSEMENT,69,RHONE,10,LYON,45.74165590082026,4.835920755829995
0694497N,Collège Gilbert Chabroux,public,REP,85.8,88.8,0.0,conforme,87.5,0.0,conforme,69266,VILLEURBANNE,69,RHONE,10,LYON,45.76567823172886,4.902732498498947
0700004Z,Collège Gaston Ramon,public,hors EP,95.0,88.8,0.0,conforme,88.9,0.0,conforme,70198,DAMPIERRE SUR SALON,70,HAUTE-SAONE,3,BESANCON,47.56301972839108,5.670687147440438
0700005A,Collège Duplessis-Deville,public,hors EP,98.2,88.8,0.0,conforme,88.9,0.0,conforme,70227,FAUCOGNEY ET LA MER,70,HAUTE-SAONE,3,BESANCON,47.84039619434643,6.563226479071635
0700006B,Collège Louis Pergaud,public,hors EP,98.8,88.8,0.0,conforme,88.9,0.0,conforme,70228,FAVERNEY,70,HAUTE-SAONE,3,BESANCON,47.76550186138986,6.103944896190523
0700007C,Collège des Combelles,public,hors EP,95.6,88.8,0.0,conforme,88.9,0.0,conforme,70245,FOUGEROLLES SAINT VALBERT,70,HAUTE-SAONE,3,BESANCON,47.88246645007131,6.40573910352443
0700010F,Collège Romé de l'Isle,public,REP,92.8,88.8,4.0,sur-inclus,88.9,3.8999999999999915,sur-inclus,70279,GRAY,70,HAUTE-SAONE,3,BESANCON,47.433988951919375,5.591925752331434
0700013J,Collège Raymond Gueux,public,hors EP,101.0,88.8,0.0,conforme,88.9,0.0,conforme,70282,GY,70,HAUTE-SAONE,3,BESANCON,47.405673200171286,5.809172629023752
0700016M,Collège Louis Pasteur,public,hors EP,91.5,88.8,0.0,conforme,88.9,0.0,conforme,70292,JUSSEY,70,HAUTE-SAONE,3,BESANCON,47.826855943173214,5.902948756018286
0700026Y,Collège Albert Mathiez,public,hors EP,108.6,88.8,0.0,conforme,88.9,0.0,conforme,70334,MARNAY,70,HAUTE-SAONE,3,BESANCON,47.2932177982469,5.773709441630285
0700027Z,Collège Jacques Prevost,public,hors EP,100.1,88.8,0.0,conforme,88.9,0.0,conforme,70408,PESMES,70,HAUTE-SAONE,3,BESANCON,47.28014945996798,5.569308939019137
0700029B,Collège Jules Jeanneney,public,hors EP,109.8,88.8,0.0,conforme,88.9,0.0,conforme,70447,RIOZ,70,HAUTE-SAONE,3,BESANCON,47.42645329560967,6.06994094556371
0700035H,Collège Charles Péguy,public,hors EP,90.3,88.8,0.0,conforme,88.9,0.0,conforme,70526,VAUVILLERS,70,HAUTE-SAONE,3,BESANCON,47.93073630662573,6.104887152596932
0700045U,Collège Albert Jacquard,public,REP,98.3,88.8,9.5,sur-inclus,88.9,9.399999999999991,sur-inclus,70310,LURE,70,HAUTE-SAONE,3,BESANCON,47.68652859366494,6.507143184340383
0700785Y,Collège Jean Macé,public,hors EP,107.0,88.8,0.0,conforme,88.9,0.0,conforme,70550,VESOUL,70,HAUTE-SAONE,3,BESANCON,47.6192297937204,6.159744954320998
0700786Z,Collège Jacques Brel,public,REP,85.7,88.8,0.0,conforme,88.9,0.0,conforme,70550,VESOUL,70,HAUTE-SAONE,3,BESANCON,47.632492860810686,6.168877154946062
0700787A,Collège Pierre et Marie Curie,public,hors EP,99.4,88.8,0.0,conforme,88.9,0.0,conforme,70285,HERICOURT,70,HAUTE-SAONE,3,BESANCON,47.58351364721891,6.762087449574923
0700788B,Collège André Masson,public,REP,85.0,88.8,0.0,conforme,88.9,0.0,conforme,70467,SAINT LOUP SUR SEMOUSE,70,HAUTE-SAONE,3,BESANCON,47.88494769327435,6.280997557632508
0700894S,Collège Château Rance,public,hors EP,97.2,88.8,0.0,conforme,88.9,0.0,conforme,70482,SCEY SUR SAONE ET SAINT ALBIN,70,HAUTE-SAONE,3,BESANCON,47.66560507420501,5.970444963409153
0700895T,Collège Victor Schoelcher,public,hors EP,100.9,88.8,0.0,conforme,88.9,0.0,conforme,70120,CHAMPAGNEY,70,HAUTE-SAONE,3,BESANCON,47.70685687038422,6.676354474901233
0700896U,Collège Louis Pergaud,public,hors EP,97.2,88.8,0.0,conforme,88.9,0.0,conforme,70561,VILLERSEXEL,70,HAUTE-SAONE,3,BESANCON,47.54902304705946,6.432082308638045
0700904C,Collège Robert et Sonia Delaunay,public,hors EP,90.8,88.8,0.0,conforme,88.9,0.0,conforme,70279,GRAY,70,HAUTE-SAONE,3,BESANCON,47.44772826062615,5.581003682166252
0700925A,Collège des Mille Étangs,public,hors EP,96.1,88.8,0.0,conforme,88.9,0.0,conforme,70339,MELISEY,70,HAUTE-SAONE,3,BESANCON,47.75120562409059,6.570245075218516
0701036W,Collège René Cassin,public,hors EP,105.8,88.8,0.0,conforme,88.9,0.0,conforme,70388,NOIDANS LES VESOUL,70,HAUTE-SAONE,3,BESANCON,47.616701980177375,6.129958733539525
0701192R,Collège des Thermes,public,hors EP,88.9,88.8,0.0,conforme,88.9,0.0,au seuil,70311,LUXEUIL LES BAINS,70,HAUTE-SAONE,3,BESANCON,47.82124200595169,6.364125661180154
0710005V,Collège Ferdinand Sarrien,public,hors EP,95.4,88.8,0.0,conforme,92.1,0.0,conforme,71047,BOURBON LANCY,71,SAONE-ET-LOIRE,7,DIJON,46.62262704191078,3.771559535032453
0710007X,Collège La Varandaine,public,hors EP,117.3,88.8,0.0,conforme,92.1,0.0,conforme,71070,BUXY,71,SAONE-ET-LOIRE,7,DIJON,46.712506085924886,4.698629793393682
0710009Z,Collège Louise Michel,public,hors EP,107.7,88.8,0.0,conforme,92.1,0.0,conforme,71073,CHAGNY,71,SAONE-ET-LOIRE,7,DIJON,46.90430292234606,4.761167551613656
0710021M,Collège Jean Mermoz,public,hors EP,101.6,88.8,0.0,conforme,92.1,0.0,conforme,71120,CHAUFFAILLES,71,SAONE-ET-LOIRE,7,DIJON,46.20288993299437,4.335534980529007
0710022N,Collège Les Bruyères,public,hors EP,107.7,88.8,0.0,conforme,92.1,0.0,conforme,71133,LA CLAYETTE,71,SAONE-ET-LOIRE,7,DIJON,46.29517720004177,4.320305495018829
0710024R,Collège Pierre-Paul Prud'hon,public,hors EP,116.1,88.8,0.0,conforme,92.1,0.0,conforme,71137,CLUNY,71,SAONE-ET-LOIRE,7,DIJON,46.42962084795676,4.656488143331499
0710025S,Collège Louis Pergaud,public,hors EP,108.3,88.8,0.0,conforme,92.1,0.0,conforme,71149,COUCHES,71,SAONE-ET-LOIRE,7,DIJON,46.86861863504131,4.568038869172785
0710033A,Collège Roger Boyer,public,hors EP,92.6,88.8,0.0,conforme,92.1,0.0,conforme,71157,CUISEAUX,71,SAONE-ET-LOIRE,7,DIJON,46.49876892654971,5.389062563235385
0710034B,Collège Les Dîmes,public,hors EP,101.3,88.8,0.0,conforme,92.1,0.0,conforme,71158,CUISERY,71,SAONE-ET-LOIRE,7,DIJON,46.55893665818041,4.992922120877328
0710037E,Collège Hubert Reeves,public,hors EP,94.7,88.8,0.0,conforme,92.1,0.0,conforme,71190,EPINAC,71,SAONE-ET-LOIRE,7,DIJON,46.9867881538283,4.5197751534409125
0710038F,Collège Claude Gabriel Bouthière,public,hors EP,107.6,88.8,0.0,conforme,92.1,0.0,conforme,71192,ETANG SUR ARROUX,71,SAONE-ET-LOIRE,7,DIJON,46.87055184618205,4.197279776299128
0710039G,Collège Jules Ferry,public,hors EP,99.3,88.8,0.0,conforme,92.1,0.0,conforme,71212,GENELARD,71,SAONE-ET-LOIRE,7,DIJON,46.57944844856989,4.245127009426246
0710044M,Collège Victor Hugo,public,hors EP,107.5,88.8,0.0,conforme,92.1,0.0,conforme,71267,LUGNY,71,SAONE-ET-LOIRE,7,DIJON,46.47201061204608,4.81330938447874
0710053X,Collège Saint-Cyr,public,hors EP,101.1,88.8,0.0,conforme,92.1,0.0,conforme,71289,MATOUR,71,SAONE-ET-LOIRE,7,DIJON,46.30712061629,4.483200345213133
0710056A,Collège Jean Moulin,public,REP,75.7,88.8,0.0,conforme,92.1,0.0,conforme,71306,MONTCEAU LES MINES,71,SAONE-ET-LOIRE,7,DIJON,46.67345668102723,4.367085320753354
0710060E,Collège Anne Frank,public,hors EP,103.2,88.8,0.0,conforme,92.1,0.0,conforme,71310,MONTCHANIN,71,SAONE-ET-LOIRE,7,DIJON,46.755404423795135,4.476598732281566
0710061F,Collège René Cassin,public,hors EP,101.1,88.8,0.0,conforme,92.1,0.0,conforme,71342,PARAY LE MONIAL,71,SAONE-ET-LOIRE,7,DIJON,46.4514301240961,4.117019595364536
0710063H,Collège Pierre Vaux,public,hors EP,94.4,88.8,0.0,conforme,92.1,0.0,conforme,71351,PIERRE DE BRESSE,71,SAONE-ET-LOIRE,7,DIJON,46.88605373785297,5.2632922695312265
0710064J,Collège En Fleurette,public,hors EP,103.6,88.8,0.0,conforme,92.1,0.0,conforme,71417,SAINT GENGOUX LE NATIONAL,71,SAONE-ET-LOIRE,7,DIJON,46.6105044621736,4.669828686848999
0710067M,Collège Les Chênes Rouges,public,hors EP,105.2,88.8,0.0,conforme,92.1,0.0,conforme,71420,SAINT GERMAIN DU PLAIN,71,SAONE-ET-LOIRE,7,DIJON,46.704180720743466,4.982346797211875
0710069P,Collège Roger Vailland,public,hors EP,101.4,88.8,0.0,conforme,92.1,0.0,conforme,71499,SANVIGNES LES MINES,71,SAONE-ET-LOIRE,7,DIJON,46.664139826937095,4.286092946756978
0710070R,Collège David Niépce,public,hors EP,106.7,88.8,0.0,conforme,92.1,0.0,conforme,71512,SENNECEY LE GRAND,71,SAONE-ET-LOIRE,7,DIJON,46.64052275542183,4.864633476913269
0710073U,Collège Les Trois Rivières,public,hors EP,97.6,88.8,0.0,conforme,92.1,0.0,conforme,71566,VERDUN SUR LE DOUBS,71,SAONE-ET-LOIRE,7,DIJON,46.901332782824014,5.019888392880636
0710154G,Collège Le Petit Prétan,public,hors EP,126.5,88.8,0.0,conforme,92.1,0.0,conforme,71221,GIVRY,71,SAONE-ET-LOIRE,7,DIJON,46.7816634367092,4.74062641374283
0710155H,Collège Guillaume des Autels,public,hors EP,108.4,88.8,0.0,conforme,92.1,0.0,conforme,71106,CHAROLLES,71,SAONE-ET-LOIRE,7,DIJON,46.43344107495966,4.26840223224169
0710534V,Collège Robert Schuman,public,REP,80.6,88.8,0.0,conforme,92.1,0.0,conforme,71270,MACON,71,SAONE-ET-LOIRE,7,DIJON,46.32001804781104,4.835703569402592
0710535W,Collège En Bagatelle,public,hors EP,107.4,88.8,0.0,conforme,92.1,0.0,conforme,71543,TOURNUS,71,SAONE-ET-LOIRE,7,DIJON,46.57425204976764,4.906754322738555
0710536X,Collège Jacques Prévert,public,REP,95.9,88.8,7.1000000000000085,sur-inclus,92.1,3.8000000000000114,sur-inclus,71076,CHALON SUR SAONE,71,SAONE-ET-LOIRE,7,DIJON,46.81310830971988,4.845740006274551
0710537Y,Collège Robert Doisneau,public,hors EP,82.8,88.8,6.0,oublie,92.1,9.299999999999997,oublie,71076,CHALON SUR SAONE,71,SAONE-ET-LOIRE,7,DIJON,46.78630345133431,4.843331585348618
0711052H,Collège Louis Pasteur,public,hors EP,103.7,88.8,0.0,conforme,92.1,0.0,conforme,71270,MACON,71,SAONE-ET-LOIRE,7,DIJON,46.31153593309533,4.827808545995092
0711053J,Collège Bréart,public,hors EP,97.6,88.8,0.0,conforme,92.1,0.0,conforme,71270,MACON,71,SAONE-ET-LOIRE,7,DIJON,46.308771928711685,4.822674491652506
0711054K,Collège Saint-Exupéry,public,hors EP,91.2,88.8,0.0,conforme,92.1,0.8999999999999915,oublie,71270,MACON,71,SAONE-ET-LOIRE,7,DIJON,46.29737696511189,4.806506380437116
0711069B,Collège Croix-Menée,public,hors EP,99.4,88.8,0.0,conforme,92.1,0.0,conforme,71153,LE CREUSOT,71,SAONE-ET-LOIRE,7,DIJON,46.80425474761284,4.454429821123937
0711071D,Collège Jean Moulin,public,hors EP,107.8,88.8,0.0,conforme,92.1,0.0,conforme,71275,MARCIGNY,71,SAONE-ET-LOIRE,7,DIJON,46.27654826172138,4.038208214754255
0711135Y,Collège Antoine de Saint-Exupéry,public,hors EP,90.9,88.8,0.0,conforme,92.1,1.1999999999999886,oublie,71306,MONTCEAU LES MINES,71,SAONE-ET-LOIRE,7,DIJON,46.67937522726497,4.370472644033587
0711136Z,Collège Roger Semet,public,REP,92.3,88.8,3.5,sur-inclus,92.1,0.20000000000000284,sur-inclus,71176,DIGOIN,71,SAONE-ET-LOIRE,7,DIJON,46.473825448449496,3.993902356685625
0711146K,Collège Bois des Dames,public,hors EP,94.6,88.8,0.0,conforme,92.1,0.0,conforme,71419,SAINT GERMAIN DU BOIS,71,SAONE-ET-LOIRE,7,DIJON,46.750547732426384,5.237579994630212
0711252A,Collège Jorge Semprun,public,hors EP,97.7,88.8,0.0,conforme,92.1,0.0,conforme,71230,GUEUGNON,71,SAONE-ET-LOIRE,7,DIJON,46.60239892072742,4.047300050277625
0711293V,Collège Louis Pasteur,public,hors EP,101.7,88.8,0.0,conforme,92.1,0.0,conforme,71475,SAINT REMY,71,SAONE-ET-LOIRE,7,DIJON,46.76747595538926,4.8308558610203
0711294W,Collège du Vallon,public,REP,91.4,88.8,2.6000000000000085,sur-inclus,92.1,0.0,conforme,71014,AUTUN,71,SAONE-ET-LOIRE,7,DIJON,46.959719265351794,4.305599750951092
0711296Y,Collège Nicolas Copernic,public,hors EP,102.6,88.8,0.0,conforme,92.1,0.0,conforme,71486,SAINT VALLIER,71,SAONE-ET-LOIRE,7,DIJON,46.64390402470136,4.351131036281911
0711321A,Collège Condorcet,public,hors EP,106.4,88.8,0.0,conforme,92.1,0.0,conforme,71090,LA CHAPELLE DE GUINCHAY,71,SAONE-ET-LOIRE,7,DIJON,46.211315087006206,4.755400634181858
0711323C,Collège Les Épontots,public,REP,83.4,88.8,0.0,conforme,92.1,0.0,conforme,71309,MONTCENIS,71,SAONE-ET-LOIRE,7,DIJON,46.78807515110052,4.418356320377742
0711324D,Collège Centre,public,hors EP,90.9,88.8,0.0,conforme,92.1,1.1999999999999886,oublie,71153,LE CREUSOT,71,SAONE-ET-LOIRE,7,DIJON,46.80561686680549,4.4262804192683
0711348E,Collège Jean Vilar,public,REP,92.8,88.8,4.0,sur-inclus,92.1,0.7000000000000028,sur-inclus,71076,CHALON SUR SAONE,71,SAONE-ET-LOIRE,7,DIJON,46.80197505716559,4.852881537595646
0711350G,Collège La Châtaigneraie,public,hors EP,99.7,88.8,0.0,conforme,92.1,0.0,conforme,71014,AUTUN,71,SAONE-ET-LOIRE,7,DIJON,46.946992924718536,4.285801539802686
0711448N,Collège Camille Chevalier,public,hors EP,96.5,88.8,0.0,conforme,92.1,0.0,conforme,71076,CHALON SUR SAONE,71,SAONE-ET-LOIRE,7,DIJON,46.78234249622731,4.848766509552
0711449P,Collège Henri Vincenot,public,hors EP,96.2,88.8,0.0,conforme,92.1,0.0,conforme,71263,LOUHANS,71,SAONE-ET-LOIRE,7,DIJON,46.62109962151021,5.213557791533708
0711451S,Collège Olivier de la Marche,public,hors EP,105.4,88.8,0.0,conforme,92.1,0.0,conforme,71456,SAINT MARTIN EN BRESSE,71,SAONE-ET-LOIRE,7,DIJON,46.816041694955416,5.059102715555115
0711490J,Collège Vivant Denon,public,hors EP,100.7,88.8,0.0,conforme,92.1,0.0,conforme,71445,SAINT MARCEL,71,SAONE-ET-LOIRE,7,DIJON,46.77308514175803,4.88675505195187
0711585M,Collège Louis Aragon,public,hors EP,94.7,88.8,0.0,conforme,92.1,0.0,conforme,71118,CHATENOY LE ROYAL,71,SAONE-ET-LOIRE,7,DIJON,46.792637434391565,4.808760950653448
0720001K,Collège John Kennedy,public,REP,90.3,88.8,1.5,sur-inclus,88.7,1.5999999999999943,sur-inclus,72003,ALLONNES,72,SARTHE,17,NANTES,47.96491711362943,0.1623149899466343
0720002L,Collège Normandie Maine,public,hors EP,100.9,88.8,0.0,conforme,88.7,0.0,conforme,72005,ANCINNES,72,SARTHE,17,NANTES,48.36900185758302,0.1714187172604465
0720004N,Collège René Cassin,public,hors EP,96.7,88.8,0.0,conforme,88.7,0.0,conforme,72023,BALLON SAINT MARS,72,SARTHE,17,NANTES,48.17379138629705,0.2402198565707574
0720007S,Collège Guillaume Apollinaire,public,hors EP,95.3,88.8,0.0,conforme,88.7,0.0,conforme,72042,BOULOIRE,72,SARTHE,17,NANTES,47.97272749461735,0.5488454600545168
0720011W,Collège Pierre de Ronsard,public,hors EP,96.3,88.8,0.0,conforme,88.7,0.0,conforme,72068,LA CHARTRE SUR LE LOIR,72,SARTHE,17,NANTES,47.729177747778,0.5786846798516497
0720014Z,Collège André Pioger,public,hors EP,99.0,88.8,0.0,conforme,88.7,0.0,conforme,72089,CONLIE,72,SARTHE,17,NANTES,48.13650293199316,-0.0117919031930201
0720015A,Collège François Grudé,public,hors EP,98.0,88.8,0.0,conforme,88.7,0.0,conforme,72090,CONNERRE,72,SARTHE,17,NANTES,48.05758146431262,0.4913091798306715
0720019E,Collège Léo Delibes,public,hors EP,97.8,88.8,0.0,conforme,88.7,0.0,conforme,72138,FRESNAY SUR SARTHE,72,SARTHE,17,NANTES,48.28358635324204,0.0215233252968794
0720023J,Collège Henri IV,public,hors EP,94.3,88.8,0.0,conforme,88.7,0.0,conforme,72154,LA FLECHE,72,SARTHE,17,NANTES,47.70458040169098,-0.0685703028570826
0720024K,Collège Rosa Bonheur,public,hors EP,100.1,88.8,0.0,conforme,88.7,0.0,conforme,72168,LOUE,72,SARTHE,17,NANTES,47.99796527723811,-0.1494576529640097
0720038A,Collège Roger Vercel,public,hors EP,117.2,88.8,0.0,conforme,88.7,0.0,conforme,72181,LE MANS,72,SARTHE,17,NANTES,48.00847310597438,0.2137935457143073
0720040C,Collège Ambroise Paré,public,hors EP,114.2,88.8,0.0,conforme,88.7,0.0,conforme,72181,LE MANS,72,SARTHE,17,NANTES,48.00500840975462,0.1856674208625781
0720043F,Collège Jean Moulin,public,hors EP,93.6,88.8,0.0,conforme,88.7,0.0,conforme,72189,MAROLLES LES BRAULTS,72,SARTHE,17,NANTES,48.25115583078544,0.3118053640626743
0720046J,Collège des Alpes Mancelles,public,hors EP,104.7,88.8,0.0,conforme,88.7,0.0,conforme,72212,MOULINS LE CARBONNEL,72,SARTHE,17,NANTES,48.3741911643839,-0.026961791635972
0720051P,Collège Jules Ferry,public,hors EP,93.5,88.8,0.0,conforme,88.7,0.0,conforme,72269,SAINT CALAIS,72,SARTHE,17,NANTES,47.918550300912784,0.7461095914002867
0720053S,Collège Véron de Ferbonnais,public,hors EP,89.3,88.8,0.0,conforme,88.7,0.0,conforme,72276,SAINT COSME EN VAIRAIS,72,SARTHE,17,NANTES,48.27652240834646,0.4592197660194598
0720058X,Collège Gabriel Goussault,public,hors EP,95.7,88.8,0.0,conforme,88.7,0.0,conforme,72373,VIBRAYE,72,SARTHE,17,NANTES,48.06442344370823,0.7344504330928314
0720062B,Collège Daphné du Maurier,public,hors EP,97.6,88.8,0.0,conforme,88.7,0.0,conforme,72154,LA FLECHE,72,SARTHE,17,NANTES,47.70604337729024,-0.0894295724696632
0720067G,Collège de Bercé,public,hors EP,92.5,88.8,0.0,conforme,88.7,0.0,conforme,72071,MONTVAL SUR LOIR,72,SARTHE,17,NANTES,47.69897526750431,0.4129213864522583
0720068H,Collège Léon Tolstoï,public,hors EP,83.9,88.8,4.8999999999999915,oublie,88.7,4.799999999999997,oublie,72181,LE MANS,72,SARTHE,17,NANTES,48.02011676905311,0.2097945372364403
0720069J,Collège Alexandre Mauboussin,public,hors EP,88.8,88.8,0.0,au seuil,88.7,0.0,conforme,72180,MAMERS,72,SARTHE,17,NANTES,48.34998537661188,0.3631434125446733
0720070K,Collège Pierre Reverdy,public,hors EP,95.5,88.8,0.0,conforme,88.7,0.0,conforme,72264,SABLE SUR SARTHE,72,SARTHE,17,NANTES,47.84339482952081,-0.3313573613702411
0720081X,Collège Alain-Fournier,public,REP+,78.6,88.8,0.0,conforme,88.7,0.0,conforme,72181,LE MANS,72,SARTHE,17,NANTES,47.98744440417012,0.2160756873329833
0720797A,Collège Joséphine Baker,public,REP+,75.4,88.8,0.0,conforme,88.7,0.0,conforme,72181,LE MANS,72,SARTHE,17,NANTES,47.97468367303608,0.2221651183790889
0720798B,Collège Vieux Colombier,public,hors EP,117.2,88.8,0.0,conforme,88.7,0.0,conforme,72181,LE MANS,72,SARTHE,17,NANTES,47.99244602825907,0.1670786156259174
0720799C,Collège Jean de l'Épine,public,hors EP,103.4,88.8,0.0,conforme,88.7,0.0,conforme,72181,LE MANS,72,SARTHE,17,NANTES,48.01740166270182,0.1805152793431396
0720800D,Collège Albert Camus,public,hors EP,106.0,88.8,0.0,conforme,88.7,0.0,conforme,72181,LE MANS,72,SARTHE,17,NANTES,47.989969906013314,0.2094518044174083
0720847E,Collège Louis Cordelet,public,hors EP,107.6,88.8,0.0,conforme,88.7,0.0,conforme,72231,PARIGNE L EVEQUE,72,SARTHE,17,NANTES,47.9341876697092,0.3640424791316484
0720902P,Collège Pierre-Gilles de Gennes,public,REP,78.7,88.8,0.0,conforme,88.7,0.0,conforme,72181,LE MANS,72,SARTHE,17,NANTES,47.96849261242499,0.1976884716282042
0720903R,Collège Henri Lefeuvre,public,hors EP,100.0,88.8,0.0,conforme,88.7,0.0,conforme,72008,ARNAGE,72,SARTHE,17,NANTES,47.93376476386139,0.1854543399042003
0720904S,Collège Albert Maignan,public,hors EP,95.1,88.8,0.0,conforme,88.7,0.0,conforme,72029,BEAUMONT SUR SARTHE,72,SARTHE,17,NANTES,48.2285573931166,0.1329364749857411
0720905T,Collège Ariste Jacques Trouvé Chauvel,public,hors EP,102.1,88.8,0.0,conforme,88.7,0.0,conforme,72346,LA SUZE SUR SARTHE,72,SARTHE,17,NANTES,47.889356870237656,0.0233729498964361
0720906U,Collège Jean Cocteau,public,hors EP,99.2,88.8,0.0,conforme,88.7,0.0,conforme,72095,COULAINES,72,SARTHE,17,NANTES,48.02775360167772,0.2025525870705777
0720986F,Collège la Madeleine,public,hors EP,108.7,88.8,0.0,conforme,88.7,0.0,conforme,72181,LE MANS,72,SARTHE,17,NANTES,48.02343762094693,0.1848811715797154
0720987G,Collège Costa-Gavras,public,REP+,63.0,88.8,0.0,conforme,88.7,0.0,conforme,72181,LE MANS,72,SARTHE,17,NANTES,47.99431492236332,0.2323979853234652
0720988H,Collège Suzanne Bouteloup,public,hors EP,93.2,88.8,0.0,conforme,88.7,0.0,conforme,72191,MAYET,72,SARTHE,17,NANTES,47.76676504674998,0.2731689163883102
0720989J,Collège Simone Veil,public,REP,80.3,88.8,0.0,conforme,88.7,0.0,conforme,72264,SABLE SUR SARTHE,72,SARTHE,17,NANTES,47.83181690661591,-0.322215437947841
0721042S,Collège Jean Rostand,public,hors EP,110.9,88.8,0.0,conforme,88.7,0.0,conforme,72289,SAINTE JAMME SUR SARTHE,72,SARTHE,17,NANTES,48.1390561771706,0.164620973758814
0721043T,Collège Alfred de Musset,public,hors EP,102.5,88.8,0.0,conforme,88.7,0.0,conforme,72124,ECOMMOY,72,SARTHE,17,NANTES,47.8271655796809,0.2774374389944373
0721044U,Collège Paul Chevallier,public,hors EP,100.5,88.8,0.0,conforme,88.7,0.0,conforme,72143,LE GRAND LUCE,72,SARTHE,17,NANTES,47.86656018969457,0.4706420214222601
0721086P,Collège Wilbur Wright,public,hors EP,101.8,88.8,0.0,conforme,88.7,0.0,conforme,72054,CHAMPAGNE,72,SARTHE,17,NANTES,48.023054807504,0.3323105715589262
0721089T,Collège Courtanvaux,public,hors EP,89.9,88.8,0.0,conforme,88.7,0.0,conforme,72035,BESSE SUR BRAYE,72,SARTHE,17,NANTES,47.83821322167353,0.7397822678082455
0721090U,Collège Joseph Weismann,public,hors EP,103.7,88.8,0.0,conforme,88.7,0.0,conforme,72181,LE MANS,72,SARTHE,17,NANTES,48.01527142341203,0.2265129818691145
0721093X,Collège la Foresterie,public,hors EP,96.4,88.8,0.0,conforme,88.7,0.0,conforme,72039,BONNETABLE,72,SARTHE,17,NANTES,48.18480461256977,0.4268161045389879
0721224P,Collège Le Marin,public,REP,88.9,88.8,0.10000000000000853,sur-inclus,88.7,0.20000000000000284,sur-inclus,72003,ALLONNES,72,SARTHE,17,NANTES,47.964369257127046,0.1569354661440251
0721225R,Collège Pasteur,public,hors EP,116.4,88.8,0.0,conforme,88.7,0.0,conforme,72386,YVRE L EVEQUE,72,SARTHE,17,NANTES,48.01689837427717,0.2707825653076921
0721226S,Collège les Quatre-Vents,public,hors EP,91.0,88.8,0.0,conforme,88.7,0.0,conforme,72176,LE LUDE,72,SARTHE,17,NANTES,47.644385194948775,0.1477596148267326
0721262F,Collège Bérengère de Navarre,public,hors EP,91.8,88.8,0.0,conforme,88.7,0.0,conforme,72181,LE MANS,72,SARTHE,17,NANTES,47.97095289647883,0.225364355686658
0721263G,Collège Marcel Pagnol,public,hors EP,95.1,88.8,0.0,conforme,88.7,0.0,conforme,72223,NOYEN SUR SARTHE,72,SARTHE,17,NANTES,47.81884832436123,-0.0900894827903319
0721281B,Collège Bollée,public,hors EP,105.7,88.8,0.0,conforme,88.7,0.0,conforme,72213,MULSANNE,72,SARTHE,17,NANTES,47.909984683010826,0.2514397470316559
0721304B,Collège Jacques Prévert,public,hors EP,99.1,88.8,0.0,conforme,88.7,0.0,conforme,72243,PONTVALLAIN,72,SARTHE,17,NANTES,47.75519548474253,0.190727946284176
0721363R,Collège Berthelot,public,hors EP,102.4,88.8,0.0,conforme,88.7,0.0,conforme,72181,LE MANS,72,SARTHE,17,NANTES,48.00240441755556,0.2012601356873957
0721364S,Collège Georges Desnos,public,hors EP,94.5,88.8,0.0,conforme,88.7,0.0,conforme,72132,LA FERTE BERNARD,72,SARTHE,17,NANTES,48.1897902852192,0.6472167439474059
0721365T,Collège Paul Scarron,public,hors EP,91.0,88.8,0.0,conforme,88.7,0.0,conforme,72334,SILLE LE GUILLAUME,72,SARTHE,17,NANTES,48.19491456773308,-0.121389531427583
0721477P,Collège Jacques Peletier,public,hors EP,115.3,88.8,0.0,conforme,88.7,0.0,conforme,72058,CHANGE,72,SARTHE,17,NANTES,47.982988327413615,0.28700342186139
0721483W,Collège Pierre Belon,public,hors EP,105.5,88.8,0.0,conforme,88.7,0.0,conforme,72051,CERANS FOULLETOURTE,72,SARTHE,17,NANTES,47.82758722198736,0.0809503423189146
0730001E,Collège la Lauzière,public,hors EP,105.3,88.8,0.0,conforme,89.6,0.0,conforme,73212,VAL D ARC,73,SAVOIE,8,GRENOBLE,45.54413439597408,6.303496782715337
0730002F,Collège Jovet,public,hors EP,112.6,88.8,0.0,conforme,89.6,0.0,conforme,73006,AIME LA PLAGNE,73,SAVOIE,8,GRENOBLE,45.55749288909976,6.655220220342716
0730004H,Collège Jacques Prévert,public,hors EP,116.8,88.8,0.0,conforme,89.6,0.0,conforme,73010,ENTRELACS,73,SAVOIE,8,GRENOBLE,45.78772745231842,5.946719848439001
0730007L,Collège le Beaufortain,public,hors EP,115.3,88.8,0.0,conforme,89.6,0.0,conforme,73034,BEAUFORT,73,SAVOIE,8,GRENOBLE,45.71683730500847,6.572632639849031
0730008M,Collège Jean Rostand,public,hors EP,102.5,88.8,0.0,conforme,89.6,0.0,conforme,73181,MOUTIERS,73,SAVOIE,8,GRENOBLE,45.48260865511372,6.52900993727599
0730009N,Collège Saint-Exupéry,public,hors EP,113.8,88.8,0.0,conforme,89.6,0.0,conforme,73054,BOURG SAINT MAURICE,73,SAVOIE,8,GRENOBLE,45.618777449493926,6.76520986108563
0730010P,Collège le Bonrieu,public,hors EP,113.9,88.8,0.0,conforme,89.6,0.0,conforme,73055,BOZEL,73,SAVOIE,8,GRENOBLE,45.44352795791968,6.649700392004731
0730017X,Collège de Saint-Étienne de Cuines,public,hors EP,106.4,88.8,0.0,conforme,89.6,0.0,conforme,73231,SAINT ETIENNE DE CUINES,73,SAVOIE,8,GRENOBLE,45.3407399221475,6.290709653914743
0730020A,Collège des Bauges,public,hors EP,114.3,88.8,0.0,conforme,89.6,0.0,conforme,73081,LE CHATELARD,73,SAVOIE,8,GRENOBLE,45.68662910368884,6.135597386119035
0730022C,Collège Béatrice de Savoie,public,hors EP,110.7,88.8,0.0,conforme,89.6,0.0,conforme,73105,LES ECHELLES,73,SAVOIE,8,GRENOBLE,45.43929240285856,5.75095966361148
0730023D,Collège Joseph Fontanet,public,hors EP,106.3,88.8,0.0,conforme,89.6,0.0,conforme,73121,FRONTENEX,73,SAVOIE,8,GRENOBLE,45.631085426769225,6.313679512553731
0730028J,Collège de Boigne,public,hors EP,115.1,88.8,0.0,conforme,89.6,0.0,conforme,73179,LA MOTTE SERVOLEX,73,SAVOIE,8,GRENOBLE,45.58944498267955,5.880529973203466
0730031M,Collège de l'Épine,public,hors EP,126.4,88.8,0.0,conforme,89.6,0.0,conforme,73191,NOVALAISE,73,SAVOIE,8,GRENOBLE,45.5988588196217,5.775189505883899
0730036T,Collège La forêt,public,hors EP,107.5,88.8,0.0,conforme,89.6,0.0,conforme,73236,SAINT GENIX LES VILLAGES,73,SAVOIE,8,GRENOBLE,45.60169962778676,5.631430224711119
0730042Z,Collège les Frontailles,public,hors EP,116.8,88.8,0.0,conforme,89.6,0.0,conforme,73270,SAINT PIERRE D ALBIGNY,73,SAVOIE,8,GRENOBLE,45.57310441535522,6.161775597345249
0730044B,Collège Ernest Perrier de la Bâthie,public,hors EP,98.0,88.8,0.0,conforme,89.6,0.0,conforme,73303,UGINE,73,SAVOIE,8,GRENOBLE,45.75329925859624,6.416440630499415
0730045C,Collège Charles Dullin,public,hors EP,109.9,88.8,0.0,conforme,89.6,0.0,conforme,73330,YENNE,73,SAVOIE,8,GRENOBLE,45.70231845484669,5.756336516118501
0730049G,Collège la Vanoise,public,hors EP,112.5,88.8,0.0,conforme,89.6,0.0,conforme,73157,MODANE,73,SAVOIE,8,GRENOBLE,45.19598927988055,6.664190622885128
0730810J,Collège J. et X. de Maistre,public,hors EP,120.2,88.8,0.0,conforme,89.6,0.0,conforme,73222,SAINT ALBAN LEYSSE,73,SAVOIE,8,GRENOBLE,45.57959029617252,5.962090575213067
0730853F,Collège Marlioz,public,hors EP,111.4,88.8,0.0,conforme,89.6,0.0,conforme,73103,DRUMETTAZ CLARAFOND,73,SAVOIE,8,GRENOBLE,45.6649705609432,5.9141456981785065
0730855H,Collège de Bissy,public,hors EP,117.2,88.8,0.0,conforme,89.6,0.0,conforme,73065,CHAMBERY,73,SAVOIE,8,GRENOBLE,45.5758504138587,5.902910031159872
0730901H,Collège Côte Rousse,public,REP+,77.2,88.8,0.0,conforme,89.6,0.0,conforme,73065,CHAMBERY,73,SAVOIE,8,GRENOBLE,45.59073765125101,5.920809745457781
0730902J,Collège Louise de Savoie,public,hors EP,107.3,88.8,0.0,conforme,89.6,0.0,conforme,73065,CHAMBERY,73,SAVOIE,8,GRENOBLE,45.56865567870206,5.915910374314668
0730903K,Collège Maurienne,public,hors EP,101.8,88.8,0.0,conforme,89.6,0.0,conforme,73248,SAINT JEAN DE MAURIENNE,73,SAVOIE,8,GRENOBLE,45.27567924260834,6.346850042275289
0730904L,Collège Combe de Savoie,public,REP,94.2,88.8,5.400000000000006,sur-inclus,89.6,4.6000000000000085,sur-inclus,73011,ALBERTVILLE,73,SAVOIE,8,GRENOBLE,45.66598411736003,6.371599818245207
0730982W,Collège Edmond Rostand,public,hors EP,113.9,88.8,0.0,conforme,89.6,0.0,conforme,73213,LA RAVOIRE,73,SAVOIE,8,GRENOBLE,45.56008573595483,5.965270103434963
0730984Y,Collège Paul Mougin,public,hors EP,108.7,88.8,0.0,conforme,89.6,0.0,conforme,73261,SAINT MICHEL DE MAURIENNE,73,SAVOIE,8,GRENOBLE,45.22112441742774,6.466669421282954
0731041K,Collège Garibaldi,public,hors EP,113.1,88.8,0.0,conforme,89.6,0.0,conforme,73008,AIX LES BAINS,73,SAVOIE,8,GRENOBLE,45.70320144678988,5.891240596977349
0731042L,Collège Jules Ferry,public,hors EP,104.1,88.8,0.0,conforme,89.6,0.0,conforme,73065,CHAMBERY,73,SAVOIE,8,GRENOBLE,45.56619232811511,5.929516602216261
0731044N,Collège Pierre et Marie Curie,public,hors EP,111.0,88.8,0.0,conforme,89.6,0.0,conforme,73171,MONTMELIAN,73,SAVOIE,8,GRENOBLE,45.50292233384892,6.042339662510512
0731069R,Collège Pierre Grange,public,hors EP,98.0,88.8,0.0,conforme,89.6,0.0,conforme,73011,ALBERTVILLE,73,SAVOIE,8,GRENOBLE,45.66987721990545,6.393990213513779
0731113N,Collège Henry Bordeaux,public,hors EP,113.2,88.8,0.0,conforme,89.6,0.0,conforme,73087,COGNIN,73,SAVOIE,8,GRENOBLE,45.5637899581244,5.890480544899355
0731114P,Collège du Val Gelon,public,hors EP,112.2,88.8,0.0,conforme,89.6,0.0,conforme,73215,VALGELON LA ROCHETTE,73,SAVOIE,8,GRENOBLE,45.45710107189466,6.115256474693469
0731204M,Collège Jean Jacques Perret,public,hors EP,121.0,88.8,0.0,conforme,89.6,0.0,conforme,73008,AIX LES BAINS,73,SAVOIE,8,GRENOBLE,45.693300411974974,5.915180537814734
0731224J,Collège Jean Moulin,public,hors EP,100.0,88.8,0.0,conforme,89.6,0.0,conforme,73011,ALBERTVILLE,73,SAVOIE,8,GRENOBLE,45.67398221690976,6.389100607462976
0731306Y,Collège Jean Mermoz,public,hors EP,112.2,88.8,0.0,conforme,89.6,0.0,conforme,73030,BARBY,73,SAVOIE,8,GRENOBLE,45.56797685077803,5.972939586931884
0731441V,Collège George Sand,public,hors EP,125.9,88.8,0.0,conforme,89.6,0.0,conforme,73179,LA MOTTE SERVOLEX,73,SAVOIE,8,GRENOBLE,45.60192373603459,5.8690505794273
0731521G,Collège le Revard,public,hors EP,127.5,88.8,0.0,conforme,89.6,0.0,conforme,73128,GRESY SUR AIX,73,SAVOIE,8,GRENOBLE,45.722085110196765,5.929670160937084
0740001Z,Collège Val d'Abondance,public,hors EP,105.1,88.8,0.0,conforme,89.6,0.0,conforme,74001,ABONDANCE,74,HAUTE-SAVOIE,8,GRENOBLE,46.2796827580321,6.718515208056429
0740002A,Collège René Long,public,hors EP,120.5,88.8,0.0,conforme,89.6,0.0,conforme,74002,ALBY SUR CHERAN,74,HAUTE-SAVOIE,8,GRENOBLE,45.80657573957385,6.014359537538597
0740015P,Collège François Mugnier,public,hors EP,110.5,88.8,0.0,conforme,89.6,0.0,conforme,74043,BONS EN CHABLAIS,74,HAUTE-SAVOIE,8,GRENOBLE,46.26507828748332,6.362779578428141
0740018T,Collège Louis Armand,public,hors EP,123.4,88.8,0.0,conforme,89.6,0.0,conforme,74096,CRUSEILLES,74,HAUTE-SAVOIE,8,GRENOBLE,46.03198136090153,6.104099960977376
0740020V,Collège du Bas Chablais,public,hors EP,110.3,88.8,0.0,conforme,89.6,0.0,conforme,74105,DOUVAINE,74,HAUTE-SAVOIE,8,GRENOBLE,46.30361704588958,6.308000145152058
0740021W,Collège les Rives du Léman,public,hors EP,108.3,88.8,0.0,conforme,89.6,0.0,conforme,74119,EVIAN LES BAINS,74,HAUTE-SAVOIE,8,GRENOBLE,46.39118039544198,6.579660215277821
0740023Y,Collège Jean Lachenal,public,hors EP,106.2,88.8,0.0,conforme,89.6,0.0,conforme,74123,FAVERGES SEYTHENEX,74,HAUTE-SAVOIE,8,GRENOBLE,45.74789203518904,6.287265805280224
0740024Z,Collège Val des Usses,public,hors EP,109.6,88.8,0.0,conforme,89.6,0.0,conforme,74131,FRANGY,74,HAUTE-SAVOIE,8,GRENOBLE,46.01821562729495,5.93693971246746
0740025A,Collège du Parmelan,public,hors EP,122.6,88.8,0.0,conforme,89.6,0.0,conforme,74137,GROISY,74,HAUTE-SAVOIE,8,GRENOBLE,46.0052942911275,6.177130397062031
0740026B,Collège Émile Allais,public,hors EP,118.1,88.8,0.0,conforme,89.6,0.0,conforme,74173,MEGEVE,74,HAUTE-SAVOIE,8,GRENOBLE,45.84624384950142,6.640506944132605
0740029E,Collège La Pierre aux Fées,public,hors EP,107.1,88.8,0.0,conforme,89.6,0.0,conforme,74220,REIGNIER ESERY,74,HAUTE-SAVOIE,8,GRENOBLE,46.13684226463232,6.266659365346764
0740032H,Collège le Clergeon,public,hors EP,102.6,88.8,0.0,conforme,89.6,0.0,conforme,74225,RUMILLY,74,HAUTE-SAVOIE,8,GRENOBLE,45.86989114703075,5.939639568463862
0740034K,Collège Henri Corbet,public,hors EP,114.2,88.8,0.0,conforme,89.6,0.0,conforme,74238,SAINT JEAN D AULPS,74,HAUTE-SAVOIE,8,GRENOBLE,46.23475415330505,6.653830217361467
0740035L,Collège Gaspard Monge,public,hors EP,113.4,88.8,0.0,conforme,89.6,0.0,conforme,74241,SAINT JEOIRE,74,HAUTE-SAVOIE,8,GRENOBLE,46.13593104520341,6.465002304560648
0740036M,Collège Jean Monnet,public,hors EP,126.4,88.8,0.0,conforme,89.6,0.0,conforme,74242,SAINT JORIOZ,74,HAUTE-SAVOIE,8,GRENOBLE,45.835709628496055,6.162330049850086
0740038P,Collège Arthur Rimbaud,public,hors EP,102.2,88.8,0.0,conforme,89.6,0.0,conforme,74243,SAINT JULIEN EN GENEVOIS,74,HAUTE-SAVOIE,8,GRENOBLE,46.14818830140571,6.091880515397253
0740039R,Collège du Verney,public,hors EP,106.7,88.8,0.0,conforme,89.6,0.0,conforme,74256,SALLANCHES,74,HAUTE-SAVOIE,8,GRENOBLE,45.93472363458172,6.641019160736626
0740040S,Collège André Corbet,public,hors EP,116.1,88.8,0.0,conforme,89.6,0.0,conforme,74258,SAMOENS,74,HAUTE-SAVOIE,8,GRENOBLE,46.08572271027058,6.720589807166046
0740041T,Collège du Mont des Princes,public,hors EP,105.5,88.8,0.0,conforme,89.6,0.0,conforme,74269,SEYSSEL,74,HAUTE-SAVOIE,8,GRENOBLE,45.95952738749518,5.839829373473902
0740043V,Collège Jacques Brel,public,hors EP,118.6,88.8,0.0,conforme,89.6,0.0,conforme,74276,TANINGES,74,HAUTE-SAVOIE,8,GRENOBLE,46.10661317049624,6.588990613624619
0740048A,Collège Jean-Marie Molliet,public,hors EP,123.2,88.8,0.0,conforme,89.6,0.0,conforme,74037,BOEGE,74,HAUTE-SAVOIE,8,GRENOBLE,46.2071783234878,6.404399973208871
0740065U,Collège Les Balmettes,public,hors EP,113.7,88.8,0.0,conforme,89.6,0.0,conforme,74010,ANNECY,74,HAUTE-SAVOIE,8,GRENOBLE,45.89674145294059,6.122499541308304
0740071A,Collège Evire,public,hors EP,98.8,88.8,0.0,conforme,89.6,0.0,conforme,74010,ANNECY,74,HAUTE-SAVOIE,8,GRENOBLE,45.92271775239143,6.135488072624372
0740157U,Collège Samivel,public,hors EP,97.7,88.8,0.0,conforme,89.6,0.0,conforme,74042,BONNEVILLE,74,HAUTE-SAVOIE,8,GRENOBLE,46.0820879243239,6.408603926188515
0740263J,Collège de Varens,public,hors EP,110.8,88.8,0.0,conforme,89.6,0.0,conforme,74208,PASSY,74,HAUTE-SAVOIE,8,GRENOBLE,45.914019332477785,6.700780386269211
0740274W,Collège Beauregard,public,hors EP,97.4,88.8,0.0,conforme,89.6,0.0,conforme,74010,ANNECY,74,HAUTE-SAVOIE,8,GRENOBLE,45.90217637201565,6.106610347181448
0740910M,Collège Paul Langevin,public,hors EP,92.4,88.8,0.0,conforme,89.6,0.0,conforme,74305,VILLE LA GRAND,74,HAUTE-SAVOIE,8,GRENOBLE,46.20207833129603,6.257129873668463
0740911N,Collège Geneviève Anthonioz de Gaulle,public,REP,86.3,88.8,0.0,conforme,89.6,0.0,conforme,74081,CLUSES,74,HAUTE-SAVOIE,8,GRENOBLE,46.06398214050037,6.57455970848442
0740929H,Collège Raoul Blanchard,public,hors EP,101.7,88.8,0.0,conforme,89.6,0.0,conforme,74010,ANNECY,74,HAUTE-SAVOIE,8,GRENOBLE,45.90430757360196,6.1260006141787935
0740930J,Collège les Barattes,public,hors EP,122.5,88.8,0.0,conforme,89.6,0.0,conforme,74010,ANNECY,74,HAUTE-SAVOIE,8,GRENOBLE,45.913496438281335,6.15628966751409
0740931K,Collège les Allobroges,public,hors EP,110.8,88.8,0.0,conforme,89.6,0.0,conforme,74224,LA ROCHE SUR FORON,74,HAUTE-SAVOIE,8,GRENOBLE,46.06839330949647,6.312880260495176
0741096P,Collège Jacques Prévert,public,hors EP,106.2,88.8,0.0,conforme,89.6,0.0,conforme,74010,ANNECY,74,HAUTE-SAVOIE,8,GRENOBLE,45.91562906577376,6.094789586382726
0741097R,Collège Jacques Prévert,public,REP,87.3,88.8,0.0,conforme,89.6,0.0,conforme,74133,GAILLARD,74,HAUTE-SAVOIE,8,GRENOBLE,46.18490606823581,6.216789708594532
0741116L,Collège Roger Frison-Roche,public,hors EP,118.9,88.8,0.0,conforme,89.6,0.0,conforme,74056,CHAMONIX MONT BLANC,74,HAUTE-SAVOIE,8,GRENOBLE,45.92687296198204,6.871960327992178
0741117M,Collège Le Semnoz,public,hors EP,97.1,88.8,0.0,conforme,89.6,0.0,conforme,74010,ANNECY,74,HAUTE-SAVOIE,8,GRENOBLE,45.88507133144752,6.095131984044811
0741139L,Collège Jean-Jacques Gallay,public,REP,85.4,88.8,0.0,conforme,89.6,0.0,conforme,74264,SCIONZIER,74,HAUTE-SAVOIE,8,GRENOBLE,46.068421002685376,6.538230348768188
0741165P,Collège Michel Servet,public,REP,83.3,88.8,0.0,conforme,89.6,0.0,conforme,74012,ANNEMASSE,74,HAUTE-SAVOIE,8,GRENOBLE,46.19285076495058,6.237469534232542
0741187N,Collège les Aravis,public,hors EP,113.7,88.8,0.0,conforme,89.6,0.0,conforme,74280,THONES,74,HAUTE-SAVOIE,8,GRENOBLE,45.88684449344676,6.312149632209216
0741227G,Collège Jean Jacques Rousseau,public,hors EP,100.8,88.8,0.0,conforme,89.6,0.0,conforme,74281,THONON LES BAINS,74,HAUTE-SAVOIE,8,GRENOBLE,46.36676075226408,6.471569829586152
0741308V,Collège du pays de Gavot,public,hors EP,113.1,88.8,0.0,conforme,89.6,0.0,conforme,74249,SAINT PAUL EN CHABLAIS,74,HAUTE-SAVOIE,8,GRENOBLE,46.36722875445447,6.610180454498408
0741341F,Collège Champagne,public,hors EP,100.1,88.8,0.0,conforme,89.6,0.0,conforme,74281,THONON LES BAINS,74,HAUTE-SAVOIE,8,GRENOBLE,46.37902673723082,6.494300384254887
0741419R,Collège Jean-Jacques Rousseau,public,hors EP,105.9,88.8,0.0,conforme,89.6,0.0,conforme,74243,SAINT JULIEN EN GENEVOIS,74,HAUTE-SAVOIE,8,GRENOBLE,46.14890789499525,6.090440351692317
0741488R,Collège la Mandallaz,public,hors EP,113.9,88.8,0.0,conforme,89.6,0.0,conforme,74272,SILLINGY,74,HAUTE-SAVOIE,8,GRENOBLE,45.94880782529907,6.0370305358242815
0741501E,Collège Camille Claudel,public,hors EP,102.9,88.8,0.0,conforme,89.6,0.0,conforme,74164,MARIGNIER,74,HAUTE-SAVOIE,8,GRENOBLE,46.08345173474952,6.502779910422157
0741514U,Collège Paul-Émile Victor,public,hors EP,104.4,88.8,0.0,conforme,89.6,0.0,conforme,74094,CRANVES SALES,74,HAUTE-SAVOIE,8,GRENOBLE,46.18735190206252,6.285990065068521
0741665H,Collège Karine Ruby,public,hors EP,106.4,88.8,0.0,conforme,89.6,0.0,conforme,74250,SAINT PIERRE EN FAUCIGNY,74,HAUTE-SAVOIE,8,GRENOBLE,46.06528941200877,6.3656296642794565
0741666J,Collège Théodore Monod,public,hors EP,106.9,88.8,0.0,conforme,89.6,0.0,conforme,74163,MARGENCEL,74,HAUTE-SAVOIE,8,GRENOBLE,46.34074712387888,6.416195851852754
0741699V,Collège Simone Veil,public,hors EP,119.0,88.8,0.0,conforme,89.6,0.0,conforme,74213,POISY,74,HAUTE-SAVOIE,8,GRENOBLE,45.91903796693564,6.060130609304471
0741757H,Collège du Chéran,public,hors EP,101.2,88.8,0.0,conforme,89.6,0.0,conforme,74225,RUMILLY,74,HAUTE-SAVOIE,8,GRENOBLE,45.84176925538008,5.96277050258905
0741816X,Collège du Vuache,public,hors EP,116.7,88.8,0.0,conforme,89.6,0.0,conforme,74314,VULBENS,74,HAUTE-SAVOIE,8,GRENOBLE,46.103772037316965,5.940656387113037
0750360J,Collège Claude Chappe,public,hors EP,125.1,88.8,0.0,conforme,102.0,0.0,conforme,75119,PARIS 19E ARRONDISSEMENT,75,PARIS,1,PARIS,48.87749336144813,2.3853504259832503
0750362L,Collège Beaumarchais,public,hors EP,129.3,88.8,0.0,conforme,102.0,0.0,conforme,75111,PARIS 11E ARRONDISSEMENT,75,PARIS,1,PARIS,48.864231824892514,2.3669056545698712
0750387N,Collège Pierre Jean de Béranger,public,hors EP,139.2,88.8,0.0,conforme,102.0,0.0,conforme,75103,PARIS 3E ARRONDISSEMENT,75,PARIS,1,PARIS,48.865017315684455,2.364259777424325
0750407K,Collège Rognoni École des enfants du Spectacle,public,hors EP,157.2,88.8,0.0,conforme,102.0,0.0,conforme,75105,PARIS 5E ARRONDISSEMENT,75,PARIS,1,PARIS,48.84827283724567,2.3532816335978493
0750429J,Collège Roland Dorgelès,public,hors EP,120.7,88.8,0.0,conforme,102.0,0.0,conforme,75118,PARIS 18E ARRONDISSEMENT,75,PARIS,1,PARIS,48.88824165933544,2.3478620533569954
0750444A,Collège Georges Courteline,public,hors EP,123.3,88.8,0.0,conforme,102.0,0.0,conforme,75112,PARIS 12E ARRONDISSEMENT,75,PARIS,1,PARIS,48.84406510675389,2.40571899187494
0750445B,Collège Alberto Giacometti,public,hors EP,101.7,88.8,0.0,conforme,102.0,0.29999999999999716,oublie,75114,PARIS 14E ARRONDISSEMENT,75,PARIS,1,PARIS,48.83426512643556,2.314971764582598
0750465Y,Collège Lucie Aubrac,public,REP,114.6,88.8,25.799999999999997,sur-inclus,102.0,12.599999999999994,sur-inclus,75111,PARIS 11E ARRONDISSEMENT,75,PARIS,1,PARIS,48.86823421704854,2.374320712353295
0750478M,Collège Jean Baptiste Clément,public,REP,106.8,88.8,18.0,sur-inclus,102.0,4.799999999999997,sur-inclus,75120,PARIS 20E ARRONDISSEMENT,75,PARIS,1,PARIS,48.86995327244236,2.38937790194542
0750484U,Collège Mozart,public,REP,95.6,88.8,6.799999999999997,sur-inclus,102.0,0.0,conforme,75119,PARIS 19E ARRONDISSEMENT,75,PARIS,1,PARIS,48.889576116703815,2.3793080392567565
0750507U,Collège Georges Brassens,public,hors EP,101.6,88.8,0.0,conforme,102.0,0.4000000000000057,oublie,75119,PARIS 19E ARRONDISSEMENT,75,PARIS,1,PARIS,48.88433000944261,2.3863933809472635
0750525N,Collège Moulin des Prés,public,hors EP,119.3,88.8,0.0,conforme,102.0,0.0,conforme,75113,PARIS 13E ARRONDISSEMENT,75,PARIS,1,PARIS,48.828785902799446,2.3527128650472005
0750546L,Collège Georges Clemenceau,public,REP+,82.5,88.8,0.0,conforme,102.0,0.0,conforme,75118,PARIS 18E ARRONDISSEMENT,75,PARIS,1,PARIS,48.88906742624847,2.3515393760269885
0750550R,Collège Lucie Faure,public,hors EP,110.4,88.8,0.0,conforme,102.0,0.0,conforme,75120,PARIS 20E ARRONDISSEMENT,75,PARIS,1,PARIS,48.85056470859537,2.406619245956443
0750552T,Collège Françoise Dolto,public,REP,116.3,88.8,27.5,sur-inclus,102.0,14.299999999999997,sur-inclus,75120,PARIS 20E ARRONDISSEMENT,75,PARIS,1,PARIS,48.87395711538032,2.386915052880952
0750575T,Collège Sonia Delaunay,public,REP,96.3,88.8,7.5,sur-inclus,102.0,0.0,conforme,75119,PARIS 19E ARRONDISSEMENT,75,PARIS,1,PARIS,48.88593403764282,2.3781295808104668
0750584C,Collège Valmy,public,hors EP,109.0,88.8,0.0,conforme,102.0,0.0,conforme,75110,PARIS 10E ARRONDISSEMENT,75,PARIS,1,PARIS,48.88162436114599,2.3683182467577564
0750591K,Collège Henri Matisse,public,hors EP,117.5,88.8,0.0,conforme,102.0,0.0,conforme,75120,PARIS 20E ARRONDISSEMENT,75,PARIS,1,PARIS,48.85645660780397,2.4019754598712404
0750607C,Collège Alain Fournier,public,hors EP,116.3,88.8,0.0,conforme,102.0,0.0,conforme,75111,PARIS 11E ARRONDISSEMENT,75,PARIS,1,PARIS,48.85822272172861,2.383853609173692
0750608D,Collège Anne Frank,public,hors EP,122.3,88.8,0.0,conforme,102.0,0.0,conforme,75111,PARIS 11E ARRONDISSEMENT,75,PARIS,1,PARIS,48.851924858514174,2.3790369705025887
0750609E,Collège Paul Verlaine,public,hors EP,123.5,88.8,0.0,conforme,102.0,0.0,conforme,75112,PARIS 12E ARRONDISSEMENT,75,PARIS,1,PARIS,48.842606638555,2.375238803201148
0750610F,Collège Jules Verne,public,hors EP,107.2,88.8,0.0,conforme,102.0,0.0,conforme,75112,PARIS 12E ARRONDISSEMENT,75,PARIS,1,PARIS,48.837550715737535,2.3941785782824696
0750611G,Collège Jean Moulin,public,hors EP,120.9,88.8,0.0,conforme,102.0,0.0,conforme,75114,PARIS 14E ARRONDISSEMENT,75,PARIS,1,PARIS,48.82773043039553,2.3283198234129583
0751563S,Collège Madame de Staël,public,hors EP,107.5,88.8,0.0,conforme,102.0,0.0,conforme,75115,PARIS 15E ARRONDISSEMENT,75,PARIS,1,PARIS,48.84361795869752,2.3101710334506773
0751703U,Collège Jean Baptiste Poquelin,public,hors EP,128.4,88.8,0.0,conforme,102.0,0.0,conforme,75101,PARIS 1ER ARRONDISSEMENT,75,PARIS,1,PARIS,48.8646532765947,2.335488286978779
0751705W,Collège Alphonse Daudet,public,hors EP,100.4,88.8,0.0,conforme,102.0,1.5999999999999943,oublie,75114,PARIS 14E ARRONDISSEMENT,75,PARIS,1,PARIS,48.82801186269652,2.325909212203994
0751706X,Collège Charles Péguy,public,hors EP,117.6,88.8,0.0,conforme,102.0,0.0,conforme,75119,PARIS 19E ARRONDISSEMENT,75,PARIS,1,PARIS,48.87629034109237,2.376536333090597
0751707Y,Collège Édouard Pailleron,public,REP,101.0,88.8,12.200000000000003,sur-inclus,102.0,0.0,conforme,75119,PARIS 19E ARRONDISSEMENT,75,PARIS,1,PARIS,48.881249726863615,2.378703674841605
0751790N,Collège Pierre Alviset,public,hors EP,144.8,88.8,0.0,conforme,102.0,0.0,conforme,75105,PARIS 5E ARRONDISSEMENT,75,PARIS,1,PARIS,48.8412946844195,2.351783597995652
0751791P,Collège Condorcet,public,hors EP,142.2,88.8,0.0,conforme,102.0,0.0,conforme,75108,PARIS 8E ARRONDISSEMENT,75,PARIS,1,PARIS,48.880978178888014,2.326971737576216
0751793S,Collège Maurice Utrillo,public,REP+,85.4,88.8,0.0,conforme,102.0,0.0,conforme,75118,PARIS 18E ARRONDISSEMENT,75,PARIS,1,PARIS,48.898261142093936,2.3454149761603635
0752107H,Collège Pierre de Ronsard,public,hors EP,122.6,88.8,0.0,conforme,102.0,0.0,conforme,75117,PARIS 17E ARRONDISSEMENT,75,PARIS,1,PARIS,48.88588634757483,2.3040935481057647
0752108J,Collège Yvonne le Tac,public,hors EP,136.5,88.8,0.0,conforme,102.0,0.0,conforme,75118,PARIS 18E ARRONDISSEMENT,75,PARIS,1,PARIS,48.884023902523865,2.34065343623199
0752186U,Collège Raymond Queneau,public,hors EP,133.6,88.8,0.0,conforme,102.0,0.0,conforme,75105,PARIS 5E ARRONDISSEMENT,75,PARIS,1,PARIS,48.83789632013938,2.3546733648904805
0752187V,Collège Jacques Prévert,public,hors EP,128.3,88.8,0.0,conforme,102.0,0.0,conforme,75106,PARIS 6E ARRONDISSEMENT,75,PARIS,1,PARIS,48.85473402614564,2.3328454078038763
0752189X,Collège Guy Flavien,public,hors EP,114.1,88.8,0.0,conforme,102.0,0.0,conforme,75112,PARIS 12E ARRONDISSEMENT,75,PARIS,1,PARIS,48.84540790270691,2.3861376388304936
0752190Y,Collège Guillaume Apollinaire,public,hors EP,94.7,88.8,0.0,conforme,102.0,7.299999999999997,oublie,75115,PARIS 15E ARRONDISSEMENT,75,PARIS,1,PARIS,48.84655332114882,2.2823172201874065
0752192A,Collège Georges Duhamel,public,hors EP,120.3,88.8,0.0,conforme,102.0,0.0,conforme,75115,PARIS 15E ARRONDISSEMENT,75,PARIS,1,PARIS,48.8426467584732,2.3072339182842927
0752195D,Collège Gérard Philipe,public,REP,106.7,88.8,17.900000000000006,sur-inclus,102.0,4.700000000000003,sur-inclus,75118,PARIS 18E ARRONDISSEMENT,75,PARIS,1,PARIS,48.89445926490353,2.351945501251941
0752196E,Collège Marx Dormoy,public,REP,90.8,88.8,2.0,sur-inclus,102.0,0.0,conforme,75118,PARIS 18E ARRONDISSEMENT,75,PARIS,1,PARIS,48.88849708458435,2.359696342198929
0752198G,Collège Pierre Mendès-France,public,REP,91.0,88.8,2.200000000000003,sur-inclus,102.0,0.0,conforme,75120,PARIS 20E ARRONDISSEMENT,75,PARIS,1,PARIS,48.86805779207705,2.411159909663936
0752248L,Collège César Franck,public,hors EP,130.4,88.8,0.0,conforme,102.0,0.0,conforme,75102,PARIS 2E ARRONDISSEMENT,75,PARIS,1,PARIS,48.86541881778827,2.3443295437046494
0752249M,Collège Jules Romains,public,hors EP,124.3,88.8,0.0,conforme,102.0,0.0,conforme,75107,PARIS 7E ARRONDISSEMENT,75,PARIS,1,PARIS,48.858465069928414,2.305434348736976
0752250N,Collège Paul Gauguin,public,hors EP,136.3,88.8,0.0,conforme,102.0,0.0,conforme,75109,PARIS 9E ARRONDISSEMENT,75,PARIS,1,PARIS,48.87926635493981,2.3424371653174885
0752251P,Collège Louise Michel,public,hors EP,127.0,88.8,0.0,conforme,102.0,0.0,conforme,75110,PARIS 10E ARRONDISSEMENT,75,PARIS,1,PARIS,48.87230929890037,2.363607716852408
0752252R,Collège Hector Berlioz,public,REP,101.9,88.8,13.100000000000009,sur-inclus,102.0,0.0,conforme,75118,PARIS 18E ARRONDISSEMENT,75,PARIS,1,PARIS,48.89581471106791,2.332815469011771
0752316K,Collège George Sand,public,hors EP,113.8,88.8,0.0,conforme,102.0,0.0,conforme,75113,PARIS 13E ARRONDISSEMENT,75,PARIS,1,PARIS,48.82601407289872,2.35588562936182
0752317L,Collège Claude Debussy,public,hors EP,128.4,88.8,0.0,conforme,102.0,0.0,conforme,75115,PARIS 15E ARRONDISSEMENT,75,PARIS,1,PARIS,48.84529106341574,2.291597864864509
0752318M,Collège Modigliani,public,hors EP,104.7,88.8,0.0,conforme,102.0,0.0,conforme,75115,PARIS 15E ARRONDISSEMENT,75,PARIS,1,PARIS,48.831703123924015,2.304739240709977
0752319N,Collège Antoine Coysevox,public,hors EP,110.3,88.8,0.0,conforme,102.0,0.0,conforme,75118,PARIS 18E ARRONDISSEMENT,75,PARIS,1,PARIS,48.89161792993741,2.329819676330217
0752385K,Collège Elsa Triolet,public,hors EP,100.8,88.8,0.0,conforme,102.0,1.2000000000000028,oublie,75113,PARIS 13E ARRONDISSEMENT,75,PARIS,1,PARIS,48.83141337152828,2.3624994966288044
0752387M,Collège André Malraux,public,hors EP,128.7,88.8,0.0,conforme,102.0,0.0,conforme,75117,PARIS 17E ARRONDISSEMENT,75,PARIS,1,PARIS,48.87880981821425,2.290514722867036
0752523K,Collège Montgolfier,public,hors EP,121.0,88.8,0.0,conforme,102.0,0.0,conforme,75103,PARIS 3E ARRONDISSEMENT,75,PARIS,1,PARIS,48.86669121779915,2.357397478347133
0752524L,Collège Victor Hugo,public,hors EP,134.7,88.8,0.0,conforme,102.0,0.0,conforme,75103,PARIS 3E ARRONDISSEMENT,75,PARIS,1,PARIS,48.85751187081702,2.363169676401168
0752525M,Collège Charlemagne,public,hors EP,130.1,88.8,0.0,conforme,102.0,0.0,conforme,75104,PARIS 4E ARRONDISSEMENT,75,PARIS,1,PARIS,48.85415577204055,2.360355489919927
0752526N,Collège Henri IV,public,hors EP,145.3,88.8,0.0,conforme,102.0,0.0,conforme,75105,PARIS 5E ARRONDISSEMENT,75,PARIS,1,PARIS,48.846358457166815,2.3473846168330463
0752527P,Collège Montaigne,public,hors EP,141.3,88.8,0.0,conforme,102.0,0.0,conforme,75106,PARIS 6E ARRONDISSEMENT,75,PARIS,1,PARIS,48.844236978189386,2.3348315716616432
0752528R,Collège Victor Duruy,public,hors EP,147.8,88.8,0.0,conforme,102.0,0.0,conforme,75107,PARIS 7E ARRONDISSEMENT,75,PARIS,1,PARIS,48.85230029234186,2.3148477839827657
0752529S,Collège Chaptal,public,hors EP,141.8,88.8,0.0,conforme,102.0,0.0,conforme,75108,PARIS 8E ARRONDISSEMENT,75,PARIS,1,PARIS,48.881738320109136,2.3196885071009623
0752530T,Collège Octave Gréard,public,hors EP,141.9,88.8,0.0,conforme,102.0,0.0,conforme,75108,PARIS 8E ARRONDISSEMENT,75,PARIS,1,PARIS,48.878814920631775,2.31769369044434
0752531U,Collège Lavoisier,public,hors EP,149.7,88.8,0.0,conforme,102.0,0.0,conforme,75105,PARIS 5E ARRONDISSEMENT,75,PARIS,1,PARIS,48.84235506126977,2.3392948133354463
0752532V,Collège Jacques Decour,public,hors EP,127.7,88.8,0.0,conforme,102.0,0.0,conforme,75109,PARIS 9E ARRONDISSEMENT,75,PARIS,1,PARIS,48.88148592628552,2.3434236459416136
0752533W,Collège Jules Ferry,public,hors EP,129.7,88.8,0.0,conforme,102.0,0.0,conforme,75109,PARIS 9E ARRONDISSEMENT,75,PARIS,1,PARIS,48.884073919064974,2.3290972094750506
0752534X,Collège Alphonse de Lamartine,public,hors EP,142.4,88.8,0.0,conforme,102.0,0.0,conforme,75109,PARIS 9E ARRONDISSEMENT,75,PARIS,1,PARIS,48.8783808876197,2.349088600466694
0752536Z,Collège Voltaire,public,hors EP,129.2,88.8,0.0,conforme,102.0,0.0,conforme,75111,PARIS 11E ARRONDISSEMENT,75,PARIS,1,PARIS,48.86352601850053,2.384525602087465
0752537A,Collège Paul Valéry,public,hors EP,105.4,88.8,0.0,conforme,102.0,0.0,conforme,75112,PARIS 12E ARRONDISSEMENT,75,PARIS,1,PARIS,48.83984177110137,2.4091788098407485
0752538B,Collège Rodin,public,hors EP,129.3,88.8,0.0,conforme,102.0,0.0,conforme,75113,PARIS 13E ARRONDISSEMENT,75,PARIS,1,PARIS,48.83256989645171,2.347148550517291
0752539C,Collège Claude Monet,public,hors EP,121.8,88.8,0.0,conforme,102.0,0.0,conforme,75113,PARIS 13E ARRONDISSEMENT,75,PARIS,1,PARIS,48.82743361046444,2.3623234040857297
0752540D,Collège Gabriel Fauré,public,hors EP,107.5,88.8,0.0,conforme,102.0,0.0,conforme,75113,PARIS 13E ARRONDISSEMENT,75,PARIS,1,PARIS,48.824045272807375,2.361407304319577
0752542F,Collège Jean-François Oeben,public,hors EP,118.2,88.8,0.0,conforme,102.0,0.0,conforme,75112,PARIS 12E ARRONDISSEMENT,75,PARIS,1,PARIS,48.8484732930053,2.386037482063799
0752543G,Collège Paul Bert,public,hors EP,122.1,88.8,0.0,conforme,102.0,0.0,conforme,75114,PARIS 14E ARRONDISSEMENT,75,PARIS,1,PARIS,48.841041411692736,2.32885134645458
0752544H,Collège François Villon,public,REP,97.9,88.8,9.100000000000009,sur-inclus,102.0,0.0,conforme,75114,PARIS 14E ARRONDISSEMENT,75,PARIS,1,PARIS,48.826222298749,2.3058203184226214
0752545J,Collège Buffon,public,hors EP,127.4,88.8,0.0,conforme,102.0,0.0,conforme,75115,PARIS 15E ARRONDISSEMENT,75,PARIS,1,PARIS,48.843450595841645,2.3117184295922955
0752546K,Collège Camille Sée,public,hors EP,128.4,88.8,0.0,conforme,102.0,0.0,conforme,75115,PARIS 15E ARRONDISSEMENT,75,PARIS,1,PARIS,48.84299077854994,2.2969840860656223
0752547L,Collège Claude Bernard,public,hors EP,107.5,88.8,0.0,conforme,102.0,0.0,conforme,75116,PARIS 16E ARRONDISSEMENT,75,PARIS,1,PARIS,48.8419754563088,2.254942359765863
0752548M,Collège Janson de Sailly,public,hors EP,128.4,88.8,0.0,conforme,102.0,0.0,conforme,75116,PARIS 16E ARRONDISSEMENT,75,PARIS,1,PARIS,48.86556113280372,2.279451689823514
0752549N,Collège Jean-Baptiste Say,public,hors EP,141.2,88.8,0.0,conforme,102.0,0.0,conforme,75116,PARIS 16E ARRONDISSEMENT,75,PARIS,1,PARIS,48.84730514690708,2.2673239824680143
0752550P,Collège Jean de La Fontaine,public,hors EP,135.5,88.8,0.0,conforme,102.0,0.0,conforme,75116,PARIS 16E ARRONDISSEMENT,75,PARIS,1,PARIS,48.84519099086042,2.2565778962761875
0752551R,Collège Molière,public,hors EP,115.2,88.8,0.0,conforme,102.0,0.0,conforme,75116,PARIS 16E ARRONDISSEMENT,75,PARIS,1,PARIS,48.855000626527904,2.2721249445436613
0752552S,Collège Carnot,public,hors EP,139.2,88.8,0.0,conforme,102.0,0.0,conforme,75117,PARIS 17E ARRONDISSEMENT,75,PARIS,1,PARIS,48.8844772461129,2.307843373633904
0752553T,Collège Honoré de Balzac,public,hors EP,126.3,88.8,0.0,conforme,102.0,0.0,conforme,75117,PARIS 17E ARRONDISSEMENT,75,PARIS,1,PARIS,48.8955306966347,2.3154764283937124
0752554U,Collège Stéphane Mallarmé,public,hors EP,121.6,88.8,0.0,conforme,102.0,0.0,conforme,75117,PARIS 17E ARRONDISSEMENT,75,PARIS,1,PARIS,48.89348191469451,2.324481927490711
0752555V,Collège Henri Bergson,public,hors EP,107.9,88.8,0.0,conforme,102.0,0.0,conforme,75119,PARIS 19E ARRONDISSEMENT,75,PARIS,1,PARIS,48.88112074883683,2.377938887612686
0752556W,Collège Hélène Boucher,public,hors EP,118.0,88.8,0.0,conforme,102.0,0.0,conforme,75120,PARIS 20E ARRONDISSEMENT,75,PARIS,1,PARIS,48.84781801734053,2.406968028836891
0752557X,Collège Maurice Ravel,public,hors EP,121.3,88.8,0.0,conforme,102.0,0.0,conforme,75120,PARIS 20E ARRONDISSEMENT,75,PARIS,1,PARIS,48.847671009915615,2.408337842697979
0752606A,Collège Georges Méliès,public,REP,82.5,88.8,0.0,conforme,102.0,0.0,conforme,75119,PARIS 19E ARRONDISSEMENT,75,PARIS,1,PARIS,48.88817446032677,2.3704248854812326
0752693V,Collège François Couperin,public,hors EP,126.5,88.8,0.0,conforme,102.0,0.0,conforme,75104,PARIS 4E ARRONDISSEMENT,75,PARIS,1,PARIS,48.85506023595557,2.356277522642635
0752694W,Collège Camille Claudel,public,REP,89.8,88.8,1.0,sur-inclus,102.0,0.0,conforme,75113,PARIS 13E ARRONDISSEMENT,75,PARIS,1,PARIS,48.82057696005296,2.364556476993583
0752695X,Collège Guillaume Budé,public,REP,95.7,88.8,6.900000000000006,sur-inclus,102.0,0.0,conforme,75119,PARIS 19E ARRONDISSEMENT,75,PARIS,1,PARIS,48.876834043208895,2.3962863020083
0752696Y,Collège Léon Gambetta,public,hors EP,103.6,88.8,0.0,conforme,102.0,0.0,conforme,75120,PARIS 20E ARRONDISSEMENT,75,PARIS,1,PARIS,48.86999902877053,2.40272383573147
0752829T,Collège Bernard Palissy,public,hors EP,126.9,88.8,0.0,conforme,102.0,0.0,conforme,75110,PARIS 10E ARRONDISSEMENT,75,PARIS,1,PARIS,48.87746332453057,2.352859175185525
0752957G,Collège Georges Braque,public,hors EP,118.4,88.8,0.0,conforme,102.0,0.0,conforme,75113,PARIS 13E ARRONDISSEMENT,75,PARIS,1,PARIS,48.82458798585383,2.3428857076697844
0752958H,Collège Boris Vian,public,REP,93.2,88.8,4.400000000000006,sur-inclus,102.0,0.0,conforme,75117,PARIS 17E ARRONDISSEMENT,75,PARIS,1,PARIS,48.89057669497499,2.304461829291036
0753046D,Collège Flora Tristan,public,REP,101.6,88.8,12.799999999999997,sur-inclus,102.0,0.0,conforme,75120,PARIS 20E ARRONDISSEMENT,75,PARIS,1,PARIS,48.858743391511226,2.4046301943144464
0753047E,Collège la Grange aux Belles,public,REP,109.0,88.8,20.200000000000003,sur-inclus,102.0,7.0,sur-inclus,75110,PARIS 10E ARRONDISSEMENT,75,PARIS,1,PARIS,48.87798486820767,2.36663484936782
0753345D,Collège Edmond Michelet,public,REP,95.1,88.8,6.299999999999997,sur-inclus,102.0,0.0,conforme,75119,PARIS 19E ARRONDISSEMENT,75,PARIS,1,PARIS,48.89366685519792,2.3764864668797987
0753518S,Collège Gustave Flaubert,public,hors EP,108.1,88.8,0.0,conforme,102.0,0.0,conforme,75113,PARIS 13E ARRONDISSEMENT,75,PARIS,1,PARIS,48.82471570604778,2.3631684557072123
0753936W,Collège Germaine Tillion,public,hors EP,101.4,88.8,0.0,conforme,102.0,0.5999999999999943,oublie,75112,PARIS 12E ARRONDISSEMENT,75,PARIS,1,PARIS,48.84313599648048,2.411708549889686
0753937X,Collège Évariste Galois,public,REP,95.1,88.8,6.299999999999997,sur-inclus,102.0,0.0,conforme,75113,PARIS 13E ARRONDISSEMENT,75,PARIS,1,PARIS,48.81844211962522,2.358378890375754
0753938Y,Collège Georges Rouault,public,REP+,89.8,88.8,1.0,sur-inclus,102.0,0.0,conforme,75119,PARIS 19E ARRONDISSEMENT,75,PARIS,1,PARIS,48.88660937766849,2.3990776726065284
0753939Z,Collège Jean Perrin,public,REP,87.7,88.8,0.0,conforme,102.0,0.0,conforme,75120,PARIS 20E ARRONDISSEMENT,75,PARIS,1,PARIS,48.85685306092131,2.411192497090158
0754253R,Collège Saint-Exupéry,public,hors EP,127.8,88.8,0.0,conforme,102.0,0.0,conforme,75114,PARIS 14E ARRONDISSEMENT,75,PARIS,1,PARIS,48.83434910930176,2.3354372954119524
0754305X,Collège André Citroën,public,hors EP,110.3,88.8,0.0,conforme,102.0,0.0,conforme,75115,PARIS 15E ARRONDISSEMENT,75,PARIS,1,PARIS,48.8388601832074,2.2785904993028296
0754355B,Collège Robert Doisneau,public,REP,98.7,88.8,9.900000000000006,sur-inclus,102.0,0.0,conforme,75120,PARIS 20E ARRONDISSEMENT,75,PARIS,1,PARIS,48.86707361315357,2.3879734807114925
0754528P,Collège Pilâtre de Rozier,public,hors EP,116.6,88.8,0.0,conforme,102.0,0.0,conforme,75111,PARIS 11E ARRONDISSEMENT,75,PARIS,1,PARIS,48.85196340843326,2.387211982414582
0754706H,Collège Marie Curie,public,REP,105.1,88.8,16.299999999999997,sur-inclus,102.0,3.0999999999999943,sur-inclus,75118,PARIS 18E ARRONDISSEMENT,75,PARIS,1,PARIS,48.893240051158365,2.350666344782148
0755000C,Collège Thomas Mann,public,hors EP,102.0,88.8,0.0,conforme,102.0,0.0,au seuil,75113,PARIS 13E ARRONDISSEMENT,75,PARIS,1,PARIS,48.82891797678627,2.377939274649507
0755030K,Collège Daniel Mayer,public,REP,72.9,88.8,0.0,conforme,102.0,0.0,conforme,75118,PARIS 18E ARRONDISSEMENT,75,PARIS,1,PARIS,48.89314090384615,2.363861824381881
0755095F,Collège Edgar Varèse,public,REP,113.7,88.8,24.900000000000006,sur-inclus,102.0,11.700000000000003,sur-inclus,75119,PARIS 19E ARRONDISSEMENT,75,PARIS,1,PARIS,48.88915980435331,2.388586699590991
0755241P,Collège Colette Besson,public,REP+,103.3,88.8,14.5,sur-inclus,102.0,1.2999999999999972,sur-inclus,75120,PARIS 20E ARRONDISSEMENT,75,PARIS,1,PARIS,48.86642214479252,2.384923514053723
0755433Y,Collège Aimé Césaire,public,REP,83.0,88.8,0.0,conforme,102.0,0.0,conforme,75118,PARIS 18E ARRONDISSEMENT,75,PARIS,1,PARIS,48.88757577390621,2.361979663421302
0755747P,Collège Suzanne Lacore Paris Nord Est,public,REP,91.7,88.8,2.9000000000000057,sur-inclus,102.0,0.0,conforme,75119,PARIS 19E ARRONDISSEMENT,75,PARIS,1,PARIS,48.89860933146669,2.378877064621717
0755778Y,Collège Françoise Seligmann,public,hors EP,99.2,88.8,0.0,conforme,102.0,2.799999999999997,oublie,75110,PARIS 10E ARRONDISSEMENT,75,PARIS,1,PARIS,48.874851258270624,2.371691654361897
0755779Z,Collège La Rose blanche,public,hors EP,107.2,88.8,0.0,conforme,102.0,0.0,conforme,75117,PARIS 17E ARRONDISSEMENT,75,PARIS,1,PARIS,48.889334602597096,2.3100372480937934
0760004S,Collège Guy de Maupassant,public,hors EP,97.7,88.8,0.0,conforme,90.0,0.0,conforme,76051,BACQUEVILLE EN CAUX,76,SEINE-MARITIME,70,NORMANDIE,49.78650803584068,1.0069455748560494
0760009X,Collège du Campigny,public,hors EP,83.6,88.8,5.200000000000003,oublie,90.0,6.400000000000006,oublie,76101,BLANGY SUR BRESLE,76,SEINE-MARITIME,70,NORMANDIE,49.9337893056171,1.6131415053316611
0760010Y,Collège Émile Verhaeren,public,hors EP,119.0,88.8,0.0,conforme,90.0,0.0,conforme,76103,BONSECOURS,76,SEINE-MARITIME,70,NORMANDIE,49.42536104441981,1.1293296644511317
0760017F,Collège le Cèdre,public,REP,90.3,88.8,1.5,sur-inclus,90.0,0.29999999999999716,sur-inclus,76157,CANTELEU,76,SEINE-MARITIME,70,NORMANDIE,49.4432844634738,1.027962537732095
0760021K,Collège Émile Chartier,public,hors EP,111.8,88.8,0.0,conforme,90.0,0.0,conforme,76212,DARNETAL,76,SEINE-MARITIME,70,NORMANDIE,49.44171988622034,1.1535485937464796
0760026R,Collège Claude Delvincourt,public,REP,83.8,88.8,0.0,conforme,90.0,0.0,conforme,76217,DIEPPE,76,SEINE-MARITIME,70,NORMANDIE,49.90711525621756,1.0683605599484782
0760034Z,Collège François Villon,public,hors EP,97.6,88.8,0.0,conforme,90.0,0.0,conforme,76258,TERRES DE CAUX,76,SEINE-MARITIME,70,NORMANDIE,49.6516246547728,0.6010011197901223
0760046M,Collège Rollon,public,hors EP,92.9,88.8,0.0,conforme,90.0,0.0,conforme,76312,GOURNAY EN BRAY,76,SEINE-MARITIME,70,NORMANDIE,49.48062029647145,1.7191914572637976
0760049R,Collège Claude Bernard,public,hors EP,97.2,88.8,0.0,conforme,90.0,0.0,conforme,76322,LE GRAND QUEVILLY,76,SEINE-MARITIME,70,NORMANDIE,49.40465316273601,1.05015932647092
0760050S,Collège Jules Vallès,public,REP+,77.1,88.8,0.0,conforme,90.0,0.0,conforme,76351,LE HAVRE,76,SEINE-MARITIME,70,NORMANDIE,49.511927377465774,0.1765210811701232
0760053V,Collège Raoul Dufy,public,hors EP,118.5,88.8,0.0,conforme,90.0,0.0,conforme,76351,LE HAVRE,76,SEINE-MARITIME,70,NORMANDIE,49.49084925311594,0.1030687424197893
0760069M,Collège les Acacias,public,hors EP,93.2,88.8,0.0,conforme,90.0,0.0,conforme,76351,LE HAVRE,76,SEINE-MARITIME,70,NORMANDIE,49.51054640178768,0.1585252300352849
0760075U,Collège Alain,public,REP,86.3,88.8,0.0,conforme,90.0,0.0,conforme,76410,MAROMME,76,SEINE-MARITIME,70,NORMANDIE,49.477774133334776,1.0398143289156496
0760077W,Collège Jean de la Varende,public,hors EP,119.8,88.8,0.0,conforme,90.0,0.0,conforme,76451,MONT SAINT AIGNAN,76,SEINE-MARITIME,70,NORMANDIE,49.464894139030775,1.080895379328225
0760079Y,Collège Albert Schweitzer,public,hors EP,96.0,88.8,0.0,conforme,90.0,0.0,conforme,76462,NEUFCHATEL EN BRAY,76,SEINE-MARITIME,70,NORMANDIE,49.73596277952792,1.4400304428898776
0760083C,Collège Jean Charcot,public,REP,87.7,88.8,0.0,conforme,90.0,0.0,conforme,76484,OISSEL,76,SEINE-MARITIME,70,NORMANDIE,49.3569361587521,1.0962308396334035
0760086F,Collège Louis Pasteur,public,REP,95.2,88.8,6.400000000000006,sur-inclus,90.0,5.200000000000003,sur-inclus,76497,PETIT COURONNE,76,SEINE-MARITIME,70,NORMANDIE,49.38992346926207,1.0271271582913517
0760100W,Collège Boieldieu,public,REP+,77.5,88.8,0.0,conforme,90.0,0.0,conforme,76540,ROUEN,76,SEINE-MARITIME,70,NORMANDIE,49.458717608408655,1.1314851846279557
0760101X,Collège Arthur Rimbaud,public,hors EP,90.8,88.8,0.0,conforme,90.0,0.0,conforme,76561,SAINT AUBIN LES ELBEUF,76,SEINE-MARITIME,70,NORMANDIE,49.30279961387355,1.0190229024169533
0760105B,Collège Claude Monet,public,hors EP,95.5,88.8,0.0,conforme,90.0,0.0,conforme,76624,SAINT NICOLAS D ALIERMONT,76,SEINE-MARITIME,70,NORMANDIE,49.87729943932841,1.2112707606875956
0760108E,Collège Jehan le Pôvremoyne,public,hors EP,100.9,88.8,0.0,conforme,90.0,0.0,conforme,76655,SAINT VALERY EN CAUX,76,SEINE-MARITIME,70,NORMANDIE,49.8617197208473,0.710227189210735
0760116N,Collège Eugène Delacroix,public,hors EP,95.9,88.8,0.0,conforme,90.0,0.0,conforme,76719,VALMONT,76,SEINE-MARITIME,70,NORMANDIE,49.74155164837576,0.5101203687832697
0760118R,Collège Albert Camus,public,hors EP,99.6,88.8,0.0,conforme,90.0,0.0,conforme,76758,YVETOT,76,SEINE-MARITIME,70,NORMANDIE,49.617523062387455,0.7679425863139545
0760136K,Collège Gustave Flaubert,public,hors EP,106.0,88.8,0.0,conforme,90.0,0.0,conforme,76222,DUCLAIR,76,SEINE-MARITIME,70,NORMANDIE,49.48648629692749,0.8802159349950728
0760137L,Collège Paul-Henri Cahingt,public,hors EP,93.1,88.8,0.0,conforme,90.0,0.0,conforme,76392,LONDINIERES,76,SEINE-MARITIME,70,NORMANDIE,49.82932829222563,1.396034911430843
0760172Z,Collège Jean Lecanuet,public,hors EP,96.3,88.8,0.0,conforme,90.0,0.0,conforme,76540,ROUEN,76,SEINE-MARITIME,70,NORMANDIE,49.4219332716143,1.0726859489021494
0760173A,Collège Jean Zay,public,hors EP,100.2,88.8,0.0,conforme,90.0,0.0,conforme,76681,SOTTEVILLE LES ROUEN,76,SEINE-MARITIME,70,NORMANDIE,49.40110460938722,1.088140250087253
0761647C,Collège Paul Éluard,public,REP,93.7,88.8,4.900000000000006,sur-inclus,90.0,3.700000000000003,sur-inclus,76575,SAINT ETIENNE DU ROUVRAY,76,SEINE-MARITIME,70,NORMANDIE,49.39178218993487,1.1010069913550966
0761689Y,Collège André Siegfried,public,hors EP,108.7,88.8,0.0,conforme,90.0,0.0,conforme,76647,SAINT ROMAIN DE COLBOSC,76,SEINE-MARITIME,70,NORMANDIE,49.53539889687657,0.3514295219101507
0761690Z,Collège Jean Texcier,public,hors EP,106.7,88.8,0.0,conforme,90.0,0.0,conforme,76322,LE GRAND QUEVILLY,76,SEINE-MARITIME,70,NORMANDIE,49.40586503235399,1.062968580728142
0761691A,Collège Émile Zola,public,hors EP,99.1,88.8,0.0,conforme,90.0,0.0,conforme,76681,SOTTEVILLE LES ROUEN,76,SEINE-MARITIME,70,NORMANDIE,49.40746346840028,1.0839622104441284
0761692B,Collège Jules Michelet,public,hors EP,112.7,88.8,0.0,conforme,90.0,0.0,conforme,76095,BIHOREL,76,SEINE-MARITIME,70,NORMANDIE,49.45763372654654,1.11925256603207
0761694D,Collège Les Hauts de Saffimbec,public,hors EP,103.1,88.8,0.0,conforme,90.0,0.0,conforme,76495,PAVILLY,76,SEINE-MARITIME,70,NORMANDIE,49.57915667518983,0.946380394129278
0761695E,Collège Saint-Exupéry,public,hors EP,95.9,88.8,0.0,conforme,90.0,0.0,conforme,76276,FORGES LES EAUX,76,SEINE-MARITIME,70,NORMANDIE,49.61704609385719,1.5377107414585431
0761696F,Collège Romain Rolland,public,REP,90.4,88.8,1.6000000000000085,sur-inclus,90.0,0.4000000000000057,sur-inclus,76351,LE HAVRE,76,SEINE-MARITIME,70,NORMANDIE,49.50666588410997,0.1592935400051716
0761697G,Collège Claude Bernard,public,REP,88.2,88.8,0.0,conforme,90.0,0.0,conforme,76351,LE HAVRE,76,SEINE-MARITIME,70,NORMANDIE,49.517913230961,0.1052187500589794
0761698H,Collège Gérard Philipe,public,REP,83.2,88.8,0.0,conforme,90.0,0.0,conforme,76351,LE HAVRE,76,SEINE-MARITIME,70,NORMANDIE,49.49699513535347,0.1380659256064433
0761699J,Collège Irène Joliot-Curie,public,hors EP,99.7,88.8,0.0,conforme,90.0,0.0,conforme,76351,LE HAVRE,76,SEINE-MARITIME,70,NORMANDIE,49.49442112734892,0.1212046022083526
0761701L,Collège Roncherolles,public,REP,87.9,88.8,0.0,conforme,90.0,0.0,conforme,76114,BOLBEC,76,SEINE-MARITIME,70,NORMANDIE,49.57052160326197,0.4850562316571309
0761703N,Collège Albert Camus,public,REP+,79.8,88.8,0.0,conforme,90.0,0.0,conforme,76217,DIEPPE,76,SEINE-MARITIME,70,NORMANDIE,49.926466699932085,1.106732011998031
0761704P,Collège Jules Ferry,public,REP,88.8,88.8,0.0,au seuil,90.0,0.0,conforme,76259,FECAMP,76,SEINE-MARITIME,70,NORMANDIE,49.75399370758176,0.3919986175291112
0761737A,Collège Denis Diderot,public,REP,88.8,88.8,0.0,au seuil,90.0,0.0,conforme,76498,LE PETIT QUEVILLY,76,SEINE-MARITIME,70,NORMANDIE,49.42103688213659,1.0585113368336174
0761739C,Collège Descartes,public,REP+,72.0,88.8,0.0,conforme,90.0,0.0,conforme,76351,LE HAVRE,76,SEINE-MARITIME,70,NORMANDIE,49.51942738484198,0.1088990876047273
0761741E,Collège André Gide,public,hors EP,101.3,88.8,0.0,conforme,90.0,0.0,conforme,76302,GODERVILLE,76,SEINE-MARITIME,70,NORMANDIE,49.64545782318406,0.3609208398614673
0761745J,Collège Camille Claudel,public,REP,86.0,88.8,0.0,conforme,90.0,0.0,conforme,76540,ROUEN,76,SEINE-MARITIME,70,NORMANDIE,49.42928741250463,1.0891656628493005
0761746K,Collège Jean Zay,public,hors EP,104.8,88.8,0.0,conforme,90.0,0.0,conforme,76366,LE HOULME,76,SEINE-MARITIME,70,NORMANDIE,49.52076906035988,1.0323374372428498
0761776T,Collège Jacques-Émile Blanche,public,hors EP,94.0,88.8,0.0,conforme,90.0,0.0,conforme,76640,SAINT PIERRE LES ELBEUF,76,SEINE-MARITIME,70,NORMANDIE,49.27852089229276,1.040357667877637
0761777U,Collège Louise Michel,public,REP,88.1,88.8,0.0,conforme,90.0,0.0,conforme,76575,SAINT ETIENNE DU ROUVRAY,76,SEINE-MARITIME,70,NORMANDIE,49.39342787625407,1.0852871688663643
0761778V,Collège Jean-Jacques Rousseau,public,hors EP,98.6,88.8,0.0,conforme,90.0,0.0,conforme,76212,DARNETAL,76,SEINE-MARITIME,70,NORMANDIE,49.44164135214615,1.1717149253459596
0761780X,Collège Georges Braque,public,REP+,63.2,88.8,0.0,conforme,90.0,0.0,conforme,76540,ROUEN,76,SEINE-MARITIME,70,NORMANDIE,49.44725667477171,1.1409481889299682
0761781Y,Collège Jean Moulin,public,REP,79.6,88.8,0.0,conforme,90.0,0.0,conforme,76351,LE HAVRE,76,SEINE-MARITIME,70,NORMANDIE,49.51319879679554,0.1223226050896545
0761782Z,Collège Eugène Varlin,public,REP+,72.0,88.8,0.0,conforme,90.0,0.0,conforme,76351,LE HAVRE,76,SEINE-MARITIME,70,NORMANDIE,49.51609891829551,0.1715693994264168
0761783A,Collège Jacques Monod,public,REP+,69.2,88.8,0.0,conforme,90.0,0.0,conforme,76351,LE HAVRE,76,SEINE-MARITIME,70,NORMANDIE,49.49315148568526,0.1552949914614311
0761784B,Collège l'Oiseau Blanc,public,hors EP,105.4,88.8,0.0,conforme,90.0,0.0,conforme,76196,CRIQUETOT L ESNEVAL,76,SEINE-MARITIME,70,NORMANDIE,49.64079742805573,0.2634052860198589
0761785C,Collège Paul Bert,public,hors EP,97.5,88.8,0.0,conforme,90.0,0.0,conforme,76259,FECAMP,76,SEINE-MARITIME,70,NORMANDIE,49.75549410225763,0.3825254031975707
0761786D,Collège Georges Braque,public,hors EP,98.7,88.8,0.0,conforme,90.0,0.0,conforme,76217,DIEPPE,76,SEINE-MARITIME,70,NORMANDIE,49.912643882254656,1.073636413782515
0761949F,Collège Fernand Léger,public,REP,86.1,88.8,0.0,conforme,90.0,0.0,conforme,76498,LE PETIT QUEVILLY,76,SEINE-MARITIME,70,NORMANDIE,49.4290344731476,1.0646443718603311
0761950G,Collège Léonard de Vinci,public,hors EP,131.0,88.8,0.0,conforme,90.0,0.0,conforme,76108,BOIS GUILLAUME,76,SEINE-MARITIME,70,NORMANDIE,49.47213919420339,1.1274687915840655
0761951H,Collège Henri de Navarre,public,hors EP,98.8,88.8,0.0,conforme,90.0,0.0,conforme,76752,YERVILLE,76,SEINE-MARITIME,70,NORMANDIE,49.67008613746819,0.8954898170306897
0761952J,Collège Francis Yard,public,hors EP,112.5,88.8,0.0,conforme,90.0,0.0,conforme,76146,BUCHY,76,SEINE-MARITIME,70,NORMANDIE,49.58533420396157,1.3630433904299022
0761953K,Collège Guillaume le Conquérant,public,hors EP,102.0,88.8,0.0,conforme,90.0,0.0,conforme,76648,SAINT SAENS,76,SEINE-MARITIME,70,NORMANDIE,49.672134935876784,1.2872306165015457
0761954L,Collège Gustave Courbet,public,REP,85.4,88.8,0.0,conforme,90.0,0.0,conforme,76305,GONFREVILLE L ORCHER,76,SEINE-MARITIME,70,NORMANDIE,49.5071231343554,0.2323490017142425
0761956N,Collège René Coty,public,hors EP,99.2,88.8,0.0,conforme,90.0,0.0,conforme,76034,VAL DE SCIE,76,SEINE-MARITIME,70,NORMANDIE,49.71265974920905,1.1109006642269872
0762080Y,Collège Henri Matisse,public,REP,84.5,88.8,0.0,conforme,90.0,0.0,conforme,76319,GRAND COURONNE,76,SEINE-MARITIME,70,NORMANDIE,49.351485882868495,1.0017386409405615
0762084C,Collège Victor Hugo,public,hors EP,101.5,88.8,0.0,conforme,90.0,0.0,conforme,76164,RIVES EN SEINE,76,SEINE-MARITIME,70,NORMANDIE,49.52804639720943,0.7228132440724963
0762085D,Collège Commandant Charcot,public,hors EP,96.1,88.8,0.0,conforme,90.0,0.0,conforme,76709,LE TRAIT,76,SEINE-MARITIME,70,NORMANDIE,49.47567894090643,0.8164099724118218
0762086E,Collège Jean Malaurie,public,hors EP,101.7,88.8,0.0,conforme,90.0,0.0,conforme,76397,LONGUEVILLE SUR SCIE,76,SEINE-MARITIME,70,NORMANDIE,49.79278699173242,1.1160921392292271
0762087F,Collège Rachel Salmona,public,hors EP,91.8,88.8,0.0,conforme,90.0,0.0,conforme,76711,LE TREPORT,76,SEINE-MARITIME,70,NORMANDIE,50.05689620289672,1.36775741819692
0762089H,Collège Charles Gounod,public,REP,83.1,88.8,0.0,conforme,90.0,0.0,conforme,76157,CANTELEU,76,SEINE-MARITIME,70,NORMANDIE,49.454305751418985,1.0326899176521405
0762090J,Collège Eugène Noël,public,hors EP,111.0,88.8,0.0,conforme,90.0,0.0,conforme,76452,MONTVILLE,76,SEINE-MARITIME,70,NORMANDIE,49.547603310139976,1.0735956789244696
0762091K,Collège Fontenelle,public,hors EP,116.4,88.8,0.0,conforme,90.0,0.0,conforme,76540,ROUEN,76,SEINE-MARITIME,70,NORMANDIE,49.44416004159045,1.1037656022475335
0762093M,Collège Édouard Branly,public,hors EP,90.6,88.8,0.0,conforme,90.0,0.0,conforme,76322,LE GRAND QUEVILLY,76,SEINE-MARITIME,70,NORMANDIE,49.413670447906206,1.055925440718557
0762107C,Collège Henry Dunant,public,hors EP,85.5,88.8,3.299999999999997,oublie,90.0,4.5,oublie,76035,AUMALE,76,SEINE-MARITIME,70,NORMANDIE,49.773320643672726,1.75092847517824
0762123V,Collège André Raimbourg,public,hors EP,97.3,88.8,0.0,conforme,90.0,0.0,conforme,76219,DOUDEVILLE,76,SEINE-MARITIME,70,NORMANDIE,49.722658853736974,0.7795489098434243
0762125X,Collège Jean Cocteau,public,hors EP,111.3,88.8,0.0,conforme,90.0,0.0,conforme,76482,OFFRANVILLE,76,SEINE-MARITIME,70,NORMANDIE,49.86833096343327,1.038605213532602
0762126Y,Collège Louis Bouilhet,public,hors EP,93.4,88.8,0.0,conforme,90.0,0.0,conforme,76159,CANY BARVILLE,76,SEINE-MARITIME,70,NORMANDIE,49.79015283392852,0.6334585059362225
0762127Z,Collège Henri Wallon,public,REP+,78.3,88.8,0.0,conforme,90.0,0.0,conforme,76351,LE HAVRE,76,SEINE-MARITIME,70,NORMANDIE,49.52320460902555,0.1155096642109962
0762128A,Collège Léo Lagrange,public,REP,79.5,88.8,0.0,conforme,90.0,0.0,conforme,76351,LE HAVRE,76,SEINE-MARITIME,70,NORMANDIE,49.5017416116479,0.1653404614484762
0762129B,Collège Pablo Picasso,public,hors EP,91.1,88.8,0.0,conforme,90.0,0.0,conforme,76341,HARFLEUR,76,SEINE-MARITIME,70,NORMANDIE,49.512312711196486,0.1915211793126018
0762132E,Collège Robespierre,public,REP+,71.2,88.8,0.0,conforme,90.0,0.0,conforme,76575,SAINT ETIENNE DU ROUVRAY,76,SEINE-MARITIME,70,NORMANDIE,49.39673043511122,1.0680494706698562
0762133F,Collège Pablo Picasso,public,REP,90.6,88.8,1.7999999999999972,sur-inclus,90.0,0.5999999999999943,sur-inclus,76575,SAINT ETIENNE DU ROUVRAY,76,SEINE-MARITIME,70,NORMANDIE,49.37786419456911,1.102055412205515
0762170W,Collège Louis Philippe,public,hors EP,95.9,88.8,0.0,conforme,90.0,0.0,conforme,76255,EU,76,SEINE-MARITIME,70,NORMANDIE,50.04482693798114,1.4127039976927824
0762173Z,Collège Marcel Pagnol,public,REP+,74.1,88.8,0.0,conforme,90.0,0.0,conforme,76351,LE HAVRE,76,SEINE-MARITIME,70,NORMANDIE,49.49132678867635,0.1404730639042307
0762176C,Collège Albert Calmette,public,hors EP,94.1,88.8,0.0,conforme,90.0,0.0,conforme,76476,PORT JEROME SUR SEINE,76,SEINE-MARITIME,70,NORMANDIE,49.49486728404821,0.5739110531947932
0762177D,Collège la Hêtraie,public,hors EP,106.3,88.8,0.0,conforme,90.0,0.0,conforme,76263,LA FEUILLIE,76,SEINE-MARITIME,70,NORMANDIE,49.461303466165006,1.5157784951351778
0762178E,Collège Barbey d'Aurevilly,public,hors EP,124.3,88.8,0.0,conforme,90.0,0.0,conforme,76540,ROUEN,76,SEINE-MARITIME,70,NORMANDIE,49.4464039294681,1.090198734328529
0762197A,Collège Jean Delacour,public,hors EP,108.5,88.8,0.0,conforme,90.0,0.0,conforme,76179,CLERES,76,SEINE-MARITIME,70,NORMANDIE,49.60206635462068,1.121597567748902
0762199C,Collège Maurice Maëterlinck,public,hors EP,95.5,88.8,0.0,conforme,90.0,0.0,conforme,76330,GRUCHET SAINT SIMEON,76,SEINE-MARITIME,70,NORMANDIE,49.82741618566635,0.9034219920395584
0762202F,Collège Jules Verne,public,hors EP,96.6,88.8,0.0,conforme,90.0,0.0,conforme,76216,DEVILLE LES ROUEN,76,SEINE-MARITIME,70,NORMANDIE,49.4746652142571,1.0568337750534111
0762225F,Collège Alexandre Dumas,public,hors EP,101.6,88.8,0.0,conforme,90.0,0.0,conforme,76217,DIEPPE,76,SEINE-MARITIME,70,NORMANDIE,49.91991098446957,1.1008297875113713
0762226G,Collège Théophile Gautier,public,REP,90.5,88.8,1.7000000000000028,sur-inclus,90.0,0.5,sur-inclus,76351,LE HAVRE,76,SEINE-MARITIME,70,NORMANDIE,49.51385513465711,0.090217843414788
0762227H,Collège Belle Étoile,public,hors EP,107.9,88.8,0.0,conforme,90.0,0.0,conforme,76447,MONTIVILLIERS,76,SEINE-MARITIME,70,NORMANDIE,49.5481032412676,0.1714003295200983
0762229K,Collège Hector Malot,public,hors EP,124.6,88.8,0.0,conforme,90.0,0.0,conforme,76429,LE MESNIL ESNARD,76,SEINE-MARITIME,70,NORMANDIE,49.40602361567493,1.1524334137964205
0762286X,Collège Catherine Bernard,public,hors EP,102.4,88.8,0.0,conforme,90.0,0.0,conforme,76057,BARENTIN,76,SEINE-MARITIME,70,NORMANDIE,49.55431511350218,0.9544640124609372
0762287Y,Collège Georges Cuvier,public,REP,90.0,88.8,1.2000000000000028,sur-inclus,90.0,0.0,au seuil,76259,FECAMP,76,SEINE-MARITIME,70,NORMANDIE,49.75766566602425,0.3662398343896867
0762288Z,Collège Raymond Queneau,public,hors EP,110.3,88.8,0.0,conforme,90.0,0.0,conforme,76447,MONTIVILLIERS,76,SEINE-MARITIME,70,NORMANDIE,49.54787159172052,0.1908039056485525
0762289A,Collège Pierre Mendès France,public,hors EP,94.9,88.8,0.0,conforme,90.0,0.0,conforme,76384,LILLEBONNE,76,SEINE-MARITIME,70,NORMANDIE,49.5233672627641,0.5337684174859856
0762290B,Collège Camille Saint-Saëns,public,hors EP,116.9,88.8,0.0,conforme,90.0,0.0,conforme,76540,ROUEN,76,SEINE-MARITIME,70,NORMANDIE,49.44222044001235,1.094010472869268
0762405B,Collège La Hève,public,hors EP,121.4,88.8,0.0,conforme,90.0,0.0,conforme,76552,SAINTE ADRESSE,76,SEINE-MARITIME,70,NORMANDIE,49.510716708558746,0.0728230210859389
0762459K,Collège Nelson Mandela,public,REP+,80.5,88.8,0.0,conforme,90.0,0.0,conforme,76231,ELBEUF,76,SEINE-MARITIME,70,NORMANDIE,49.28224742151588,1.0070361686868774
0762461M,Collège Jean Renoir,public,hors EP,93.5,88.8,0.0,conforme,90.0,0.0,conforme,76319,GRAND COURONNE,76,SEINE-MARITIME,70,NORMANDIE,49.3610350040288,1.0134087650008123
0762598L,Collège Georges Brassens,public,hors EP,109.1,88.8,0.0,conforme,90.0,0.0,conforme,76238,EPOUVILLE,76,SEINE-MARITIME,70,NORMANDIE,49.558705220864965,0.227409388131502
0762679Z,Collège Jacques Brel,public,REP,88.7,88.8,0.0,conforme,90.0,0.0,conforme,76178,CLEON,76,SEINE-MARITIME,70,NORMANDIE,49.30962946567946,1.0286036136248429
0762738N,Collège de la Côte blanche,public,hors EP,89.5,88.8,0.0,conforme,90.0,0.5,oublie,76384,LILLEBONNE,76,SEINE-MARITIME,70,NORMANDIE,49.52215075998401,0.5471138963968346
0762764S,Collège André Marie,public,hors EP,105.7,88.8,0.0,conforme,90.0,0.0,conforme,76057,BARENTIN,76,SEINE-MARITIME,70,NORMANDIE,49.539695640766666,0.9639219755699124
0762816Y,Collège Masseot Abaquesne,public,hors EP,119.2,88.8,0.0,conforme,90.0,0.0,conforme,76116,BOOS,76,SEINE-MARITIME,70,NORMANDIE,49.38453313140523,1.203484197518767
0762861X,Collège Jean Monnet,public,hors EP,90.1,88.8,0.0,conforme,90.0,0.0,conforme,76329,GRUCHET LE VALASSE,76,SEINE-MARITIME,70,NORMANDIE,49.55353595634711,0.4919581144575008
0762919K,Collège Jacques-Yves Cousteau,public,REP,75.9,88.8,0.0,conforme,90.0,0.0,conforme,76165,CAUDEBEC LES ELBEUF,76,SEINE-MARITIME,70,NORMANDIE,49.27752988759129,1.024197795500888
0763368Y,Collège Lucie Aubrac,public,hors EP,131.9,88.8,0.0,conforme,90.0,0.0,conforme,76377,ISNEAUVILLE,76,SEINE-MARITIME,70,NORMANDIE,49.49260791253834,1.1415473298849887
0770002J,Collège Denecourt,public,hors EP,133.4,88.8,0.0,conforme,89.6,0.0,conforme,77037,BOIS LE ROI,77,SEINE-ET-MARNE,24,CRETEIL,48.47751214808603,2.702860256925581
0770003K,Collège Jean Rostand,public,hors EP,101.1,88.8,0.0,conforme,89.6,0.0,conforme,77051,BRAY SUR SEINE,77,SEINE-ET-MARNE,24,CRETEIL,48.41314948362619,3.2407971228396764
0770005M,Collège Jean Jaurès,public,hors EP,102.4,88.8,0.0,conforme,89.6,0.0,conforme,77055,BROU SUR CHANTEREINE,77,SEINE-ET-MARNE,24,CRETEIL,48.880678368593706,2.628500657695172
0770009S,Collège Blanche de Castille,public,hors EP,119.1,88.8,0.0,conforme,89.6,0.0,conforme,77088,LA CHAPELLE LA REINE,77,SEINE-ET-MARNE,24,CRETEIL,48.30928843233172,2.572757999899468
0770010T,Collège Pierre Roux,public,hors EP,98.7,88.8,0.0,conforme,89.6,0.0,conforme,77099,CHATEAU LANDON,77,SEINE-ET-MARNE,24,CRETEIL,48.14858146761614,2.694220667066934
0770013W,Collège Camille Corot,public,hors EP,94.1,88.8,0.0,conforme,89.6,0.0,conforme,77108,CHELLES,77,SEINE-ET-MARNE,24,CRETEIL,48.90344967577538,2.594161273884108
0770014X,Collège parc des Tourelles,public,hors EP,116.7,88.8,0.0,conforme,89.6,0.0,conforme,77118,CLAYE SOUILLY,77,SEINE-ET-MARNE,24,CRETEIL,48.94723138910872,2.686644653515988
0770019C,Collège Robert Doisneau,public,REP,85.4,88.8,0.0,conforme,89.6,0.0,conforme,77152,DAMMARIE LES LYS,77,SEINE-ET-MARNE,24,CRETEIL,48.51941410050584,2.6455786065829257
0770020D,Collège du Montois,public,hors EP,104.9,88.8,0.0,conforme,89.6,0.0,conforme,77159,DONNEMARIE DONTILLY,77,SEINE-ET-MARNE,24,CRETEIL,48.47891075071262,3.1413616436897205
0770024H,Collège La Rochefoucauld,public,hors EP,97.0,88.8,0.0,conforme,89.6,0.0,conforme,77183,LA FERTE SOUS JOUARRE,77,SEINE-ET-MARNE,24,CRETEIL,48.94203128002248,3.13548313550068
0770027L,Collège Marcel Rivière,public,hors EP,111.2,88.8,0.0,conforme,89.6,0.0,conforme,77243,LAGNY SUR MARNE,77,SEINE-ET-MARNE,24,CRETEIL,48.87817673014583,2.7224828197663347
0770030P,Collège Jacques Prévert,public,hors EP,105.4,88.8,0.0,conforme,89.6,0.0,conforme,77261,LORREZ LE BOCAGE PREAUX,77,SEINE-ET-MARNE,24,CRETEIL,48.23771540674036,2.9053444848177152
0770032S,Collège Parc Frot,public,hors EP,101.6,88.8,0.0,conforme,89.6,0.0,conforme,77284,MEAUX,77,SEINE-ET-MARNE,24,CRETEIL,48.96483648004339,2.873113398533389
0770033T,Collège les Capucins,public,REP+,86.7,88.8,0.0,conforme,89.6,0.0,conforme,77288,MELUN,77,SEINE-ET-MARNE,24,CRETEIL,48.550080305154566,2.6627875409880235
0770038Y,Collège Alfred Sisley,public,hors EP,117.1,88.8,0.0,conforme,89.6,0.0,conforme,77316,MORET LOING ET ORVANNE,77,SEINE-ET-MARNE,24,CRETEIL,48.36839471925953,2.81437334473549
0770040A,Collège René Barthélémy,public,hors EP,85.4,88.8,3.3999999999999915,oublie,89.6,4.199999999999989,oublie,77327,NANGIS,77,SEINE-ET-MARNE,24,CRETEIL,48.55176862591806,3.0184301578542145
0770048J,Collège Émile Chevallier,public,hors EP,93.7,88.8,0.0,conforme,89.6,0.0,conforme,77458,SOUPPES SUR LOING,77,SEINE-ET-MARNE,24,CRETEIL,48.17733621470036,2.7344055737542456
0770051M,Collège Jean Baptiste Vermay,public,hors EP,117.4,88.8,0.0,conforme,89.6,0.0,conforme,77470,TOURNAN EN BRIE,77,SEINE-ET-MARNE,24,CRETEIL,48.74367504972891,2.752261020109882
0770053P,Collège Elsa Triolet,public,hors EP,100.9,88.8,0.0,conforme,89.6,0.0,conforme,77482,VARENNES SUR SEINE,77,SEINE-ET-MARNE,24,CRETEIL,48.37280173455368,2.934412154258869
0770057U,Collège les Creusottes,public,hors EP,99.8,88.8,0.0,conforme,89.6,0.0,conforme,77512,VILLENEUVE SUR BELLOT,77,SEINE-ET-MARNE,24,CRETEIL,48.86330341115143,3.335620637922508
0770059W,Collège les Tournelles,public,hors EP,104.1,88.8,0.0,conforme,89.6,0.0,conforme,77519,VILLIERS SAINT GEORGES,77,SEINE-ET-MARNE,24,CRETEIL,48.64761268609026,3.408469476520107
0770928R,Collège international,public,hors EP,133.5,88.8,0.0,conforme,89.6,0.0,conforme,77186,FONTAINEBLEAU,77,SEINE-ET-MARNE,24,CRETEIL,48.4103512927818,2.694621132947643
0771029A,Collège Henri Dunant,public,REP+,84.7,88.8,0.0,conforme,89.6,0.0,conforme,77284,MEAUX,77,SEINE-ET-MARNE,24,CRETEIL,48.945505414466616,2.897457314285616
0771068T,Collège Rosa Bonheur,public,hors EP,114.7,88.8,0.0,conforme,89.6,0.0,conforme,77100,LE CHATELET EN BRIE,77,SEINE-ET-MARNE,24,CRETEIL,48.50174975191207,2.7883605493630093
0771070V,Collège Fréderic Chopin,public,REP,77.7,88.8,0.0,conforme,89.6,0.0,conforme,77288,MELUN,77,SEINE-ET-MARNE,24,CRETEIL,48.55428096914178,2.639678808887983
0771172F,Collège Albert Camus,public,REP+,77.2,88.8,0.0,conforme,89.6,0.0,conforme,77284,MEAUX,77,SEINE-ET-MARNE,24,CRETEIL,48.94843462333384,2.9090469708554823
0771173G,Collège Henri IV,public,hors EP,102.2,88.8,0.0,conforme,89.6,0.0,conforme,77284,MEAUX,77,SEINE-ET-MARNE,24,CRETEIL,48.9599512762372,2.8859837698465776
0771174H,Collège Pierre de Montereau,public,hors EP,93.8,88.8,0.0,conforme,89.6,0.0,conforme,77305,MONTEREAU FAULT YONNE,77,SEINE-ET-MARNE,24,CRETEIL,48.38724179174792,2.9518657211228105
0771175J,Collège Condorcet,public,hors EP,108.3,88.8,0.0,conforme,89.6,0.0,conforme,77373,PONTAULT COMBAULT,77,SEINE-ET-MARNE,24,CRETEIL,48.80192264564928,2.620974439993022
0771176K,Collège Jules Verne,public,REP,92.8,88.8,4.0,sur-inclus,89.6,3.200000000000003,sur-inclus,77379,PROVINS,77,SEINE-ET-MARNE,24,CRETEIL,48.5447763041668,3.2913187228330885
0771177L,Collège René Goscinny,public,hors EP,110.5,88.8,0.0,conforme,89.6,0.0,conforme,77479,VAIRES SUR MARNE,77,SEINE-ET-MARNE,24,CRETEIL,48.8703256469056,2.6476001324024705
0771178M,Collège la Mare aux Champs,public,hors EP,113.0,88.8,0.0,conforme,89.6,0.0,conforme,77487,VAUX LE PENIL,77,SEINE-ET-MARNE,24,CRETEIL,48.52938770750404,2.679460435755417
0771331D,Collège Paul Langevin,public,hors EP,87.9,88.8,0.8999999999999915,oublie,89.6,1.6999999999999886,oublie,77294,MITRY MORY,77,SEINE-ET-MARNE,24,CRETEIL,48.972567445492686,2.650483079297937
0771333F,Collège Gérard Philipe,public,hors EP,96.6,88.8,0.0,conforme,89.6,0.0,conforme,77514,VILLEPARISIS,77,SEINE-ET-MARNE,24,CRETEIL,48.94138445574996,2.6229533532799154
0771334G,Collège Gérard Philipe,public,hors EP,108.7,88.8,0.0,conforme,89.6,0.0,conforme,77350,OZOIR LA FERRIERE,77,SEINE-ET-MARNE,24,CRETEIL,48.7655866379138,2.676732634898954
0771337K,Collège Elsa Triolet,public,REP,84.2,88.8,0.0,conforme,89.6,0.0,conforme,77285,LE MEE SUR SEINE,77,SEINE-ET-MARNE,24,CRETEIL,48.54492273740363,2.635235714341124
0771339M,Collège Pierre Brossolette,public,REP,81.9,88.8,0.0,conforme,89.6,0.0,conforme,77288,MELUN,77,SEINE-ET-MARNE,24,CRETEIL,48.54493518460296,2.674553155197504
0771342R,Collège Fernand Gregh,public,hors EP,105.8,88.8,0.0,conforme,89.6,0.0,conforme,77079,CHAMPAGNE SUR SEINE,77,SEINE-ET-MARNE,24,CRETEIL,48.39830100364863,2.8060617455579773
0771361L,Collège Louis Braille,public,hors EP,119.0,88.8,0.0,conforme,89.6,0.0,conforme,77171,ESBLY,77,SEINE-ET-MARNE,24,CRETEIL,48.89701004326514,2.8045303727622457
0771362M,Collège Camille Saint-Saens,public,hors EP,95.8,88.8,0.0,conforme,89.6,0.0,conforme,77257,LIZY SUR OURCQ,77,SEINE-ET-MARNE,24,CRETEIL,49.02989259060637,3.015371321404486
0771363N,Collège Arthur Chaussy,public,hors EP,106.6,88.8,0.0,conforme,89.6,0.0,conforme,77053,BRIE COMTE ROBERT,77,SEINE-ET-MARNE,24,CRETEIL,48.688386449963794,2.60145789948942
0771365R,Collège Jean Vilar,public,hors EP,109.9,88.8,0.0,conforme,89.6,0.0,conforme,77495,VERT SAINT DENIS,77,SEINE-ET-MARNE,24,CRETEIL,48.56816799324438,2.6126596896150245
0771419Z,Collège Jean Moulin,public,hors EP,105.8,88.8,0.0,conforme,89.6,0.0,conforme,77373,PONTAULT COMBAULT,77,SEINE-ET-MARNE,24,CRETEIL,48.78732245190902,2.5979664292888174
0771420A,Collège Beaumarchais,public,REP,75.7,88.8,0.0,conforme,89.6,0.0,conforme,77284,MEAUX,77,SEINE-ET-MARNE,24,CRETEIL,48.94874387341907,2.9125511571538625
0771421B,Collège les Hyverneaux,public,hors EP,121.3,88.8,0.0,conforme,89.6,0.0,conforme,77249,LESIGNY,77,SEINE-ET-MARNE,24,CRETEIL,48.74679131914725,2.6226476060945707
0771422C,Collège de la Vallée,public,hors EP,95.7,88.8,0.0,conforme,89.6,0.0,conforme,77014,AVON,77,SEINE-ET-MARNE,24,CRETEIL,48.41306599454025,2.731622719007231
0771424E,Collège Lucien Cézard,public,hors EP,130.0,88.8,0.0,conforme,89.6,0.0,conforme,77186,FONTAINEBLEAU,77,SEINE-ET-MARNE,24,CRETEIL,48.41069543514517,2.706205461581368
0771471F,Collège Pierre Weczerka,public,hors EP,95.9,88.8,0.0,conforme,89.6,0.0,conforme,77108,CHELLES,77,SEINE-ET-MARNE,24,CRETEIL,48.87890133641777,2.588360042280889
0771472G,Collège le Moulin à Vent,public,hors EP,110.4,88.8,0.0,conforme,89.6,0.0,conforme,77464,THORIGNY SUR MARNE,77,SEINE-ET-MARNE,24,CRETEIL,48.89026512032738,2.710309430596901
0771475K,Collège les Aulnes,public,hors EP,101.1,88.8,0.0,conforme,89.6,0.0,conforme,77122,COMBS LA VILLE,77,SEINE-ET-MARNE,24,CRETEIL,48.66183974353101,2.562579116940276
0771476L,Collège Georges Politzer,public,REP,87.2,88.8,0.0,conforme,89.6,0.0,conforme,77152,DAMMARIE LES LYS,77,SEINE-ET-MARNE,24,CRETEIL,48.52124639712687,2.6401359451113526
0771478N,Collège Arthur Rimbaud,public,hors EP,87.0,88.8,1.7999999999999972,oublie,89.6,2.5999999999999943,oublie,77333,NEMOURS,77,SEINE-ET-MARNE,24,CRETEIL,48.26253162624913,2.710368971448197
0771511Z,Collège Armand Lanoux,public,hors EP,109.9,88.8,0.0,conforme,89.6,0.0,conforme,77083,CHAMPS SUR MARNE,77,SEINE-ET-MARNE,24,CRETEIL,48.851094458648326,2.585059695169361
0771513B,Collège Hippolyte Rémy,public,hors EP,104.3,88.8,0.0,conforme,89.6,0.0,conforme,77131,COULOMMIERS,77,SEINE-ET-MARNE,24,CRETEIL,48.808803365344,3.090981836666834
0771514C,Collège des Remparts,public,hors EP,110.9,88.8,0.0,conforme,89.6,0.0,conforme,77393,ROZAY EN BRIE,77,SEINE-ET-MARNE,24,CRETEIL,48.683378424491565,2.960714585011915
0771515D,Collège Lelorgne de Savigny,public,hors EP,97.9,88.8,0.0,conforme,89.6,0.0,conforme,77379,PROVINS,77,SEINE-ET-MARNE,24,CRETEIL,48.56177715529915,3.286846100741223
0771517F,Collège François Villon,public,hors EP,108.7,88.8,0.0,conforme,89.6,0.0,conforme,77407,SAINT FARGEAU PONTHIERRY,77,SEINE-ET-MARNE,24,CRETEIL,48.5243827523597,2.543808216884613
0771518G,Collège Louis Armand,public,hors EP,88.5,88.8,0.29999999999999716,oublie,89.6,1.0999999999999943,oublie,77445,SAVIGNY LE TEMPLE,77,SEINE-ET-MARNE,24,CRETEIL,48.60087772924634,2.5743723043202973
0771519H,Collège Louise Michel,public,hors EP,113.4,88.8,0.0,conforme,89.6,0.0,conforme,77176,FAREMOUTIERS,77,SEINE-ET-MARNE,24,CRETEIL,48.80220420929542,2.984675360363589
0771562E,Collège Jean-Jacques Rousseau,public,hors EP,111.5,88.8,0.0,conforme,89.6,0.0,conforme,77349,OTHIS,77,SEINE-ET-MARNE,24,CRETEIL,49.07947943900323,2.6756116220904844
0771563F,Collège Eugène Delacroix,public,hors EP,111.8,88.8,0.0,conforme,89.6,0.0,conforme,77390,ROISSY EN BRIE,77,SEINE-ET-MARNE,24,CRETEIL,48.79605546112998,2.66473441981452
0771567K,Collège Paul Éluard,public,REP,94.2,88.8,5.400000000000006,sur-inclus,89.6,4.6000000000000085,sur-inclus,77305,MONTEREAU FAULT YONNE,77,SEINE-ET-MARNE,24,CRETEIL,48.40066590235061,2.9685607084546386
0771615M,Collège Georges Brassens,public,hors EP,103.4,88.8,0.0,conforme,89.6,0.0,conforme,77420,SAINT MARD,77,SEINE-ET-MARNE,24,CRETEIL,49.038569414543495,2.702669541801649
0771618R,Collège les Maillettes,public,REP,93.0,88.8,4.200000000000003,sur-inclus,89.6,3.4000000000000057,sur-inclus,77296,MOISSY CRAMAYEL,77,SEINE-ET-MARNE,24,CRETEIL,48.62386627521092,2.588544875994292
0771619S,Collège Charles Péguy,public,hors EP,110.4,88.8,0.0,conforme,89.6,0.0,conforme,77493,VERNEUIL L ETANG,77,SEINE-ET-MARNE,24,CRETEIL,48.647058861420334,2.8311386786152246
0771620T,Collège Nicolas Fouquet,public,hors EP,105.5,88.8,0.0,conforme,89.6,0.0,conforme,77317,MORMANT,77,SEINE-ET-MARNE,24,CRETEIL,48.61106709856856,2.8791390651529056
0771621U,Collège Honoré de Balzac,public,REP,91.1,88.8,2.299999999999997,sur-inclus,89.6,1.5,sur-inclus,77333,NEMOURS,77,SEINE-ET-MARNE,24,CRETEIL,48.26261375641058,2.7145431882512923
0771656G,Collège Nellie Bly,public,hors EP,103.3,88.8,0.0,conforme,89.6,0.0,conforme,77468,TORCY,77,SEINE-ET-MARNE,24,CRETEIL,48.85027531586813,2.6335823680243378
0771657H,Collège Anceau de Garlande,public,hors EP,100.6,88.8,0.0,conforme,89.6,0.0,conforme,77390,ROISSY EN BRIE,77,SEINE-ET-MARNE,24,CRETEIL,48.79569799104226,2.6428564239674546
0771659K,Collège la Plaine des Glacis,public,hors EP,102.7,88.8,0.0,conforme,89.6,0.0,conforme,77183,LA FERTE SOUS JOUARRE,77,SEINE-ET-MARNE,24,CRETEIL,48.9371338525202,3.129877987200726
0771661M,Collège Jean Campin,public,hors EP,88.3,88.8,0.5,oublie,89.6,1.2999999999999972,oublie,77182,LA FERTE GAUCHER,77,SEINE-ET-MARNE,24,CRETEIL,48.78523008747126,3.302742208652772
0771662N,Collège le grand parc,public,hors EP,118.0,88.8,0.0,conforme,89.6,0.0,conforme,77067,CESSON,77,SEINE-ET-MARNE,24,CRETEIL,48.55812862369304,2.5944814857606406
0771667U,Collège Mon Plaisir,public,hors EP,118.8,88.8,0.0,conforme,89.6,0.0,conforme,77142,CRECY LA CHAPELLE,77,SEINE-ET-MARNE,24,CRETEIL,48.858516324579966,2.914079166767612
0771759U,Collège de l'Europe,public,hors EP,98.7,88.8,0.0,conforme,89.6,0.0,conforme,77108,CHELLES,77,SEINE-ET-MARNE,24,CRETEIL,48.88804672253677,2.5921239087292025
0771760V,Collège Madame de La Fayette,public,hors EP,91.3,88.8,0.0,conforme,89.6,0.0,conforme,77131,COULOMMIERS,77,SEINE-ET-MARNE,24,CRETEIL,48.81464239654175,3.088042387390526
0771761W,Collège André Malraux,public,REP+,71.7,88.8,0.0,conforme,89.6,0.0,conforme,77305,MONTEREAU FAULT YONNE,77,SEINE-ET-MARNE,24,CRETEIL,48.393866921306376,2.9589829046749982
0771762X,Collège Jacques Amyot,public,hors EP,93.0,88.8,0.0,conforme,89.6,0.0,conforme,77288,MELUN,77,SEINE-ET-MARNE,24,CRETEIL,48.54471163921354,2.6615011508359347
0771766B,Collège Beau Soleil,public,hors EP,102.8,88.8,0.0,conforme,89.6,0.0,conforme,77108,CHELLES,77,SEINE-ET-MARNE,24,CRETEIL,48.88759061805264,2.621091390335622
0771768D,Collège les 4 Arpents,public,hors EP,98.9,88.8,0.0,conforme,89.6,0.0,conforme,77243,LAGNY SUR MARNE,77,SEINE-ET-MARNE,24,CRETEIL,48.86685463930115,2.7093340916468827
0771770F,Collège Jacques Prévert,public,hors EP,103.1,88.8,0.0,conforme,89.6,0.0,conforme,77385,REBAIS,77,SEINE-ET-MARNE,24,CRETEIL,48.84893389773529,3.2390098411784085
0771841H,Collège le Luzard,public,REP,89.9,88.8,1.1000000000000085,sur-inclus,89.6,0.30000000000001137,sur-inclus,77337,NOISIEL,77,SEINE-ET-MARNE,24,CRETEIL,48.846480601359104,2.612890164548638
0771878Y,Collège Jacques Monod,public,hors EP,97.6,88.8,0.0,conforme,89.6,0.0,conforme,77514,VILLEPARISIS,77,SEINE-ET-MARNE,24,CRETEIL,48.93630327518405,2.607167222018836
0771911J,Collège les Tilleuls,public,hors EP,118.9,88.8,0.0,conforme,89.6,0.0,conforme,77118,CLAYE SOUILLY,77,SEINE-ET-MARNE,24,CRETEIL,48.94001218990448,2.6822161354122245
0771912K,Collège Jean des Barres,public,hors EP,105.8,88.8,0.0,conforme,89.6,0.0,conforme,77344,OISSERY,77,SEINE-ET-MARNE,24,CRETEIL,49.07171803189208,2.8141156840964303
0771959L,Collège les Cités Unies,public,hors EP,107.4,88.8,0.0,conforme,89.6,0.0,conforme,77122,COMBS LA VILLE,77,SEINE-ET-MARNE,24,CRETEIL,48.65459747011703,2.576137355339585
0771960M,Collège Henri Wallon,public,hors EP,98.7,88.8,0.0,conforme,89.6,0.0,conforme,77445,SAVIGNY LE TEMPLE,77,SEINE-ET-MARNE,24,CRETEIL,48.60015890103012,2.547751238244323
0771991W,Collège Louis Aragon,public,hors EP,96.7,88.8,0.0,conforme,89.6,0.0,conforme,77468,TORCY,77,SEINE-ET-MARNE,24,CRETEIL,48.84685423401816,2.6437049821070984
0771992X,Collège la Maillière,public,hors EP,109.2,88.8,0.0,conforme,89.6,0.0,conforme,77258,LOGNES,77,SEINE-ET-MARNE,24,CRETEIL,48.842459483936494,2.6325145916696604
0771993Y,Collège Georges Brassens,public,hors EP,108.9,88.8,0.0,conforme,89.6,0.0,conforme,77053,BRIE COMTE ROBERT,77,SEINE-ET-MARNE,24,CRETEIL,48.69348581190083,2.604251806567941
0772056S,Collège Jean de La Fontaine,public,REP,79.1,88.8,0.0,conforme,89.6,0.0,conforme,77285,LE MEE SUR SEINE,77,SEINE-ET-MARNE,24,CRETEIL,48.543889180956334,2.623987470095781
0772090D,Collège Jean Wiener,public,hors EP,102.4,88.8,0.0,conforme,89.6,0.0,conforme,77083,CHAMPS SUR MARNE,77,SEINE-ET-MARNE,24,CRETEIL,48.84647493451301,2.5805275455857823
0772091E,Collège le Bois de l'Enclume,public,hors EP,107.0,88.8,0.0,conforme,89.6,0.0,conforme,77475,TRILPORT,77,SEINE-ET-MARNE,24,CRETEIL,48.95075878744288,2.9435235413950105
0772119K,Collège Van Gogh,public,hors EP,115.3,88.8,0.0,conforme,89.6,0.0,conforme,77169,EMERAINVILLE,77,SEINE-ET-MARNE,24,CRETEIL,48.80860789531528,2.620758373375399
0772125S,Collège le Segrais,public,hors EP,91.2,88.8,0.0,conforme,89.6,0.0,conforme,77258,LOGNES,77,SEINE-ET-MARNE,24,CRETEIL,48.83481542535771,2.6537404470096035
0772126T,Collège Robert Buron,public,hors EP,97.7,88.8,0.0,conforme,89.6,0.0,conforme,77326,NANDY,77,SEINE-ET-MARNE,24,CRETEIL,48.58737611022227,2.567999445059139
0772128V,Collège Saint-Louis,public,hors EP,96.5,88.8,0.0,conforme,89.6,0.0,conforme,77251,LIEUSAINT,77,SEINE-ET-MARNE,24,CRETEIL,48.62924919264854,2.5472013545000274
0772154Y,Collège Léonard de Vinci,public,hors EP,117.5,88.8,0.0,conforme,89.6,0.0,conforme,77438,SAINT THIBAULT DES VIGNES,77,SEINE-ET-MARNE,24,CRETEIL,48.855019458069606,2.6720728912435217
0772189L,Collège Hutinel,public,hors EP,105.8,88.8,0.0,conforme,89.6,0.0,conforme,77215,GRETZ ARMAINVILLIERS,77,SEINE-ET-MARNE,24,CRETEIL,48.740426592431845,2.741760627914306
0772190M,Collège de l'Europe,public,hors EP,106.2,88.8,0.0,conforme,89.6,0.0,conforme,77153,DAMMARTIN EN GOELE,77,SEINE-ET-MARNE,24,CRETEIL,49.05997664290637,2.6825897807061856
0772191N,Collège La Boétie,public,hors EP,106.4,88.8,0.0,conforme,89.6,0.0,conforme,77296,MOISSY CRAMAYEL,77,SEINE-ET-MARNE,24,CRETEIL,48.630174833280144,2.5933425139085493
0772226B,Collège Jacques-Yves Cousteau,public,hors EP,124.9,88.8,0.0,conforme,89.6,0.0,conforme,77058,BUSSY SAINT GEORGES,77,SEINE-ET-MARNE,24,CRETEIL,48.84235623496517,2.7042808718146216
0772227C,Collège Stephane Mallarmé,public,hors EP,110.2,88.8,0.0,conforme,89.6,0.0,conforme,77192,FONTENAY TRESIGNY,77,SEINE-ET-MARNE,24,CRETEIL,48.70177295017624,2.872853908682504
0772246Y,Collège le Champivert,public,hors EP,99.8,88.8,0.0,conforme,89.6,0.0,conforme,77148,CROUY SUR OURCQ,77,SEINE-ET-MARNE,24,CRETEIL,49.09011671929037,3.069208155718159
0772247Z,Collège George Sand,public,hors EP,111.3,88.8,0.0,conforme,89.6,0.0,conforme,77320,MOUROUX,77,SEINE-ET-MARNE,24,CRETEIL,48.82435739502766,3.0353450050199613
0772248A,Collège George Sand,public,hors EP,111.9,88.8,0.0,conforme,89.6,0.0,conforme,77143,CREGY LES MEAUX,77,SEINE-ET-MARNE,24,CRETEIL,48.97947342240735,2.8741869465432512
0772274D,Collège La Grange du Bois,public,hors EP,99.0,88.8,0.0,conforme,89.6,0.0,conforme,77445,SAVIGNY LE TEMPLE,77,SEINE-ET-MARNE,24,CRETEIL,48.58533823406568,2.581734712661134
0772293Z,Collège Marie Laurencin,public,hors EP,112.7,88.8,0.0,conforme,89.6,0.0,conforme,77350,OZOIR LA FERRIERE,77,SEINE-ET-MARNE,24,CRETEIL,48.76742459830689,2.6687034214300263
0772330P,Collège Pablo Picasso,public,hors EP,114.4,88.8,0.0,conforme,89.6,0.0,conforme,77083,CHAMPS SUR MARNE,77,SEINE-ET-MARNE,24,CRETEIL,48.84094615384963,2.606308193136164
0772331R,Collège Monthéty,public,hors EP,109.0,88.8,0.0,conforme,89.6,0.0,conforme,77373,PONTAULT COMBAULT,77,SEINE-ET-MARNE,24,CRETEIL,48.7778083289711,2.603782490115943
0772396L,Collège Maria Callas,public,hors EP,114.4,88.8,0.0,conforme,89.6,0.0,conforme,77139,COURTRY,77,SEINE-ET-MARNE,24,CRETEIL,48.909974974730815,2.6033003225406777
0772413E,Collège Anne Frank,public,hors EP,104.6,88.8,0.0,conforme,89.6,0.0,conforme,77058,BUSSY SAINT GEORGES,77,SEINE-ET-MARNE,24,CRETEIL,48.840829827519634,2.720648853976796
0772427V,Collège Christine de Pisan,public,hors EP,119.4,88.8,0.0,conforme,89.6,0.0,conforme,77359,PERTHES,77,SEINE-ET-MARNE,24,CRETEIL,48.47469995557058,2.55513691610706
0772429X,Collège de la Pyramide,public,hors EP,112.4,88.8,0.0,conforme,89.6,0.0,conforme,77251,LIEUSAINT,77,SEINE-ET-MARNE,24,CRETEIL,48.63513702364916,2.5482904115839684
0772481D,Collège Marie Curie,public,REP,89.4,88.8,0.6000000000000085,sur-inclus,89.6,0.0,conforme,77379,PROVINS,77,SEINE-ET-MARNE,24,CRETEIL,48.54815499136773,3.296807129148378
0772482E,Collège Victor Schoelcher,public,hors EP,111.7,88.8,0.0,conforme,89.6,0.0,conforme,77468,TORCY,77,SEINE-ET-MARNE,24,CRETEIL,48.83359067991851,2.658805427645477
0772483F,Collège Nicolas Tronchon,public,hors EP,108.2,88.8,0.0,conforme,89.6,0.0,conforme,77437,SAINT SOUPPLETS,77,SEINE-ET-MARNE,24,CRETEIL,49.0399373196789,2.811213701187311
0772499Y,Collège de la Dhuis,public,hors EP,110.2,88.8,0.0,conforme,89.6,0.0,conforme,77330,NANTEUIL LES MEAUX,77,SEINE-ET-MARNE,24,CRETEIL,48.93029739420423,2.882012991433109
0772548B,Collège Les Blés d'or,public,hors EP,127.2,88.8,0.0,conforme,89.6,0.0,conforme,77018,BAILLY ROMAINVILLIERS,77,SEINE-ET-MARNE,24,CRETEIL,48.848285942734215,2.817989645919314
0772573D,Collège Erik Satie,public,hors EP,101.9,88.8,0.0,conforme,89.6,0.0,conforme,77294,MITRY MORY,77,SEINE-ET-MARNE,24,CRETEIL,48.96266495491562,2.5960698999001783
0772574E,Collège Vasco de Gama,public,hors EP,105.9,88.8,0.0,conforme,89.6,0.0,conforme,77431,SAINT PIERRE LES NEMOURS,77,SEINE-ET-MARNE,24,CRETEIL,48.27757727819785,2.6737253041600884
0772588V,Collège Claude Monet,public,hors EP,122.0,88.8,0.0,conforme,89.6,0.0,conforme,77058,BUSSY SAINT GEORGES,77,SEINE-ET-MARNE,24,CRETEIL,48.84271160421466,2.737896575397692
0772589W,Collège Madeleine Renaud,public,hors EP,110.7,88.8,0.0,conforme,89.6,0.0,conforme,77449,SERRIS,77,SEINE-ET-MARNE,24,CRETEIL,48.85037520012662,2.7870048422688667
0772651N,Collège le vieux chêne,public,hors EP,116.6,88.8,0.0,conforme,89.6,0.0,conforme,77111,CHESSY,77,SEINE-ET-MARNE,24,CRETEIL,48.87180385306413,2.764721516525268
0772713F,Collège Jacqueline de Romilly,public,hors EP,130.9,88.8,0.0,conforme,89.6,0.0,conforme,77268,MAGNY LE HONGRE,77,SEINE-ET-MARNE,24,CRETEIL,48.86908794456624,2.812037413376676
0772714G,Collège Stéphane Hessel,public,hors EP,115.9,88.8,0.0,conforme,89.6,0.0,conforme,77413,SAINT GERMAIN SUR MORIN,77,SEINE-ET-MARNE,24,CRETEIL,48.88299020830818,2.844552235199772
0772819W,Collège Lucie Aubrac,public,hors EP,115.2,88.8,0.0,conforme,89.6,0.0,conforme,77307,MONTEVRAIN,77,SEINE-ET-MARNE,24,CRETEIL,48.85995104432595,2.7584985226017187
0772867Y,Collège Colonel Arnaud Beltrame,public,hors EP,126.8,88.8,0.0,conforme,89.6,0.0,conforme,77533,VULAINES SUR SEINE,77,SEINE-ET-MARNE,24,CRETEIL,48.4387562248484,2.7557175611788387
0772868Z,Collège Marthe Simard,public,hors EP,106.4,88.8,0.0,conforme,89.6,0.0,conforme,77514,VILLEPARISIS,77,SEINE-ET-MARNE,24,CRETEIL,48.94138445574996,2.6229533532799154
0772923J,Collège Simone Veil,public,hors EP,109.5,88.8,0.0,conforme,89.6,0.0,conforme,77108,CHELLES,77,SEINE-ET-MARNE,24,CRETEIL,48.88390368115764,2.579152890817829
0772944G,Collège Marie-Amélie Le Fur,public,hors EP,113.9,88.8,0.0,conforme,89.6,0.0,conforme,77127,COUBERT,77,SEINE-ET-MARNE,24,CRETEIL,48.680064007786,2.6987400917352304
0772945H,Collège Marthe Gautier,public,hors EP,116.1,88.8,0.0,conforme,89.6,0.0,conforme,77095,CHARNY,77,SEINE-ET-MARNE,24,CRETEIL,48.96846597948284,2.7584875151227863
0772946J,Collège Jeanne Bonnardel Beguin,public,hors EP,105.9,88.8,0.0,conforme,89.6,0.0,conforme,77322,MOUSSY LE NEUF,77,SEINE-ET-MARNE,24,CRETEIL,49.06284992713988,2.602636539196228
0780002D,Collège Saint-Exupéry,public,hors EP,128.7,88.8,0.0,conforme,91.6,0.0,conforme,78015,ANDRESY,78,YVELINES,25,VERSAILLES,48.967398627312,2.04059782570142
0780032L,Collège Flora Tristan,public,REP,93.0,88.8,4.200000000000003,sur-inclus,91.6,1.4000000000000057,sur-inclus,78123,CARRIERES SOUS POISSY,78,YVELINES,25,VERSAILLES,48.937700076978935,2.021269550288245
0780033M,Collège Les Amandiers,public,hors EP,139.5,88.8,0.0,conforme,91.6,0.0,conforme,78124,CARRIERES SUR SEINE,78,YVELINES,25,VERSAILLES,48.91392990423648,2.1949938582244704
0780036R,Collège Victor Hugo,public,hors EP,106.5,88.8,0.0,conforme,91.6,0.0,conforme,78126,LA CELLE SAINT CLOUD,78,YVELINES,25,VERSAILLES,48.843466014436736,2.128281118039861
0780050F,Collège Samuel Paty,public,hors EP,120.8,88.8,0.0,conforme,91.6,0.0,conforme,78172,CONFLANS SAINTE HONORINE,78,YVELINES,25,VERSAILLES,49.01178829919193,2.1182807440958538
0780112Y,Collège Le Prieuré,public,hors EP,141.2,88.8,0.0,conforme,91.6,0.0,conforme,78358,MAISONS LAFFITTE,78,YVELINES,25,VERSAILLES,48.9458611119309,2.1494693279861643
0780116C,Collège Les Plaisances,public,REP,87.0,88.8,0.0,conforme,91.6,0.0,conforme,78362,MANTES LA VILLE,78,YVELINES,25,VERSAILLES,48.97516323864574,1.7029305276098965
0780119F,Collège Louis Lumière,public,hors EP,137.1,88.8,0.0,conforme,91.6,0.0,conforme,78372,MARLY LE ROI,78,YVELINES,25,VERSAILLES,48.86788859842339,2.099134758799692
0780179W,Collège Jean-Baptiste de la Quintinye,public,hors EP,134.8,88.8,0.0,conforme,91.6,0.0,conforme,78455,NOISY LE ROI,78,YVELINES,25,VERSAILLES,48.83738670812807,2.0698455568680867
0780180X,Collège Jules Verne,public,REP+,80.7,88.8,0.0,conforme,91.6,0.0,conforme,78440,LES MUREAUX,78,YVELINES,25,VERSAILLES,48.982753059563656,1.922887112017805
0780183A,Collège Montaigne,public,hors EP,111.8,88.8,0.0,conforme,91.6,0.0,conforme,78172,CONFLANS SAINTE HONORINE,78,YVELINES,25,VERSAILLES,48.99809710369489,2.084527737779575
0780184B,Collège Jean Racine,public,hors EP,143.5,88.8,0.0,conforme,91.6,0.0,conforme,78686,VIROFLAY,78,YVELINES,25,VERSAILLES,48.79821863701207,2.174889163702217
0780185C,Collège Descartes,public,hors EP,112.1,88.8,0.0,conforme,91.6,0.0,conforme,78242,FONTENAY LE FLEURY,78,YVELINES,25,VERSAILLES,48.81138479077228,2.053232369995718
0780186D,Collège Jean Racine,public,hors EP,105.8,88.8,0.0,conforme,91.6,0.0,conforme,78545,SAINT CYR L ECOLE,78,YVELINES,25,VERSAILLES,48.80927561029247,2.060867839939305
0780187E,Collège Youri Gagarine,public,REP+,83.8,88.8,0.0,conforme,91.6,0.0,conforme,78621,TRAPPES,78,YVELINES,25,VERSAILLES,48.774680346556735,1.9784158927616389
0780210E,Collège Saint-Exupéry,public,hors EP,125.2,88.8,0.0,conforme,91.6,0.0,conforme,78640,VELIZY VILLACOUBLAY,78,YVELINES,25,VERSAILLES,48.78354162614201,2.176550357164158
0780254C,Collège François Mauriac,public,hors EP,123.6,88.8,0.0,conforme,91.6,0.0,conforme,78310,HOUDAN,78,YVELINES,25,VERSAILLES,48.78946987186114,1.6087492631182834
0780255D,Collège Albert Thierry,public,REP,84.0,88.8,0.0,conforme,91.6,0.0,conforme,78335,LIMAY,78,YVELINES,25,VERSAILLES,48.99785974657149,1.7480604194085383
0780256E,Collège Le Racinay,public,hors EP,129.3,88.8,0.0,conforme,91.6,0.0,conforme,78517,RAMBOUILLET,78,YVELINES,25,VERSAILLES,48.63516039352716,1.8242374701244568
0780258G,Collège Colette,public,hors EP,118.3,88.8,0.0,conforme,91.6,0.0,conforme,78586,SARTROUVILLE,78,YVELINES,25,VERSAILLES,48.92741644611047,2.1601980661365707
0780260J,Collège Léon Blum,public,hors EP,129.2,88.8,0.0,conforme,91.6,0.0,conforme,78674,VILLEPREUX,78,YVELINES,25,VERSAILLES,48.83152030688347,1.998933251351878
0780261K,Collège Mozart,public,hors EP,119.8,88.8,0.0,conforme,91.6,0.0,conforme,78073,BOIS D ARCY,78,YVELINES,25,VERSAILLES,48.79960107102068,2.0252183377372406
0780262L,Collège Maurice Ravel,public,hors EP,131.8,88.8,0.0,conforme,91.6,0.0,conforme,78420,MONTFORT L AMAURY,78,YVELINES,25,VERSAILLES,48.77484810593258,1.8159462664308728
0780263M,Collège Pierre et Marie Curie,public,hors EP,129.1,88.8,0.0,conforme,91.6,0.0,conforme,78481,LE PECQ,78,YVELINES,25,VERSAILLES,48.89020760492278,2.116212726069088
0780264N,Collège Les Grands Champs,public,REP+,78.6,88.8,0.0,conforme,91.6,0.0,conforme,78498,POISSY,78,YVELINES,25,VERSAILLES,48.91943566283153,2.02658035468766
0780265P,Collège Maryse Bastié,public,hors EP,122.1,88.8,0.0,conforme,91.6,0.0,conforme,78640,VELIZY VILLACOUBLAY,78,YVELINES,25,VERSAILLES,48.78176128358928,2.19044707740091
0780267S,Collège Jean Zay,public,hors EP,104.2,88.8,0.0,conforme,91.6,0.0,conforme,78642,VERNEUIL SUR SEINE,78,YVELINES,25,VERSAILLES,48.97943692150163,1.960451989004308
0780269U,Collège Guy de Maupassant,public,hors EP,116.0,88.8,0.0,conforme,91.6,0.0,conforme,78311,HOUILLES,78,YVELINES,25,VERSAILLES,48.9272131693798,2.1863947758593647
0780418F,Collège Pierre de Coubertin,public,hors EP,143.8,88.8,0.0,conforme,91.6,0.0,conforme,78160,CHEVREUSE,78,YVELINES,25,VERSAILLES,48.7037438528107,2.046199491242403
0780419G,Collège Louis Pergaud,public,hors EP,108.2,88.8,0.0,conforme,91.6,0.0,conforme,78383,MAUREPAS,78,YVELINES,25,VERSAILLES,48.76380410878233,1.9436849691696088
0780420H,Collège Blaise Pascal,public,REP,95.1,88.8,6.299999999999997,sur-inclus,91.6,3.5,sur-inclus,78490,PLAISIR,78,YVELINES,25,VERSAILLES,48.82476505570136,1.9492702670522104
0780504Z,Collège Pasteur,public,hors EP,133.1,88.8,0.0,conforme,91.6,0.0,conforme,78126,LA CELLE SAINT CLOUD,78,YVELINES,25,VERSAILLES,48.84953334794132,2.144742874034701
0780506B,Collège Arthur Rimbaud,public,hors EP,100.5,88.8,0.0,conforme,91.6,0.0,conforme,78029,AUBERGENVILLE,78,YVELINES,25,VERSAILLES,48.95124280924333,1.855514644822912
0780507C,Collège Auguste Renoir,public,hors EP,122.7,88.8,0.0,conforme,91.6,0.0,conforme,78146,CHATOU,78,YVELINES,25,VERSAILLES,48.9026377555342,2.160509158156036
0780512H,Collège Philippe de Champaigne,public,hors EP,105.5,88.8,0.0,conforme,91.6,0.0,conforme,78397,LE MESNIL SAINT DENIS,78,YVELINES,25,VERSAILLES,48.74509114258426,1.9504015617960004
0780514K,Collège Le Village,public,REP,90.0,88.8,1.2000000000000028,sur-inclus,91.6,0.0,conforme,78621,TRAPPES,78,YVELINES,25,VERSAILLES,48.7814003797688,1.9946602827025648
0780569V,Collège La Vaucouleurs,public,hors EP,101.6,88.8,0.0,conforme,91.6,0.0,conforme,78362,MANTES LA VILLE,78,YVELINES,25,VERSAILLES,48.96377742593445,1.7146183096453742
0780571X,Collège Henri IV,public,hors EP,100.2,88.8,0.0,conforme,91.6,0.0,conforme,78401,MEULAN EN YVELINES,78,YVELINES,25,VERSAILLES,49.010228227443385,1.909553256205252
0780572Y,Collège Paul Verlaine,public,REP,87.2,88.8,0.0,conforme,91.6,0.0,conforme,78440,LES MUREAUX,78,YVELINES,25,VERSAILLES,48.99811568027832,1.923487048771865
0780573Z,Collège Les Châtelaines,public,hors EP,124.2,88.8,0.0,conforme,91.6,0.0,conforme,78624,TRIEL SUR SEINE,78,YVELINES,25,VERSAILLES,48.97772159530899,2.014092211125486
0780574A,Collège Les Molières,public,hors EP,126.3,88.8,0.0,conforme,91.6,0.0,conforme,78220,LES ESSARTS LE ROI,78,YVELINES,25,VERSAILLES,48.71236127810401,1.891068514696836
0780575B,Collège Paul Bert,public,hors EP,136.8,88.8,0.0,conforme,91.6,0.0,conforme,78146,CHATOU,78,YVELINES,25,VERSAILLES,48.88901561427682,2.1540147422443887
0780577D,Collège Sébastienne Guyot,public,REP,82.9,88.8,0.0,conforme,91.6,0.0,conforme,78586,SARTROUVILLE,78,YVELINES,25,VERSAILLES,48.93958939911733,2.191309516994725
0780578E,Collège Pablo Picasso,public,hors EP,125.9,88.8,0.0,conforme,91.6,0.0,conforme,78418,MONTESSON,78,YVELINES,25,VERSAILLES,48.91008339558636,2.1426168506968826
0780579F,Collège Darius Milhaud,public,hors EP,118.6,88.8,0.0,conforme,91.6,0.0,conforme,78586,SARTROUVILLE,78,YVELINES,25,VERSAILLES,48.938275591547786,2.167414774821472
0780580G,Collège Pierre de Nolhac,public,hors EP,137.4,88.8,0.0,conforme,91.6,0.0,conforme,78646,VERSAILLES,78,YVELINES,25,VERSAILLES,48.79807889554332,2.131305041417632
0780581H,Collège Paul Éluard,public,hors EP,105.1,88.8,0.0,conforme,91.6,0.0,conforme,78297,GUYANCOURT,78,YVELINES,25,VERSAILLES,48.772050662555785,2.0652335469702057
0780656P,Collège Benjamin Franklin,public,hors EP,114.3,88.8,0.0,conforme,91.6,0.0,conforme,78217,EPONE,78,YVELINES,25,VERSAILLES,48.95421362261221,1.824042031418315
0780707V,Collège Marcel Pagnol,public,hors EP,102.4,88.8,0.0,conforme,91.6,0.0,conforme,78089,BONNIERES SUR SEINE,78,YVELINES,25,VERSAILLES,49.031380756071535,1.5702755501496142
0780708W,Collège Jules Ferry,public,hors EP,109.2,88.8,0.0,conforme,91.6,0.0,conforme,78361,MANTES LA JOLIE,78,YVELINES,25,VERSAILLES,48.9928892758914,1.7138010826081425
0780709X,Collège de la Mauldre,public,hors EP,131.3,88.8,0.0,conforme,91.6,0.0,conforme,78380,MAULE,78,YVELINES,25,VERSAILLES,48.90394362513656,1.8576610846102983
0780712A,Collège Georges Brassens,public,hors EP,124.0,88.8,0.0,conforme,91.6,0.0,conforme,78537,SAINT ARNOULT EN YVELINES,78,YVELINES,25,VERSAILLES,48.57607174431055,1.9471853955541127
0780713B,Collège François Rabelais,public,hors EP,131.5,88.8,0.0,conforme,91.6,0.0,conforme,78062,BEYNES,78,YVELINES,25,VERSAILLES,48.85561631346509,1.9051825037183
0780714C,Collège des Hauts Grillets,public,hors EP,128.5,88.8,0.0,conforme,91.6,0.0,conforme,78551,SAINT GERMAIN EN LAYE,78,YVELINES,25,VERSAILLES,48.89195406959759,2.0644680356406377
0780715D,Collège Martin Luther King,public,hors EP,147.0,88.8,0.0,conforme,91.6,0.0,conforme,78117,BUC,78,YVELINES,25,VERSAILLES,48.77019742052827,2.1207405297199298
0780718G,Collège Raymond Poincaré,public,hors EP,121.9,88.8,0.0,conforme,91.6,0.0,conforme,78646,VERSAILLES,78,YVELINES,25,VERSAILLES,48.79701992026783,2.1351005913579035
0780720J,Collège Alexandre Dumas,public,hors EP,115.0,88.8,0.0,conforme,91.6,0.0,conforme,78383,MAUREPAS,78,YVELINES,25,VERSAILLES,48.76999134343561,1.945286532080072
0780758A,Collège Albert Camus,public,hors EP,110.7,88.8,0.0,conforme,91.6,0.0,conforme,78267,GARGENVILLE,78,YVELINES,25,VERSAILLES,48.9909596572914,1.8205223834024675
0780760C,Collège La Fosse aux Dames,public,hors EP,111.3,88.8,0.0,conforme,91.6,0.0,conforme,78165,LES CLAYES SOUS BOIS,78,YVELINES,25,VERSAILLES,48.8238807025681,1.9730575721001893
0780761D,Collège Guillaume Apollinaire,public,hors EP,114.9,88.8,0.0,conforme,91.6,0.0,conforme,78490,PLAISIR,78,YVELINES,25,VERSAILLES,48.819889242375424,1.9422300357593767
0780845V,Collège Émile Zola,public,hors EP,117.2,88.8,0.0,conforme,91.6,0.0,conforme,78643,VERNOUILLET,78,YVELINES,25,VERSAILLES,48.971139913995216,1.9718164269047749
0780846W,Collège Le Rondeau,public,hors EP,110.3,88.8,0.0,conforme,91.6,0.0,conforme,78517,RAMBOUILLET,78,YVELINES,25,VERSAILLES,48.640987015077634,1.824599290211812
0780847X,Collège Jean Moulin,public,hors EP,125.2,88.8,0.0,conforme,91.6,0.0,conforme,78190,CROISSY SUR SEINE,78,YVELINES,25,VERSAILLES,48.875208679090505,2.144259908510393
0780856G,Collège L'Agiot,public,hors EP,114.9,88.8,0.0,conforme,91.6,0.0,conforme,78208,ELANCOURT,78,YVELINES,25,VERSAILLES,48.76596946930295,1.9551752883200184
0781098V,Collège George Sand,public,hors EP,101.0,88.8,0.0,conforme,91.6,0.0,conforme,78354,MAGNANVILLE,78,YVELINES,25,VERSAILLES,48.96863286682579,1.6926407810909778
0781101Y,Collège Le Corbusier,public,hors EP,119.0,88.8,0.0,conforme,91.6,0.0,conforme,78498,POISSY,78,YVELINES,25,VERSAILLES,48.92341683080588,2.027220997960133
0781105C,Collège du Cèdre,public,hors EP,149.3,88.8,0.0,conforme,91.6,0.0,conforme,78650,LE VESINET,78,YVELINES,25,VERSAILLES,48.894316329911874,2.1391215437033178
0781106D,Collège Hoche,public,hors EP,147.6,88.8,0.0,conforme,91.6,0.0,conforme,78646,VERSAILLES,78,YVELINES,25,VERSAILLES,48.8057011764658,2.136726758577548
0781107E,Collège Jean-Philippe Rameau,public,hors EP,131.1,88.8,0.0,conforme,91.6,0.0,conforme,78646,VERSAILLES,78,YVELINES,25,VERSAILLES,48.802627078665104,2.1455038475440893
0781108F,Collège René Cassin,public,REP+,74.8,88.8,0.0,conforme,91.6,0.0,conforme,78138,CHANTELOUP LES VIGNES,78,YVELINES,25,VERSAILLES,48.97405583352472,2.030722601079814
0781171Z,Collège Albert Einstein,public,hors EP,116.4,88.8,0.0,conforme,91.6,0.0,conforme,78356,MAGNY LES HAMEAUX,78,YVELINES,25,VERSAILLES,48.72146176334057,2.0920362965760173
0781204K,Collège Marcel Roby,public,hors EP,141.1,88.8,0.0,conforme,91.6,0.0,conforme,78551,SAINT GERMAIN EN LAYE,78,YVELINES,25,VERSAILLES,48.891449444756624,2.095475597568752
0781205L,Collège Claude Debussy,public,hors EP,125.1,88.8,0.0,conforme,91.6,0.0,conforme,78551,SAINT GERMAIN EN LAYE,78,YVELINES,25,VERSAILLES,48.89287346234863,2.096355139604319
0781263Z,Collège La Couldre,public,hors EP,131.3,88.8,0.0,conforme,91.6,0.0,conforme,78423,MONTIGNY LE BRETONNEUX,78,YVELINES,25,VERSAILLES,48.772513851266936,2.0263815305745827
0781298M,Collège de Clagny,public,hors EP,110.7,88.8,0.0,conforme,91.6,0.0,conforme,78646,VERSAILLES,78,YVELINES,25,VERSAILLES,48.8102886647271,2.144425084191477
0781511U,Collège La Mare aux Saules,public,hors EP,113.4,88.8,0.0,conforme,91.6,0.0,conforme,78168,COIGNIERES,78,YVELINES,25,VERSAILLES,48.75392772835185,1.924428006150256
0781570H,Collège Hélène Boucher,public,hors EP,147.5,88.8,0.0,conforme,91.6,0.0,conforme,78688,VOISINS LE BRETONNEUX,78,YVELINES,25,VERSAILLES,48.76130934078255,2.0469081965966867
0781618K,Collège Gustave Courbet,public,REP,87.2,88.8,0.0,conforme,91.6,0.0,conforme,78621,TRAPPES,78,YVELINES,25,VERSAILLES,48.78494669525058,1.9781985519068777
0781632A,Collège Saint-Simon,public,hors EP,138.5,88.8,0.0,conforme,91.6,0.0,conforme,78321,JOUARS PONTCHARTRAIN,78,YVELINES,25,VERSAILLES,48.804607003610464,1.8892897283955028
0781683F,Collège André Derain,public,hors EP,131.8,88.8,0.0,conforme,91.6,0.0,conforme,78133,CHAMBOURCY,78,YVELINES,25,VERSAILLES,48.910970066208286,2.0296721774398083
0781695U,Collège Les Saules,public,hors EP,103.5,88.8,0.0,conforme,91.6,0.0,conforme,78297,GUYANCOURT,78,YVELINES,25,VERSAILLES,48.78273624096735,2.054620541751902
0781789W,Collège Jean François Champollion,public,hors EP,130.9,88.8,0.0,conforme,91.6,0.0,conforme,78688,VOISINS LE BRETONNEUX,78,YVELINES,25,VERSAILLES,48.76299707279537,2.047063775283864
0781817B,Collège Claude Monet,public,hors EP,118.9,88.8,0.0,conforme,91.6,0.0,conforme,78123,CARRIERES SOUS POISSY,78,YVELINES,25,VERSAILLES,48.94859277155885,2.035601960428337
0781818C,Collège Les Prés,public,hors EP,115.2,88.8,0.0,conforme,91.6,0.0,conforme,78423,MONTIGNY LE BRETONNEUX,78,YVELINES,25,VERSAILLES,48.77885674290855,2.036916761155296
0781846H,Collège Les Trois Moulins,public,hors EP,137.9,88.8,0.0,conforme,91.6,0.0,conforme,78087,BONNELLES,78,YVELINES,25,VERSAILLES,48.61456622258875,2.025661371604249
0781862A,Collège Les Nénuphars,public,hors EP,117.0,88.8,0.0,conforme,91.6,0.0,conforme,78107,BREVAL,78,YVELINES,25,VERSAILLES,48.94329160298992,1.5372177165500478
0781863B,Collège Jean Monnet,public,hors EP,145.8,88.8,0.0,conforme,91.6,0.0,conforme,78233,FEUCHEROLLES,78,YVELINES,25,VERSAILLES,48.866695868136745,1.979452447502679
0781864C,Collège Georges Pompidou,public,hors EP,128.7,88.8,0.0,conforme,91.6,0.0,conforme,78465,ORGERUS,78,YVELINES,25,VERSAILLES,48.842119941863615,1.6984106004172588
0781885A,Collège Jacques Cartier,public,hors EP,107.7,88.8,0.0,conforme,91.6,0.0,conforme,78314,ISSOU,78,YVELINES,25,VERSAILLES,48.98774439287823,1.7931905975499571
0781886B,Collège Catherine de Vivonne,public,hors EP,128.1,88.8,0.0,conforme,91.6,0.0,conforme,78517,RAMBOUILLET,78,YVELINES,25,VERSAILLES,48.64975998303615,1.840968177781121
0781896M,Collège Louis Pasteur,public,REP+,77.9,88.8,0.0,conforme,91.6,0.0,conforme,78361,MANTES LA JOLIE,78,YVELINES,25,VERSAILLES,48.99435707581561,1.6917666190699951
0781914G,Collège Jean Vilar,public,REP,81.6,88.8,0.0,conforme,91.6,0.0,conforme,78440,LES MUREAUX,78,YVELINES,25,VERSAILLES,48.977891430601815,1.909846442774705
0781915H,Collège Léonard de Vinci,public,hors EP,115.6,88.8,0.0,conforme,91.6,0.0,conforme,78206,ECQUEVILLY,78,YVELINES,25,VERSAILLES,48.95566464677653,1.91856346285026
0781916J,Collège Sully,public,hors EP,96.5,88.8,0.0,conforme,91.6,0.0,conforme,78531,ROSNY SUR SEINE,78,YVELINES,25,VERSAILLES,49.001096384873655,1.6452203675548966
0781954A,Collège Alberto Giacometti,public,hors EP,124.4,88.8,0.0,conforme,91.6,0.0,conforme,78423,MONTIGNY LE BRETONNEUX,78,YVELINES,25,VERSAILLES,48.77730764081158,2.0452904803264267
0781955B,Collège de Gassicourt,public,REP+,84.0,88.8,0.0,conforme,91.6,0.0,conforme,78361,MANTES LA JOLIE,78,YVELINES,25,VERSAILLES,48.9987566129931,1.7039515622713195
0781977A,Collège Clemenceau,public,REP+,73.9,88.8,0.0,conforme,91.6,0.0,conforme,78361,MANTES LA JOLIE,78,YVELINES,25,VERSAILLES,48.9992770233984,1.6874588993918225
0781985J,Collège Les Hautes Rayes,public,hors EP,119.2,88.8,0.0,conforme,91.6,0.0,conforme,78172,CONFLANS SAINTE HONORINE,78,YVELINES,25,VERSAILLES,48.99770128693708,2.1166638757474985
0781986K,Collège Magellan,public,REP,87.2,88.8,0.0,conforme,91.6,0.0,conforme,78138,CHANTELOUP LES VIGNES,78,YVELINES,25,VERSAILLES,48.97065075053517,2.0335754199318608
0782114Z,Collège La Clé Saint-Pierre,public,hors EP,117.6,88.8,0.0,conforme,91.6,0.0,conforme,78208,ELANCOURT,78,YVELINES,25,VERSAILLES,48.792390359073,1.970212899368561
0782115A,Collège Galilée,public,hors EP,96.4,88.8,0.0,conforme,91.6,0.0,conforme,78335,LIMAY,78,YVELINES,25,VERSAILLES,49.00597103709055,1.7361704313566453
0783122V,Maison de la Légion d'Honneur,public,hors EP,142.4,88.8,0.0,conforme,91.6,0.0,conforme,78551,SAINT GERMAIN EN LAYE,78,YVELINES,25,VERSAILLES,48.903292802037925,2.093316267565956
0783156G,Collège Jean Cocteau,public,hors EP,137.0,88.8,0.0,conforme,91.6,0.0,conforme,78358,MAISONS LAFFITTE,78,YVELINES,25,VERSAILLES,48.95262116964522,2.1348955741396
0783215W,Collège Jean Moulin,public,hors EP,104.6,88.8,0.0,conforme,91.6,0.0,conforme,78481,LE PECQ,78,YVELINES,25,VERSAILLES,48.89030989321467,2.1055224648406115
0783248G,Collège Jean Lurçat,public,hors EP,107.5,88.8,0.0,conforme,91.6,0.0,conforme,78005,ACHERES,78,YVELINES,25,VERSAILLES,48.95667093350632,2.0700538672092303
0783251K,Collège Anatole France,public,hors EP,108.9,88.8,0.0,conforme,91.6,0.0,conforme,78165,LES CLAYES SOUS BOIS,78,YVELINES,25,VERSAILLES,48.827862321750914,1.9825135139573824
0783252L,Collège Charles Péguy,public,hors EP,129.7,88.8,0.0,conforme,91.6,0.0,conforme,78158,LE CHESNAY ROCQUENCOURT,78,YVELINES,25,VERSAILLES,48.82632467812417,2.120691623967208
0783253M,Collège Lamartine,public,hors EP,124.5,88.8,0.0,conforme,91.6,0.0,conforme,78311,HOUILLES,78,YVELINES,25,VERSAILLES,48.92932041336036,2.1795593436922625
0783358B,Collège Jean Jaurès,public,hors EP,104.0,88.8,0.0,conforme,91.6,0.0,conforme,78498,POISSY,78,YVELINES,25,VERSAILLES,48.92645620248116,2.042358679380595
0783378Y,Collège Ariane,public,hors EP,107.4,88.8,0.0,conforme,91.6,0.0,conforme,78297,GUYANCOURT,78,YVELINES,25,VERSAILLES,48.76732595356997,2.0691647170801737
0783463R,Collège Louis Paulhan,public,REP,92.5,88.8,3.700000000000003,sur-inclus,91.6,0.9000000000000057,sur-inclus,78586,SARTROUVILLE,78,YVELINES,25,VERSAILLES,48.94795014487016,2.169862260735773
0783464S,Collège de la Montcient,public,hors EP,116.6,88.8,0.0,conforme,91.6,0.0,conforme,78261,GAILLON SUR MONTCIENT,78,YVELINES,25,VERSAILLES,49.0136820717132,1.9027134071964416
0783546F,Collège franco-allemand,public,hors EP,162.5,88.8,0.0,conforme,91.6,0.0,conforme,78117,BUC,78,YVELINES,25,VERSAILLES,48.771206023579325,2.121518210114789
0783547G,Collège international,public,hors EP,152.7,88.8,0.0,conforme,91.6,0.0,conforme,78551,SAINT GERMAIN EN LAYE,78,YVELINES,25,VERSAILLES,48.8963686930177,2.062704137075714
0783636D,Collège Camille du Gast,public,hors EP,99.1,88.8,0.0,conforme,91.6,0.0,conforme,78005,ACHERES,78,YVELINES,25,VERSAILLES,48.971618618861655,2.075937531532462
0783774D,Collège André Chénier-Nouveau,public,REP+,71.9,88.8,0.0,conforme,91.6,0.0,conforme,78361,MANTES LA JOLIE,78,YVELINES,25,VERSAILLES,49.00116716280137,1.682758327166094
0790003Z,Collège Blaise Pascal,public,hors EP,92.5,88.8,0.0,conforme,90.0,0.0,conforme,79013,ARGENTONNAY,79,DEUX-SEVRES,13,POITIERS,46.98634944060724,-0.4595974961533198
0790004A,Collège Molière,public,REP,87.7,88.8,0.0,conforme,90.0,0.0,conforme,79014,LORETZ D ARGENTON,79,DEUX-SEVRES,13,POITIERS,47.08047611073727,-0.275900840150203
0790010G,Collège Antoine de Saint-Exupéry,public,hors EP,104.1,88.8,0.0,conforme,90.0,0.0,conforme,79057,BRIOUX SUR BOUTONNE,79,DEUX-SEVRES,13,POITIERS,46.14412305905156,-0.22820282193996
0790011H,Collège François Albert,public,hors EP,112.4,88.8,0.0,conforme,90.0,0.0,conforme,79061,CELLES SUR BELLE,79,DEUX-SEVRES,13,POITIERS,46.26469274155327,-0.2136978313144139
0790013K,Collège Léo Desaivre,public,hors EP,110.9,88.8,0.0,conforme,90.0,0.0,conforme,79066,CHAMPDENIERS,79,DEUX-SEVRES,13,POITIERS,46.48800018097829,-0.4057929210361397
0790014L,Collège François Truffaut,public,hors EP,91.1,88.8,0.0,conforme,90.0,0.0,conforme,79083,CHEF BOUTONNE,79,DEUX-SEVRES,13,POITIERS,46.1093142047933,-0.0763286870462372
0790016N,Collège Henri Martineau,public,hors EP,107.5,88.8,0.0,conforme,90.0,0.0,conforme,79101,COULONGES SUR L AUTIZE,79,DEUX-SEVRES,13,POITIERS,46.47826221581628,-0.6001696420208839
0790017P,Collège Jean Monnet,public,hors EP,99.2,88.8,0.0,conforme,90.0,0.0,conforme,79148,LEZAY,79,DEUX-SEVRES,13,POITIERS,46.26119122745673,-0.0116336656243703
0790020T,Collège Maurice Fombeure,public,hors EP,96.5,88.8,0.0,conforme,90.0,0.0,conforme,79176,MENIGOUTE,79,DEUX-SEVRES,13,POITIERS,46.49573932827861,-0.0608554313698813
0790021U,Collège de l'Orangerie,public,hors EP,93.4,88.8,0.0,conforme,90.0,0.0,conforme,79184,LA MOTHE SAINT HERAY,79,DEUX-SEVRES,13,POITIERS,46.35627966418823,-0.1092225149766595
0790027A,Collège Jean Zay,public,REP,98.5,88.8,9.700000000000003,sur-inclus,90.0,8.5,sur-inclus,79191,NIORT,79,DEUX-SEVRES,13,POITIERS,46.31868940967251,-0.4782495368961803
0790030D,Collège Le Marchioux,public,hors EP,100.7,88.8,0.0,conforme,90.0,0.0,conforme,79202,PARTHENAY,79,DEUX-SEVRES,13,POITIERS,46.642686472316896,-0.2491626083757458
0790032F,Collège François Villon,public,hors EP,93.7,88.8,0.0,conforme,90.0,0.0,conforme,79299,SAINT VARENT,79,DEUX-SEVRES,13,POITIERS,46.89643717030658,-0.2418088270641105
0790033G,Collège Anne Frank,public,hors EP,92.5,88.8,0.0,conforme,90.0,0.0,conforme,79307,SAUZE VAUSSAIS,79,DEUX-SEVRES,13,POITIERS,46.133997128136215,0.1139090225214272
0790034H,Collège Louis Merle,public,hors EP,95.8,88.8,0.0,conforme,90.0,0.0,conforme,79311,SECONDIGNY,79,DEUX-SEVRES,13,POITIERS,46.60974536972607,-0.4109010315985641
0790035J,Collège Jean de La Fontaine,public,hors EP,96.6,88.8,0.0,conforme,90.0,0.0,conforme,79326,THENEZAY,79,DEUX-SEVRES,13,POITIERS,46.71409159234189,-0.0316614012900974
0790044U,Collège Roger Thabault,public,hors EP,97.9,88.8,0.0,conforme,90.0,0.0,conforme,79172,MAZIERES EN GATINE,79,DEUX-SEVRES,13,POITIERS,46.54099186060716,-0.3151685611177906
0790052C,Collège Pierre et Marie Curie,public,hors EP,104.0,88.8,0.0,conforme,90.0,0.0,conforme,79191,NIORT,79,DEUX-SEVRES,13,POITIERS,46.335101606306985,-0.4546243153449538
0790089T,Collège Gérard Philipe,public,hors EP,115.7,88.8,0.0,conforme,90.0,0.0,conforme,79191,NIORT,79,DEUX-SEVRES,13,POITIERS,46.32292234585001,-0.4277884979823711
0790091V,Collège Jules Supervielle,public,hors EP,91.9,88.8,0.0,conforme,90.0,0.0,conforme,79049,BRESSUIRE,79,DEUX-SEVRES,13,POITIERS,46.84448710625843,-0.4788430185330034
0790699F,Collège Albert Camus,public,hors EP,116.5,88.8,0.0,conforme,90.0,0.0,conforme,79130,FRONTENAY ROHAN ROHAN,79,DEUX-SEVRES,13,POITIERS,46.25183222571393,-0.5438509133988847
0790703K,Collège Philippe de Commynes,public,hors EP,115.1,88.8,0.0,conforme,90.0,0.0,conforme,79191,NIORT,79,DEUX-SEVRES,13,POITIERS,46.309137939879164,-0.4480754638392079
0790704L,Collège Voltaire,public,hors EP,94.6,88.8,0.0,conforme,90.0,0.0,conforme,79005,AIRVAULT,79,DEUX-SEVRES,13,POITIERS,46.823057324830735,-0.1330935150315761
0790708R,Collège Marie de la Tour d'auvergne,public,hors EP,90.2,88.8,0.0,conforme,90.0,0.0,conforme,79329,THOUARS,79,DEUX-SEVRES,13,POITIERS,46.97091170331819,-0.2172997695388727
0790709S,Collège Fontanes,public,hors EP,114.2,88.8,0.0,conforme,90.0,0.0,conforme,79191,NIORT,79,DEUX-SEVRES,13,POITIERS,46.32371933221442,-0.4554636659850355
0790710T,Collège François Rabelais,public,hors EP,118.3,88.8,0.0,conforme,90.0,0.0,conforme,79191,NIORT,79,DEUX-SEVRES,13,POITIERS,46.34210559396072,-0.4763261282753022
0790929F,Collège René Caillié,public,hors EP,107.5,88.8,0.0,conforme,90.0,0.0,conforme,79170,MAUZE SUR LE MIGNON,79,DEUX-SEVRES,13,POITIERS,46.19865835366318,-0.6661743936097183
0790943W,Collège du Pinier,public,hors EP,103.3,88.8,0.0,conforme,90.0,0.0,conforme,79174,MELLE,79,DEUX-SEVRES,13,POITIERS,46.23031091403195,-0.1335496796654592
0790945Y,Collège Georges Clemenceau,public,REP,85.6,88.8,0.0,conforme,90.0,0.0,conforme,79062,CERIZAY,79,DEUX-SEVRES,13,POITIERS,46.82048437622817,-0.6680974193606131
0790950D,Collège Émile Zola,public,hors EP,116.0,88.8,0.0,conforme,90.0,0.0,conforme,79216,PRAHECQ,79,DEUX-SEVRES,13,POITIERS,46.26141234308336,-0.3426975214898728
0790965V,Collège Jean Vilar,public,hors EP,114.4,88.8,0.0,conforme,90.0,0.0,conforme,79048,LA CRECHE,79,DEUX-SEVRES,13,POITIERS,46.36751704482053,-0.2978724035514612
0790966W,Collège Jacques Prévert,public,hors EP,96.0,88.8,0.0,conforme,90.0,0.0,conforme,79179,MONCOUTANT SUR SEVRE,79,DEUX-SEVRES,13,POITIERS,46.7223957198994,-0.5894556092484818
0790978J,Collège Denfert-Rochereau,public,hors EP,97.9,88.8,0.0,conforme,90.0,0.0,conforme,79270,SAINT MAIXENT L ECOLE,79,DEUX-SEVRES,13,POITIERS,46.41141437052804,-0.208995112673279
0791002K,Collège Jean Rostand,public,REP,91.6,88.8,2.799999999999997,sur-inclus,90.0,1.5999999999999943,sur-inclus,79329,THOUARS,79,DEUX-SEVRES,13,POITIERS,46.97457270480655,-0.1898031258563036
0791042D,Collège Pierre Mendès France,public,hors EP,99.9,88.8,0.0,conforme,90.0,0.0,conforme,79202,PARTHENAY,79,DEUX-SEVRES,13,POITIERS,46.646252474157215,-0.2475411805112459
0800002T,Collège Millevoye,public,hors EP,95.9,88.8,0.0,conforme,87.3,0.0,conforme,80001,ABBEVILLE,80,SOMME,20,AMIENS,50.10566312729737,1.839953564602366
0800003U,Collège Edmée Jarlaud,public,hors EP,102.5,88.8,0.0,conforme,87.3,0.0,conforme,80003,ACHEUX EN AMIENOIS,80,SOMME,20,AMIENS,50.07023485662756,2.5258961491976413
0800004V,Collège William Henri Classen,public,hors EP,109.5,88.8,0.0,conforme,87.3,0.0,conforme,80010,AILLY SUR NOYE,80,SOMME,20,AMIENS,49.75729239527596,2.3690534745832186
0800017J,Collège Jean-Marc Laurent,public,hors EP,90.9,88.8,0.0,conforme,87.3,0.0,conforme,80021,AMIENS,80,SOMME,20,AMIENS,49.87082202447391,2.3125585728403424
0800018K,Collège Édouard Lucas,public,REP,91.2,88.8,2.4000000000000057,sur-inclus,87.3,3.9000000000000057,sur-inclus,80021,AMIENS,80,SOMME,20,AMIENS,49.89906876441213,2.2683251519835483
0800019L,Collège César Franck,public,REP+,70.9,88.8,0.0,conforme,87.3,0.0,conforme,80021,AMIENS,80,SOMME,20,AMIENS,49.91209371964029,2.3100044963253885
0800020M,Collège Amiral Lejeune,public,hors EP,105.7,88.8,0.0,conforme,87.3,0.0,conforme,80021,AMIENS,80,SOMME,20,AMIENS,49.892801358352095,2.291119565557202
0800022P,Collège du Bois l'Eau,public,hors EP,91.9,88.8,0.0,conforme,87.3,0.0,conforme,80086,BERNAVILLE,80,SOMME,20,AMIENS,50.12997246818657,2.1575432543848145
0800023R,Collège Antoine de Saint-Exupéry,public,hors EP,94.7,88.8,0.0,conforme,87.3,0.0,conforme,80136,BRAY SUR SOMME,80,SOMME,20,AMIENS,49.944373202922286,2.719584688039644
0800025T,Collège Jules Ferry,public,hors EP,115.8,88.8,0.0,conforme,87.3,0.0,conforme,80211,CONTY,80,SOMME,20,AMIENS,49.73439899922479,2.149702478299507
0800027V,Collège Jules Roy,public,hors EP,90.3,88.8,0.0,conforme,87.3,0.0,conforme,80222,CRECY EN PONTHIEU,80,SOMME,20,AMIENS,50.25457115852328,1.887695508665962
0800029X,Collège Jean Rostand,public,REP,87.5,88.8,0.0,conforme,87.3,0.20000000000000284,sur-inclus,80253,DOULLENS,80,SOMME,20,AMIENS,50.15607697220997,2.336124610540266
0800033B,Collège La Rose des vents,public,hors EP,88.7,88.8,0.09999999999999432,oublie,87.3,0.0,conforme,80368,FRIVILLE ESCARBOTIN,80,SOMME,20,AMIENS,50.08690876590594,1.5516590880302594
0800034C,Collège Louis Jouvet,public,hors EP,88.8,88.8,0.0,au seuil,87.3,0.0,conforme,80373,GAMACHES,80,SOMME,20,AMIENS,49.99054612159356,1.550250012977556
0800036E,Collège Victor Hugo,public,REP,80.2,88.8,0.0,conforme,87.3,0.0,conforme,80410,HAM,80,SOMME,20,AMIENS,49.752911910562936,3.078369479793328
0800037F,Collège des Cygnes,public,hors EP,88.7,88.8,0.09999999999999432,oublie,87.3,0.0,conforme,80488,LONGPRE LES CORPS SAINTS,80,SOMME,20,AMIENS,50.01297313435264,1.9931327750057315
0800038G,Collège Frédéric Joliot-Curie,public,hors EP,109.6,88.8,0.0,conforme,87.3,0.0,conforme,80489,LONGUEAU,80,SOMME,20,AMIENS,49.87226508669408,2.354433659994108
0800039H,Collège Joliot-Curie,public,hors EP,88.4,88.8,0.3999999999999915,oublie,87.3,0.0,conforme,80533,MERS LES BAINS,80,SOMME,20,AMIENS,50.06890219661251,1.3933297588633509
0800041K,Collège Antoine Augustin Parmentier,public,hors EP,85.6,88.8,3.200000000000003,oublie,87.3,1.7000000000000028,oublie,80561,MONTDIDIER,80,SOMME,20,AMIENS,49.65243182204467,2.5766804052155656
0800045P,Collège Charles Bignon,public,hors EP,93.6,88.8,0.0,conforme,87.3,0.0,conforme,80606,OISEMONT,80,SOMME,20,AMIENS,49.95596479157621,1.770385286519071
0800050V,Collège Gaston Boucourt,public,hors EP,89.1,88.8,0.0,conforme,87.3,0.0,conforme,80677,ROISEL,80,SOMME,20,AMIENS,49.95186812323114,3.1037303023052067
0800051W,Collège Jules Verne,public,hors EP,87.3,88.8,1.5,oublie,87.3,0.0,au seuil,80680,ROSIERES EN SANTERRE,80,SOMME,20,AMIENS,49.81621584930771,2.6988236271158925
0800057C,Collège Jacques Brel,public,hors EP,111.5,88.8,0.0,conforme,87.3,0.0,conforme,80799,VILLERS BRETONNEUX,80,SOMME,20,AMIENS,49.86512099837324,2.525933734289413
0801263N,Collège Arthur Rimbaud,public,REP+,75.6,88.8,0.0,conforme,87.3,0.0,conforme,80021,AMIENS,80,SOMME,20,AMIENS,49.911817926559415,2.3002035710983417
0801264P,Collège Rosa Parks,public,REP+,63.8,88.8,0.0,conforme,87.3,0.0,conforme,80021,AMIENS,80,SOMME,20,AMIENS,49.9176396081107,2.253931461784814
0801325F,Collège du Val de Somme,public,hors EP,104.6,88.8,0.0,conforme,87.3,0.0,conforme,80011,AILLY SUR SOMME,80,SOMME,20,AMIENS,49.92318422599709,2.196102377952903
0801326G,Collège des Fontaines,public,hors EP,102.8,88.8,0.0,conforme,87.3,0.0,conforme,80630,POIX DE PICARDIE,80,SOMME,20,AMIENS,49.77338275652532,1.986979222771394
0801339W,Collège Les Coudriers,public,hors EP,111.3,88.8,0.0,conforme,87.3,0.0,conforme,80798,VILLERS BOCAGE,80,SOMME,20,AMIENS,49.99122265977609,2.314450841961874
0801341Y,Collège Louise Michel,public,REP,84.3,88.8,0.0,conforme,87.3,0.0,conforme,80685,ROYE,80,SOMME,20,AMIENS,49.70433315333516,2.780002233952314
0801369D,Collège Louis Pasteur,public,hors EP,87.4,88.8,1.3999999999999915,oublie,87.3,0.0,conforme,80585,NESLE,80,SOMME,20,AMIENS,49.76034711763425,2.914097680275212
0801371F,Collège Gaston Vasseur,public,hors EP,90.5,88.8,0.0,conforme,87.3,0.0,conforme,80308,FEUQUIERES EN VIMEU,80,SOMME,20,AMIENS,50.05892184922313,1.5889303933264287
0801372G,Collège Alain Jacques,public,hors EP,96.9,88.8,0.0,conforme,87.3,0.0,conforme,80009,AILLY LE HAUT CLOCHER,80,SOMME,20,AMIENS,50.07916843989527,1.9971333793816564
0801373H,Collège Jules Verne,public,hors EP,95.8,88.8,0.0,conforme,87.3,0.0,conforme,80674,RIVERY,80,SOMME,20,AMIENS,49.90424531712562,2.32472366614414
0801375K,Collège Pierre et Marie Curie,public,hors EP,92.0,88.8,0.0,conforme,87.3,0.0,conforme,80016,ALBERT,80,SOMME,20,AMIENS,50.0020496578386,2.650819949496752
0801437C,Collège Sagebien,public,hors EP,121.9,88.8,0.0,conforme,87.3,0.0,conforme,80021,AMIENS,80,SOMME,20,AMIENS,49.875133772229816,2.290316845197915
0801439E,Collège Jean Moulin,public,hors EP,102.4,88.8,0.0,conforme,87.3,0.0,conforme,80570,MOREUIL,80,SOMME,20,AMIENS,49.77715587812668,2.475962206555637
0801443J,Collège Maréchal Leclerc de Hauteclocque,public,REP,81.5,88.8,0.0,conforme,87.3,0.0,conforme,80062,BEAUCAMPS LE VIEUX,80,SOMME,20,AMIENS,49.841637398349576,1.785335489857011
0801485E,Collège du Val de Nièvre,public,REP,84.9,88.8,0.0,conforme,87.3,0.0,conforme,80241,DOMART EN PONTHIEU,80,SOMME,20,AMIENS,50.07732781962249,2.120893100543731
0801487G,Collège Alfred Manessier,public,REP,87.4,88.8,0.0,conforme,87.3,0.10000000000000853,sur-inclus,80318,FLIXECOURT,80,SOMME,20,AMIENS,50.00954590065261,2.0762014443924333
0801488H,Collège Jacques Prévert,public,hors EP,99.6,88.8,0.0,conforme,87.3,0.0,conforme,80598,NOUVION,80,SOMME,20,AMIENS,50.21495019110941,1.780471474634472
0801489J,Collège du Marquenterre,public,REP,91.7,88.8,2.9000000000000057,sur-inclus,87.3,4.400000000000006,sur-inclus,80688,RUE,80,SOMME,20,AMIENS,50.26874644340526,1.6746446524720404
0801490K,Collège de la Baie de Somme,public,hors EP,94.9,88.8,0.0,conforme,87.3,0.0,conforme,80721,SAINT VALERY SUR SOMME,80,SOMME,20,AMIENS,50.184252147773485,1.6405450282450094
0801510G,Collège Gabrielle-Marie Scellier,public,hors EP,90.0,88.8,0.0,conforme,87.3,0.0,conforme,80013,AIRAINES,80,SOMME,20,AMIENS,49.96308048192076,1.9492526131272263
0801511H,Collège Eugène Lefebvre,public,hors EP,95.4,88.8,0.0,conforme,87.3,0.0,conforme,80212,CORBIE,80,SOMME,20,AMIENS,49.91235623673734,2.5075422761227943
0801512J,Collège de Ponthieu,public,REP,89.5,88.8,0.7000000000000028,sur-inclus,87.3,2.200000000000003,sur-inclus,80001,ABBEVILLE,80,SOMME,20,AMIENS,50.09629213281906,1.851968892811706
0801533G,Collège Auguste Janvier,public,hors EP,102.4,88.8,0.0,conforme,87.3,0.0,conforme,80021,AMIENS,80,SOMME,20,AMIENS,49.887363722868,2.314777319572787
0801536K,Collège Aristide Briand,public,hors EP,88.2,88.8,0.5999999999999943,oublie,87.3,0.0,conforme,80186,CHAULNES,80,SOMME,20,AMIENS,49.81129103431707,2.803368461141804
0801537L,Collège Béranger,public,REP,86.8,88.8,0.0,conforme,87.3,0.0,conforme,80620,PERONNE,80,SOMME,20,AMIENS,49.93086067359956,2.9252701068091618
0801616X,Collège Guy Mareschal,public,REP+,78.0,88.8,0.0,conforme,87.3,0.0,conforme,80021,AMIENS,80,SOMME,20,AMIENS,49.8706672638455,2.327364180638817
0801786G,Collège Jean Moulin,public,hors EP,84.7,88.8,4.099999999999994,oublie,87.3,2.5999999999999943,oublie,80016,ALBERT,80,SOMME,20,AMIENS,50.00153341862651,2.6585506571197977
0810002M,Collège Alain Fournier,public,hors EP,101.3,88.8,0.0,conforme,89.9,0.0,conforme,81003,ALBAN,81,TARN,16,TOULOUSE,43.8885150442394,2.458499549774648
0810008U,Collège La catalanié,public,hors EP,99.5,88.8,0.0,conforme,89.9,0.0,conforme,81037,BRASSAC,81,TARN,16,TOULOUSE,43.63252044120137,2.488360076658904
0810019F,Collège du Val Cérou,public,hors EP,108.0,88.8,0.0,conforme,89.9,0.0,conforme,81069,CORDES SUR CIEL,81,TARN,16,TOULOUSE,44.06667378775045,1.947785595398065
0810020G,Collège Madeleine Cros,public,hors EP,104.2,88.8,0.0,conforme,89.9,0.0,conforme,81081,DOURGNE,81,TARN,16,TOULOUSE,43.483707436764405,2.137523015646293
0810025M,Collège La Vallée du Thoré,public,hors EP,95.4,88.8,0.0,conforme,89.9,0.0,conforme,81115,LABASTIDE ROUAIROUX,81,TARN,16,TOULOUSE,43.47403106002274,2.6372748972971096
0810026N,Collège de la Montagne noire,public,hors EP,103.6,88.8,0.0,conforme,89.9,0.0,conforme,81120,LABRUGUIERE,81,TARN,16,TOULOUSE,43.532617378678026,2.262373961428844
0810027P,Collège du Montalet,public,hors EP,91.4,88.8,0.0,conforme,89.9,0.0,conforme,81124,LACAUNE,81,TARN,16,TOULOUSE,43.7077722595936,2.690510336115058
0810028R,Collège Les Portanelles,public,hors EP,111.3,88.8,0.0,conforme,89.9,0.0,conforme,81139,LAUTREC,81,TARN,16,TOULOUSE,43.6937883922689,2.1413425339044787
0810036Z,Collège Jacques Durand,public,hors EP,104.9,88.8,0.0,conforme,89.9,0.0,conforme,81219,PUYLAURENS,81,TARN,16,TOULOUSE,43.56726200349996,2.0045804731758445
0810037A,Collège Gambetta,public,hors EP,117.9,88.8,0.0,conforme,89.9,0.0,conforme,81220,RABASTENS,81,TARN,16,TOULOUSE,43.82588772501709,1.7254280583667514
0810038B,Collège Louisa Paulin,public,hors EP,102.9,88.8,0.0,conforme,89.9,0.0,conforme,81222,REALMONT,81,TARN,16,TOULOUSE,43.772879753746686,2.192586390099436
0810041E,Collège Pierre Suc,public,hors EP,121.9,88.8,0.0,conforme,89.9,0.0,conforme,81271,SAINT SULPICE LA POINTE,81,TARN,16,TOULOUSE,43.7742841610149,1.6842900925163804
0810043G,Collège Eustache de Beaumarchais,public,hors EP,103.9,88.8,0.0,conforme,89.9,0.0,conforme,81308,VALENCE D ALBIGEOIS,81,TARN,16,TOULOUSE,44.02092395965679,2.401802159797197
0810044H,Collège René Cassin,public,hors EP,108.9,88.8,0.0,conforme,89.9,0.0,conforme,81315,VIELMUR SUR AGOUT,81,TARN,16,TOULOUSE,43.62392766503852,2.091345577827085
0810051R,Collège Aristide Bruant,public,hors EP,108.3,88.8,0.0,conforme,89.9,0.0,conforme,81004,ALBI,81,TARN,16,TOULOUSE,43.92262177811086,2.15488228295874
0810052S,Collège Honoré de Balzac,public,hors EP,106.2,88.8,0.0,conforme,89.9,0.0,conforme,81004,ALBI,81,TARN,16,TOULOUSE,43.92544362229575,2.1495906071920903
0810061B,Collège Jean Monnet,public,hors EP,81.5,88.8,7.299999999999997,oublie,89.9,8.400000000000006,oublie,81065,CASTRES,81,TARN,16,TOULOUSE,43.61020692795405,2.262001768855016
0810124V,Collège du Saut de Sabo,public,hors EP,103.5,88.8,0.0,conforme,89.9,0.0,conforme,81257,SAINT JUERY,81,TARN,16,TOULOUSE,43.9442639779558,2.20646358460808
0810125W,Collège Louis Pasteur,public,REP,91.1,88.8,2.299999999999997,sur-inclus,89.9,1.1999999999999886,sur-inclus,81105,GRAULHET,81,TARN,16,TOULOUSE,43.76078896227641,1.9819915952249407
0810126X,Collège Jean-Louis Étienne,public,REP,88.9,88.8,0.10000000000000853,sur-inclus,89.9,0.0,conforme,81163,MAZAMET,81,TARN,16,TOULOUSE,43.50612121753114,2.381522487049182
0810127Y,Collège Marcel Pagnol,public,REP,90.5,88.8,1.7000000000000028,sur-inclus,89.9,0.5999999999999943,sur-inclus,81163,MAZAMET,81,TARN,16,TOULOUSE,43.49241033065727,2.369037459980548
0810787R,Collège Victor Hugo,public,REP,89.2,88.8,0.4000000000000057,sur-inclus,89.9,0.0,conforme,81060,CARMAUX,81,TARN,16,TOULOUSE,44.05095738076171,2.1537763760157254
0810788S,Collège Augustin Malroux,public,hors EP,98.7,88.8,0.0,conforme,89.9,0.0,conforme,81033,BLAYE LES MINES,81,TARN,16,TOULOUSE,44.04775332596738,2.140513833136844
0810960D,Collège Jean Jaurès,public,hors EP,107.1,88.8,0.0,conforme,89.9,0.0,conforme,81065,CASTRES,81,TARN,16,TOULOUSE,43.60797062312519,2.2375884793108245
0810961E,Collège Thomas Pesquet,public,hors EP,82.9,88.8,5.8999999999999915,oublie,89.9,7.0,oublie,81065,CASTRES,81,TARN,16,TOULOUSE,43.58103798657234,2.260001559565921
0810993P,Collège Albert Camus,public,hors EP,105.5,88.8,0.0,conforme,89.9,0.0,conforme,81099,GAILLAC,81,TARN,16,TOULOUSE,43.902085600144034,1.906731917569081
0811030E,Collège Bellevue,public,hors EP,103.7,88.8,0.0,conforme,89.9,0.0,conforme,81004,ALBI,81,TARN,16,TOULOUSE,43.92159848475179,2.157563291049797
0811032G,Collège Les Clauzades,public,hors EP,112.2,88.8,0.0,conforme,89.9,0.0,conforme,81140,LAVAUR,81,TARN,16,TOULOUSE,43.6887903038086,1.8168495078827265
0811197L,Collège Jean Jaurès,public,hors EP,95.2,88.8,0.0,conforme,89.9,0.0,conforme,81004,ALBI,81,TARN,16,TOULOUSE,43.94320368704248,2.140870617438672
0811331G,Collège Renée TAILLEFER,public,hors EP,106.8,88.8,0.0,conforme,89.9,0.0,conforme,81099,GAILLAC,81,TARN,16,TOULOUSE,43.89147033109979,1.879789272769748
0811340S,Collège Jean-Marie Gustave LE CLEZIO,public,hors EP,118.6,88.8,0.0,conforme,89.9,0.0,conforme,81145,LISLE SUR TARN,81,TARN,16,TOULOUSE,43.84733893842282,1.8081668317439843
0820007M,Collège Pierre Darasse,public,hors EP,94.4,88.8,0.0,conforme,89.9,0.0,conforme,82037,CAUSSADE,82,TARN-ET-GARONNE,16,TOULOUSE,44.1558878222251,1.5352901605249023
0820011S,Collège Antonin Perbosc,public,hors EP,107.4,88.8,0.0,conforme,89.9,0.0,conforme,82087,LAFRANCAISE,82,TARN-ET-GARONNE,16,TOULOUSE,44.12614626793195,1.2395417554918704
0820014V,Collège du Pays de Serres,public,hors EP,99.0,88.8,0.0,conforme,89.9,0.0,conforme,82094,LAUZERTE,82,TARN-ET-GARONNE,16,TOULOUSE,44.25502308431757,1.139280416188965
0820017Y,Collège François Mitterrand,public,REP,86.8,88.8,0.0,conforme,89.9,0.0,conforme,82112,MOISSAC,82,TARN-ET-GARONNE,16,TOULOUSE,44.10533875517655,1.0923666228599318
0820022D,Collège Ingres,public,hors EP,89.9,88.8,0.0,conforme,89.9,0.0,au seuil,82121,MONTAUBAN,82,TARN-ET-GARONNE,16,TOULOUSE,44.01276775448423,1.3597659728321525
0820029L,Collège Jean Rostand,public,hors EP,93.6,88.8,0.0,conforme,89.9,0.0,conforme,82186,VALENCE,82,TARN-ET-GARONNE,16,TOULOUSE,44.10804416095615,0.8902297140844091
0820066B,Collège Jean de Prades,public,hors EP,91.0,88.8,0.0,conforme,89.9,0.0,conforme,82033,CASTELSARRASIN,82,TARN-ET-GARONNE,16,TOULOUSE,44.03237915619275,1.1190846931075178
0820067C,Collège Théodore Despeyrous,public,hors EP,98.3,88.8,0.0,conforme,89.9,0.0,conforme,82013,BEAUMONT DE LOMAGNE,82,TARN-ET-GARONNE,16,TOULOUSE,43.88526104980931,0.9885305175566588
0820588U,Collège Olympe de Gouges,public,REP,97.2,88.8,8.400000000000006,sur-inclus,89.9,7.299999999999997,sur-inclus,82121,MONTAUBAN,82,TARN-ET-GARONNE,16,TOULOUSE,44.01552547054053,1.3804594009190363
0820683X,Collège Jean Lacaze,public,hors EP,106.5,88.8,0.0,conforme,89.9,0.0,conforme,82075,GRISOLLES,82,TARN-ET-GARONNE,16,TOULOUSE,43.825267613818255,1.292930449941382
0820684Y,Collège Jean Jaurès,public,hors EP,98.8,88.8,0.0,conforme,89.9,0.0,conforme,82121,MONTAUBAN,82,TARN-ET-GARONNE,16,TOULOUSE,44.01534610259315,1.3456697939083682
0820704V,Collège Pierre Bayrou,public,hors EP,108.2,88.8,0.0,conforme,89.9,0.0,conforme,82155,SAINT ANTONIN NOBLE VAL,82,TARN-ET-GARONNE,16,TOULOUSE,44.15157867971791,1.7584775387935778
0820713E,Collège Pierre Flamens,public,hors EP,86.9,88.8,1.8999999999999915,oublie,89.9,3.0,oublie,82033,CASTELSARRASIN,82,TARN-ET-GARONNE,16,TOULOUSE,44.03825760747485,1.1132634084966544
0820823Z,Collège Jean-Jacques Rousseau,public,hors EP,101.1,88.8,0.0,conforme,89.9,0.0,conforme,82079,LABASTIDE SAINT PIERRE,82,TARN-ET-GARONNE,16,TOULOUSE,43.91182805122115,1.370853375857661
0820824A,Collège Jean-Honoré Fragonard,public,hors EP,98.7,88.8,0.0,conforme,89.9,0.0,conforme,82134,NEGREPELISSE,82,TARN-ET-GARONNE,16,TOULOUSE,44.0748798391342,1.5288739231451036
0820891Y,Collège Vercingétorix,public,hors EP,107.5,88.8,0.0,conforme,89.9,0.0,conforme,82125,MONTECH,82,TARN-ET-GARONNE,16,TOULOUSE,43.94292012368326,1.2202503272208811
0820896D,Collège Manuel Azana,public,hors EP,95.0,88.8,0.0,conforme,89.9,0.0,conforme,82121,MONTAUBAN,82,TARN-ET-GARONNE,16,TOULOUSE,44.03081112959343,1.3545387082363085
0820922G,Collège Simone Veil,public,hors EP,108.2,88.8,0.0,conforme,89.9,0.0,conforme,82190,VERDUN SUR GARONNE,82,TARN-ET-GARONNE,16,TOULOUSE,43.848987460411735,1.2158103972449972
0830001A,Collège Jacques Prévert,public,hors EP,105.4,88.8,0.0,conforme,83.9,0.0,conforme,83004,LES ARCS,83,VAR,23,NICE,43.453199863308846,6.483155644319993
0830002B,Collège Henri Nans,public,hors EP,99.0,88.8,0.0,conforme,83.9,0.0,conforme,83007,AUPS,83,VAR,23,NICE,43.61740965731217,6.220371603474063
0830003C,Collège Raimu,public,hors EP,108.2,88.8,0.0,conforme,83.9,0.0,conforme,83009,BANDOL,83,VAR,23,NICE,43.13933703768215,5.748492109108123
0830012M,Collège du Fenouillet,public,hors EP,112.0,88.8,0.0,conforme,83.9,0.0,conforme,83047,LA CRAU,83,VAR,23,NICE,43.1484467161273,6.078822413375263
0830013N,Collège la Ferrage,public,hors EP,101.1,88.8,0.0,conforme,83.9,0.0,conforme,83049,CUERS,83,VAR,23,NICE,43.235301967469,6.076667838797556
0830019V,Collège Marie Mauron,public,hors EP,106.7,88.8,0.0,conforme,83.9,0.0,conforme,83055,FAYENCE,83,VAR,23,NICE,43.61498442510551,6.687825384209566
0830023Z,Collège les Chênes,public,hors EP,109.2,88.8,0.0,conforme,83.9,0.0,conforme,83061,FREJUS,83,VAR,23,NICE,43.44016819188048,6.741628023337045
0830028E,Collège Jules Ferry,public,hors EP,101.9,88.8,0.0,conforme,83.9,0.0,conforme,83069,HYERES,83,VAR,23,NICE,43.117758646079366,6.116106780186531
0830031H,Collège François de Leusse,public,hors EP,100.7,88.8,0.0,conforme,83.9,0.0,conforme,83071,LA LONDE LES MAURES,83,VAR,23,NICE,43.14332260316581,6.238614595508941
0830038R,Collège Romain Blache,public,hors EP,117.5,88.8,0.0,conforme,83.9,0.0,conforme,83112,SAINT CYR SUR MER,83,VAR,23,NICE,43.18462573814676,5.70896359133083
0830039S,Collège Berty Albrecht,public,hors EP,100.6,88.8,0.0,conforme,83.9,0.0,conforme,83115,SAINTE MAXIME,83,VAR,23,NICE,43.331932169920165,6.617992589141305
0830051E,Collège Font de Fillol,public,hors EP,115.7,88.8,0.0,conforme,83.9,0.0,conforme,83129,SIX FOURS LES PLAGES,83,VAR,23,NICE,43.09631533267165,5.826660395617901
0830069Z,Collège Pierre Puget,public,REP,83.4,88.8,0.0,conforme,83.9,0.0,conforme,83137,TOULON,83,VAR,23,NICE,43.12771430693768,5.909726504143921
0830071B,Collège Louis Clément,public,hors EP,107.9,88.8,0.0,conforme,83.9,0.0,conforme,83153,SAINT MANDRIER SUR MER,83,VAR,23,NICE,43.075116437124045,5.927783124331173
0830075F,Collège Alphonse Karr,public,hors EP,104.4,88.8,0.0,conforme,83.9,0.0,conforme,83118,SAINT RAPHAEL,83,VAR,23,NICE,43.43265588017678,6.768604467721427
0830076G,Collège Thomas Edison,public,hors EP,104.1,88.8,0.0,conforme,83.9,0.0,conforme,83072,LORGUES,83,VAR,23,NICE,43.4932939123377,6.3569093510238295
0830145G,Collège Gustave Roux,public,hors EP,103.6,88.8,0.0,conforme,83.9,0.0,conforme,83069,HYERES,83,VAR,23,NICE,43.10942828018654,6.140054686404161
0830148K,Collège Maurice Genevoix,public,REP+,82.4,88.8,0.0,conforme,83.9,0.0,conforme,83137,TOULON,83,VAR,23,NICE,43.12280635009742,5.981563479156738
0830162A,Collège Maurice Ravel,public,hors EP,112.5,88.8,0.0,conforme,83.9,0.0,conforme,83137,TOULON,83,VAR,23,NICE,43.11380143855763,5.941936428437499
0830163B,Collège Pierre de Coubertin,public,hors EP,90.6,88.8,0.0,conforme,83.9,0.0,conforme,83073,LE LUC,83,VAR,23,NICE,43.39115939977601,6.317691492908425
0830168G,Collège Gabrielle Colette,public,hors EP,101.8,88.8,0.0,conforme,83.9,0.0,conforme,83099,PUGET SUR ARGENS,83,VAR,23,NICE,43.46013266594812,6.682810126310822
0830178T,Collège la Guicharde,public,hors EP,109.9,88.8,0.0,conforme,83.9,0.0,conforme,83123,SANARY SUR MER,83,VAR,23,NICE,43.13286720382563,5.795892343124822
0830179U,Collège Jacques-Yves Cousteau,public,hors EP,101.5,88.8,0.0,conforme,83.9,0.0,conforme,83062,LA GARDE,83,VAR,23,NICE,43.1256084214804,6.01629218731804
0830180V,Collège Henri Wallon,public,REP+,71.7,88.8,0.0,conforme,83.9,0.0,conforme,83126,LA SEYNE SUR MER,83,VAR,23,NICE,43.112711393187055,5.870136453438233
0830181W,Collège La Marquisanne,public,REP+,71.5,88.8,0.0,conforme,83.9,0.0,conforme,83137,TOULON,83,VAR,23,NICE,43.12944123027359,5.891278619390651
0830182X,Collège Alphonse Daudet,public,hors EP,110.1,88.8,0.0,conforme,83.9,0.0,conforme,83144,LA VALETTE DU VAR,83,VAR,23,NICE,43.139524606959455,5.979608788243801
0830734X,Collège Jean Moulin,public,hors EP,87.6,88.8,1.2000000000000028,oublie,83.9,0.0,conforme,83023,BRIGNOLES,83,VAR,23,NICE,43.41168046285425,6.05991727736147
0830823U,Collège Villeneuve,public,hors EP,84.6,88.8,4.200000000000003,oublie,83.9,0.0,conforme,83061,FREJUS,83,VAR,23,NICE,43.42834586501864,6.729468563266712
0830830B,Collège Paul Éluard,public,hors EP,92.5,88.8,0.0,conforme,83.9,0.0,conforme,83126,LA SEYNE SUR MER,83,VAR,23,NICE,43.10438903753902,5.8743836249819
0830831C,Collège Vallée du Gapeau,public,hors EP,109.6,88.8,0.0,conforme,83.9,0.0,conforme,83130,SOLLIES PONT,83,VAR,23,NICE,43.18624936808618,6.041107402378615
0830832D,Collège Marcel Rivière,public,hors EP,88.7,88.8,0.09999999999999432,oublie,83.9,0.0,conforme,83069,HYERES,83,VAR,23,NICE,43.129774816278434,6.1556290987504925
0830833E,Collège Paul Cézanne,public,hors EP,100.9,88.8,0.0,conforme,83.9,0.0,conforme,83023,BRIGNOLES,83,VAR,23,NICE,43.40274581502263,6.071707310398736
0830834F,Collège André Léotard,public,REP,84.2,88.8,0.0,conforme,83.9,0.29999999999999716,sur-inclus,83061,FREJUS,83,VAR,23,NICE,43.43804774313768,6.755632401599427
0830836H,Collège Frédéric Joliot Curie,public,hors EP,116.9,88.8,0.0,conforme,83.9,0.0,conforme,83034,CARQUEIRANNE,83,VAR,23,NICE,43.09279378450591,6.073316526897296
0830837J,Collège Gérard Philipe,public,hors EP,93.4,88.8,0.0,conforme,83.9,0.0,conforme,83042,COGOLIN,83,VAR,23,NICE,43.25128285805594,6.529182190713092
0830922B,Collège départemental les Eucalyptus,public,hors EP,102.5,88.8,0.0,conforme,83.9,0.0,conforme,83090,OLLIOULES,83,VAR,23,NICE,43.138927334567576,5.8461177360114
0830925E,Collège Jean l'Herminier,public,hors EP,112.4,88.8,0.0,conforme,83.9,0.0,conforme,83126,LA SEYNE SUR MER,83,VAR,23,NICE,43.088049043353024,5.892073477259501
0830926F,Collège les Pins d'Alep,public,hors EP,100.7,88.8,0.0,conforme,83.9,0.0,conforme,83137,TOULON,83,VAR,23,NICE,43.1437987198273,5.899258734324664
0830927G,Collège Frédéric Mistral,public,hors EP,100.4,88.8,0.0,conforme,83.9,0.0,conforme,83019,BORMES LES MIMOSAS,83,VAR,23,NICE,43.141282465130566,6.347364966851655
0830928H,Collège Joseph d'Arbaud,public,hors EP,99.5,88.8,0.0,conforme,83.9,0.0,conforme,83012,BARJOLS,83,VAR,23,NICE,43.561327630734255,6.010179675722069
0830929J,Collège Général Ferrié,public,hors EP,94.9,88.8,0.0,conforme,83.9,0.0,conforme,83050,DRAGUIGNAN,83,VAR,23,NICE,43.5368364409981,6.457981466058383
0830953K,Collège Nicolas-Claude Fabri de Peiresc,public,REP,86.2,88.8,0.0,conforme,83.9,2.299999999999997,sur-inclus,83137,TOULON,83,VAR,23,NICE,43.124334055184825,5.9347041399016085
0830954L,Collège Voltaire,public,hors EP,80.9,88.8,7.8999999999999915,oublie,83.9,3.0,oublie,83137,TOULON,83,VAR,23,NICE,43.12474589799971,5.953626133500685
0830955M,Collège George Sand,public,hors EP,79.9,88.8,8.899999999999991,oublie,83.9,4.0,oublie,83137,TOULON,83,VAR,23,NICE,43.1295936654314,5.915652061746194
0830956N,Collège Émile Thomas,public,hors EP,87.9,88.8,0.8999999999999915,oublie,83.9,0.0,conforme,83050,DRAGUIGNAN,83,VAR,23,NICE,43.52927760535954,6.48205506252162
0830958R,Collège La Peyroua,public,hors EP,91.3,88.8,0.0,conforme,83.9,0.0,conforme,83086,LE MUY,83,VAR,23,NICE,43.47149161833514,6.555116608875328
0830959S,Collège Lei Garrus,public,hors EP,115.9,88.8,0.0,conforme,83.9,0.0,conforme,83116,SAINT MAXIMIN LA SAINTE BAUME,83,VAR,23,NICE,43.45173164512426,5.851706640909175
0830996G,Collège Moulin Blanc,public,hors EP,106.6,88.8,0.0,conforme,83.9,0.0,conforme,83119,SAINT TROPEZ,83,VAR,23,NICE,43.2664889474846,6.651470075389828
0831012Z,Collège Reynier,public,hors EP,104.1,88.8,0.0,conforme,83.9,0.0,conforme,83129,SIX FOURS LES PLAGES,83,VAR,23,NICE,43.09596714280912,5.840613080438183
0831052T,Collège Marie Curie,public,hors EP,94.5,88.8,0.0,conforme,83.9,0.0,conforme,83126,LA SEYNE SUR MER,83,VAR,23,NICE,43.10224313035676,5.872537756123375
0831053U,Collège Django Reinhardt,public,hors EP,87.7,88.8,1.0999999999999943,oublie,83.9,0.0,conforme,83137,TOULON,83,VAR,23,NICE,43.11785608278115,5.943160044756011
0831056X,Collège Jean Giono,public,hors EP,113.4,88.8,0.0,conforme,83.9,0.0,conforme,83016,LE BEAUSSET,83,VAR,23,NICE,43.1971492079143,5.809412611763351
0831115L,Collège Marcel Pagnol,public,hors EP,89.7,88.8,0.0,conforme,83.9,0.0,conforme,83137,TOULON,83,VAR,23,NICE,43.126787902165255,5.9311225972969766
0831116M,Collège de l'Esterel,public,hors EP,107.1,88.8,0.0,conforme,83.9,0.0,conforme,83118,SAINT RAPHAEL,83,VAR,23,NICE,43.428589138583256,6.801763419976933
0831218Y,Collège Henri Bosco,public,hors EP,97.2,88.8,0.0,conforme,83.9,0.0,conforme,83144,LA VALETTE DU VAR,83,VAR,23,NICE,43.13286976428727,5.993008170336721
0831274J,Collège Jean Rostand,public,hors EP,93.1,88.8,0.0,conforme,83.9,0.0,conforme,83050,DRAGUIGNAN,83,VAR,23,NICE,43.52998404638255,6.464354254579692
0831355X,Collège Lou Castellas,public,hors EP,102.7,88.8,0.0,conforme,83.9,0.0,conforme,83130,SOLLIES PONT,83,VAR,23,NICE,43.1913320689268,6.045463206645565
0831379Y,Collège Paul-Émile Victor,public,hors EP,95.2,88.8,0.0,conforme,83.9,0.0,conforme,83148,VIDAUBAN,83,VAR,23,NICE,43.43211079852867,6.429817159039408
0831391L,Collège Guy de Maupassant,public,hors EP,108.5,88.8,0.0,conforme,83.9,0.0,conforme,83064,GAREOULT,83,VAR,23,NICE,43.32302786833681,6.042673010860647
0831442S,Collège Henri Matisse,public,hors EP,112.5,88.8,0.0,conforme,83.9,0.0,conforme,83116,SAINT MAXIMIN LA SAINTE BAUME,83,VAR,23,NICE,43.44449601710317,5.866384615875576
0831474B,Collège André Cabasse,public,hors EP,110.4,88.8,0.0,conforme,83.9,0.0,conforme,83107,ROQUEBRUNE SUR ARGENS,83,VAR,23,NICE,43.44818071740968,6.643089377728843
0831514V,Collège André Malraux,public,hors EP,110.1,88.8,0.0,conforme,83.9,0.0,conforme,83054,LA FARLEDE,83,VAR,23,NICE,43.1624811920713,6.041581499536375
0831537V,Collège Victor Hugo,public,hors EP,98.9,88.8,0.0,conforme,83.9,0.0,conforme,83065,GASSIN,83,VAR,23,NICE,43.24695940516949,6.572773642301493
0831552L,Collège Yves Montand,public,hors EP,111.4,88.8,0.0,conforme,83.9,0.0,conforme,83150,VINON SUR VERDON,83,VAR,23,NICE,43.72140966060737,5.806208824197264
0831609Y,Collège Jean Cavaillès,public,hors EP,103.8,88.8,0.0,conforme,83.9,0.0,conforme,83056,FIGANIERES,83,VAR,23,NICE,43.57177716634708,6.5006495535574045
0831610Z,Collège Léonard de Vinci,public,hors EP,111.2,88.8,0.0,conforme,83.9,0.0,conforme,83081,MONTAUROUX,83,VAR,23,NICE,43.597628478335935,6.78509417360327
0831630W,Collège Frédéric Montenard,public,hors EP,98.7,88.8,0.0,conforme,83.9,0.0,conforme,83018,BESSE SUR ISSOLE,83,VAR,23,NICE,43.34865983801132,6.171776773372527
0831644L,Collège Le Vigneret,public,hors EP,108.4,88.8,0.0,conforme,83.9,0.0,conforme,83035,LE CASTELLET,83,VAR,23,NICE,43.177496796087446,5.773094725118365
0831645M,Collège Pierre Gassendi,public,hors EP,106.6,88.8,0.0,conforme,83.9,0.0,conforme,83106,ROCBARON,83,VAR,23,NICE,43.31805844621772,6.077179105691474
0831657A,Collège des seize fontaines,public,hors EP,115.7,88.8,0.0,conforme,83.9,0.0,conforme,83120,SAINT ZACHARIE,83,VAR,23,NICE,43.386942732256685,5.716529992528447
0831709G,Collège Geneviève De Gaulle-Anthonioz,public,hors EP,100.2,88.8,0.0,conforme,83.9,0.0,conforme,83032,CARCES,83,VAR,23,NICE,43.48097170084621,6.188082973747337
0840006A,Collège Joseph Viala,public,hors EP,96.9,88.8,0.0,conforme,87.5,0.0,conforme,84007,AVIGNON,84,VAUCLUSE,2,AIX-MARSEILLE,43.94784133593764,4.814406607113876
0840007B,Collège Joseph Roumanille,public,REP+,72.2,88.8,0.0,conforme,87.5,0.0,conforme,84007,AVIGNON,84,VAUCLUSE,2,AIX-MARSEILLE,43.93454148011538,4.829056460492057
0840011F,Collège Saint-Exupéry,public,hors EP,100.1,88.8,0.0,conforme,87.5,0.0,conforme,84016,BEDARRIDES,84,VAUCLUSE,2,AIX-MARSEILLE,44.05162347811607,4.890675907945815
0840014J,Collège le Luberon,public,hors EP,113.8,88.8,0.0,conforme,87.5,0.0,conforme,84026,CADENET,84,VAUCLUSE,2,AIX-MARSEILLE,43.73980512999116,5.389094456484254
0840018N,Collège Paul Gauthier,public,REP+,72.5,88.8,0.0,conforme,87.5,0.0,conforme,84035,CAVAILLON,84,VAUCLUSE,2,AIX-MARSEILLE,43.8416380313376,5.048265999805911
0840020R,Collège Clovis Hugues,public,hors EP,101.4,88.8,0.0,conforme,87.5,0.0,conforme,84035,CAVAILLON,84,VAUCLUSE,2,AIX-MARSEILLE,43.83500193892284,5.047102900177587
0840028Z,Collège Charles Doche,public,hors EP,110.9,88.8,0.0,conforme,87.5,0.0,conforme,84088,PERNES LES FONTAINES,84,VAUCLUSE,2,AIX-MARSEILLE,43.99383915876848,5.060564013221748
0840029A,Collège Marcel Pagnol,public,hors EP,100.6,88.8,0.0,conforme,87.5,0.0,conforme,84089,PERTUIS,84,VAUCLUSE,2,AIX-MARSEILLE,43.69469233249835,5.508972722554812
0840032D,Collège du pays de Sault,public,hors EP,96.1,88.8,0.0,conforme,87.5,0.0,conforme,84123,SAULT,84,VAUCLUSE,2,AIX-MARSEILLE,44.090659868006064,5.41577548139074
0840033E,Collège Voltaire,public,REP,83.4,88.8,0.0,conforme,87.5,0.0,conforme,84129,SORGUES,84,VAUCLUSE,2,AIX-MARSEILLE,44.00987908595682,4.873883399735772
0840035G,Collège Joseph d'Arbaud,public,hors EP,104.0,88.8,0.0,conforme,87.5,0.0,conforme,84137,VAISON LA ROMAINE,84,VAUCLUSE,2,AIX-MARSEILLE,44.244191602206016,5.0872487080120585
0840051Z,Collège Jean Brunet,public,REP+,68.3,88.8,0.0,conforme,87.5,0.0,conforme,84007,AVIGNON,84,VAUCLUSE,2,AIX-MARSEILLE,43.94704392595827,4.838470681218396
0840108L,Collège Anselme Mathieu,public,REP+,62.9,88.8,0.0,conforme,87.5,0.0,conforme,84007,AVIGNON,84,VAUCLUSE,2,AIX-MARSEILLE,43.93216415961474,4.817129263398616
0840114T,Collège François Raspail,public,REP,87.5,88.8,0.0,conforme,87.5,0.0,au seuil,84031,CARPENTRAS,84,VAUCLUSE,2,AIX-MARSEILLE,44.0628844411088,5.055179764114935
0840116V,Collège Jean Giono,public,hors EP,94.7,88.8,0.0,conforme,87.5,0.0,conforme,84087,ORANGE,84,VAUCLUSE,2,AIX-MARSEILLE,44.12822441870911,4.799358691386506
0840437U,Collège Henri Boudon,public,hors EP,94.5,88.8,0.0,conforme,87.5,0.0,conforme,84019,BOLLENE,84,VAUCLUSE,2,AIX-MARSEILLE,44.2914897082735,4.751134854041985
0840583C,Collège Denis Diderot,public,hors EP,89.5,88.8,0.0,conforme,87.5,0.0,conforme,84129,SORGUES,84,VAUCLUSE,2,AIX-MARSEILLE,44.008722158521294,4.886459609512724
0840585E,Collège Jean Bouin,public,hors EP,99.1,88.8,0.0,conforme,87.5,0.0,conforme,84054,L ISLE SUR LA SORGUE,84,VAUCLUSE,2,AIX-MARSEILLE,43.92200061427671,5.0448136337951714
0840664R,Collège Jules Verne,public,REP,73.7,88.8,0.0,conforme,87.5,0.0,conforme,84092,LE PONTET,84,VAUCLUSE,2,AIX-MARSEILLE,43.959249941349086,4.862076609008712
0840697B,Collège Joseph Vernet,public,hors EP,87.5,88.8,1.2999999999999972,oublie,87.5,0.0,au seuil,84007,AVIGNON,84,VAUCLUSE,2,AIX-MARSEILLE,43.94832075856264,4.803281514538856
0840698C,Collège Alphonse Silve,public,hors EP,94.9,88.8,0.0,conforme,87.5,0.0,conforme,84080,MONTEUX,84,VAUCLUSE,2,AIX-MARSEILLE,44.037724494666,5.001727505690719
0840699D,Collège Paul Éluard,public,REP,83.5,88.8,0.0,conforme,87.5,0.0,conforme,84019,BOLLENE,84,VAUCLUSE,2,AIX-MARSEILLE,44.2755115177164,4.745288125657382
0840716X,Collège Vallis Aeria,public,REP,90.5,88.8,1.7000000000000028,sur-inclus,87.5,3.0,sur-inclus,84138,VALREAS,84,VAUCLUSE,2,AIX-MARSEILLE,44.387896326262734,5.005314177299518
0840738W,Collège Alphonse Tavan,public,hors EP,83.2,88.8,5.599999999999994,oublie,87.5,4.299999999999997,oublie,84007,AVIGNON,84,VAUCLUSE,2,AIX-MARSEILLE,43.94212366305125,4.877366289329071
0840758T,Collège Frédéric Mistral,public,REP,85.8,88.8,0.0,conforme,87.5,0.0,conforme,84007,AVIGNON,84,VAUCLUSE,2,AIX-MARSEILLE,43.94704107997609,4.801565250756268
0840759U,Collège Charles de Gaulle,public,hors EP,97.0,88.8,0.0,conforme,87.5,0.0,conforme,84003,APT,84,VAUCLUSE,2,AIX-MARSEILLE,43.876194452197126,5.40056644904602
0840760V,Collège Jean Henri Fabre,public,hors EP,86.9,88.8,1.8999999999999915,oublie,87.5,0.5999999999999943,oublie,84031,CARPENTRAS,84,VAUCLUSE,2,AIX-MARSEILLE,44.05841430881113,5.058343116953661
0840761W,Collège Alphonse Daudet,public,REP+,72.2,88.8,0.0,conforme,87.5,0.0,conforme,84031,CARPENTRAS,84,VAUCLUSE,2,AIX-MARSEILLE,44.047555366708046,5.031266819380827
0840762X,Collège Barbara Hendricks,public,REP,78.1,88.8,0.0,conforme,87.5,0.0,conforme,84087,ORANGE,84,VAUCLUSE,2,AIX-MARSEILLE,44.14299591349081,4.798565972229485
0840764Z,Collège Arausio,public,hors EP,96.7,88.8,0.0,conforme,87.5,0.0,conforme,84087,ORANGE,84,VAUCLUSE,2,AIX-MARSEILLE,44.131962210138624,4.832898497396608
0840803S,Collège Lou Vignares,public,hors EP,105.5,88.8,0.0,conforme,87.5,0.0,conforme,84141,VEDENE,84,VAUCLUSE,2,AIX-MARSEILLE,43.9748491014054,4.91038667596326
0840915N,Collège du pays des Sorgues,public,hors EP,114.8,88.8,0.0,conforme,87.5,0.0,conforme,84132,LE THOR,84,VAUCLUSE,2,AIX-MARSEILLE,43.93563998385438,4.994039597055243
0840926A,Collège Marie Mauron,public,hors EP,115.2,88.8,0.0,conforme,87.5,0.0,conforme,84089,PERTUIS,84,VAUCLUSE,2,AIX-MARSEILLE,43.70013611559766,5.500847649041564
0840970Y,Collège Gérard Philipe,public,REP+,77.0,88.8,0.0,conforme,87.5,0.0,conforme,84007,AVIGNON,84,VAUCLUSE,2,AIX-MARSEILLE,43.94384045328035,4.845551283918319
0841019B,Collège Vallée du Calavon,public,hors EP,113.3,88.8,0.0,conforme,87.5,0.0,conforme,84025,CABRIERES D AVIGNON,84,VAUCLUSE,2,AIX-MARSEILLE,43.87263507662256,5.148052377566745
0841027K,Collège Albert Camus,public,hors EP,116.1,88.8,0.0,conforme,87.5,0.0,conforme,84133,LA TOUR D AIGUES,84,VAUCLUSE,2,AIX-MARSEILLE,43.72952269159196,5.54946002860077
0841043C,Collège André Malraux,public,hors EP,105.8,88.8,0.0,conforme,87.5,0.0,conforme,84072,MAZAN,84,VAUCLUSE,2,AIX-MARSEILLE,44.05743015784221,5.12075156598686
0841086Z,Collège Rosa Parks,public,hors EP,86.6,88.8,2.200000000000003,oublie,87.5,0.9000000000000057,oublie,84035,CAVAILLON,84,VAUCLUSE,2,AIX-MARSEILLE,43.85343974967354,5.0177881534434885
0841099N,Collège Victor Schoelcher,public,hors EP,109.9,88.8,0.0,conforme,87.5,0.0,conforme,84106,SAINTE CECILE LES VIGNES,84,VAUCLUSE,2,AIX-MARSEILLE,44.23538834381003,4.884460868230314
0841116G,Collège Anne Frank,public,hors EP,109.1,88.8,0.0,conforme,87.5,0.0,conforme,84081,MORIERES LES AVIGNON,84,VAUCLUSE,2,AIX-MARSEILLE,43.93712106699226,4.907360517596763
0841118J,Collège Jean Garcin,public,hors EP,109.4,88.8,0.0,conforme,87.5,0.0,conforme,84054,L ISLE SUR LA SORGUE,84,VAUCLUSE,2,AIX-MARSEILLE,43.932698614327705,5.057934725497833
0850014D,Collège Golfe des Pictons,public,REP,92.5,88.8,3.700000000000003,sur-inclus,88.7,3.799999999999997,sur-inclus,85111,L ILE D ELLE,85,VENDEE,17,NANTES,46.32875696423236,-0.9496705132352254
0850015E,Collège les Sicardières,public,REP,106.1,88.8,17.299999999999997,sur-inclus,88.7,17.39999999999999,sur-inclus,85113,L ILE D YEU,85,VENDEE,17,NANTES,46.71617095294929,-2.352140352903945
0850024P,Collège Gaston Chaissac,public,hors EP,93.1,88.8,0.0,conforme,88.7,0.0,conforme,85182,POUZAUGES,85,VENDEE,17,NANTES,46.77787236148841,-0.8381323839471505
0850039F,Collège Pays de Monts,public,hors EP,97.7,88.8,0.0,conforme,88.7,0.0,conforme,85234,SAINT JEAN DE MONTS,85,VENDEE,17,NANTES,46.79655051360363,-2.056446472606042
0850063G,Collège Nicolas Haxo,public,hors EP,98.9,88.8,0.0,conforme,88.7,0.0,conforme,85191,LA ROCHE SUR YON,85,VENDEE,17,NANTES,46.675659655316885,-1.4184042775787835
0850065J,Collège Pierre Garcie Ferrande,public,hors EP,104.5,88.8,0.0,conforme,88.7,0.0,conforme,85222,SAINT GILLES CROIX DE VIE,85,VENDEE,17,NANTES,46.70293372953322,-1.928471014878936
0850066K,Collège François Viete,public,hors EP,95.3,88.8,0.0,conforme,88.7,0.0,conforme,85092,FONTENAY LE COMTE,85,VENDEE,17,NANTES,46.4638146569723,-0.8217399920620758
0850067L,Collège André Tiraqueau,public,REP,93.6,88.8,4.799999999999997,sur-inclus,88.7,4.8999999999999915,sur-inclus,85092,FONTENAY LE COMTE,85,VENDEE,17,NANTES,46.461065654335336,-0.782522091599313
0850145W,Collège René Couzinet,public,hors EP,88.6,88.8,0.20000000000000284,oublie,88.7,0.10000000000000853,oublie,85051,CHANTONNAY,85,VENDEE,17,NANTES,46.68838064586927,-1.041278575931602
0850147Y,Collège Charles Milcendeau,public,hors EP,95.8,88.8,0.0,conforme,88.7,0.0,conforme,85047,CHALLANS,85,VENDEE,17,NANTES,46.831676450672425,-1.884427791547998
0850148Z,Collège Pierre Mauger,public,hors EP,112.6,88.8,0.0,conforme,88.7,0.0,conforme,85194,LES SABLES D OLONNE,85,VENDEE,17,NANTES,46.496087705275045,-1.7636555327883614
0850149A,Collège Paul Langevin,public,hors EP,94.7,88.8,0.0,conforme,88.7,0.0,conforme,85194,LES SABLES D OLONNE,85,VENDEE,17,NANTES,46.5122365055496,-1.7751385653369445
0850604V,Collège Les Gondoliers,public,hors EP,99.8,88.8,0.0,conforme,88.7,0.0,conforme,85191,LA ROCHE SUR YON,85,VENDEE,17,NANTES,46.67530331718915,-1.4420156239110562
0850605W,Collège Édouard Herriot,public,hors EP,105.3,88.8,0.0,conforme,88.7,0.0,conforme,85191,LA ROCHE SUR YON,85,VENDEE,17,NANTES,46.67104959442632,-1.4276073797471385
0850639H,Collège Jules Ferry,public,hors EP,104.6,88.8,0.0,conforme,88.7,0.0,conforme,85146,MONTAIGU VENDEE,85,VENDEE,17,NANTES,46.970025972168266,-1.3065471340313093
0850641K,Collège Corentin Riou,public,hors EP,98.5,88.8,0.0,conforme,88.7,0.0,conforme,85156,MOUTIERS LES MAUXFAITS,85,VENDEE,17,NANTES,46.49453544776159,-1.4293935592478428
0851132U,Collège les Colliberts,public,hors EP,95.0,88.8,0.0,conforme,88.7,0.0,conforme,85255,SAINT MICHEL EN L HERM,85,VENDEE,17,NANTES,46.35728276026172,-1.253294482927364
0851144G,Collège Molière,public,hors EP,95.0,88.8,0.0,conforme,88.7,0.0,conforme,85163,NOIRMOUTIER EN L ILE,85,VENDEE,17,NANTES,47.003223454690826,-2.238505279435689
0851145H,Collège Marais Poitevin,public,hors EP,101.1,88.8,0.0,conforme,88.7,0.0,conforme,85020,BENET,85,VENDEE,17,NANTES,46.37161575975066,-0.5861965919043043
0851146J,Collège de l'Anglée,public,hors EP,90.9,88.8,0.0,conforme,88.7,0.0,conforme,85223,SAINTE HERMINE,85,VENDEE,17,NANTES,46.5516363786486,-1.0592707404452315
0851163C,Collège Pierre Mendès France,public,REP,84.3,88.8,0.0,conforme,88.7,0.0,conforme,85059,LA CHATAIGNERAIE,85,VENDEE,17,NANTES,46.65226410947934,-0.7470400498601503
0851193K,Collège Jean Rostand,public,hors EP,93.3,88.8,0.0,conforme,88.7,0.0,conforme,85109,LES HERBIERS,85,VENDEE,17,NANTES,46.86168226326586,-1.0222613899914306
0851195M,Collège Frédéric et Irène Joliot-Curie,public,hors EP,101.2,88.8,0.0,conforme,88.7,0.0,conforme,85227,SAINT HILAIRE DES LOGES,85,VENDEE,17,NANTES,46.468489798554,-0.6677162179491137
0851220P,Collège Jean Monnet,public,hors EP,108.1,88.8,0.0,conforme,88.7,0.0,conforme,85194,LES SABLES D OLONNE,85,VENDEE,17,NANTES,46.4905986315241,-1.7386757901138237
0851304F,Collège Auguste et Jean Renoir,public,hors EP,98.2,88.8,0.0,conforme,88.7,0.0,conforme,85191,LA ROCHE SUR YON,85,VENDEE,17,NANTES,46.65973741838922,-1.407996413855564
0851388X,Collège Olivier Messiaen,public,hors EP,103.3,88.8,0.0,conforme,88.7,0.0,conforme,85151,MORTAGNE SUR SEVRE,85,VENDEE,17,NANTES,46.98989681241707,-0.9487694644743104
0851435Y,Collège Antoine de Saint-Exupéry,public,hors EP,105.4,88.8,0.0,conforme,88.7,0.0,conforme,85019,BELLEVIGNY,85,VENDEE,17,NANTES,46.783237235672885,-1.4223268701615353
0851560J,Collège Alexandre Soljenitsyne,public,hors EP,100.4,88.8,0.0,conforme,88.7,0.0,conforme,85003,AIZENAY,85,VENDEE,17,NANTES,46.75075473874357,-1.623333138625178
0851620Z,Collège Stéphane Piobetta,public,hors EP,108.6,88.8,0.0,conforme,88.7,0.0,conforme,85008,AUBIGNY LES CLOUZEAUX,85,VENDEE,17,NANTES,46.59932823095989,-1.4602246849089244
0851647D,Collège Georges Clemenceau,public,hors EP,93.3,88.8,0.0,conforme,88.7,0.0,conforme,85084,ESSARTS EN BOCAGE,85,VENDEE,17,NANTES,46.774272287735656,-1.2391509685463948
0851655M,Collège Jacques Laurent,public,hors EP,102.1,88.8,0.0,conforme,88.7,0.0,conforme,85152,LES ACHARDS,85,VENDEE,17,NANTES,46.61391297292176,-1.65374738816988
0851662V,Collège Michel Ragon,public,hors EP,105.9,88.8,0.0,conforme,88.7,0.0,conforme,85146,MONTAIGU VENDEE,85,VENDEE,17,NANTES,46.98521347927596,-1.3090697763280077
0851698J,Collège Jacqueline Auriol,public,hors EP,96.0,88.8,0.0,conforme,88.7,0.0,conforme,85047,CHALLANS,85,VENDEE,17,NANTES,46.83995015996099,-1.876705629010024
0851716D,Collège Arnaud Beltrame,public,hors EP,94.1,88.8,0.0,conforme,88.7,0.0,conforme,85128,LUCON,85,VENDEE,17,NANTES,46.4620007483538,-1.1612757378035448
0860002K,Collège Romain Rolland,public,hors EP,96.9,88.8,0.0,conforme,90.0,0.0,conforme,86061,CHARROUX,86,VIENNE,13,POITIERS,46.13889490130448,0.4062927368675523
0860014Y,Collège André Brouillet,public,hors EP,104.4,88.8,0.0,conforme,90.0,0.0,conforme,86082,VALENCE EN POITOU,86,VIENNE,13,POITIERS,46.301759819855846,0.1869306533528722
0860015Z,Collège Bellevue,public,hors EP,99.2,88.8,0.0,conforme,90.0,0.0,conforme,86092,DANGE SAINT ROMAIN,86,VIENNE,13,POITIERS,46.93112603885849,0.6024824078539449
0860016A,Collège Jean Jaurès,public,hors EP,105.9,88.8,0.0,conforme,90.0,0.0,conforme,86103,GENCAY,86,VIENNE,13,POITIERS,46.367118858575445,0.4072694043280953
0860017B,Collège René Cassin,public,hors EP,95.7,88.8,0.0,conforme,90.0,0.0,conforme,86112,L ISLE JOURDAIN,86,VIENNE,13,POITIERS,46.23001974348666,0.6856364468956778
0860019D,Collège Arthur Rimbaud,public,hors EP,107.7,88.8,0.0,conforme,90.0,0.0,conforme,86121,LATILLE,86,VIENNE,13,POITIERS,46.61586767507881,0.0781314130440506
0860020E,Collège Arsène Lambert,public,hors EP,96.8,88.8,0.0,conforme,90.0,0.0,conforme,86128,LENCLOITRE,86,VIENNE,13,POITIERS,46.82009502902032,0.3344647491810633
0860023H,Collège Joachim du Bellay,public,hors EP,93.7,88.8,0.0,conforme,90.0,0.0,conforme,86137,LOUDUN,86,VIENNE,13,POITIERS,47.01476521869172,0.090936978418684
0860026L,Collège Louise Michel,public,hors EP,106.1,88.8,0.0,conforme,90.0,0.0,conforme,86140,LUSSAC LES CHATEAUX,86,VIENNE,13,POITIERS,46.400959450417375,0.7190414082206235
0860027M,Collège Georges David,public,hors EP,99.5,88.8,0.0,conforme,90.0,0.0,conforme,86160,MIREBEAU,86,VIENNE,13,POITIERS,46.78734596780431,0.1834102233249257
0860031S,Collège Jean Moulin,public,hors EP,100.3,88.8,0.0,conforme,90.0,0.0,conforme,86165,MONTMORILLON,86,VIENNE,13,POITIERS,46.42807390858166,0.8747262971327363
0860032T,Collège Jean Rostand,public,hors EP,111.8,88.8,0.0,conforme,90.0,0.0,conforme,86177,NEUVILLE DE POITOU,86,VIENNE,13,POITIERS,46.679515817018384,0.240819624404915
0860040B,Collège du Jardin des Plantes,public,hors EP,123.1,88.8,0.0,conforme,90.0,0.0,conforme,86194,POITIERS,86,VIENNE,13,POITIERS,46.58865418903704,0.3474874759449565
0860043E,Collège Léon Huet,public,hors EP,100.4,88.8,0.0,conforme,90.0,0.0,conforme,86207,LA ROCHE POSAY,86,VIENNE,13,POITIERS,46.78577747869764,0.8150445878423864
0860044F,Collège Maurice Bedel,public,hors EP,102.1,88.8,0.0,conforme,90.0,0.0,conforme,86224,SAINT GERVAIS LES TROIS CLOCHERS,86,VIENNE,13,POITIERS,46.90025636002122,0.3970493737554629
0860045G,Collège Isaac de Razilly,public,hors EP,93.3,88.8,0.0,conforme,90.0,0.0,conforme,86225,SAINT JEAN DE SAUVES,86,VIENNE,13,POITIERS,46.83852561278024,0.0930466624437236
0860046H,Collège Prosper Merimée,public,hors EP,97.7,88.8,0.0,conforme,90.0,0.0,conforme,86246,SAINT SAVIN,86,VIENNE,13,POITIERS,46.56462899347409,0.8589262762742399
0860047J,Collège Frédéric et Irène Joliot-Curie,public,hors EP,111.6,88.8,0.0,conforme,90.0,0.0,conforme,86293,VIVONNE,86,VIENNE,13,POITIERS,46.43309367792407,0.2667950046629005
0860049L,Collège Camille Guérin,public,hors EP,106.5,88.8,0.0,conforme,90.0,0.0,conforme,86298,VOUNEUIL SUR VIENNE,86,VIENNE,13,POITIERS,46.7165403079575,0.5454328312373937
0860053R,Collège Camille Claudel,public,hors EP,97.5,88.8,0.0,conforme,90.0,0.0,conforme,86078,CIVRAY,86,VIENNE,13,POITIERS,46.14252902574375,0.2930890396680752
0860076R,Collège Jean Moulin,public,hors EP,96.4,88.8,0.0,conforme,90.0,0.0,conforme,86194,POITIERS,86,VIENNE,13,POITIERS,46.58161522611309,0.3706510112631554
0860702W,Collège Jean Macé,public,REP,88.4,88.8,0.0,conforme,90.0,0.0,conforme,86066,CHATELLERAULT,86,VIENNE,13,POITIERS,46.81861577368733,0.5231316811789254
0860723U,Collège Pierre de Ronsard,public,REP,100.4,88.8,11.600000000000009,sur-inclus,90.0,10.400000000000006,sur-inclus,86194,POITIERS,86,VIENNE,13,POITIERS,46.56867100550213,0.3510568553434422
0860791T,Collège François Rabelais,public,hors EP,115.4,88.8,0.0,conforme,90.0,0.0,conforme,86194,POITIERS,86,VIENNE,13,POITIERS,46.57690001627508,0.3184671200080167
0860792U,Collège Gérard Philipe,public,hors EP,110.0,88.8,0.0,conforme,90.0,0.0,conforme,86070,CHAUVIGNY,86,VIENNE,13,POITIERS,46.56618477556919,0.6427940940772336
0860799B,Collège Jules Verne,public,REP,83.5,88.8,0.0,conforme,90.0,0.0,conforme,86041,BUXEROLLES,86,VIENNE,13,POITIERS,46.59574706615732,0.3559690685449618
0860876K,Collège George Sand,public,REP+,83.9,88.8,0.0,conforme,90.0,0.0,conforme,86066,CHATELLERAULT,86,VIENNE,13,POITIERS,46.80456763533283,0.5491225232356329
0860984C,Collège René Descartes,public,hors EP,88.6,88.8,0.20000000000000284,oublie,90.0,1.4000000000000057,oublie,86066,CHATELLERAULT,86,VIENNE,13,POITIERS,46.81908160594479,0.5461617283146118
0861038L,Collège Saint-Exupéry,public,hors EP,110.7,88.8,0.0,conforme,90.0,0.0,conforme,86115,JAUNAY MARIGNY,86,VIENNE,13,POITIERS,46.678989332073904,0.3758877870345805
0861053C,Collège Jean Monnet,public,hors EP,106.7,88.8,0.0,conforme,90.0,0.0,conforme,86139,LUSIGNAN,86,VIENNE,13,POITIERS,46.43921661410473,0.1162771759586851
0861072Y,Collège France Bloch-Serazin,public,hors EP,105.5,88.8,0.0,conforme,90.0,0.0,conforme,86194,POITIERS,86,VIENNE,13,POITIERS,46.57223542182526,0.3865366404501301
0861073Z,Collège Théophraste Renaudot,public,hors EP,122.2,88.8,0.0,conforme,90.0,0.0,conforme,86214,SAINT BENOIT,86,VIENNE,13,POITIERS,46.55083667353488,0.320757418635296
0861092V,Collège Ferdinand Clovis Pin,public,hors EP,114.4,88.8,0.0,conforme,90.0,0.0,conforme,86194,POITIERS,86,VIENNE,13,POITIERS,46.56903123010101,0.3687036318475879
0861457S,Collège Joséphine Baker,public,hors EP,109.0,88.8,0.0,conforme,90.0,0.0,conforme,86297,VOUNEUIL SOUS BIARD,86,VIENNE,13,POITIERS,46.60128269757407,0.2906074431015292
0870001D,Collège Jean Baptiste Camille Corot,public,hors EP,109.0,88.8,0.0,conforme,89.4,0.0,conforme,87001,AIXE SUR VIENNE,87,HAUTE-VIENNE,22,LIMOGES,45.79496832553096,1.1326133454993712
0870006J,Collège Pierre Mendès France,public,hors EP,106.7,88.8,0.0,conforme,89.4,0.0,conforme,87014,BESSINES SUR GARTEMPE,87,HAUTE-VIENNE,22,LIMOGES,46.10917006740448,1.3705413597158809
0870007K,Collège Pierre Desproges,public,hors EP,97.7,88.8,0.0,conforme,89.4,0.0,conforme,87032,CHALUS,87,HAUTE-VIENNE,22,LIMOGES,45.65083599750225,0.9795855074702304
0870008L,Collège Jean Monnet,public,hors EP,102.1,88.8,0.0,conforme,89.4,0.0,conforme,87040,CHATEAUNEUF LA FORET,87,HAUTE-VIENNE,22,LIMOGES,45.712882670757246,1.604084783577807
0870009M,Collège Louis Timbal,public,hors EP,103.1,88.8,0.0,conforme,89.4,0.0,conforme,87041,CHATEAUPONSAC,87,HAUTE-VIENNE,22,LIMOGES,46.13514701222866,1.275006201152248
0870014T,Collège Georges Guingouin,public,hors EP,100.9,88.8,0.0,conforme,89.4,0.0,conforme,87064,EYMOUTIERS,87,HAUTE-VIENNE,22,LIMOGES,45.73973485548864,1.747815578162137
0870022B,Collège Guy de Maupassant,public,hors EP,89.4,88.8,0.0,conforme,89.4,0.0,au seuil,87085,LIMOGES,87,HAUTE-VIENNE,22,LIMOGES,45.8467073144133,1.2672834636860244
0870023C,Collège Léon Blum,public,hors EP,105.3,88.8,0.0,conforme,89.4,0.0,conforme,87085,LIMOGES,87,HAUTE-VIENNE,22,LIMOGES,45.82448066511231,1.2839252719177403
0870031L,Collège Maryse Bastié,public,hors EP,101.0,88.8,0.0,conforme,89.4,0.0,conforme,87103,NANTIAT,87,HAUTE-VIENNE,22,LIMOGES,46.007758417218426,1.1693246310406296
0870032M,Collège Arsène Bonneaud,public,hors EP,111.1,88.8,0.0,conforme,89.4,0.0,conforme,87106,NEXON,87,HAUTE-VIENNE,22,LIMOGES,45.67870201408833,1.1837933731465828
0870036S,Collège Fernand Lagrange,public,hors EP,117.3,88.8,0.0,conforme,89.4,0.0,conforme,87119,PIERRE BUFFIERE,87,HAUTE-VIENNE,22,LIMOGES,45.69052734494682,1.3619604174488738
0870037T,Collège Simone Veil,public,hors EP,97.6,88.8,0.0,conforme,89.4,0.0,conforme,87126,ROCHECHOUART,87,HAUTE-VIENNE,22,LIMOGES,45.82770927587093,0.8217814769424182
0870039V,Collège Arsène d'Arsonval,public,hors EP,101.2,88.8,0.0,conforme,89.4,0.0,conforme,87146,SAINT GERMAIN LES BELLES,87,HAUTE-VIENNE,22,LIMOGES,45.61463572337278,1.4967395377758317
0870042Y,Collège Paul Langevin,public,hors EP,103.6,88.8,0.0,conforme,89.4,0.0,conforme,87154,SAINT JUNIEN,87,HAUTE-VIENNE,22,LIMOGES,45.88479447703836,0.903595356215198
0870047D,Collège Gisèle Halimi,public,hors EP,97.8,88.8,0.0,conforme,89.4,0.0,conforme,87168,SAINT MATHIEU,87,HAUTE-VIENNE,22,LIMOGES,45.70827317790818,0.7629618656480357
0870048E,Collège Jean Rostand,public,hors EP,100.5,88.8,0.0,conforme,89.4,0.0,conforme,87181,SAINT SULPICE LAURIERE,87,HAUTE-VIENNE,22,LIMOGES,46.05256563032952,1.471897710302843
0870049F,Collège Fabre d'Églantine,public,hors EP,95.8,88.8,0.0,conforme,89.4,0.0,conforme,87182,SAINT SULPICE LES FEUILLES,87,HAUTE-VIENNE,22,LIMOGES,46.32037132661001,1.369631858050061
0870071E,Collège Pierre Donzelot,public,hors EP,105.4,88.8,0.0,conforme,89.4,0.0,conforme,87085,LIMOGES,87,HAUTE-VIENNE,22,LIMOGES,45.8326110104398,1.2695015847204525
0870072F,Collège André Maurois,public,REP,87.6,88.8,0.0,conforme,89.4,0.0,conforme,87085,LIMOGES,87,HAUTE-VIENNE,22,LIMOGES,45.83484298781661,1.227624328711415
0870117E,Collège Albert Calmette,public,REP,99.6,88.8,10.799999999999997,sur-inclus,89.4,10.199999999999989,sur-inclus,87085,LIMOGES,87,HAUTE-VIENNE,22,LIMOGES,45.82901791852488,1.2254368120589652
0870120H,Collège Louis Jouvet,public,hors EP,92.2,88.8,0.0,conforme,89.4,0.0,conforme,87011,BELLAC,87,HAUTE-VIENNE,22,LIMOGES,46.12219359453217,1.0596989764187963
0870658T,Collège Jean Rebier,public,hors EP,112.4,88.8,0.0,conforme,89.4,0.0,conforme,87075,ISLE,87,HAUTE-VIENNE,22,LIMOGES,45.809478619126224,1.2244046292928974
0870684W,Collège Jean Moulin,public,hors EP,110.3,88.8,0.0,conforme,89.4,0.0,conforme,87002,AMBAZAC,87,HAUTE-VIENNE,22,LIMOGES,45.96094661227287,1.3857024712307588
0870729V,Collège Pierre de Ronsard,public,REP+,70.4,88.8,0.0,conforme,89.4,0.0,conforme,87085,LIMOGES,87,HAUTE-VIENNE,22,LIMOGES,45.849544776937165,1.2695904053331857
0870734A,Collège Louise Michel,public,hors EP,101.2,88.8,0.0,conforme,89.4,0.0,conforme,87154,SAINT JUNIEN,87,HAUTE-VIENNE,22,LIMOGES,45.89185196007856,0.8973670282144411
0870771R,Collège Bernart de Ventadour,public,hors EP,100.1,88.8,0.0,conforme,89.4,0.0,conforme,87085,LIMOGES,87,HAUTE-VIENNE,22,LIMOGES,45.81395310431876,1.272164068477409
0870791M,Collège Anatole France,public,REP,83.9,88.8,0.0,conforme,89.4,0.0,conforme,87085,LIMOGES,87,HAUTE-VIENNE,22,LIMOGES,45.88104420475965,1.2982374784259365
0870816P,Collège Léonard Limosin,public,hors EP,117.4,88.8,0.0,conforme,89.4,0.0,conforme,87085,LIMOGES,87,HAUTE-VIENNE,22,LIMOGES,45.82957034438387,1.2542349695128086
0870817R,Collège Auguste Renoir,public,hors EP,98.1,88.8,0.0,conforme,89.4,0.0,conforme,87085,LIMOGES,87,HAUTE-VIENNE,22,LIMOGES,45.823354395912105,1.2417444828452684
0870819T,Collège Pierre Robert,public,hors EP,89.2,88.8,0.0,conforme,89.4,0.20000000000000284,oublie,87059,LE DORAT,87,HAUTE-VIENNE,22,LIMOGES,46.21540626257113,1.0793619640542902
0870820U,Collège Bernard Palissy,public,hors EP,106.3,88.8,0.0,conforme,89.4,0.0,conforme,87161,SAINT LEONARD DE NOBLAT,87,HAUTE-VIENNE,22,LIMOGES,45.83424900013325,1.4932134299751634
0870821V,Collège Jean-Baptiste Darnet,public,hors EP,101.2,88.8,0.0,conforme,89.4,0.0,conforme,87187,SAINT YRIEIX LA PERCHE,87,HAUTE-VIENNE,22,LIMOGES,45.50391163139063,1.2016161580171092
0870871Z,Collège Maurice Genevoix,public,hors EP,104.2,88.8,0.0,conforme,89.4,0.0,conforme,87050,COUZEIX,87,HAUTE-VIENNE,22,LIMOGES,45.8804363448352,1.241804603164207
0870960W,Collège Firmin Roz,public,REP,85.3,88.8,0.0,conforme,89.4,0.0,conforme,87085,LIMOGES,87,HAUTE-VIENNE,22,LIMOGES,45.86738518424106,1.290903771175961
0880002Z,Collège Julie Victoire Daubié,public,hors EP,92.8,88.8,0.0,conforme,84.8,0.0,conforme,88029,LA VOGE LES BAINS,88,VOSGES,12,NANCY-METZ,48.00107875289801,6.24831708094064
0880005C,Collège Charlemagne,public,hors EP,92.2,88.8,0.0,conforme,84.8,0.0,conforme,88078,BRUYERES,88,VOSGES,12,NANCY-METZ,48.20407032799032,6.71602536987199
0880011J,Collège Jean Rostand,public,hors EP,91.3,88.8,0.0,conforme,84.8,0.0,conforme,88095,CHATENOIS,88,VOSGES,12,NANCY-METZ,48.304632831414175,5.831660345246271
0880014M,Collège Paul-Émile Victor,public,hors EP,96.1,88.8,0.0,conforme,84.8,0.0,conforme,88115,CORCIEUX,88,VOSGES,12,NANCY-METZ,48.17439414914264,6.878518819379259
0880017R,Collège Michel de Montaigne,public,hors EP,106.0,88.8,0.0,conforme,84.8,0.0,conforme,88151,DOMPAIRE,88,VOSGES,12,NANCY-METZ,48.2251156853148,6.225533147708569
0880034J,Collège Guillaume de Lamarche,public,hors EP,90.0,88.8,0.0,conforme,84.8,0.0,conforme,88258,LAMARCHE,88,VOSGES,12,NANCY-METZ,48.06458019035809,5.783692476214638
0880035K,Collège Guy Dolmaire,public,hors EP,97.6,88.8,0.0,conforme,84.8,0.0,conforme,88304,MIRECOURT,88,VOSGES,12,NANCY-METZ,48.29493221359608,6.137243810708348
0880041S,Collège Pierre et Marie Curie,public,hors EP,99.5,88.8,0.0,conforme,84.8,0.0,conforme,88321,NEUFCHATEAU,88,VOSGES,12,NANCY-METZ,48.35894019196227,5.697076792572492
0880044V,Collège Spitzemberg,public,hors EP,96.1,88.8,0.0,conforme,84.8,0.0,conforme,88361,PROVENCHERES ET COLROY,88,VOSGES,12,NANCY-METZ,48.31039214473366,7.079503303504811
0880045W,Collège Alphonse Cytère,public,REP,92.9,88.8,4.1000000000000085,sur-inclus,84.8,8.100000000000009,sur-inclus,88367,RAMBERVILLERS,88,VOSGES,12,NANCY-METZ,48.35301560900074,6.636642405074547
0880054F,Collège Jean Montemont,public,hors EP,96.6,88.8,0.0,conforme,84.8,0.0,conforme,88408,RUPT SUR MOSELLE,88,VOSGES,12,NANCY-METZ,47.93045813398115,6.658637813399533
0880065T,Collège Jules Ferry,public,hors EP,93.2,88.8,0.0,conforme,84.8,0.0,conforme,88468,LE THILLOT,88,VOSGES,12,NANCY-METZ,47.88557323089173,6.762815344057979
0880068W,Collège Fleurot d'Herival,public,hors EP,102.9,88.8,0.0,conforme,84.8,0.0,conforme,88351,PLOMBIERES LES BAINS,88,VOSGES,12,NANCY-METZ,47.97007863563135,6.447025491676947
0880149J,Collège Antoine de Saint-Exupéry,public,REP+,70.4,88.8,0.0,conforme,84.8,0.0,conforme,88160,EPINAL,88,VOSGES,12,NANCY-METZ,48.185798720478864,6.456000415426163
0880150K,Collège Jules Ferry,public,hors EP,107.3,88.8,0.0,conforme,84.8,0.0,conforme,88160,EPINAL,88,VOSGES,12,NANCY-METZ,48.17128092588905,6.443184682718594
0880151L,Collège Vautrin Lud,public,REP,92.1,88.8,3.299999999999997,sur-inclus,84.8,7.299999999999997,sur-inclus,88413,SAINT DIE DES VOSGES,88,VOSGES,12,NANCY-METZ,48.2965377650545,6.949055257801907
0880154P,Collège Charlet,public,hors EP,98.6,88.8,0.0,conforme,84.8,0.0,conforme,88383,REMIREMONT,88,VOSGES,12,NANCY-METZ,48.01003772065231,6.603439710253198
0880155R,Collège Christian Poncelet,public,hors EP,110.0,88.8,0.0,conforme,84.8,0.0,conforme,88383,REMIREMONT,88,VOSGES,12,NANCY-METZ,48.01890384454836,6.590211834300706
0880156S,Collège Jules Verne,public,hors EP,103.4,88.8,0.0,conforme,84.8,0.0,conforme,88516,VITTEL,88,VOSGES,12,NANCY-METZ,48.197251672113126,5.939576269106412
0880418B,Collège Louis Pergaud,public,hors EP,96.5,88.8,0.0,conforme,84.8,0.0,conforme,88094,CHATEL SUR MOSELLE,88,VOSGES,12,NANCY-METZ,48.319050935086494,6.404061639153514
0881097P,Collège Louis Armand,public,hors EP,105.7,88.8,0.0,conforme,84.8,0.0,conforme,88209,GOLBEY,88,VOSGES,12,NANCY-METZ,48.18499326867896,6.422107370191903
0881099S,Collège Joseph Julien Souhait,public,REP,92.7,88.8,3.9000000000000057,sur-inclus,84.8,7.900000000000006,sur-inclus,88413,SAINT DIE DES VOSGES,88,VOSGES,12,NANCY-METZ,48.281066500528894,6.967291505973852
0881101U,Collège André Malraux,public,REP,83.1,88.8,0.0,conforme,84.8,0.0,conforme,88451,SENONES,88,VOSGES,12,NANCY-METZ,48.39457538840429,6.975126001023535
0881102V,Collège Lyautey,public,hors EP,93.5,88.8,0.0,conforme,84.8,0.0,conforme,88114,CONTREXEVILLE,88,VOSGES,12,NANCY-METZ,48.18191745045845,5.902690206774568
0881103W,Collège Charles Édouard Fixary,public,hors EP,94.0,88.8,0.0,conforme,84.8,0.0,conforme,88270,LIFFOL LE GRAND,88,VOSGES,12,NANCY-METZ,48.3136466383944,5.57872861026435
0881120P,Collège Louis Pasteur,public,hors EP,87.9,88.8,0.8999999999999915,oublie,84.8,0.0,conforme,88372,RAON L ETAPE,88,VOSGES,12,NANCY-METZ,48.40304938693448,6.830731697337709
0881145S,Collège Maurice Barrès,public,REP,96.5,88.8,7.700000000000003,sur-inclus,84.8,11.700000000000003,sur-inclus,88090,CHARMES,88,VOSGES,12,NANCY-METZ,48.36784764327686,6.2900766245311726
0881146T,Collège Georges Clémenceau,public,hors EP,104.5,88.8,0.0,conforme,84.8,0.0,conforme,88160,EPINAL,88,VOSGES,12,NANCY-METZ,48.17907491377789,6.447484062520823
0881147U,Collège Elsa Triolet,public,hors EP,98.7,88.8,0.0,conforme,84.8,0.0,conforme,88465,THAON LES VOSGES,88,VOSGES,12,NANCY-METZ,48.2458710058992,6.411338390299735
0881148V,Collège Guillaume Apollinaire,public,hors EP,101.7,88.8,0.0,conforme,84.8,0.0,conforme,88470,LE THOLY,88,VOSGES,12,NANCY-METZ,48.0851893755968,6.747758285292504
0881369K,Collège Camille Claudel,public,hors EP,103.8,88.8,0.0,conforme,84.8,0.0,conforme,88530,XERTIGNY,88,VOSGES,12,NANCY-METZ,48.04707115153947,6.403616157872446
0881371M,Collège René Cassin,public,hors EP,101.4,88.8,0.0,conforme,84.8,0.0,conforme,88158,ELOYES,88,VOSGES,12,NANCY-METZ,48.0878586194358,6.6090315068793375
0881372N,Collège du Ban de Vagney,public,hors EP,104.4,88.8,0.0,conforme,84.8,0.0,conforme,88486,VAGNEY,88,VOSGES,12,NANCY-METZ,48.00515785537566,6.7167986856473725
0881386D,Collège du Pervis,public,hors EP,97.8,88.8,0.0,conforme,84.8,0.0,conforme,88310,MONTHUREUX SUR SAONE,88,VOSGES,12,NANCY-METZ,48.033756820612126,5.9744724251144765
0881397R,Collège Hubert Curien,public,hors EP,103.0,88.8,0.0,conforme,84.8,0.0,conforme,88116,CORNIMONT,88,VOSGES,12,NANCY-METZ,47.96321538957938,6.833661997909276
0881410E,Collège de la Haute Meurthe,public,hors EP,94.1,88.8,0.0,conforme,84.8,0.0,conforme,88181,FRAIZE,88,VOSGES,12,NANCY-METZ,48.19113163477042,6.99237790987907
0881446U,Collège La Haie Griselle,public,hors EP,106.9,88.8,0.0,conforme,84.8,0.0,conforme,88196,GERARDMER,88,VOSGES,12,NANCY-METZ,48.07777114930804,6.873424543838572
0881447V,Collège Jules Ferry,public,hors EP,90.2,88.8,0.0,conforme,84.8,0.0,conforme,88413,SAINT DIE DES VOSGES,88,VOSGES,12,NANCY-METZ,48.28731997008083,6.956282140714412
0890006Y,Collège Denfert-Rochereau,public,hors EP,104.6,88.8,0.0,conforme,92.1,0.0,conforme,89024,AUXERRE,89,YONNE,7,DIJON,47.797571794864126,3.560410922786259
0890009B,Collège Parc des Chaumes,public,hors EP,104.4,88.8,0.0,conforme,92.1,0.0,conforme,89025,AVALLON,89,YONNE,7,DIJON,47.4875816226604,3.913983943081014
0890013F,Collège Pierre et Jean Lerouge,public,hors EP,102.6,88.8,0.0,conforme,92.1,0.0,conforme,89068,CHABLIS,89,YONNE,7,DIJON,47.810610227073454,3.7946760880302297
0890014G,Collège Michel Gondry,public,hors EP,100.1,88.8,0.0,conforme,92.1,0.0,conforme,89086,CHARNY OREE DE PUISAYE,89,YONNE,7,DIJON,47.892971982761615,3.0953443390795967
0890015H,Collège Jean-Roch Coignet,public,hors EP,102.9,88.8,0.0,conforme,92.1,0.0,conforme,89125,COURSON LES CARRIERES,89,YONNE,7,DIJON,47.6106753092205,3.4949357563292867
0890017K,Collège Paul Fourrey,public,REP,85.4,88.8,0.0,conforme,92.1,0.0,conforme,89257,MIGENNES,89,YONNE,7,DIJON,47.96508701483128,3.518365818081172
0890019M,Collège Miles de Noyers,public,hors EP,100.5,88.8,0.0,conforme,92.1,0.0,conforme,89279,NOYERS,89,YONNE,7,DIJON,47.6929997769216,4.002965396833481
0890022R,Collège de Puisaye,public,hors EP,102.4,88.8,0.0,conforme,92.1,0.0,conforme,89344,SAINT FARGEAU,89,YONNE,7,DIJON,47.63684099425739,3.065997616303757
0890024T,Collège Marcel Aymé,public,REP,87.2,88.8,0.0,conforme,92.1,0.0,conforme,89345,SAINT FLORENTIN,89,YONNE,7,DIJON,48.00206027940922,3.724208294661626
0890028X,Collège du Gâtinais en Bourgogne,public,hors EP,99.4,88.8,0.0,conforme,92.1,0.0,conforme,89370,SAINT VALERIEN,89,YONNE,7,DIJON,48.17429066567459,3.0941019379341808
0890030Z,Collège Stéphane Mallarmé,public,hors EP,91.2,88.8,0.0,conforme,92.1,0.8999999999999915,oublie,89387,SENS,89,YONNE,7,DIJON,48.19906776944226,3.2880782303535403
0890035E,Collège Pierre Larousse,public,hors EP,102.8,88.8,0.0,conforme,92.1,0.0,conforme,89419,TOUCY,89,YONNE,7,DIJON,47.7367826269982,3.295947404802152
0890037G,Collège André Leroi-Gourhan,public,hors EP,100.0,88.8,0.0,conforme,92.1,0.0,conforme,89441,VERMENTON,89,YONNE,7,DIJON,47.66827338698148,3.743146138876343
0890038H,Collège Gaston Ramon,public,hors EP,95.6,88.8,0.0,conforme,92.1,0.0,conforme,89461,VILLENEUVE L ARCHEVEQUE,89,YONNE,7,DIJON,48.23686139614792,3.552336901301169
0890090P,Collège Albert Camus,public,hors EP,104.5,88.8,0.0,conforme,92.1,0.0,conforme,89024,AUXERRE,89,YONNE,7,DIJON,47.80987673358439,3.5709380242933944
0890540D,Collège Chateaubriand,public,hors EP,98.8,88.8,0.0,conforme,92.1,0.0,conforme,89464,VILLENEUVE SUR YONNE,89,YONNE,7,DIJON,48.08437481089109,3.299355356624131
0890788Y,Collège La Croix de l'Orme,public,hors EP,109.2,88.8,0.0,conforme,92.1,0.0,conforme,89003,MONTHOLON,89,YONNE,7,DIJON,47.87869929292133,3.3607597392173942
0890789Z,Collège Paul Bert,public,hors EP,98.2,88.8,0.0,conforme,92.1,0.0,conforme,89024,AUXERRE,89,YONNE,7,DIJON,47.78637444088039,3.584158416074805
0890790A,Collège Champs Plaisants,public,REP,86.0,88.8,0.0,conforme,92.1,0.0,conforme,89387,SENS,89,YONNE,7,DIJON,48.19287771997059,3.3022489196375333
0890822K,Collège Maurice Clavel,public,hors EP,86.7,88.8,2.0999999999999943,oublie,92.1,5.3999999999999915,oublie,89025,AVALLON,89,YONNE,7,DIJON,47.492579628773946,3.913070478940886
0890823L,Collège Restif de la Bretonne,public,hors EP,100.8,88.8,0.0,conforme,92.1,0.0,conforme,89309,PONT SUR YONNE,89,YONNE,7,DIJON,48.28140872133161,3.205676608577736
0890937K,Collège Marie Noël,public,REP,87.3,88.8,0.0,conforme,92.1,0.0,conforme,89206,JOIGNY,89,YONNE,7,DIJON,47.97624269014131,3.42230229289232
0890977D,Collège Jacques Prévert,public,REP,92.8,88.8,4.0,sur-inclus,92.1,0.7000000000000028,sur-inclus,89257,MIGENNES,89,YONNE,7,DIJON,47.96919238644468,3.504758386622405
0890979F,Collège La Chenevière des Arbres,public,hors EP,95.2,88.8,0.0,conforme,92.1,0.0,conforme,89005,ANCY LE FRANC,89,YONNE,7,DIJON,47.77356599880862,4.169102497714913
0890980G,Collège Abel Minard,public,REP,91.4,88.8,2.6000000000000085,sur-inclus,92.1,0.0,conforme,89418,TONNERRE,89,YONNE,7,DIJON,47.86295144362163,3.9861081224004735
0891043A,Collège Jean Bertin,public,hors EP,109.1,88.8,0.0,conforme,92.1,0.0,conforme,89346,SAINT GEORGES SUR BAULCHE,89,YONNE,7,DIJON,47.80789160013731,3.5389265821225795
0891057R,Collège Philippe Cousteau,public,hors EP,97.3,88.8,0.0,conforme,92.1,0.0,conforme,89055,BRIENON SUR ARMANCON,89,YONNE,7,DIJON,47.99580961271181,3.608127007168677
0891093E,Collège Montpezat,public,hors EP,101.2,88.8,0.0,conforme,92.1,0.0,conforme,89387,SENS,89,YONNE,7,DIJON,48.19815044970144,3.285660042142859
0891186F,Collège Claude Debussy,public,hors EP,103.5,88.8,0.0,conforme,92.1,0.0,conforme,89460,VILLENEUVE LA GUYARD,89,YONNE,7,DIJON,48.33937036938232,3.0728523475792
0891235J,Collège André Malraux,public,hors EP,101.7,88.8,0.0,conforme,92.1,0.0,conforme,89287,PARON,89,YONNE,7,DIJON,48.18719174115556,3.2533397423602004
0900006T,Collège Léonard de Vinci,public,REP,85.3,88.8,0.0,conforme,88.9,0.0,conforme,90010,BELFORT,90,TERRITOIRE DE BELFORT,3,BESANCON,47.63201561013166,6.849611971016875
0900007U,Collège Jules Ferry,public,hors EP,90.1,88.8,0.0,conforme,88.9,0.0,conforme,90033,DELLE,90,TERRITOIRE DE BELFORT,3,BESANCON,47.50919545199764,6.990440773789195
0900009W,Collège Val de Rosemont,public,hors EP,100.0,88.8,0.0,conforme,88.9,0.0,conforme,90052,GIROMAGNY,90,TERRITOIRE DE BELFORT,3,BESANCON,47.74104284779217,6.834925105648082
0900011Y,Collège Camille Claudel,public,hors EP,108.6,88.8,0.0,conforme,88.9,0.0,conforme,90071,MONTREUX CHATEAU,90,TERRITOIRE DE BELFORT,3,BESANCON,47.61033167856302,7.002241977190242
0900013A,Collège Michel Colucci,public,hors EP,110.9,88.8,0.0,conforme,88.9,0.0,conforme,90089,ROUGEMONT LE CHATEAU,90,TERRITOIRE DE BELFORT,3,BESANCON,47.73502438654369,6.971046058096918
0900014B,Collège René Goscinny,public,hors EP,97.0,88.8,0.0,conforme,88.9,0.0,conforme,90099,VALDOIE,90,TERRITOIRE DE BELFORT,3,BESANCON,47.666970053955616,6.847119298747909
0900017E,Collège de Châteaudun,public,hors EP,89.0,88.8,0.0,conforme,88.9,0.0,conforme,90010,BELFORT,90,TERRITOIRE DE BELFORT,3,BESANCON,47.645771115844525,6.852888130471386
0900018F,Collège Arthur Rimbaud,public,hors EP,96.8,88.8,0.0,conforme,88.9,0.0,conforme,90010,BELFORT,90,TERRITOIRE DE BELFORT,3,BESANCON,47.640014329753285,6.856221677767792
0900237U,Collège Mozart,public,hors EP,108.4,88.8,0.0,conforme,88.9,0.0,conforme,90032,DANJOUTIN,90,TERRITOIRE DE BELFORT,3,BESANCON,47.6158038978951,6.864294342287903
0900275K,Collège Saint-Exupéry,public,hors EP,98.8,88.8,0.0,conforme,88.9,0.0,conforme,90009,BEAUCOURT,90,TERRITOIRE DE BELFORT,3,BESANCON,47.49326281288534,6.916671640034556
0900277M,Collège Lucie Aubrac,public,hors EP,106.7,88.8,0.0,conforme,88.9,0.0,conforme,90072,MORVILLARS,90,TERRITOIRE DE BELFORT,3,BESANCON,47.547255782265495,6.931275529801066
0900295G,Collège Vauban,public,REP,101.4,88.8,12.600000000000009,sur-inclus,88.9,12.5,sur-inclus,90010,BELFORT,90,TERRITOIRE DE BELFORT,3,BESANCON,47.640149209830966,6.880679449730279
0900351T,Collège Simone Signoret,public,REP+,70.3,88.8,0.0,conforme,88.9,0.0,conforme,90010,BELFORT,90,TERRITOIRE DE BELFORT,3,BESANCON,47.629446451764224,6.840144019496699
0910009R,Collège Louis Pasteur,public,hors EP,118.2,88.8,0.0,conforme,91.6,0.0,conforme,91114,BRUNOY,91,ESSONNE,25,VERSAILLES,48.70201566671271,2.495405089732812
0910016Y,Collège Alphonse Daudet,public,hors EP,106.7,88.8,0.0,conforme,91.6,0.0,conforme,91201,DRAVEIL,91,ESSONNE,25,VERSAILLES,48.68408995588246,2.4238956194675176
0910017Z,Collège André Maurois,public,hors EP,125.5,88.8,0.0,conforme,91.6,0.0,conforme,91216,EPINAY SUR ORGE,91,ESSONNE,25,VERSAILLES,48.67900820362127,2.320276695817856
0910021D,Collège Le Village,public,hors EP,86.7,88.8,2.0999999999999943,oublie,91.6,4.8999999999999915,oublie,91228,EVRY COURCOURONNES,91,ESSONNE,25,VERSAILLES,48.63042860914635,2.445152496048942
0910024G,Collège Juliette Adam,public,hors EP,136.6,88.8,0.0,conforme,91.6,0.0,conforme,91272,GIF SUR YVETTE,91,ESSONNE,25,VERSAILLES,48.69995715656771,2.1259458527575315
0910025H,Collège Wolfgang Amadeus Mozart,public,hors EP,101.0,88.8,0.0,conforme,91.6,0.0,conforme,91027,ATHIS MONS,91,ESSONNE,25,VERSAILLES,48.70475788109761,2.38827221798328
0910028L,Collège Michel Vignaud,public,hors EP,133.0,88.8,0.0,conforme,91.6,0.0,conforme,91338,LIMOURS,91,ESSONNE,25,VERSAILLES,48.643422270067234,2.082278643498117
0910041A,Collège Michel Vignaud,public,hors EP,104.6,88.8,0.0,conforme,91.6,0.0,conforme,91432,MORANGIS,91,ESSONNE,25,VERSAILLES,48.70259488887068,2.333901576170617
0910042B,Collège Jean Zay,public,hors EP,95.2,88.8,0.0,conforme,91.6,0.0,conforme,91434,MORSANG SUR ORGE,91,ESSONNE,25,VERSAILLES,48.65055084840178,2.3478493203649857
0910045E,Collège Charles Péguy,public,hors EP,130.0,88.8,0.0,conforme,91.6,0.0,conforme,91477,PALAISEAU,91,ESSONNE,25,VERSAILLES,48.705249110757656,2.2360337646574475
0910046F,Collège Joseph Bara,public,hors EP,121.3,88.8,0.0,conforme,91.6,0.0,conforme,91477,PALAISEAU,91,ESSONNE,25,VERSAILLES,48.71193798623699,2.241303356007064
0910049J,Collège Albert Camus,public,REP,81.5,88.8,0.0,conforme,91.6,0.0,conforme,91521,RIS ORANGIS,91,ESSONNE,25,VERSAILLES,48.651990116321,2.400263153824492
0910056S,Collège Olivier de Serres,public,REP,81.9,88.8,0.0,conforme,91.6,0.0,conforme,91687,VIRY CHATILLON,91,ESSONNE,25,VERSAILLES,48.65601845352454,2.3682947133964083
0910057T,Collège Jean Moulin,public,hors EP,129.7,88.8,0.0,conforme,91.6,0.0,conforme,91645,VERRIERES LE BUISSON,91,ESSONNE,25,VERSAILLES,48.74386268586928,2.2557383924659766
0910060W,Collège Félix Esclangon,public,hors EP,99.1,88.8,0.0,conforme,91.6,0.0,conforme,91687,VIRY CHATILLON,91,ESSONNE,25,VERSAILLES,48.67440445968367,2.3770583303906583
0910062Y,Collège Guillaume Budé,public,hors EP,113.8,88.8,0.0,conforme,91.6,0.0,conforme,91691,YERRES,91,ESSONNE,25,VERSAILLES,48.71669073356789,2.4872817709903776
0910624J,Collège Blaise Pascal,public,REP,85.6,88.8,0.0,conforme,91.6,0.0,conforme,91377,MASSY,91,ESSONNE,25,VERSAILLES,48.73381715596929,2.295387383535424
0910677S,Collège Weiler,public,hors EP,105.9,88.8,0.0,conforme,91.6,0.0,conforme,91421,MONTGERON,91,ESSONNE,25,VERSAILLES,48.70435290755767,2.4501201341118297
0910678T,Collège Jean Macé,public,REP,87.2,88.8,0.0,conforme,91.6,0.0,conforme,91549,SAINTE GENEVIEVE DES BOIS,91,ESSONNE,25,VERSAILLES,48.64048088017372,2.3405164367874947
0910714G,Collège Albert Camus,public,hors EP,93.0,88.8,0.0,conforme,91.6,0.0,conforme,91114,BRUNOY,91,ESSONNE,25,VERSAILLES,48.70668044934398,2.5198601359297634
0910716J,Collège Jean Mermoz,public,REP,81.8,88.8,0.0,conforme,91.6,0.0,conforme,91589,SAVIGNY SUR ORGE,91,ESSONNE,25,VERSAILLES,48.67265291675446,2.3415313443860524
0910717K,Collège Jean-Étienne Guettard,public,hors EP,102.3,88.8,0.0,conforme,91.6,0.0,conforme,91223,ETAMPES,91,ESSONNE,25,VERSAILLES,48.43313035183516,2.1598647837741285
0910718L,Collège Louis Pasteur,public,hors EP,93.9,88.8,0.0,conforme,91.6,0.0,conforme,91345,LONGJUMEAU,91,ESSONNE,25,VERSAILLES,48.69134000742672,2.2945320095785413
0910752Y,Collège Chantemerle,public,hors EP,87.3,88.8,1.5,oublie,91.6,4.299999999999997,oublie,91174,CORBEIL ESSONNES,91,ESSONNE,25,VERSAILLES,48.6058333091827,2.46832795951958
0910773W,Collège Le Saussay,public,hors EP,107.8,88.8,0.0,conforme,91.6,0.0,conforme,91045,BALLANCOURT SUR ESSONNE,91,ESSONNE,25,VERSAILLES,48.52901596986136,2.371873761438175
0910775Y,Collège Nicolas Boileau,public,hors EP,86.6,88.8,2.200000000000003,oublie,91.6,5.0,oublie,91570,SAINT MICHEL SUR ORGE,91,ESSONNE,25,VERSAILLES,48.637972104994695,2.315007502365383
0910776Z,Collège Paul Éluard,public,REP,89.5,88.8,0.7000000000000028,sur-inclus,91.6,0.0,conforme,91657,VIGNEUX SUR SEINE,91,ESSONNE,25,VERSAILLES,48.70324809450867,2.4183887198333407
0910777A,Collège les Dînes Chiens,public,hors EP,93.7,88.8,0.0,conforme,91.6,0.0,conforme,91161,CHILLY MAZARIN,91,ESSONNE,25,VERSAILLES,48.70388576175272,2.310027346602116
0910859P,Collège Gérard Philipe,public,hors EP,94.4,88.8,0.0,conforme,91.6,0.0,conforme,91377,MASSY,91,ESSONNE,25,VERSAILLES,48.7349919080171,2.2665784385656487
0910860R,Collège Jules Ferry,public,hors EP,116.4,88.8,0.0,conforme,91.6,0.0,conforme,91549,SAINTE GENEVIEVE DES BOIS,91,ESSONNE,25,VERSAILLES,48.64582722220511,2.3193312982227563
0910967G,Collège La Guyonnerie,public,hors EP,127.1,88.8,0.0,conforme,91.6,0.0,conforme,91122,BURES SUR YVETTE,91,ESSONNE,25,VERSAILLES,48.70050626026287,2.156742826203505
0910968H,Collège Alain Fournier,public,hors EP,141.3,88.8,0.0,conforme,91.6,0.0,conforme,91471,ORSAY,91,ESSONNE,25,VERSAILLES,48.70400576175186,2.197228804518204
0910969J,Collège Émile Zola,public,hors EP,133.6,88.8,0.0,conforme,91.6,0.0,conforme,91312,IGNY,91,ESSONNE,25,VERSAILLES,48.73816699741276,2.2205883574517
0910971L,Collège Les Sablons,public,REP,84.7,88.8,0.0,conforme,91.6,0.0,conforme,91687,VIRY CHATILLON,91,ESSONNE,25,VERSAILLES,48.66873268234934,2.363517042010605
0910973N,Collège Eugène Delacroix,public,hors EP,92.5,88.8,0.0,conforme,91.6,0.0,conforme,91201,DRAVEIL,91,ESSONNE,25,VERSAILLES,48.67472638589216,2.407752199417459
0910977T,Collège Albert Camus,public,hors EP,110.0,88.8,0.0,conforme,91.6,0.0,conforme,91232,LA FERTE ALAIS,91,ESSONNE,25,VERSAILLES,48.47831884873929,2.34553590310167
0910979V,Collège Bellevue,public,hors EP,118.6,88.8,0.0,conforme,91.6,0.0,conforme,91191,CROSNE,91,ESSONNE,25,VERSAILLES,48.71857675395045,2.4760706703439066
0911022S,Collège André Dunoyer de Segonzac,public,hors EP,103.0,88.8,0.0,conforme,91.6,0.0,conforme,91097,BOUSSY SAINT ANTOINE,91,ESSONNE,25,VERSAILLES,48.68072336780491,2.52698656174498
0911024U,Collège Louise Michel,public,REP+,83.5,88.8,0.0,conforme,91.6,0.0,conforme,91174,CORBEIL ESSONNES,91,ESSONNE,25,VERSAILLES,48.59490827061564,2.4796986015044507
0911025V,Collège Jean Lurçat,public,REP,78.9,88.8,0.0,conforme,91.6,0.0,conforme,91521,RIS ORANGIS,91,ESSONNE,25,VERSAILLES,48.63932102544692,2.41118910185216
0911027X,Collège Michel-Richard Delalande,public,REP,86.2,88.8,0.0,conforme,91.6,0.0,conforme,91027,ATHIS MONS,91,ESSONNE,25,VERSAILLES,48.71206175285292,2.394841141019621
0911028Y,Collège Ferdinand Buisson,public,hors EP,96.7,88.8,0.0,conforme,91.6,0.0,conforme,91326,JUVISY SUR ORGE,91,ESSONNE,25,VERSAILLES,48.690597157477605,2.379158693104371
0911029Z,Collège Pablo Picasso,public,hors EP,102.8,88.8,0.0,conforme,91.6,0.0,conforme,91587,SAULX LES CHARTREUX,91,ESSONNE,25,VERSAILLES,48.69045507158644,2.279959283624541
0911031B,Collège Denis Diderot,public,hors EP,106.0,88.8,0.0,conforme,91.6,0.0,conforme,91377,MASSY,91,ESSONNE,25,VERSAILLES,48.727727866829454,2.280168824965568
0911032C,Collège Pierre Mendès France,public,hors EP,107.4,88.8,0.0,conforme,91.6,0.0,conforme,91363,MARCOUSSIS,91,ESSONNE,25,VERSAILLES,48.64374932685035,2.228405840096197
0911034E,Collège César Franck,public,hors EP,123.1,88.8,0.0,conforme,91.6,0.0,conforme,91477,PALAISEAU,91,ESSONNE,25,VERSAILLES,48.71859534822646,2.2375486763982986
0911036G,Collège Jean Vilar,public,REP+,74.6,88.8,0.0,conforme,91.6,0.0,conforme,91286,GRIGNY,91,ESSONNE,25,VERSAILLES,48.65090033803676,2.377886647688734
0911038J,Collège Paul Bert,public,hors EP,107.0,88.8,0.0,conforme,91.6,0.0,conforme,91589,SAVIGNY SUR ORGE,91,ESSONNE,25,VERSAILLES,48.67767621617499,2.349657088329369
0911039K,Collège Paul Éluard,public,hors EP,101.3,88.8,0.0,conforme,91.6,0.0,conforme,91103,BRETIGNY SUR ORGE,91,ESSONNE,25,VERSAILLES,48.612418437125726,2.3141236092840294
0911042N,Collège Paul Éluard,public,REP,86.3,88.8,0.0,conforme,91.6,0.0,conforme,91549,SAINTE GENEVIEVE DES BOIS,91,ESSONNE,25,VERSAILLES,48.63747270497914,2.3453779238392607
0911127F,Collège Mondétour,public,hors EP,89.9,88.8,0.0,conforme,91.6,1.6999999999999886,oublie,91692,LES ULIS,91,ESSONNE,25,VERSAILLES,48.68446972614442,2.179795305519452
0911143Y,Collège Alexandre Fleming,public,hors EP,141.8,88.8,0.0,conforme,91.6,0.0,conforme,91471,ORSAY,91,ESSONNE,25,VERSAILLES,48.69469231304786,2.185799490644288
0911145A,Collège Blaise Pascal,public,hors EP,117.3,88.8,0.0,conforme,91.6,0.0,conforme,91667,VILLEMOISSON SUR ORGE,91,ESSONNE,25,VERSAILLES,48.66150973166408,2.328600955994592
0911146B,Collège Henri Wallon,public,hors EP,95.9,88.8,0.0,conforme,91.6,0.0,conforme,91657,VIGNEUX SUR SEINE,91,ESSONNE,25,VERSAILLES,48.68951802067975,2.436258518561435
0911150F,Collège Marie Curie,public,hors EP,103.6,88.8,0.0,conforme,91.6,0.0,conforme,91223,ETAMPES,91,ESSONNE,25,VERSAILLES,48.431022762076566,2.1586493043022394
0911152H,Collège Jean Moulin,public,hors EP,100.3,88.8,0.0,conforme,91.6,0.0,conforme,91457,LA NORVILLE,91,ESSONNE,25,VERSAILLES,48.580393325882895,2.248434854545303
0911185U,Collège Le Parc de Villeroy,public,hors EP,112.8,88.8,0.0,conforme,91.6,0.0,conforme,91386,MENNECY,91,ESSONNE,25,VERSAILLES,48.56364995860795,2.4293424296367268
0911250P,Collège Paul Fort,public,hors EP,94.3,88.8,0.0,conforme,91.6,0.0,conforme,91228,EVRY COURCOURONNES,91,ESSONNE,25,VERSAILLES,48.61817726872877,2.410730912153667
0911252S,Collège les Gâtines - René Cassin,public,hors EP,112.8,88.8,0.0,conforme,91.6,0.0,conforme,91589,SAVIGNY SUR ORGE,91,ESSONNE,25,VERSAILLES,48.68495429355105,2.333906253780792
0911253T,Collège Pablo Neruda,public,REP+,67.2,88.8,0.0,conforme,91.6,0.0,conforme,91286,GRIGNY,91,ESSONNE,25,VERSAILLES,48.6533776078206,2.391128043160554
0911255V,Collège Albert Camus,public,hors EP,114.0,88.8,0.0,conforme,91.6,0.0,conforme,91457,LA NORVILLE,91,ESSONNE,25,VERSAILLES,48.58012827715857,2.252485582024741
0911256W,Collège du Pont de Bois,public,hors EP,115.8,88.8,0.0,conforme,91.6,0.0,conforme,91540,SAINT CHERON,91,ESSONNE,25,VERSAILLES,48.54591737987891,2.1224577772047764
0911257X,Collège Jean Moulin,public,hors EP,109.6,88.8,0.0,conforme,91.6,0.0,conforme,91570,SAINT MICHEL SUR ORGE,91,ESSONNE,25,VERSAILLES,48.63640195097658,2.302368069119272
0911334F,Collège Aimé Césaire,public,REP,80.2,88.8,0.0,conforme,91.6,0.0,conforme,91692,LES ULIS,91,ESSONNE,25,VERSAILLES,48.68263891419444,2.1630501893574183
0911335G,Collège Jules Verne,public,hors EP,122.7,88.8,0.0,conforme,91.6,0.0,conforme,91661,VILLEBON SUR YVETTE,91,ESSONNE,25,VERSAILLES,48.69939712381075,2.230027575048247
0911340M,Collège Charles Péguy,public,hors EP,108.5,88.8,0.0,conforme,91.6,0.0,conforme,91086,BONDOUFLE,91,ESSONNE,25,VERSAILLES,48.61214472008572,2.373496064168183
0911341N,Collège La Tuilerie,public,hors EP,115.0,88.8,0.0,conforme,91.6,0.0,conforme,91553,SAINT GERMAIN LES CORBEIL,91,ESSONNE,25,VERSAILLES,48.6191406102105,2.493000666595808
0911345T,Collège Paul Fort,public,hors EP,106.8,88.8,0.0,conforme,91.6,0.0,conforme,91425,MONTLHERY,91,ESSONNE,25,VERSAILLES,48.6390504794178,2.2785573926155744
0911354C,Collège Les Goussons,public,hors EP,143.7,88.8,0.0,conforme,91.6,0.0,conforme,91272,GIF SUR YVETTE,91,ESSONNE,25,VERSAILLES,48.68712391147904,2.1155732200822954
0911396Y,Collège Georges Pompidou,public,hors EP,99.8,88.8,0.0,conforme,91.6,0.0,conforme,91421,MONTGERON,91,ESSONNE,25,VERSAILLES,48.69287732767435,2.446774930671645
0911397Z,Collège La Vallée,public,REP,84.8,88.8,0.0,conforme,91.6,0.0,conforme,91215,EPINAY SOUS SENART,91,ESSONNE,25,VERSAILLES,48.6994840534611,2.5264281636084296
0911402E,Collège de Guinette,public,REP,83.7,88.8,0.0,conforme,91.6,0.0,conforme,91223,ETAMPES,91,ESSONNE,25,VERSAILLES,48.43646603760289,2.1459514411163925
0911403F,Collège Hubert Robert,public,hors EP,103.4,88.8,0.0,conforme,91.6,0.0,conforme,91390,LE MEREVILLOIS,91,ESSONNE,25,VERSAILLES,48.31497908143583,2.084901224890741
0911404G,Collège Jean Rostand,public,hors EP,117.6,88.8,0.0,conforme,91.6,0.0,conforme,91405,MILLY LA FORET,91,ESSONNE,25,VERSAILLES,48.401263377462776,2.4762713426956497
0911441X,Collège Pierre de Ronsard,public,hors EP,102.8,88.8,0.0,conforme,91.6,0.0,conforme,91479,PARAY VIEILLE POSTE,91,ESSONNE,25,VERSAILLES,48.71410886111601,2.36353791724318
0911443Z,Collège La Nacelle,public,REP,81.7,88.8,0.0,conforme,91.6,0.0,conforme,91174,CORBEIL ESSONNES,91,ESSONNE,25,VERSAILLES,48.59591619944623,2.460995665946544
0911444A,Collège Montesquieu,public,hors EP,71.8,88.8,17.0,oublie,91.6,19.799999999999997,oublie,91228,EVRY COURCOURONNES,91,ESSONNE,25,VERSAILLES,48.63969570662481,2.435068803876908
0911447D,Collège Le Roussay,public,hors EP,114.8,88.8,0.0,conforme,91.6,0.0,conforme,91226,ETRECHY,91,ESSONNE,25,VERSAILLES,48.48958911027043,2.176435200463441
0911488Y,Collège Charles Péguy,public,hors EP,97.8,88.8,0.0,conforme,91.6,0.0,conforme,91434,MORSANG SUR ORGE,91,ESSONNE,25,VERSAILLES,48.66586574959056,2.3559378506025017
0911490A,Collège Pablo Neruda,public,hors EP,103.8,88.8,0.0,conforme,91.6,0.0,conforme,91103,BRETIGNY SUR ORGE,91,ESSONNE,25,VERSAILLES,48.60016172381874,2.3103238418952583
0911491B,Collège Condorcet,public,hors EP,110.4,88.8,0.0,conforme,91.6,0.0,conforme,91200,DOURDAN,91,ESSONNE,25,VERSAILLES,48.53414942796873,1.9903955301996217
0911570M,Collège Sédar Senghor,public,REP+,75.8,88.8,0.0,conforme,91.6,0.0,conforme,91174,CORBEIL ESSONNES,91,ESSONNE,25,VERSAILLES,48.61869569765931,2.4593365780638576
0911572P,Collège Saint-Exupéry,public,hors EP,125.3,88.8,0.0,conforme,91.6,0.0,conforme,91376,MAROLLES EN HUREPOIX,91,ESSONNE,25,VERSAILLES,48.5633683786895,2.3065835205949736
0911574S,Collège Léonard de Vinci,public,hors EP,109.6,88.8,0.0,conforme,91.6,0.0,conforme,91293,GUIGNEVILLE SUR ESSONNE,91,ESSONNE,25,VERSAILLES,48.457777402008745,2.3481791834389503
0911729K,Collège des Pyramides,public,REP+,76.3,88.8,0.0,conforme,91.6,0.0,conforme,91228,EVRY COURCOURONNES,91,ESSONNE,25,VERSAILLES,48.63413534599125,2.430438594038297
0911754M,Collège Rosa Luxemburg,public,hors EP,111.7,88.8,0.0,conforme,91.6,0.0,conforme,91340,LISSES,91,ESSONNE,25,VERSAILLES,48.60180620959237,2.423885331253358
0911865H,Collège Paul Éluard,public,REP,88.3,88.8,0.0,conforme,91.6,0.0,conforme,91228,EVRY COURCOURONNES,91,ESSONNE,25,VERSAILLES,48.62445004451393,2.444692112835567
0911899V,Collège Roland Garros,public,hors EP,90.8,88.8,0.0,conforme,91.6,0.7999999999999972,oublie,91552,SAINT GERMAIN LES ARPAJON,91,ESSONNE,25,VERSAILLES,48.59890217969948,2.257505598985732
0911920T,Collège Jean Monnet,public,hors EP,128.3,88.8,0.0,conforme,91.6,0.0,conforme,91111,BRIIS SOUS FORGES,91,ESSONNE,25,VERSAILLES,48.62089461064272,2.125671705844974
0911940P,Collège Émile Auvray,public,hors EP,111.4,88.8,0.0,conforme,91.6,0.0,conforme,91200,DOURDAN,91,ESSONNE,25,VERSAILLES,48.53001992898236,2.0190699865323327
0911948Y,Collège Camille Claudel,public,hors EP,109.9,88.8,0.0,conforme,91.6,0.0,conforme,91573,SAINT PIERRE DU PERRAY,91,ESSONNE,25,VERSAILLES,48.6139682706421,2.504957598428524
0912086Y,Collège de l'Ermitage,public,hors EP,125.0,88.8,0.0,conforme,91.6,0.0,conforme,91600,SOISY SUR SEINE,91,ESSONNE,25,VERSAILLES,48.64638039412452,2.4613853115782898
0912109Y,Collège Robert Doisneau,public,hors EP,117.6,88.8,0.0,conforme,91.6,0.0,conforme,91315,ITTEVILLE,91,ESSONNE,25,VERSAILLES,48.52461037007709,2.352049430682136
0912173T,Collège Galilée,public,REP,88.0,88.8,0.0,conforme,91.6,0.0,conforme,91228,EVRY COURCOURONNES,91,ESSONNE,25,VERSAILLES,48.61958077228199,2.445047674355642
0912174U,Collège Louise Weiss,public,hors EP,110.4,88.8,0.0,conforme,91.6,0.0,conforme,91458,NOZAY,91,ESSONNE,25,VERSAILLES,48.66299832665903,2.2447154737566803
0912175V,Collège La Fontaine aux Bergers,public,hors EP,116.1,88.8,0.0,conforme,91.6,0.0,conforme,91461,OLLAINVILLE,91,ESSONNE,25,VERSAILLES,48.594051687119006,2.2242084847159025
0912196T,Collège Sonia Delaunay,public,REP+,77.6,88.8,0.0,conforme,91.6,0.0,conforme,91286,GRIGNY,91,ESSONNE,25,VERSAILLES,48.65344008008271,2.38437852101383
0912233H,Collège Olympe de Gouges,public,hors EP,115.8,88.8,0.0,conforme,91.6,0.0,conforme,91135,CHAMPCUEIL,91,ESSONNE,25,VERSAILLES,48.51789046394825,2.446987436849557
0912257J,Collège Rosa Parks,public,hors EP,99.4,88.8,0.0,conforme,91.6,0.0,conforme,91659,VILLABE,91,ESSONNE,25,VERSAILLES,48.59159744275146,2.448419610167444
0912276E,Collège Germaine Tillion,public,hors EP,118.1,88.8,0.0,conforme,91.6,0.0,conforme,91330,LARDY,91,ESSONNE,25,VERSAILLES,48.52372159554957,2.2940807750730805
0912487J,Collège Claudine Hermann,public,hors EP,111.9,88.8,0.0,conforme,91.6,0.0,conforme,91377,MASSY,91,ESSONNE,25,VERSAILLES,48.73032440047499,2.246756361486589
0920068Z,Collège Maison Blanche,public,hors EP,138.7,88.8,0.0,conforme,91.6,0.0,conforme,92023,CLAMART,92,HAUTS-DE-SEINE,25,VERSAILLES,48.80266235913288,2.269526379577908
0920077J,Collège Jean Perrin,public,hors EP,105.1,88.8,0.0,conforme,91.6,0.0,conforme,92050,NANTERRE,92,HAUTS-DE-SEINE,25,VERSAILLES,48.88844947543347,2.1883806413661406
0920081N,Collège Les Ormeaux,public,hors EP,114.7,88.8,0.0,conforme,91.6,0.0,conforme,92032,FONTENAY AUX ROSES,92,HAUTS-DE-SEINE,25,VERSAILLES,48.789015135863465,2.284607366888689
0920592U,Collège Moulin Joly,public,REP,91.6,88.8,2.799999999999997,sur-inclus,91.6,0.0,au seuil,92025,COLOMBES,92,HAUTS-DE-SEINE,25,VERSAILLES,48.92818035945525,2.2431414753562584
0920594W,Collège République,public,REP,88.7,88.8,0.0,conforme,91.6,0.0,conforme,92050,NANTERRE,92,HAUTS-DE-SEINE,25,VERSAILLES,48.90266920221561,2.2058684840970253
0920624D,Collège Romain Rolland,public,hors EP,127.4,88.8,0.0,conforme,91.6,0.0,conforme,92060,LE PLESSIS ROBINSON,92,HAUTS-DE-SEINE,25,VERSAILLES,48.78341285526193,2.2553403265138208
0920626F,Collège Lakanal,public,hors EP,124.8,88.8,0.0,conforme,91.6,0.0,conforme,92025,COLOMBES,92,HAUTS-DE-SEINE,25,VERSAILLES,48.91900859383124,2.253505142331623
0920653K,Collège Alain Fournier,public,hors EP,133.9,88.8,0.0,conforme,91.6,0.0,conforme,92023,CLAMART,92,HAUTS-DE-SEINE,25,VERSAILLES,48.79541886729497,2.270462311935632
0920689Z,Collège Jean Moulin,public,hors EP,127.8,88.8,0.0,conforme,91.6,0.0,conforme,92022,CHAVILLE,92,HAUTS-DE-SEINE,25,VERSAILLES,48.81108768995456,2.183970098209662
0920700L,Collège Gounod,public,hors EP,142.5,88.8,0.0,conforme,91.6,0.0,conforme,92064,SAINT CLOUD,92,HAUTS-DE-SEINE,25,VERSAILLES,48.84303965560906,2.213669136925658
0920852B,Collège Henri Dunant,public,hors EP,101.6,88.8,0.0,conforme,91.6,0.0,conforme,92063,RUEIL MALMAISON,92,HAUTS-DE-SEINE,25,VERSAILLES,48.86504066021703,2.192297794117528
0920854D,Collège Les Petits Ponts,public,REP,96.4,88.8,7.6000000000000085,sur-inclus,91.6,4.800000000000011,sur-inclus,92023,CLAMART,92,HAUTS-DE-SEINE,25,VERSAILLES,48.78658697866545,2.250891810548695
0920855E,Collège Robert Doisneau,public,hors EP,112.9,88.8,0.0,conforme,91.6,0.0,conforme,92049,MONTROUGE,92,HAUTS-DE-SEINE,25,VERSAILLES,48.82039933804069,2.3168455256248945
0920877D,Collège Henri Matisse,public,hors EP,127.1,88.8,0.0,conforme,91.6,0.0,conforme,92040,ISSY LES MOULINEAUX,92,HAUTS-DE-SEINE,25,VERSAILLES,48.82757596530923,2.280576060181529
0920880G,Collège Paul Éluard,public,hors EP,111.8,88.8,0.0,conforme,91.6,0.0,conforme,92020,CHATILLON,92,HAUTS-DE-SEINE,25,VERSAILLES,48.797288087860615,2.290827103953921
0920881H,Collège Henri Bergson,public,hors EP,128.4,88.8,0.0,conforme,91.6,0.0,conforme,92033,GARCHES,92,HAUTS-DE-SEINE,25,VERSAILLES,48.85083546254635,2.193275700338666
0920882J,Collège Victor Hugo,public,REP,94.7,88.8,5.900000000000006,sur-inclus,91.6,3.1000000000000085,sur-inclus,92050,NANTERRE,92,HAUTS-DE-SEINE,25,VERSAILLES,48.89353515573851,2.204720264081588
0920883K,Collège Claude-Nicolas Ledoux,public,hors EP,118.3,88.8,0.0,conforme,91.6,0.0,conforme,92060,LE PLESSIS ROBINSON,92,HAUTS-DE-SEINE,25,VERSAILLES,48.78008592020459,2.253470227095922
0920884L,Collège Jean Macé,public,hors EP,133.2,88.8,0.0,conforme,91.6,0.0,conforme,92073,SURESNES,92,HAUTS-DE-SEINE,25,VERSAILLES,48.87493720031635,2.2280108005039487
0920885M,Collège Henri Sellier,public,hors EP,105.5,88.8,0.0,conforme,91.6,0.0,conforme,92073,SURESNES,92,HAUTS-DE-SEINE,25,VERSAILLES,48.86267961266174,2.2047537371116865
0920886N,Collège La Fontaine du Roy,public,hors EP,138.7,88.8,0.0,conforme,91.6,0.0,conforme,92077,VILLE D AVRAY,92,HAUTS-DE-SEINE,25,VERSAILLES,48.82706489104699,2.1878419883418245
0921157H,Collège Édouard Vaillant,public,REP,95.5,88.8,6.700000000000003,sur-inclus,91.6,3.9000000000000057,sur-inclus,92036,GENNEVILLIERS,92,HAUTS-DE-SEINE,25,VERSAILLES,48.92373785731711,2.300110069377081
0921159K,Collège Édouard Manet,public,REP,84.2,88.8,0.0,conforme,91.6,0.0,conforme,92078,VILLENEUVE LA GARENNE,92,HAUTS-DE-SEINE,25,VERSAILLES,48.93212143065868,2.3324808932023453
0921160L,Collège Jean-Baptiste Clément,public,REP,87.4,88.8,0.0,conforme,91.6,0.0,conforme,92025,COLOMBES,92,HAUTS-DE-SEINE,25,VERSAILLES,48.93189999560393,2.2579731719669542
0921162N,Collège Les Vallées,public,hors EP,134.5,88.8,0.0,conforme,91.6,0.0,conforme,92035,LA GARENNE COLOMBES,92,HAUTS-DE-SEINE,25,VERSAILLES,48.90773921878654,2.255662717903663
0921165S,Collège Henri Wallon,public,hors EP,114.4,88.8,0.0,conforme,91.6,0.0,conforme,92046,MALAKOFF,92,HAUTS-DE-SEINE,25,VERSAILLES,48.812375610240586,2.293732247771474
0921168V,Collège Romain Rolland,public,REP,93.9,88.8,5.1000000000000085,sur-inclus,91.6,2.3000000000000114,sur-inclus,92007,BAGNEUX,92,HAUTS-DE-SEINE,25,VERSAILLES,48.79240519888396,2.301207764743808
0921170X,Collège La Fontaine,public,hors EP,138.5,88.8,0.0,conforme,91.6,0.0,conforme,92002,ANTONY,92,HAUTS-DE-SEINE,25,VERSAILLES,48.76955663372084,2.318682534508296
0921178F,Collège Émile Zola,public,hors EP,112.7,88.8,0.0,conforme,91.6,0.0,conforme,92073,SURESNES,92,HAUTS-DE-SEINE,25,VERSAILLES,48.87338980800335,2.221543997171164
0921179G,Collège Léonard de Vinci,public,REP,104.0,88.8,15.200000000000003,sur-inclus,91.6,12.400000000000006,sur-inclus,92019,CHATENAY MALABRY,92,HAUTS-DE-SEINE,25,VERSAILLES,48.76443499886268,2.252612430821625
0921180H,Collège Thomas Masaryk,public,REP,92.0,88.8,3.200000000000003,sur-inclus,91.6,0.4000000000000057,sur-inclus,92019,CHATENAY MALABRY,92,HAUTS-DE-SEINE,25,VERSAILLES,48.76400561366347,2.263559943633735
0921181J,Collège Pierre Brossolette,public,hors EP,130.4,88.8,0.0,conforme,91.6,0.0,conforme,92019,CHATENAY MALABRY,92,HAUTS-DE-SEINE,25,VERSAILLES,48.76909080274428,2.2802011589225155
0921190U,Collège Haut Mesnil,public,hors EP,102.9,88.8,0.0,conforme,91.6,0.0,conforme,92049,MONTROUGE,92,HAUTS-DE-SEINE,25,VERSAILLES,48.81396906122965,2.307057910317576
0921219A,Collège Les Bouvets,public,hors EP,111.7,88.8,0.0,conforme,91.6,0.0,conforme,92062,PUTEAUX,92,HAUTS-DE-SEINE,25,VERSAILLES,48.888849224995205,2.233904790158044
0921228K,Collège Jean Macé,public,hors EP,95.5,88.8,0.0,conforme,91.6,0.0,conforme,92024,CLICHY,92,HAUTS-DE-SEINE,25,VERSAILLES,48.90357433181173,2.3087639924926355
0921233R,Collège Maréchal Leclerc,public,hors EP,120.5,88.8,0.0,conforme,91.6,0.0,conforme,92062,PUTEAUX,92,HAUTS-DE-SEINE,25,VERSAILLES,48.886309599378805,2.240981710114619
0921234S,Collège Les Bons Raisins,public,hors EP,122.2,88.8,0.0,conforme,91.6,0.0,conforme,92063,RUEIL MALMAISON,92,HAUTS-DE-SEINE,25,VERSAILLES,48.87380207168752,2.195082344320253
0921235T,Collège Les Martinets,public,hors EP,118.3,88.8,0.0,conforme,91.6,0.0,conforme,92063,RUEIL MALMAISON,92,HAUTS-DE-SEINE,25,VERSAILLES,48.8837272383044,2.1691392328214008
0921236U,Collège Landowski,public,hors EP,136.2,88.8,0.0,conforme,91.6,0.0,conforme,92012,BOULOGNE BILLANCOURT,92,HAUTS-DE-SEINE,25,VERSAILLES,48.844556084019935,2.244241508951076
0921237V,Collège Bartholdi,public,hors EP,125.5,88.8,0.0,conforme,91.6,0.0,conforme,92012,BOULOGNE BILLANCOURT,92,HAUTS-DE-SEINE,25,VERSAILLES,48.8395338984394,2.2339075382032294
0921238W,Collège Jacqueline Auriol,public,hors EP,104.8,88.8,0.0,conforme,91.6,0.0,conforme,92012,BOULOGNE BILLANCOURT,92,HAUTS-DE-SEINE,25,VERSAILLES,48.83528559918442,2.2482818936381537
0921239X,Collège Jean Renoir,public,hors EP,119.3,88.8,0.0,conforme,91.6,0.0,conforme,92012,BOULOGNE BILLANCOURT,92,HAUTS-DE-SEINE,25,VERSAILLES,48.82623338431456,2.244582039843198
0921240Y,Collège Saint-Exupéry,public,hors EP,127.6,88.8,0.0,conforme,91.6,0.0,conforme,92075,VANVES,92,HAUTS-DE-SEINE,25,VERSAILLES,48.82343975905081,2.291886590814076
0921241Z,Collège Paul Bert,public,hors EP,119.1,88.8,0.0,conforme,91.6,0.0,conforme,92046,MALAKOFF,92,HAUTS-DE-SEINE,25,VERSAILLES,48.81616883506739,2.2932069364382746
0921242A,Collège Évariste Galois,public,hors EP,116.1,88.8,0.0,conforme,91.6,0.0,conforme,92014,BOURG LA REINE,92,HAUTS-DE-SEINE,25,VERSAILLES,48.78474200016353,2.312019220651304
0921243B,Collège Anne Frank,public,hors EP,109.0,88.8,0.0,conforme,91.6,0.0,conforme,92002,ANTONY,92,HAUTS-DE-SEINE,25,VERSAILLES,48.74336829476994,2.2883905896112835
0921244C,Collège de Sèvres,public,hors EP,135.9,88.8,0.0,conforme,91.6,0.0,conforme,92072,SEVRES,92,HAUTS-DE-SEINE,25,VERSAILLES,48.82379984266881,2.2132305922404503
0921353W,Collège Les Chènevreux,public,hors EP,104.7,88.8,0.0,conforme,91.6,0.0,conforme,92050,NANTERRE,92,HAUTS-DE-SEINE,25,VERSAILLES,48.88481742451668,2.208727655377486
0921354X,Collège George Sand,public,hors EP,129.6,88.8,0.0,conforme,91.6,0.0,conforme,92020,CHATILLON,92,HAUTS-DE-SEINE,25,VERSAILLES,48.805374077950745,2.2806535553925444
0921391M,Collège Jean Jaurès,public,hors EP,115.1,88.8,0.0,conforme,91.6,0.0,conforme,92044,LEVALLOIS PERRET,92,HAUTS-DE-SEINE,25,VERSAILLES,48.89797105903674,2.28644250843306
0921393P,Collège Danton,public,hors EP,128.1,88.8,0.0,conforme,91.6,0.0,conforme,92044,LEVALLOIS PERRET,92,HAUTS-DE-SEINE,25,VERSAILLES,48.89192662133353,2.282068232287015
0921394R,Collège André Doucet,public,REP,89.6,88.8,0.7999999999999972,sur-inclus,91.6,0.0,conforme,92050,NANTERRE,92,HAUTS-DE-SEINE,25,VERSAILLES,48.89987408541336,2.1949574953418947
0921396T,Collège Victor Hugo,public,hors EP,122.5,88.8,0.0,conforme,91.6,0.0,conforme,92040,ISSY LES MOULINEAUX,92,HAUTS-DE-SEINE,25,VERSAILLES,48.82110527239352,2.256669344043858
0921494Z,Collège Gay-Lussac,public,hors EP,98.6,88.8,0.0,conforme,91.6,0.0,conforme,92025,COLOMBES,92,HAUTS-DE-SEINE,25,VERSAILLES,48.925101056634624,2.248271295627418
0921496B,Collège Georges Pompidou,public,hors EP,130.2,88.8,0.0,conforme,91.6,0.0,conforme,92026,COURBEVOIE,92,HAUTS-DE-SEINE,25,VERSAILLES,48.900267448414304,2.254329074499257
0921498D,Collège André Maurois,public,hors EP,133.8,88.8,0.0,conforme,91.6,0.0,conforme,92051,NEUILLY SUR SEINE,92,HAUTS-DE-SEINE,25,VERSAILLES,48.88973066836827,2.2616931779030813
0921501G,Collège Marcel Pagnol,public,hors EP,127.0,88.8,0.0,conforme,91.6,0.0,conforme,92063,RUEIL MALMAISON,92,HAUTS-DE-SEINE,25,VERSAILLES,48.87513147118512,2.186987496816312
0921502H,Collège Malmaison,public,hors EP,140.3,88.8,0.0,conforme,91.6,0.0,conforme,92063,RUEIL MALMAISON,92,HAUTS-DE-SEINE,25,VERSAILLES,48.8735294697773,2.169397346954804
0921504K,Collège Maurice Genevoix,public,hors EP,123.7,88.8,0.0,conforme,91.6,0.0,conforme,92049,MONTROUGE,92,HAUTS-DE-SEINE,25,VERSAILLES,48.81090067352207,2.325197595739604
0921507N,Collège François Furet,public,hors EP,144.7,88.8,0.0,conforme,91.6,0.0,conforme,92002,ANTONY,92,HAUTS-DE-SEINE,25,VERSAILLES,48.75559268355119,2.298434406129574
0921541A,Collège Pasteur,public,hors EP,88.0,88.8,0.7999999999999972,oublie,91.6,3.5999999999999943,oublie,92036,GENNEVILLIERS,92,HAUTS-DE-SEINE,25,VERSAILLES,48.92965210598104,2.2949723631539003
0921543C,Collège Georges Pompidou,public,REP,90.4,88.8,1.6000000000000085,sur-inclus,91.6,0.0,conforme,92078,VILLENEUVE LA GARENNE,92,HAUTS-DE-SEINE,25,VERSAILLES,48.94119514765646,2.3274772079073496
0921545E,Collège André Malraux,public,REP,86.2,88.8,0.0,conforme,91.6,0.0,conforme,92004,ASNIERES SUR SEINE,92,HAUTS-DE-SEINE,25,VERSAILLES,48.92650988510041,2.276999947399213
0921547G,Collège Voltaire,public,hors EP,100.1,88.8,0.0,conforme,91.6,0.0,conforme,92004,ASNIERES SUR SEINE,92,HAUTS-DE-SEINE,25,VERSAILLES,48.91450885220009,2.292398114663243
0921550K,Collège Alfred de Vigny,public,hors EP,117.7,88.8,0.0,conforme,91.6,0.0,conforme,92026,COURBEVOIE,92,HAUTS-DE-SEINE,25,VERSAILLES,48.89802046019427,2.2577276855744066
0921554P,Collège Bel Air,public,hors EP,136.2,88.8,0.0,conforme,91.6,0.0,conforme,92048,MEUDON,92,HAUTS-DE-SEINE,25,VERSAILLES,48.81432614512054,2.224463048662479
0921589C,Collège Évariste Galois,public,REP+,76.8,88.8,0.0,conforme,91.6,0.0,conforme,92050,NANTERRE,92,HAUTS-DE-SEINE,25,VERSAILLES,48.88733134349032,2.220420492601673
0921590D,Collège Jules Verne,public,hors EP,138.8,88.8,0.0,conforme,91.6,0.0,conforme,92063,RUEIL MALMAISON,92,HAUTS-DE-SEINE,25,VERSAILLES,48.86567007398201,2.1782730251372624
0921591E,Collège Émile Verhaeren,public,hors EP,148.3,88.8,0.0,conforme,91.6,0.0,conforme,92064,SAINT CLOUD,92,HAUTS-DE-SEINE,25,VERSAILLES,48.84843729213922,2.214154589547623
0921621M,Collège Guy Môquet,public,REP+,84.1,88.8,0.0,conforme,91.6,0.0,conforme,92036,GENNEVILLIERS,92,HAUTS-DE-SEINE,25,VERSAILLES,48.934277159055895,2.287971513157669
0921622N,Collège Auguste Renoir,public,hors EP,96.2,88.8,0.0,conforme,91.6,0.0,conforme,92004,ASNIERES SUR SEINE,92,HAUTS-DE-SEINE,25,VERSAILLES,48.92218539860523,2.283330646381632
0921623P,Collège Jean Jaurès,public,REP,91.7,88.8,2.9000000000000057,sur-inclus,91.6,0.10000000000000853,sur-inclus,92024,CLICHY,92,HAUTS-DE-SEINE,25,VERSAILLES,48.90606793585994,2.3074839689415936
0921631Y,Collège Henri Barbusse,public,REP,88.8,88.8,0.0,au seuil,91.6,0.0,conforme,92007,BAGNEUX,92,HAUTS-DE-SEINE,25,VERSAILLES,48.79607461219818,2.3181524201029045
0921675W,Collège Marguerite Duras,public,REP,85.0,88.8,0.0,conforme,91.6,0.0,conforme,92025,COLOMBES,92,HAUTS-DE-SEINE,25,VERSAILLES,48.91770976091729,2.233810144464836
0921778H,Collège Joliot-Curie,public,REP,89.4,88.8,0.6000000000000085,sur-inclus,91.6,0.0,conforme,92007,BAGNEUX,92,HAUTS-DE-SEINE,25,VERSAILLES,48.80493237503762,2.31886719146265
0921779J,Collège Albert Camus,public,hors EP,137.8,88.8,0.0,conforme,91.6,0.0,conforme,92009,BOIS COLOMBES,92,HAUTS-DE-SEINE,25,VERSAILLES,48.91051291198863,2.260777592043068
0921780K,Collège Louis Pasteur,public,hors EP,144.7,88.8,0.0,conforme,91.6,0.0,conforme,92051,NEUILLY SUR SEINE,92,HAUTS-DE-SEINE,25,VERSAILLES,48.88595460363033,2.274384237955365
0921781L,Collège Théophile Gautier,public,hors EP,136.6,88.8,0.0,conforme,91.6,0.0,conforme,92051,NEUILLY SUR SEINE,92,HAUTS-DE-SEINE,25,VERSAILLES,48.88266615830277,2.2559911002847373
0921782M,Collège Rabelais,public,hors EP,138.9,88.8,0.0,conforme,91.6,0.0,conforme,92048,MEUDON,92,HAUTS-DE-SEINE,25,VERSAILLES,48.80196022938469,2.2402853529034514
0921783N,Collège Michelet,public,hors EP,139.7,88.8,0.0,conforme,91.6,0.0,conforme,92075,VANVES,92,HAUTS-DE-SEINE,25,VERSAILLES,48.82495893858087,2.287063145552871
0921784P,Collège Lakanal,public,hors EP,145.8,88.8,0.0,conforme,91.6,0.0,conforme,92071,SCEAUX,92,HAUTS-DE-SEINE,25,VERSAILLES,48.77746187786867,2.306685322621193
0921785R,Collège Marie Curie,public,hors EP,147.8,88.8,0.0,conforme,91.6,0.0,conforme,92071,SCEAUX,92,HAUTS-DE-SEINE,25,VERSAILLES,48.77758742149511,2.288115866239364
0921786S,Collège Descartes,public,hors EP,131.3,88.8,0.0,conforme,91.6,0.0,conforme,92002,ANTONY,92,HAUTS-DE-SEINE,25,VERSAILLES,48.74952999781605,2.316184121991904
0921868F,Collège Henri-Georges Adam,public,hors EP,111.3,88.8,0.0,conforme,91.6,0.0,conforme,92002,ANTONY,92,HAUTS-DE-SEINE,25,VERSAILLES,48.73901529573574,2.3052443052622427
0921940J,Collège Paul Éluard,public,REP,96.2,88.8,7.400000000000006,sur-inclus,91.6,4.6000000000000085,sur-inclus,92050,NANTERRE,92,HAUTS-DE-SEINE,25,VERSAILLES,48.89365165961424,2.2228763890998566
0922020W,Collège Les Renardières,public,hors EP,113.9,88.8,0.0,conforme,91.6,0.0,conforme,92026,COURBEVOIE,92,HAUTS-DE-SEINE,25,VERSAILLES,48.89104948294505,2.249316653356571
0922143E,Collège Yves du Manoir,public,hors EP,134.6,88.8,0.0,conforme,91.6,0.0,conforme,92076,VAUCRESSON,92,HAUTS-DE-SEINE,25,VERSAILLES,48.83508702859295,2.149860032733802
0922247T,Collège de la Paix,public,hors EP,132.1,88.8,0.0,conforme,91.6,0.0,conforme,92040,ISSY LES MOULINEAUX,92,HAUTS-DE-SEINE,25,VERSAILLES,48.81791144701705,2.270380513339997
0922523T,Collège Les Bruyères,public,hors EP,137.7,88.8,0.0,conforme,91.6,0.0,conforme,92026,COURBEVOIE,92,HAUTS-DE-SEINE,25,VERSAILLES,48.90171159812025,2.2687422054857187
0922565N,Collège François Truffaut,public,hors EP,129.7,88.8,0.0,conforme,91.6,0.0,conforme,92004,ASNIERES SUR SEINE,92,HAUTS-DE-SEINE,25,VERSAILLES,48.9113612021685,2.2828602695075126
0922578C,Collège Georges Seurat,public,hors EP,116.0,88.8,0.0,conforme,91.6,0.0,conforme,92026,COURBEVOIE,92,HAUTS-DE-SEINE,25,VERSAILLES,48.90150008344693,2.236433219936342
0922579D,Ecole de danse de l'Opéra de Paris,public,hors EP,146.7,88.8,0.0,conforme,91.6,0.0,conforme,92050,NANTERRE,92,HAUTS-DE-SEINE,25,VERSAILLES,48.894126740321205,2.220697915069892
0922595W,Collège Vincent Van Gogh,public,hors EP,93.0,88.8,0.0,conforme,91.6,0.0,conforme,92024,CLICHY,92,HAUTS-DE-SEINE,25,VERSAILLES,48.90359431754192,2.293386812350447
0922610M,Collège Georges Mandel,public,hors EP,133.6,88.8,0.0,conforme,91.6,0.0,conforme,92040,ISSY LES MOULINEAUX,92,HAUTS-DE-SEINE,25,VERSAILLES,48.82753246638254,2.262654412884279
0922629H,Collège Jean Mermoz,public,hors EP,135.7,88.8,0.0,conforme,91.6,0.0,conforme,92009,BOIS COLOMBES,92,HAUTS-DE-SEINE,25,VERSAILLES,48.919709483441146,2.271676986937663
0922630J,Collège Louis Blériot,public,hors EP,122.9,88.8,0.0,conforme,91.6,0.0,conforme,92044,LEVALLOIS PERRET,92,HAUTS-DE-SEINE,25,VERSAILLES,48.90047611059286,2.286515934384413
0922645A,Collège Les Champs Philippe,public,hors EP,121.1,88.8,0.0,conforme,91.6,0.0,conforme,92035,LA GARENNE COLOMBES,92,HAUTS-DE-SEINE,25,VERSAILLES,48.904300289529,2.2314660232224366
0922662U,Collège Robert Paparemborde,public,hors EP,114.1,88.8,0.0,conforme,91.6,0.0,conforme,92025,COLOMBES,92,HAUTS-DE-SEINE,25,VERSAILLES,48.91543265834328,2.239024637436616
0922701L,Collège Armande Béjart,public,hors EP,94.8,88.8,0.0,conforme,91.6,0.0,conforme,92048,MEUDON,92,HAUTS-DE-SEINE,25,VERSAILLES,48.7893029409273,2.2242061420060164
0930043S,Collège Jean de Beaumont,public,hors EP,92.3,88.8,0.0,conforme,89.6,0.0,conforme,93077,VILLEMOMBLE,93,SEINE-SAINT-DENIS,24,CRETEIL,48.88542864850317,2.4946793482795147
0930089S,Collège Anatole France,public,hors EP,89.3,88.8,0.0,conforme,89.6,0.29999999999999716,oublie,93057,LES PAVILLONS SOUS BOIS,93,SEINE-SAINT-DENIS,24,CRETEIL,48.91158014332286,2.496744844769907
0930100D,Collège Éric Tabarly,public,hors EP,100.3,88.8,0.0,conforme,89.6,0.0,conforme,93057,LES PAVILLONS SOUS BOIS,93,SEINE-SAINT-DENIS,24,CRETEIL,48.89947574939191,2.499576289120536
0930586G,Collège Albert Camus,public,hors EP,97.7,88.8,0.0,conforme,89.6,0.0,conforme,93064,ROSNY SOUS BOIS,93,SEINE-SAINT-DENIS,24,CRETEIL,48.87225317876536,2.472079193176639
0930593P,Collège Saint-Exupéry,public,hors EP,103.6,88.8,0.0,conforme,89.6,0.0,conforme,93064,ROSNY SOUS BOIS,93,SEINE-SAINT-DENIS,24,CRETEIL,48.86304004094429,2.492362541473328
0930611J,Collège Nelson Mandela,public,REP,76.3,88.8,0.0,conforme,89.6,0.0,conforme,93007,LE BLANC MESNIL,93,SEINE-SAINT-DENIS,24,CRETEIL,48.94774164973576,2.461288891587177
0930616P,Collège Romain Rolland,public,REP+,71.1,88.8,0.0,conforme,89.6,0.0,conforme,93014,CLICHY SOUS BOIS,93,SEINE-SAINT-DENIS,24,CRETEIL,48.90426323126266,2.548589480395309
0930619T,Collège Édouard Herriot,public,hors EP,92.5,88.8,0.0,conforme,89.6,0.0,conforme,93046,LIVRY GARGAN,93,SEINE-SAINT-DENIS,24,CRETEIL,48.92133870142039,2.532808450028336
0930620U,Collège Léon Jouhaux,public,hors EP,95.6,88.8,0.0,conforme,89.6,0.0,conforme,93046,LIVRY GARGAN,93,SEINE-SAINT-DENIS,24,CRETEIL,48.92065691650708,2.5313940361354104
0930623X,Collège Jean Moulin,public,hors EP,106.0,88.8,0.0,conforme,89.6,0.0,conforme,93049,NEUILLY PLAISANCE,93,SEINE-SAINT-DENIS,24,CRETEIL,48.86253295398429,2.509212274525181
0930629D,Collège Jean-Baptiste Corot,public,hors EP,128.9,88.8,0.0,conforme,89.6,0.0,conforme,93062,LE RAINCY,93,SEINE-SAINT-DENIS,24,CRETEIL,48.90078894451326,2.513598569830048
0930858C,Collège Pablo Neruda,public,hors EP,100.0,88.8,0.0,conforme,89.6,0.0,conforme,93032,GAGNY,93,SEINE-SAINT-DENIS,24,CRETEIL,48.88744316182257,2.5437400063961246
0930859D,Collège Gérard Philipe,public,hors EP,89.5,88.8,0.0,conforme,89.6,0.09999999999999432,oublie,93005,AULNAY SOUS BOIS,93,SEINE-SAINT-DENIS,24,CRETEIL,48.93592927891693,2.5032400615808426
0930865K,Collège Jean Lurçat,public,REP+,79.9,88.8,0.0,conforme,89.6,0.0,conforme,93066,SAINT DENIS,93,SEINE-SAINT-DENIS,24,CRETEIL,48.93552537596428,2.3800565480846254
0930883E,Collège Saint-Exupéry,public,hors EP,109.0,88.8,0.0,conforme,89.6,0.0,conforme,93051,NOISY LE GRAND,93,SEINE-SAINT-DENIS,24,CRETEIL,48.82626242240761,2.584241196282437
0930884F,Collège Aimé et Eugénie Cotton,public,hors EP,89.6,88.8,0.0,conforme,89.6,0.0,au seuil,93007,LE BLANC MESNIL,93,SEINE-SAINT-DENIS,24,CRETEIL,48.93987488681729,2.474262351065421
0930891N,Collège Victor Hugo,public,REP,82.2,88.8,0.0,conforme,89.6,0.0,conforme,93005,AULNAY SOUS BOIS,93,SEINE-SAINT-DENIS,24,CRETEIL,48.95966122156272,2.4949343604846885
0930892P,Collège Anatole France,public,hors EP,94.1,88.8,0.0,conforme,89.6,0.0,conforme,93029,DRANCY,93,SEINE-SAINT-DENIS,24,CRETEIL,48.92827886949928,2.4522139003704746
0930893R,Collège Roger Martin du Gard,public,REP+,78.4,88.8,0.0,conforme,89.6,0.0,conforme,93031,EPINAY SUR SEINE,93,SEINE-SAINT-DENIS,24,CRETEIL,48.95106537403395,2.334681817286535
0930894S,Collège Honoré de Balzac,public,hors EP,93.0,88.8,0.0,conforme,89.6,0.0,conforme,93050,NEUILLY SUR MARNE,93,SEINE-SAINT-DENIS,24,CRETEIL,48.86069204167578,2.5302841494289563
0930897V,Collège Paul Painlevé,public,REP+,75.7,88.8,0.0,conforme,89.6,0.0,conforme,93071,SEVRAN,93,SEINE-SAINT-DENIS,24,CRETEIL,48.94021045953347,2.5213004283582845
0930898W,Collège Madame de Sévigné,public,hors EP,96.3,88.8,0.0,conforme,89.6,0.0,conforme,93032,GAGNY,93,SEINE-SAINT-DENIS,24,CRETEIL,48.88579078971971,2.5340778635725787
0930900Y,Collège Jean-Pierre Timbaud,public,REP,78.4,88.8,0.0,conforme,89.6,0.0,conforme,93008,BOBIGNY,93,SEINE-SAINT-DENIS,24,CRETEIL,48.90649611975704,2.468565537243213
0931005M,Collège Pierre Curie,public,hors EP,84.8,88.8,4.0,oublie,89.6,4.799999999999997,oublie,93010,BONDY,93,SEINE-SAINT-DENIS,24,CRETEIL,48.89208184374728,2.488343830279016
0931143M,Collège Jean Jaurès,public,REP,92.5,88.8,3.700000000000003,sur-inclus,89.6,2.9000000000000057,sur-inclus,93070,SAINT OUEN SUR SEINE,93,SEINE-SAINT-DENIS,24,CRETEIL,48.91092882393774,2.335931650973952
0931144N,Collège Jules Michelet,public,REP,89.5,88.8,0.7000000000000028,sur-inclus,89.6,0.0,conforme,93070,SAINT OUEN SUR SEINE,93,SEINE-SAINT-DENIS,24,CRETEIL,48.90421506495199,2.345992181917522
0931145P,Collège Robespierre,public,REP,86.3,88.8,0.0,conforme,89.6,0.0,conforme,93031,EPINAY SUR SEINE,93,SEINE-SAINT-DENIS,24,CRETEIL,48.958924311665776,2.3105218095256603
0931147S,Collège Barbara,public,REP+,78.4,88.8,0.0,conforme,89.6,0.0,conforme,93072,STAINS,93,SEINE-SAINT-DENIS,24,CRETEIL,48.95142148251619,2.369629184725014
0931148T,Collège Georges Politzer,public,REP+,83.3,88.8,0.0,conforme,89.6,0.0,conforme,93027,LA COURNEUVE,93,SEINE-SAINT-DENIS,24,CRETEIL,48.93163026635062,2.399781969665917
0931149U,Collège Pierre de Ronsard,public,REP,94.4,88.8,5.6000000000000085,sur-inclus,89.6,4.800000000000011,sur-inclus,93073,TREMBLAY EN FRANCE,93,SEINE-SAINT-DENIS,24,CRETEIL,48.95871198079778,2.5672349605234297
0931151W,Collège Jean Moulin,public,REP,96.3,88.8,7.5,sur-inclus,89.6,6.700000000000003,sur-inclus,93048,MONTREUIL,93,SEINE-SAINT-DENIS,24,CRETEIL,48.85957325186277,2.455371966885884
0931181D,Collège Georges Politzer,public,REP,87.6,88.8,0.0,conforme,89.6,0.0,conforme,93006,BAGNOLET,93,SEINE-SAINT-DENIS,24,CRETEIL,48.85980960533646,2.416968219146613
0931184G,Collège Jean Moulin,public,REP+,73.2,88.8,0.0,conforme,89.6,0.0,conforme,93001,AUBERVILLIERS,93,SEINE-SAINT-DENIS,24,CRETEIL,48.90790869002095,2.390350112040794
0931185H,Collège Gabriel Péri,public,REP,73.4,88.8,0.0,conforme,89.6,0.0,conforme,93001,AUBERVILLIERS,93,SEINE-SAINT-DENIS,24,CRETEIL,48.91838924269135,2.4007070242400093
0931186J,Collège Denis Diderot,public,REP,87.3,88.8,0.0,conforme,89.6,0.0,conforme,93001,AUBERVILLIERS,93,SEINE-SAINT-DENIS,24,CRETEIL,48.91659876424493,2.386497305746236
0931187K,Collège Didier Daurat,public,hors EP,79.6,88.8,9.200000000000003,oublie,89.6,10.0,oublie,93013,LE BOURGET,93,SEINE-SAINT-DENIS,24,CRETEIL,48.93507397741752,2.417903287605151
0931188L,Collège Raymond Poincaré,public,REP+,79.0,88.8,0.0,conforme,89.6,0.0,conforme,93027,LA COURNEUVE,93,SEINE-SAINT-DENIS,24,CRETEIL,48.929472614370944,2.391703841222832
0931189M,Collège Le Parc,public,hors EP,102.8,88.8,0.0,conforme,89.6,0.0,conforme,93005,AULNAY SOUS BOIS,93,SEINE-SAINT-DENIS,24,CRETEIL,48.928526044222686,2.4979675676923767
0931190N,Collège Évariste Galois,public,REP+,74.1,88.8,0.0,conforme,89.6,0.0,conforme,93071,SEVRAN,93,SEINE-SAINT-DENIS,24,CRETEIL,48.94547123341275,2.5199673191027494
0931191P,Collège Romain Rolland,public,hors EP,99.6,88.8,0.0,conforme,89.6,0.0,conforme,93073,TREMBLAY EN FRANCE,93,SEINE-SAINT-DENIS,24,CRETEIL,48.94158963791775,2.5838600214683014
0931192R,Collège Les Mousseaux,public,hors EP,89.1,88.8,0.0,conforme,89.6,0.5,oublie,93078,VILLEPINTE,93,SEINE-SAINT-DENIS,24,CRETEIL,48.95556638074099,2.539000732340729
0931194T,Collège République,public,REP+,79.1,88.8,0.0,conforme,89.6,0.0,conforme,93008,BOBIGNY,93,SEINE-SAINT-DENIS,24,CRETEIL,48.90679137877798,2.435217954913491
0931195U,Collège Auguste Delaune,public,REP,78.7,88.8,0.0,conforme,89.6,0.0,conforme,93008,BOBIGNY,93,SEINE-SAINT-DENIS,24,CRETEIL,48.9080996768158,2.4625423058013696
0931196V,Collège Angela Davis,public,REP,84.0,88.8,0.0,conforme,89.6,0.0,conforme,93008,BOBIGNY,93,SEINE-SAINT-DENIS,24,CRETEIL,48.91081460956552,2.4465337851503084
0931199Y,Collège Aretha Franklin (ex Paul Langevin),public,REP,75.8,88.8,0.0,conforme,89.6,0.0,conforme,93029,DRANCY,93,SEINE-SAINT-DENIS,24,CRETEIL,48.92320869507294,2.4242097754084098
0931200Z,Collège Pierre Sémard,public,REP,84.0,88.8,0.0,conforme,89.6,0.0,conforme,93029,DRANCY,93,SEINE-SAINT-DENIS,24,CRETEIL,48.927126717358426,2.438192138110218
0931201A,Collège Paul Bert,public,hors EP,86.4,88.8,2.3999999999999915,oublie,89.6,3.1999999999999886,oublie,93029,DRANCY,93,SEINE-SAINT-DENIS,24,CRETEIL,48.91889718831152,2.442785367710664
0931202B,Collège Liberté,public,REP,81.8,88.8,0.0,conforme,89.6,0.0,conforme,93029,DRANCY,93,SEINE-SAINT-DENIS,24,CRETEIL,48.91372511088723,2.450522398367945
0931204D,Collège Marcel Cachin,public,REP,76.0,88.8,0.0,conforme,89.6,0.0,conforme,93007,LE BLANC MESNIL,93,SEINE-SAINT-DENIS,24,CRETEIL,48.924156474276174,2.4669536110319448
0931206F,Collège Jean Vilar,public,REP+,70.8,88.8,0.0,conforme,89.6,0.0,conforme,93079,VILLETANEUSE,93,SEINE-SAINT-DENIS,24,CRETEIL,48.95284036866517,2.3434594675069613
0931207G,Collège Évariste Galois,public,REP,80.3,88.8,0.0,conforme,89.6,0.0,conforme,93031,EPINAY SUR SEINE,93,SEINE-SAINT-DENIS,24,CRETEIL,48.95104612751377,2.319556052256796
0931209J,Collège Georges Politzer,public,REP,79.4,88.8,0.0,conforme,89.6,0.0,conforme,93048,MONTREUIL,93,SEINE-SAINT-DENIS,24,CRETEIL,48.86218508338225,2.473696940728375
0931210K,Collège Marcelin Berthelot,public,hors EP,119.9,88.8,0.0,conforme,89.6,0.0,conforme,93048,MONTREUIL,93,SEINE-SAINT-DENIS,24,CRETEIL,48.85568931649349,2.43736374497962
0931211L,Collège Marais de Villiers,public,REP,94.7,88.8,5.900000000000006,sur-inclus,89.6,5.1000000000000085,sur-inclus,93048,MONTREUIL,93,SEINE-SAINT-DENIS,24,CRETEIL,48.869525943428826,2.433803421323845
0931212M,Collège Oum Kalthoum,public,REP+,84.3,88.8,0.0,conforme,89.6,0.0,conforme,93048,MONTREUIL,93,SEINE-SAINT-DENIS,24,CRETEIL,48.85948704920163,2.461162862092738
0931213N,Collège Colonel Fabien,public,REP,88.9,88.8,0.10000000000000853,sur-inclus,89.6,0.0,conforme,93048,MONTREUIL,93,SEINE-SAINT-DENIS,24,CRETEIL,48.87530163045452,2.4533846258154264
0931214P,Collège Clos Saint-Vincent,public,hors EP,104.5,88.8,0.0,conforme,89.6,0.0,conforme,93051,NOISY LE GRAND,93,SEINE-SAINT-DENIS,24,CRETEIL,48.84517895775583,2.553437082286917
0931216S,Collège Jean Jaurès,public,REP+,72.0,88.8,0.0,conforme,89.6,0.0,conforme,93055,PANTIN,93,SEINE-SAINT-DENIS,24,CRETEIL,48.91537682445213,2.4120053569254494
0931217T,Collège Irène et Frédéric Joliot Curie,public,REP,99.6,88.8,10.799999999999997,sur-inclus,89.6,10.0,sur-inclus,93055,PANTIN,93,SEINE-SAINT-DENIS,24,CRETEIL,48.89149709094539,2.4051830816317805
0931218U,Collège Jean Lolive,public,REP+,82.0,88.8,0.0,conforme,89.6,0.0,conforme,93055,PANTIN,93,SEINE-SAINT-DENIS,24,CRETEIL,48.90084996908324,2.4017546727489063
0931219V,Collège Jean-Jacques Rousseau,public,hors EP,97.9,88.8,0.0,conforme,89.6,0.0,conforme,93061,LE PRE SAINT GERVAIS,93,SEINE-SAINT-DENIS,24,CRETEIL,48.883505211122696,2.4005725759641154
0931220W,Collège Travail Langevin,public,REP,86.5,88.8,0.0,conforme,89.6,0.0,conforme,93006,BAGNOLET,93,SEINE-SAINT-DENIS,24,CRETEIL,48.875169763521896,2.423734661768484
0931221X,Collège Louise Michel,public,REP+,74.0,88.8,0.0,conforme,89.6,0.0,conforme,93014,CLICHY SOUS BOIS,93,SEINE-SAINT-DENIS,24,CRETEIL,48.90714224608955,2.5341241196344164
0931222Y,Collège Pierre-André Houël,public,REP,94.1,88.8,5.299999999999997,sur-inclus,89.6,4.5,sur-inclus,93063,ROMAINVILLE,93,SEINE-SAINT-DENIS,24,CRETEIL,48.88345407682914,2.435378334246137
0931223Z,Collège Gustave Courbet,public,REP,80.3,88.8,0.0,conforme,89.6,0.0,conforme,93059,PIERREFITTE SUR SEINE,93,SEINE-SAINT-DENIS,24,CRETEIL,48.94917843236779,2.362944286139678
0931224A,Collège Pablo Neruda,public,REP,78.9,88.8,0.0,conforme,89.6,0.0,conforme,93059,PIERREFITTE SUR SEINE,93,SEINE-SAINT-DENIS,24,CRETEIL,48.96861968208152,2.366854183789725
0931225B,Collège Joliot Curie,public,REP+,78.6,88.8,0.0,conforme,89.6,0.0,conforme,93072,STAINS,93,SEINE-SAINT-DENIS,24,CRETEIL,48.9565325903814,2.385325634700012
0931226C,Collège Pablo Neruda,public,REP,78.9,88.8,0.0,conforme,89.6,0.0,conforme,93072,STAINS,93,SEINE-SAINT-DENIS,24,CRETEIL,48.96370244417755,2.388674323419544
0931227D,Collège Louis Pasteur,public,hors EP,103.8,88.8,0.0,conforme,89.6,0.0,conforme,93077,VILLEMOMBLE,93,SEINE-SAINT-DENIS,24,CRETEIL,48.882686184003866,2.51545578213301
0931228E,Collège Albert Camus,public,hors EP,97.6,88.8,0.0,conforme,89.6,0.0,conforme,93050,NEUILLY SUR MARNE,93,SEINE-SAINT-DENIS,24,CRETEIL,48.85787916601821,2.528288263573959
0931229F,Collège Fabien,public,REP,80.5,88.8,0.0,conforme,89.6,0.0,conforme,93066,SAINT DENIS,93,SEINE-SAINT-DENIS,24,CRETEIL,48.94376446522796,2.3526445250657564
0931230G,Collège Elsa Triolet,public,REP,84.2,88.8,0.0,conforme,89.6,0.0,conforme,93066,SAINT DENIS,93,SEINE-SAINT-DENIS,24,CRETEIL,48.939562046093904,2.348811736049353
0931231H,Collège Pierre de Geyter,public,REP,93.8,88.8,5.0,sur-inclus,89.6,4.200000000000003,sur-inclus,93066,SAINT DENIS,93,SEINE-SAINT-DENIS,24,CRETEIL,48.93283839694313,2.3523546266562696
0931232J,Collège Henri Barbusse,public,REP,75.6,88.8,0.0,conforme,89.6,0.0,conforme,93066,SAINT DENIS,93,SEINE-SAINT-DENIS,24,CRETEIL,48.940187798731856,2.376866669818841
0931376R,Collège Jean-Baptiste Clément,public,hors EP,89.0,88.8,0.0,conforme,89.6,0.5999999999999943,oublie,93030,DUGNY,93,SEINE-SAINT-DENIS,24,CRETEIL,48.95020285538904,2.4141047835493
0931377S,Collège Jacques Jorissen,public,REP,71.7,88.8,0.0,conforme,89.6,0.0,conforme,93029,DRANCY,93,SEINE-SAINT-DENIS,24,CRETEIL,48.91659432414264,2.4699879132070266
0931379U,Collège Pablo Neruda,public,REP+,77.8,88.8,0.0,conforme,89.6,0.0,conforme,93005,AULNAY SOUS BOIS,93,SEINE-SAINT-DENIS,24,CRETEIL,48.95051721003936,2.5188994447044384
0931381W,Collège Gustave Courbet,public,REP,98.8,88.8,10.0,sur-inclus,89.6,9.200000000000003,sur-inclus,93063,ROMAINVILLE,93,SEINE-SAINT-DENIS,24,CRETEIL,48.87871506233707,2.441411379667264
0931382X,Collège Eugène Carrière,public,hors EP,122.3,88.8,0.0,conforme,89.6,0.0,conforme,93033,GOURNAY SUR MARNE,93,SEINE-SAINT-DENIS,24,CRETEIL,48.86405766801711,2.5792014391965976
0931428X,Collège Jean Vigo,public,REP+,76.5,88.8,0.0,conforme,89.6,0.0,conforme,93031,EPINAY SUR SEINE,93,SEINE-SAINT-DENIS,24,CRETEIL,48.956551804495234,2.299929228457258
0931429Y,Collège Jean Vilar,public,REP+,78.5,88.8,0.0,conforme,89.6,0.0,conforme,93027,LA COURNEUVE,93,SEINE-SAINT-DENIS,24,CRETEIL,48.923364768068,2.3857365584390005
0931433C,Collège René Descartes,public,REP,77.0,88.8,0.0,conforme,89.6,0.0,conforme,93007,LE BLANC MESNIL,93,SEINE-SAINT-DENIS,24,CRETEIL,48.948690059554245,2.4442765970182965
0931434D,Collège Claude Debussy,public,REP+,77.9,88.8,0.0,conforme,89.6,0.0,conforme,93005,AULNAY SOUS BOIS,93,SEINE-SAINT-DENIS,24,CRETEIL,48.9518906220583,2.510957813040468
0931439J,Collège Marie Curie,public,hors EP,111.6,88.8,0.0,conforme,89.6,0.0,conforme,93045,LES LILAS,93,SEINE-SAINT-DENIS,24,CRETEIL,48.887663246918464,2.4246832951309445
0931448U,Collège Paul Éluard,public,hors EP,111.6,88.8,0.0,conforme,89.6,0.0,conforme,93048,MONTREUIL,93,SEINE-SAINT-DENIS,24,CRETEIL,48.85311977078494,2.426916781879385
0931485J,Collège Georges Braque,public,REP,84.1,88.8,0.0,conforme,89.6,0.0,conforme,93050,NEUILLY SUR MARNE,93,SEINE-SAINT-DENIS,24,CRETEIL,48.867531472780165,2.5381467317946145
0931489N,Collège Federico Garcia Lorca,public,REP+,77.3,88.8,0.0,conforme,89.6,0.0,conforme,93066,SAINT DENIS,93,SEINE-SAINT-DENIS,24,CRETEIL,48.92439473650673,2.3727706366214
0931490P,Collège La Courtille,public,REP+,71.7,88.8,0.0,conforme,89.6,0.0,conforme,93066,SAINT DENIS,93,SEINE-SAINT-DENIS,24,CRETEIL,48.94015821014755,2.380875007206236
0931497X,Collège René Descartes,public,hors EP,86.1,88.8,2.700000000000003,oublie,89.6,3.5,oublie,93073,TREMBLAY EN FRANCE,93,SEINE-SAINT-DENIS,24,CRETEIL,48.94971462587664,2.576717061266471
0931546A,Collège Jean Jaurès,public,REP,89.1,88.8,0.29999999999999716,sur-inclus,89.6,0.0,conforme,93047,MONTFERMEIL,93,SEINE-SAINT-DENIS,24,CRETEIL,48.89785832936402,2.5604107693443665
0931607S,Collège Jean Jaurès,public,REP,88.5,88.8,0.0,conforme,89.6,0.0,conforme,93078,VILLEPINTE,93,SEINE-SAINT-DENIS,24,CRETEIL,48.94924832230904,2.550638880906192
0931610V,Collège Jacques Prévert,public,hors EP,87.9,88.8,0.8999999999999915,oublie,89.6,1.6999999999999886,oublie,93053,NOISY LE SEC,93,SEINE-SAINT-DENIS,24,CRETEIL,48.893043748914096,2.461597080791447
0931612X,Collège Jean Zay,public,REP+,73.3,88.8,0.0,conforme,89.6,0.0,conforme,93010,BONDY,93,SEINE-SAINT-DENIS,24,CRETEIL,48.91032303970648,2.4803414933480394
0931614Z,Collège Jacques Prévert,public,hors EP,88.6,88.8,0.20000000000000284,oublie,89.6,1.0,oublie,93051,NOISY LE GRAND,93,SEINE-SAINT-DENIS,24,CRETEIL,48.837872957028814,2.5722206420722924
0931707A,Collège Pablo Picasso,public,REP,93.5,88.8,4.700000000000003,sur-inclus,89.6,3.9000000000000057,sur-inclus,93047,MONTFERMEIL,93,SEINE-SAINT-DENIS,24,CRETEIL,48.89959545083097,2.5780725817817616
0931709C,Collège Henri Wallon,public,REP+,82.2,88.8,0.0,conforme,89.6,0.0,conforme,93001,AUBERVILLIERS,93,SEINE-SAINT-DENIS,24,CRETEIL,48.9113525929103,2.38832462792748
0931710D,Collège Olympe de Gouges,public,REP,85.5,88.8,0.0,conforme,89.6,0.0,conforme,93053,NOISY LE SEC,93,SEINE-SAINT-DENIS,24,CRETEIL,48.88819132477325,2.4711429990908096
0931711E,Collège Jean Renoir,public,REP,85.0,88.8,0.0,conforme,89.6,0.0,conforme,93010,BONDY,93,SEINE-SAINT-DENIS,24,CRETEIL,48.90301247946519,2.47330599009689
0931712F,Collège Jean Jaurès,public,hors EP,114.9,88.8,0.0,conforme,89.6,0.0,conforme,93048,MONTREUIL,93,SEINE-SAINT-DENIS,24,CRETEIL,48.86361437262422,2.449169863763747
0931713G,Collège Antoine Laurent de Lavoisier,public,hors EP,93.0,88.8,0.0,conforme,89.6,0.0,conforme,93055,PANTIN,93,SEINE-SAINT-DENIS,24,CRETEIL,48.88937122329808,2.4196866280306595
0931723T,Collège Langevin Wallon,public,hors EP,87.6,88.8,1.2000000000000028,oublie,89.6,2.0,oublie,93064,ROSNY SOUS BOIS,93,SEINE-SAINT-DENIS,24,CRETEIL,48.879737638127416,2.4818165838516504
0931765N,Collège Alfred Sisley,public,REP,80.5,88.8,0.0,conforme,89.6,0.0,conforme,93039,L ILE SAINT DENIS,93,SEINE-SAINT-DENIS,24,CRETEIL,48.9459946220704,2.329565458841232
0931788N,Collège Henri Sellier,public,REP,85.9,88.8,0.0,conforme,89.6,0.0,conforme,93010,BONDY,93,SEINE-SAINT-DENIS,24,CRETEIL,48.90066970181503,2.492447110918645
0931860S,Collège Pierre Brossolette,public,REP,82.8,88.8,0.0,conforme,89.6,0.0,conforme,93010,BONDY,93,SEINE-SAINT-DENIS,24,CRETEIL,48.90167190949877,2.4878894507438734
0931883S,Collège René Cassin,public,hors EP,84.8,88.8,4.0,oublie,89.6,4.799999999999997,oublie,93053,NOISY LE SEC,93,SEINE-SAINT-DENIS,24,CRETEIL,48.89900547863601,2.4658607536249737
0931978V,Collège Victor Hugo,public,REP,90.3,88.8,1.5,sur-inclus,89.6,0.7000000000000028,sur-inclus,93051,NOISY LE GRAND,93,SEINE-SAINT-DENIS,24,CRETEIL,48.83847315768288,2.556993262225064
0931979W,Collège Georges Brassens,public,REP,84.4,88.8,0.0,conforme,89.6,0.0,conforme,93071,SEVRAN,93,SEINE-SAINT-DENIS,24,CRETEIL,48.93900977985926,2.536592057045981
0932038K,Collège Françoise Dolto,public,hors EP,90.2,88.8,0.0,conforme,89.6,0.0,conforme,93078,VILLEPINTE,93,SEINE-SAINT-DENIS,24,CRETEIL,48.95929737802488,2.5494090293205547
0932261C,Collège Joséphine Baker,public,REP,86.6,88.8,0.0,conforme,89.6,0.0,conforme,93070,SAINT OUEN SUR SEINE,93,SEINE-SAINT-DENIS,24,CRETEIL,48.90627371671575,2.337342996675949
0932262D,Collège de la Pléiade,public,REP,81.0,88.8,0.0,conforme,89.6,0.0,conforme,93071,SEVRAN,93,SEINE-SAINT-DENIS,24,CRETEIL,48.94840200734182,2.537369882776211
0932263E,Collège Camille Claudel,public,REP,81.8,88.8,0.0,conforme,89.6,0.0,conforme,93078,VILLEPINTE,93,SEINE-SAINT-DENIS,24,CRETEIL,48.953187214679055,2.562100468230234
0932272P,Collège Rosa Luxembourg,public,REP+,76.0,88.8,0.0,conforme,89.6,0.0,conforme,93001,AUBERVILLIERS,93,SEINE-SAINT-DENIS,24,CRETEIL,48.91516932561166,2.3756175710181275
0932273R,Collège Iqbal Masih,public,REP+,81.7,88.8,0.0,conforme,89.6,0.0,conforme,93066,SAINT DENIS,93,SEINE-SAINT-DENIS,24,CRETEIL,48.9113883667428,2.360054609270309
0932301W,Collège Henri IV,public,hors EP,88.9,88.8,0.0,conforme,89.6,0.6999999999999886,oublie,93074,VAUJOURS,93,SEINE-SAINT-DENIS,24,CRETEIL,48.93426972956402,2.563418541862663
0932310F,Collège Christine de Pisan,public,REP,79.4,88.8,0.0,conforme,89.6,0.0,conforme,93005,AULNAY SOUS BOIS,93,SEINE-SAINT-DENIS,24,CRETEIL,48.94784861705289,2.4947364215917096
0932311G,Collège Théodore Monod,public,hors EP,94.0,88.8,0.0,conforme,89.6,0.0,conforme,93032,GAGNY,93,SEINE-SAINT-DENIS,24,CRETEIL,48.87822189413382,2.558450857205455
0932333F,Collège François Mitterrand,public,hors EP,106.5,88.8,0.0,conforme,89.6,0.0,conforme,93051,NOISY LE GRAND,93,SEINE-SAINT-DENIS,24,CRETEIL,48.8434341145104,2.538711819757565
0932334G,Collège Lucie Aubrac,public,REP,83.2,88.8,0.0,conforme,89.6,0.0,conforme,93079,VILLETANEUSE,93,SEINE-SAINT-DENIS,24,CRETEIL,48.95984348540652,2.35081922979146
0932366S,Collège Robert Doisneau,public,REP+,79.0,88.8,0.0,conforme,89.6,0.0,conforme,93014,CLICHY SOUS BOIS,93,SEINE-SAINT-DENIS,24,CRETEIL,48.912290326662045,2.5459725874189942
0932454M,Collège Lucie Aubrac,public,hors EP,101.4,88.8,0.0,conforme,89.6,0.0,conforme,93046,LIVRY GARGAN,93,SEINE-SAINT-DENIS,24,CRETEIL,48.93282148084537,2.543277889374175
0932578X,Collège Simone Veil,public,hors EP,104.9,88.8,0.0,conforme,89.6,0.0,conforme,93005,AULNAY SOUS BOIS,93,SEINE-SAINT-DENIS,24,CRETEIL,48.92271315875031,2.4892612654120123
0932579Y,Collège Césaria Evora,public,REP,88.9,88.8,0.10000000000000853,sur-inclus,89.6,0.0,conforme,93048,MONTREUIL,93,SEINE-SAINT-DENIS,24,CRETEIL,48.8665853173967,2.460121583402077
0932580Z,Collège Jacqueline de Romilly,public,hors EP,86.3,88.8,2.5,oublie,89.6,3.299999999999997,oublie,93007,LE BLANC MESNIL,93,SEINE-SAINT-DENIS,24,CRETEIL,48.9433451912255,2.445331658890117
0932581A,Collège international de l'Est parisien,public,hors EP,135.9,88.8,0.0,conforme,89.6,0.0,conforme,93051,NOISY LE GRAND,93,SEINE-SAINT-DENIS,24,CRETEIL,48.842380566778495,2.5365111095433366
0932582B,Collège Dora Maar,public,REP,82.1,88.8,0.0,conforme,89.6,0.0,conforme,93066,SAINT DENIS,93,SEINE-SAINT-DENIS,24,CRETEIL,48.920954294742565,2.3375613385256524
0932694Y,Collège Gisèle Halimi,public,REP+,76.2,88.8,0.0,conforme,89.6,0.0,conforme,93001,AUBERVILLIERS,93,SEINE-SAINT-DENIS,24,CRETEIL,48.90770848759252,2.383039998231103
0932695Z,Collège Germaine Tillion,public,hors EP,96.8,88.8,0.0,conforme,89.6,0.0,conforme,93046,LIVRY GARGAN,93,SEINE-SAINT-DENIS,24,CRETEIL,48.91759096294869,2.506025422181304
0932696A,Collège Sòlveig Anspach,public,hors EP,97.1,88.8,0.0,conforme,89.6,0.0,conforme,93048,MONTREUIL,93,SEINE-SAINT-DENIS,24,CRETEIL,48.85889040345224,2.427195416783491
0932725G,Collège Françoise Héritier,public,hors EP,87.4,88.8,1.3999999999999915,oublie,89.6,2.1999999999999886,oublie,93053,NOISY LE SEC,93,SEINE-SAINT-DENIS,24,CRETEIL,48.89273679585427,2.4477106661510217
0932726H,Collège Miriam Makeba,public,REP+,89.0,88.8,0.20000000000000284,sur-inclus,89.6,0.0,conforme,93001,AUBERVILLIERS,93,SEINE-SAINT-DENIS,24,CRETEIL,48.909751896587984,2.37182835635895
0940003T,Collège Amédée Laplace,public,REP,86.5,88.8,0.0,conforme,89.6,0.0,conforme,94028,CRETEIL,94,VAL-DE-MARNE,24,CRETEIL,48.780804159789454,2.468276499660144
0940006W,Collège Albert Schweitzer,public,REP,87.7,88.8,0.0,conforme,89.6,0.0,conforme,94028,CRETEIL,94,VAL-DE-MARNE,24,CRETEIL,48.773795233572585,2.463879191379569
0940012C,Collège Jules Ferry,public,hors EP,134.8,88.8,0.0,conforme,89.6,0.0,conforme,94042,JOINVILLE LE PONT,94,VAL-DE-MARNE,24,CRETEIL,48.82476297559611,2.476955513725688
0940022N,Collège Jean Perrin,public,hors EP,97.3,88.8,0.0,conforme,89.6,0.0,conforme,94043,LE KREMLIN BICETRE,94,VAL-DE-MARNE,24,CRETEIL,48.806952771390776,2.3550930034671693
0940024R,Collège Ovide Decroly,public,hors EP,149.5,88.8,0.0,conforme,89.6,0.0,conforme,94067,SAINT MANDE,94,VAL-DE-MARNE,24,CRETEIL,48.83527878521217,2.420283398959515
0940031Y,Collège Victor Hugo,public,hors EP,114.3,88.8,0.0,conforme,89.6,0.0,conforme,94028,CRETEIL,94,VAL-DE-MARNE,24,CRETEIL,48.79299710044404,2.464608882694172
0940038F,Collège Jean Charcot,public,hors EP,121.9,88.8,0.0,conforme,89.6,0.0,conforme,94042,JOINVILLE LE PONT,94,VAL-DE-MARNE,24,CRETEIL,48.81610873109577,2.466257768977907
0940042K,Collège Adolphe Chérioux,public,hors EP,96.6,88.8,0.0,conforme,89.6,0.0,conforme,94081,VITRY SUR SEINE,94,VAL-DE-MARNE,24,CRETEIL,48.78007202959285,2.369523095801562
0940071S,Collège Liberté,public,hors EP,104.6,88.8,0.0,conforme,89.6,0.0,conforme,94021,CHEVILLY LARUE,94,VAL-DE-MARNE,24,CRETEIL,48.77092537382796,2.348640813737571
0940072T,Collège les Closeaux,public,hors EP,127.2,88.8,0.0,conforme,89.6,0.0,conforme,94065,RUNGIS,94,VAL-DE-MARNE,24,CRETEIL,48.75194212502832,2.3507995949103235
0940090M,Collège Paul Valéry,public,hors EP,114.3,88.8,0.0,conforme,89.6,0.0,conforme,94073,THIAIS,94,VAL-DE-MARNE,24,CRETEIL,48.7624314679704,2.392728072166202
0940094S,Collège Francine Fromond,public,hors EP,96.7,88.8,0.0,conforme,89.6,0.0,conforme,94034,FRESNES,94,VAL-DE-MARNE,24,CRETEIL,48.75413147920565,2.3202726518799577
0940100Y,Collège Plaisance,public,hors EP,105.1,88.8,0.0,conforme,89.6,0.0,conforme,94028,CRETEIL,94,VAL-DE-MARNE,24,CRETEIL,48.8005440727486,2.4568773355610225
0940101Z,Collège Antoine de Saint-Exupéry,public,hors EP,119.6,88.8,0.0,conforme,89.6,0.0,conforme,94034,FRESNES,94,VAL-DE-MARNE,24,CRETEIL,48.75741525563388,2.321052907297897
0940516A,Collège Fréderic et Irène Joliot-Curie,public,hors EP,115.2,88.8,0.0,conforme,89.6,0.0,conforme,94033,FONTENAY SOUS BOIS,94,VAL-DE-MARNE,24,CRETEIL,48.85257611696547,2.4744208866508903
0940521F,Collège Louis Pasteur,public,REP,89.2,88.8,0.4000000000000057,sur-inclus,89.6,0.0,conforme,94028,CRETEIL,94,VAL-DE-MARNE,24,CRETEIL,48.78434924334252,2.462168822055753
0940551N,Collège Eugène Chevreul,public,REP,94.4,88.8,5.6000000000000085,sur-inclus,89.6,4.800000000000011,sur-inclus,94038,L HAY LES ROSES,94,VAL-DE-MARNE,24,CRETEIL,48.77532804779816,2.339959690739277
0940552P,Collège le Parc,public,hors EP,143.5,88.8,0.0,conforme,89.6,0.0,conforme,94068,SAINT MAUR DES FOSSES,94,VAL-DE-MARNE,24,CRETEIL,48.80525613860013,2.501509659935308
0940569H,Collège Pierre de Ronsard,public,hors EP,132.8,88.8,0.0,conforme,89.6,0.0,conforme,94068,SAINT MAUR DES FOSSES,94,VAL-DE-MARNE,24,CRETEIL,48.79707207849679,2.4755260147987665
0940575P,Collège Paul Klee,public,hors EP,100.1,88.8,0.0,conforme,89.6,0.0,conforme,94073,THIAIS,94,VAL-DE-MARNE,24,CRETEIL,48.757776447370965,2.402975284777285
0940581W,Collège Jean Moulin,public,REP,91.7,88.8,2.9000000000000057,sur-inclus,89.6,2.1000000000000085,sur-inclus,94021,CHEVILLY LARUE,94,VAL-DE-MARNE,24,CRETEIL,48.77431110865847,2.354999677462201
0940582X,Collège Jean Charcot,public,hors EP,104.6,88.8,0.0,conforme,89.6,0.0,conforme,94034,FRESNES,94,VAL-DE-MARNE,24,CRETEIL,48.76140108884428,2.330212671762285
0940583Y,Collège Pierre de Ronsard,public,hors EP,116.1,88.8,0.0,conforme,89.6,0.0,conforme,94038,L HAY LES ROSES,94,VAL-DE-MARNE,24,CRETEIL,48.77311344114157,2.3225646039465064
0940612E,Collège Amédée Dunois,public,hors EP,103.4,88.8,0.0,conforme,89.6,0.0,conforme,94004,BOISSY SAINT LEGER,94,VAL-DE-MARNE,24,CRETEIL,48.7514834672961,2.5183436965095325
0940617K,Collège du Fort,public,hors EP,100.3,88.8,0.0,conforme,89.6,0.0,conforme,94071,SUCY EN BRIE,94,VAL-DE-MARNE,24,CRETEIL,48.77055680924095,2.532473697668953
0940625U,Collège Pierre et Marie Curie,public,hors EP,103.7,88.8,0.0,conforme,89.6,0.0,conforme,94079,VILLIERS SUR MARNE,94,VAL-DE-MARNE,24,CRETEIL,48.82363377042545,2.532421364087808
0940748C,Collège du Parc,public,hors EP,129.4,88.8,0.0,conforme,89.6,0.0,conforme,94071,SUCY EN BRIE,94,VAL-DE-MARNE,24,CRETEIL,48.76053567772863,2.535723655652997
0940749D,Collège Roland Garros,public,REP,76.6,88.8,0.0,conforme,89.6,0.0,conforme,94078,VILLENEUVE SAINT GEORGES,94,VAL-DE-MARNE,24,CRETEIL,48.75162969308217,2.451333359665507
0940786U,Collège Lucie Aubrac,public,REP,77.5,88.8,0.0,conforme,89.6,0.0,conforme,94017,CHAMPIGNY SUR MARNE,94,VAL-DE-MARNE,24,CRETEIL,48.81936008657006,2.5084514597171195
0940787V,Collège Nicolas Boileau,public,REP,84.2,88.8,0.0,conforme,89.6,0.0,conforme,94019,CHENNEVIERES SUR MARNE,94,VAL-DE-MARNE,24,CRETEIL,48.80448794709731,2.5547957369700085
0940788W,Collège Pierre Brossolette,public,hors EP,131.5,88.8,0.0,conforme,89.6,0.0,conforme,94058,LE PERREUX SUR MARNE,94,VAL-DE-MARNE,24,CRETEIL,48.834632921937946,2.507544531311856
0940789X,Collège de Lattre de Tassigny,public,hors EP,120.4,88.8,0.0,conforme,89.6,0.0,conforme,94058,LE PERREUX SUR MARNE,94,VAL-DE-MARNE,24,CRETEIL,48.84813927469472,2.503604090821156
0940790Y,Collège Jacques Offenbach,public,hors EP,132.2,88.8,0.0,conforme,89.6,0.0,conforme,94067,SAINT MANDE,94,VAL-DE-MARNE,24,CRETEIL,48.84239296933566,2.416450440321484
0940791Z,Collège Pierre Brossolette,public,REP,83.7,88.8,0.0,conforme,89.6,0.0,conforme,94078,VILLENEUVE SAINT GEORGES,94,VAL-DE-MARNE,24,CRETEIL,48.73275912469773,2.4627014018769846
0940792A,Collège Jules Ferry,public,REP+,79.8,88.8,0.0,conforme,89.6,0.0,conforme,94078,VILLENEUVE SAINT GEORGES,94,VAL-DE-MARNE,24,CRETEIL,48.73208699336739,2.450007650514465
0940793B,Collège Antoine de Saint-Exupéry,public,hors EP,144.9,88.8,0.0,conforme,89.6,0.0,conforme,94080,VINCENNES,94,VAL-DE-MARNE,24,CRETEIL,48.84399375521687,2.430054349216881
0940794C,Collège Gustave Monod,public,REP,75.1,88.8,0.0,conforme,89.6,0.0,conforme,94081,VITRY SUR SEINE,94,VAL-DE-MARNE,24,CRETEIL,48.789303375322085,2.380496912452555
0941014S,Collège Henri Cahn,public,hors EP,128.3,88.8,0.0,conforme,89.6,0.0,conforme,94015,BRY SUR MARNE,94,VAL-DE-MARNE,24,CRETEIL,48.84193266207098,2.522779468087939
0941015T,Collège Willy Ronis,public,REP,90.7,88.8,1.9000000000000057,sur-inclus,89.6,1.1000000000000085,sur-inclus,94017,CHAMPIGNY SUR MARNE,94,VAL-DE-MARNE,24,CRETEIL,48.81137476429898,2.5155505257714887
0941017V,Collège Antoine de Saint-Exupéry,public,hors EP,120.0,88.8,0.0,conforme,89.6,0.0,conforme,94055,ORMESSON SUR MARNE,94,VAL-DE-MARNE,24,CRETEIL,48.79233325031289,2.551068963341328
0941020Y,Collège Henri Barbusse,public,hors EP,103.0,88.8,0.0,conforme,89.6,0.0,conforme,94002,ALFORTVILLE,94,VAL-DE-MARNE,24,CRETEIL,48.812905455560255,2.416284720641558
0941021Z,Collège Paul Langevin,public,REP,86.7,88.8,0.0,conforme,89.6,0.0,conforme,94002,ALFORTVILLE,94,VAL-DE-MARNE,24,CRETEIL,48.78810220956382,2.4272811307948183
0941022A,Collège Léon Blum,public,REP,105.4,88.8,16.60000000000001,sur-inclus,89.6,15.800000000000011,sur-inclus,94002,ALFORTVILLE,94,VAL-DE-MARNE,24,CRETEIL,48.79386024148904,2.425426471420578
0941023B,Collège Condorcet,public,hors EP,117.1,88.8,0.0,conforme,89.6,0.0,conforme,94046,MAISONS ALFORT,94,VAL-DE-MARNE,24,CRETEIL,48.808614926789296,2.4570274935311547
0941024C,Collège Jules Ferry,public,REP,92.3,88.8,3.5,sur-inclus,89.6,2.700000000000003,sur-inclus,94046,MAISONS ALFORT,94,VAL-DE-MARNE,24,CRETEIL,48.79246922741321,2.434551245936811
0941025D,Collège Assia Djebar,public,REP,87.2,88.8,0.0,conforme,89.6,0.0,conforme,94041,IVRY SUR SEINE,94,VAL-DE-MARNE,24,CRETEIL,48.81187065652597,2.402166738033066
0941026E,Collège Molière,public,REP,91.6,88.8,2.799999999999997,sur-inclus,89.6,2.0,sur-inclus,94041,IVRY SUR SEINE,94,VAL-DE-MARNE,24,CRETEIL,48.816559292526925,2.392386447811229
0941029H,Collège Jules Vallès,public,REP,89.2,88.8,0.4000000000000057,sur-inclus,89.6,0.0,conforme,94081,VITRY SUR SEINE,94,VAL-DE-MARNE,24,CRETEIL,48.77514272401906,2.402137046623073
0941032L,Collège Danielle Casanova,public,hors EP,85.4,88.8,3.3999999999999915,oublie,89.6,4.199999999999989,oublie,94081,VITRY SUR SEINE,94,VAL-DE-MARNE,24,CRETEIL,48.791453966746296,2.3952706077800445
0941033M,Collège Jean Perrin,public,REP,85.0,88.8,0.0,conforme,89.6,0.0,conforme,94081,VITRY SUR SEINE,94,VAL-DE-MARNE,24,CRETEIL,48.79558974328478,2.380065590824601
0941034N,Collège Joseph Lakanal,public,REP,83.0,88.8,0.0,conforme,89.6,0.0,conforme,94081,VITRY SUR SEINE,94,VAL-DE-MARNE,24,CRETEIL,48.79371445496594,2.383360402437281
0941035P,Collège Jean Lurçat,public,hors EP,81.7,88.8,7.099999999999994,oublie,89.6,7.8999999999999915,oublie,94076,VILLEJUIF,94,VAL-DE-MARNE,24,CRETEIL,48.78642441619371,2.370179967876687
0941036R,Collège Karl Marx,public,REP,85.1,88.8,0.0,conforme,89.6,0.0,conforme,94076,VILLEJUIF,94,VAL-DE-MARNE,24,CRETEIL,48.78459769818388,2.359180244492724
0941037S,Collège Louis Pasteur,public,hors EP,97.1,88.8,0.0,conforme,89.6,0.0,conforme,94076,VILLEJUIF,94,VAL-DE-MARNE,24,CRETEIL,48.80473444245179,2.366279898696309
0941038T,Collège du Centre - Aimé Césaire,public,hors EP,107.7,88.8,0.0,conforme,89.6,0.0,conforme,94076,VILLEJUIF,94,VAL-DE-MARNE,24,CRETEIL,48.79510395091668,2.364629890797836
0941039U,Collège Guy Môquet,public,hors EP,89.3,88.8,0.0,conforme,89.6,0.29999999999999716,oublie,94076,VILLEJUIF,94,VAL-DE-MARNE,24,CRETEIL,48.793393102725126,2.356692691549758
0941040V,Collège Émile Zola,public,REP,87.0,88.8,0.0,conforme,89.6,0.0,conforme,94022,CHOISY LE ROI,94,VAL-DE-MARNE,24,CRETEIL,48.768199454529935,2.40578411104694
0941042X,Collège Dorval,public,REP,89.0,88.8,0.20000000000000284,sur-inclus,89.6,0.0,conforme,94054,ORLY,94,VAL-DE-MARNE,24,CRETEIL,48.743915400557626,2.3970845455342
0941044Z,Collège Robert Desnos,public,REP+,84.2,88.8,0.0,conforme,89.6,0.0,conforme,94054,ORLY,94,VAL-DE-MARNE,24,CRETEIL,48.74701182417946,2.4097993928312675
0941046B,Collège Édouard Herriot,public,hors EP,130.9,88.8,0.0,conforme,89.6,0.0,conforme,94046,MAISONS ALFORT,94,VAL-DE-MARNE,24,CRETEIL,48.80843499059266,2.434320958451992
0941052H,Collège Fernande Flagon,public,REP,82.8,88.8,0.0,conforme,89.6,0.0,conforme,94074,VALENTON,94,VAL-DE-MARNE,24,CRETEIL,48.75023862132853,2.463883037993066
0941090Z,Collège Victor Duruy,public,hors EP,125.4,88.8,0.0,conforme,89.6,0.0,conforme,94033,FONTENAY SOUS BOIS,94,VAL-DE-MARNE,24,CRETEIL,48.84510180361664,2.473843571471713
0941091A,Collège Antoine Watteau,public,hors EP,121.5,88.8,0.0,conforme,89.6,0.0,conforme,94052,NOGENT SUR MARNE,94,VAL-DE-MARNE,24,CRETEIL,48.84175848007082,2.4849028906761683
0941092B,Collège Elsa Triolet,public,REP+,80.2,88.8,0.0,conforme,89.6,0.0,conforme,94017,CHAMPIGNY SUR MARNE,94,VAL-DE-MARNE,24,CRETEIL,48.80350498297044,2.551202907023546
0941093C,Collège Camille Pissarro,public,hors EP,141.3,88.8,0.0,conforme,89.6,0.0,conforme,94068,SAINT MAUR DES FOSSES,94,VAL-DE-MARNE,24,CRETEIL,48.79714771589768,2.5131750272405884
0941095E,Collège Paul Éluard,public,REP,80.0,88.8,0.0,conforme,89.6,0.0,conforme,94011,BONNEUIL SUR MARNE,94,VAL-DE-MARNE,24,CRETEIL,48.768196928477295,2.4825566041789147
0941099J,Collège Rosa Parks,public,REP,94.9,88.8,6.1000000000000085,sur-inclus,89.6,5.300000000000011,sur-inclus,94037,GENTILLY,94,VAL-DE-MARNE,24,CRETEIL,48.81370212196632,2.3457206277302776
0941100K,Collège Paul Bert,public,hors EP,125.9,88.8,0.0,conforme,89.6,0.0,conforme,94016,CACHAN,94,VAL-DE-MARNE,24,CRETEIL,48.79367490899246,2.331991360833399
0941101L,Collège Victor Hugo,public,hors EP,96.6,88.8,0.0,conforme,89.6,0.0,conforme,94016,CACHAN,94,VAL-DE-MARNE,24,CRETEIL,48.78823245114766,2.3238083970611854
0941102M,Collège Clément Guyard,public,hors EP,93.0,88.8,0.0,conforme,89.6,0.0,conforme,94028,CRETEIL,94,VAL-DE-MARNE,24,CRETEIL,48.795218606286575,2.444509421334617
0941103N,Collège Jean Macé,public,hors EP,89.7,88.8,0.0,conforme,89.6,0.0,conforme,94077,VILLENEUVE LE ROI,94,VAL-DE-MARNE,24,CRETEIL,48.73358547386752,2.4089843489216825
0941220R,Collège François Rabelais,public,hors EP,131.3,88.8,0.0,conforme,89.6,0.0,conforme,94068,SAINT MAUR DES FOSSES,94,VAL-DE-MARNE,24,CRETEIL,48.80901565357996,2.470777583156074
0941221S,Collège Albert Camus,public,hors EP,109.4,88.8,0.0,conforme,89.6,0.0,conforme,94059,LE PLESSIS TREVISE,94,VAL-DE-MARNE,24,CRETEIL,48.80512344243345,2.57596939229448
0941224V,Collège François Rabelais,public,REP,78.5,88.8,0.0,conforme,89.6,0.0,conforme,94081,VITRY SUR SEINE,94,VAL-DE-MARNE,24,CRETEIL,48.78114438427336,2.391605268126692
0941229A,Collège Jules Vallès,public,hors EP,97.8,88.8,0.0,conforme,89.6,0.0,conforme,94022,CHOISY LE ROI,94,VAL-DE-MARNE,24,CRETEIL,48.77203106756743,2.4221221290308685
0941231C,Collège Henri Matisse,public,REP,88.8,88.8,0.0,au seuil,89.6,0.0,conforme,94022,CHOISY LE ROI,94,VAL-DE-MARNE,24,CRETEIL,48.75981244503926,2.4094274904109705
0941233E,Collège Albert Camus,public,hors EP,99.5,88.8,0.0,conforme,89.6,0.0,conforme,94073,THIAIS,94,VAL-DE-MARNE,24,CRETEIL,48.76788417090268,2.3899855938434538
0941234F,Collège Jules Ferry,public,hors EP,104.3,88.8,0.0,conforme,89.6,0.0,conforme,94077,VILLENEUVE LE ROI,94,VAL-DE-MARNE,24,CRETEIL,48.73410395002762,2.4202533329079423
0941296Y,Collège Jean Macé,public,REP,85.7,88.8,0.0,conforme,89.6,0.0,conforme,94033,FONTENAY SOUS BOIS,94,VAL-DE-MARNE,24,CRETEIL,48.85651971631681,2.48038882812426
0941299B,Collège Paul Vaillant-Couturier,public,REP,95.1,88.8,6.299999999999997,sur-inclus,89.6,5.5,sur-inclus,94017,CHAMPIGNY SUR MARNE,94,VAL-DE-MARNE,24,CRETEIL,48.813289883659344,2.540472333783582
0941348E,Collège Molière,public,hors EP,108.0,88.8,0.0,conforme,89.6,0.0,conforme,94019,CHENNEVIERES SUR MARNE,94,VAL-DE-MARNE,24,CRETEIL,48.80176236779661,2.534142276396253
0941351H,Collège Louis Issaurat,public,hors EP,92.3,88.8,0.0,conforme,89.6,0.0,conforme,94028,CRETEIL,94,VAL-DE-MARNE,24,CRETEIL,48.78349368019305,2.443652953074841
0941353K,Collège la Cerisaie,public,hors EP,117.8,88.8,0.0,conforme,89.6,0.0,conforme,94018,CHARENTON LE PONT,94,VAL-DE-MARNE,24,CRETEIL,48.82096096686775,2.4098285918977256
0941410X,Collège Jean Moulin,public,hors EP,110.1,88.8,0.0,conforme,89.6,0.0,conforme,94060,LA QUEUE EN BRIE,94,VAL-DE-MARNE,24,CRETEIL,48.79230521582531,2.571860581818469
0941411Y,Collège les Prunais,public,hors EP,101.3,88.8,0.0,conforme,89.6,0.0,conforme,94079,VILLIERS SUR MARNE,94,VAL-DE-MARNE,24,CRETEIL,48.83200417638236,2.5495448859272365
0941412Z,Collège la Guinette,public,hors EP,116.5,88.8,0.0,conforme,89.6,0.0,conforme,94075,VILLECRESNES,94,VAL-DE-MARNE,24,CRETEIL,48.72071294253447,2.5402303959132144
0941431V,Collège Rol-Tanguy,public,hors EP,103.1,88.8,0.0,conforme,89.6,0.0,conforme,94017,CHAMPIGNY SUR MARNE,94,VAL-DE-MARNE,24,CRETEIL,48.815223891693165,2.49252297710061
0941478W,Collège Blaise Cendrars,public,REP,86.4,88.8,0.0,conforme,89.6,0.0,conforme,94004,BOISSY SAINT LEGER,94,VAL-DE-MARNE,24,CRETEIL,48.7513622234738,2.501081605991068
0941596Z,Collège Nicolas de Staël,public,hors EP,122.5,88.8,0.0,conforme,89.6,0.0,conforme,94046,MAISONS ALFORT,94,VAL-DE-MARNE,24,CRETEIL,48.79972821029742,2.441049646340302
0941597A,Collège Edmond Nocard,public,hors EP,110.0,88.8,0.0,conforme,89.6,0.0,conforme,94069,SAINT MAURICE,94,VAL-DE-MARNE,24,CRETEIL,48.81497936627552,2.4559371293606187
0941598B,Collège Hector Berlioz,public,hors EP,146.7,88.8,0.0,conforme,89.6,0.0,conforme,94080,VINCENNES,94,VAL-DE-MARNE,24,CRETEIL,48.8467900679428,2.4269005402491595
0941599C,Collège Édouard Branly,public,hors EP,134.6,88.8,0.0,conforme,89.6,0.0,conforme,94052,NOGENT SUR MARNE,94,VAL-DE-MARNE,24,CRETEIL,48.83523004014952,2.4826050782584668
0941600D,Collège Louis Blanc,public,hors EP,130.8,88.8,0.0,conforme,89.6,0.0,conforme,94068,SAINT MAUR DES FOSSES,94,VAL-DE-MARNE,24,CRETEIL,48.78911384293611,2.4948445278253857
0941601E,Collège Romain Rolland,public,hors EP,89.9,88.8,0.0,conforme,89.6,0.0,conforme,94041,IVRY SUR SEINE,94,VAL-DE-MARNE,24,CRETEIL,48.80242888351624,2.396436803043239
0941602F,Collège Christiane Desroches Noblecourt,public,REP,94.3,88.8,5.5,sur-inclus,89.6,4.700000000000003,sur-inclus,94077,VILLENEUVE LE ROI,94,VAL-DE-MARNE,24,CRETEIL,48.73023988876585,2.4273227586184176
0941603G,Collège Janusz Korczak,public,REP,87.2,88.8,0.0,conforme,89.6,0.0,conforme,94044,LIMEIL BREVANNES,94,VAL-DE-MARNE,24,CRETEIL,48.74247684439589,2.505851465400418
0941679P,Collège Albert Cron,public,hors EP,96.0,88.8,0.0,conforme,89.6,0.0,conforme,94043,LE KREMLIN BICETRE,94,VAL-DE-MARNE,24,CRETEIL,48.80821647769592,2.350122271814376
0941781A,Collège Henri Wallon,public,REP,97.6,88.8,8.799999999999997,sur-inclus,89.6,8.0,sur-inclus,94041,IVRY SUR SEINE,94,VAL-DE-MARNE,24,CRETEIL,48.81500527710868,2.381185722625792
0941782B,Collège Georges Brassens,public,hors EP,119.4,88.8,0.0,conforme,89.6,0.0,conforme,94070,SANTENY,94,VAL-DE-MARNE,24,CRETEIL,48.738488608092986,2.566707444142632
0941783C,Collège Daniel Fery,public,hors EP,104.1,88.8,0.0,conforme,89.6,0.0,conforme,94044,LIMEIL BREVANNES,94,VAL-DE-MARNE,24,CRETEIL,48.75476701277979,2.495842015929086
0941971G,Collège Dulcie September,public,hors EP,100.9,88.8,0.0,conforme,89.6,0.0,conforme,94003,ARCUEIL,94,VAL-DE-MARNE,24,CRETEIL,48.80571341168841,2.3360363626297227
0942127B,Collège Simone de Beauvoir,public,hors EP,90.6,88.8,0.0,conforme,89.6,0.0,conforme,94028,CRETEIL,94,VAL-DE-MARNE,24,CRETEIL,48.76808661853571,2.471535444702728
0942187S,Collège Simone Veil,public,hors EP,122.6,88.8,0.0,conforme,89.6,0.0,conforme,94047,MANDRES LES ROSES,94,VAL-DE-MARNE,24,CRETEIL,48.705415445717726,2.545719298081512
0942188T,Collège Françoise Giroud,public,hors EP,136.1,88.8,0.0,conforme,89.6,0.0,conforme,94080,VINCENNES,94,VAL-DE-MARNE,24,CRETEIL,48.8514642947798,2.4406473419829613
0942434K,Collège Josette et Maurice Audin,public,hors EP,108.3,88.8,0.0,conforme,89.6,0.0,conforme,94081,VITRY SUR SEINE,94,VAL-DE-MARNE,24,CRETEIL,48.798728141295854,2.4096335875579813
0942482M,Collège Samuel Paty,public,REP,89.9,88.8,1.1000000000000085,sur-inclus,89.6,0.30000000000001137,sur-inclus,94074,VALENTON,94,VAL-DE-MARNE,24,CRETEIL,48.73879469980948,2.47246008840683
0942499F,Collège Nelson Mandela,public,hors EP,89.1,88.8,0.0,conforme,89.6,0.5,oublie,94017,CHAMPIGNY SUR MARNE,94,VAL-DE-MARNE,24,CRETEIL,48.815554847208425,2.5166120577580937
0942532S,Collège Gisèle Halimi,public,hors EP,88.3,88.8,0.5,oublie,89.6,1.2999999999999972,oublie,94041,IVRY SUR SEINE,94,VAL-DE-MARNE,24,CRETEIL,48.80986887817607,2.376336355769981
0950014Z,Collège Aristide Briand,public,hors EP,97.3,88.8,0.0,conforme,91.6,0.0,conforme,95199,DOMONT,95,VAL-D'OISE,25,VERSAILLES,49.03484524445043,2.338989762551172
0950019E,Collège Jules Ferry,public,hors EP,123.8,88.8,0.0,conforme,91.6,0.0,conforme,95219,ERMONT,95,VAL-D'OISE,25,VERSAILLES,48.98615466477699,2.260812481113145
0950022H,Collège Bel Air,public,hors EP,93.1,88.8,0.0,conforme,91.6,0.0,conforme,95252,FRANCONVILLE,95,VAL-D'OISE,25,VERSAILLES,48.99350924453712,2.2234491656713344
0950023J,Collège Henri Wallon,public,REP+,68.1,88.8,0.0,conforme,91.6,0.0,conforme,95268,GARGES LES GONESSE,95,VAL-D'OISE,25,VERSAILLES,48.965944430475176,2.407878301629023
0950025L,Collège Philippe Auguste,public,hors EP,88.0,88.8,0.7999999999999972,oublie,91.6,3.5999999999999943,oublie,95277,GONESSE,95,VAL-D'OISE,25,VERSAILLES,48.98883514496915,2.441338600433377
0950026M,Collège Maximilien de Robespierre,public,REP,80.5,88.8,0.0,conforme,91.6,0.0,conforme,95280,GOUSSAINVILLE,95,VAL-D'OISE,25,VERSAILLES,49.03287768745648,2.455606842945268
0950037Z,Collège Jean Zay,public,hors EP,87.8,88.8,1.0,oublie,91.6,3.799999999999997,oublie,95555,SAINT GRATIEN,95,VAL-D'OISE,25,VERSAILLES,48.963422260771466,2.280936234079688
0950039B,Collège Le Parc,public,REP,91.0,88.8,2.200000000000003,sur-inclus,91.6,0.0,conforme,95572,SAINT OUEN L AUMONE,95,VAL-D'OISE,25,VERSAILLES,49.04077077189662,2.110612950522732
0950045H,Collège Évariste Galois,public,REP,73.5,88.8,0.0,conforme,91.6,0.0,conforme,95585,SARCELLES,95,VAL-D'OISE,25,VERSAILLES,48.97514785060492,2.374659430569133
0950046J,Collège Descartes,public,hors EP,110.0,88.8,0.0,conforme,91.6,0.0,conforme,95598,SOISY SOUS MONTMORENCY,95,VAL-D'OISE,25,VERSAILLES,48.980361736168206,2.297642578903709
0950682A,Collège Denis Diderot,public,hors EP,115.6,88.8,0.0,conforme,91.6,0.0,conforme,95197,DEUIL LA BARRE,95,VAL-D'OISE,25,VERSAILLES,48.973371270675344,2.320020576085746
0950711G,Collège Paul Éluard,public,REP+,74.7,88.8,0.0,conforme,91.6,0.0,conforme,95268,GARGES LES GONESSE,95,VAL-D'OISE,25,VERSAILLES,48.977042031503686,2.3982890277673703
0950722U,Collège Jean Moulin,public,hors EP,89.2,88.8,0.0,conforme,91.6,2.3999999999999915,oublie,95582,SANNOIS,95,VAL-D'OISE,25,VERSAILLES,48.9786084453819,2.24227464617648
0950723V,Collège Jean Lurçat,public,REP+,65.8,88.8,0.0,conforme,91.6,0.0,conforme,95585,SARCELLES,95,VAL-D'OISE,25,VERSAILLES,48.97574185893895,2.3790837555276654
0950739M,Collège Antoine de Saint-Exupéry,public,hors EP,90.4,88.8,0.0,conforme,91.6,1.1999999999999886,oublie,95219,ERMONT,95,VAL-D'OISE,25,VERSAILLES,48.994224163369246,2.2498854929375365
0950748X,Collège Wanda Landowska,public,hors EP,116.4,88.8,0.0,conforme,91.6,0.0,conforme,95563,SAINT LEU LA FORET,95,VAL-D'OISE,25,VERSAILLES,49.01122276470211,2.236520860456926
0950749Y,Collège Saint-Exupéry,public,REP+,72.1,88.8,0.0,conforme,91.6,0.0,conforme,95680,VILLIERS LE BEL,95,VAL-D'OISE,25,VERSAILLES,49.001690714763306,2.405627168980533
0950884V,Collège Carnot,public,hors EP,94.3,88.8,0.0,conforme,91.6,0.0,conforme,95018,ARGENTEUIL,95,VAL-D'OISE,25,VERSAILLES,48.94994797318108,2.2509037174278275
0950885W,Collège Irène Joliot-Curie,public,REP,80.2,88.8,0.0,conforme,91.6,0.0,conforme,95018,ARGENTEUIL,95,VAL-D'OISE,25,VERSAILLES,48.95721205965898,2.2806656975395767
0950886X,Collège Claude Monet,public,REP+,70.9,88.8,0.0,conforme,91.6,0.0,conforme,95018,ARGENTEUIL,95,VAL-D'OISE,25,VERSAILLES,48.955099369854246,2.223390537688948
0950887Y,Collège Gabriel Péri,public,REP,88.9,88.8,0.10000000000000853,sur-inclus,91.6,0.0,conforme,95063,BEZONS,95,VAL-D'OISE,25,VERSAILLES,48.93096212124135,2.204302380318817
0950888Z,Collège Henri Wallon,public,REP,83.4,88.8,0.0,conforme,91.6,0.0,conforme,95063,BEZONS,95,VAL-D'OISE,25,VERSAILLES,48.93198915460544,2.215217020041409
0950891C,Collège Pierre de Ronsard,public,hors EP,107.9,88.8,0.0,conforme,91.6,0.0,conforme,95428,MONTMORENCY,95,VAL-D'OISE,25,VERSAILLES,48.99753711909125,2.3197685360607507
0950892D,Collège Jules Ferry,public,hors EP,127.2,88.8,0.0,conforme,91.6,0.0,conforme,95203,EAUBONNE,95,VAL-D'OISE,25,VERSAILLES,48.98369441371809,2.282755712498937
0950893E,Collège André Chénier,public,hors EP,99.7,88.8,0.0,conforme,91.6,0.0,conforme,95203,EAUBONNE,95,VAL-D'OISE,25,VERSAILLES,48.99493602872524,2.2886667334872275
0950894F,Collège Jean-Claude Chabanne,public,hors EP,120.8,88.8,0.0,conforme,91.6,0.0,conforme,95500,PONTOISE,95,VAL-D'OISE,25,VERSAILLES,49.05270643320966,2.101713985240203
0950895G,Collège Simone Veil,public,REP,84.3,88.8,0.0,conforme,91.6,0.0,conforme,95500,PONTOISE,95,VAL-D'OISE,25,VERSAILLES,49.04470945718989,2.0832364383798323
0950896H,Collège Nicolas Flamel,public,hors EP,89.8,88.8,0.0,conforme,91.6,1.7999999999999972,oublie,95500,PONTOISE,95,VAL-D'OISE,25,VERSAILLES,49.05893737780099,2.0849526722343104
0950898K,Collège Pierre et Marie Curie,public,hors EP,117.0,88.8,0.0,conforme,91.6,0.0,conforme,95313,L ISLE ADAM,95,VAL-D'OISE,25,VERSAILLES,49.115577103121154,2.2196808374302224
0950900M,Collège Anatole France,public,REP,70.7,88.8,0.0,conforme,91.6,0.0,conforme,95585,SARCELLES,95,VAL-D'OISE,25,VERSAILLES,48.98068018704452,2.387060632393486
0950908W,Collège François Mauriac,public,hors EP,99.9,88.8,0.0,conforme,91.6,0.0,conforme,95351,LOUVRES,95,VAL-D'OISE,25,VERSAILLES,49.042811601252616,2.507832084827748
0950926R,Collège Stendhal,public,hors EP,95.5,88.8,0.0,conforme,91.6,0.0,conforme,95250,FOSSES,95,VAL-D'OISE,25,VERSAILLES,49.10340684777619,2.510305150088767
0950930V,Collège Georges Pompidou,public,hors EP,121.9,88.8,0.0,conforme,91.6,0.0,conforme,95210,ENGHIEN LES BAINS,95,VAL-D'OISE,25,VERSAILLES,48.964818861365096,2.3041119064964177
0950931W,Collège L'Ardillière de Nézant,public,hors EP,96.2,88.8,0.0,conforme,91.6,0.0,conforme,95539,SAINT BRICE SOUS FORET,95,VAL-D'OISE,25,VERSAILLES,48.995680746932095,2.3467336364176603
0950932X,Collège Jean Vilar,public,hors EP,120.5,88.8,0.0,conforme,91.6,0.0,conforme,95306,HERBLAY SUR SEINE,95,VAL-D'OISE,25,VERSAILLES,48.99488562672273,2.1560095243029176
0950933Y,Collège Jacques Monod,public,hors EP,102.3,88.8,0.0,conforme,91.6,0.0,conforme,95052,BEAUMONT SUR OISE,95,VAL-D'OISE,25,VERSAILLES,49.13788991850035,2.2810021048803333
0950934Z,Collège Georges Brassens,public,REP,84.0,88.8,0.0,conforme,91.6,0.0,conforme,95487,PERSAN,95,VAL-D'OISE,25,VERSAILLES,49.15452977206743,2.274258516099972
0950936B,Collège des Hautiers,public,hors EP,119.2,88.8,0.0,conforme,91.6,0.0,conforme,95370,MARINES,95,VAL-D'OISE,25,VERSAILLES,49.148541861462135,1.9851531486712737
0950937C,Collège Les Touleuses,public,hors EP,103.1,88.8,0.0,conforme,91.6,0.0,conforme,95127,CERGY,95,VAL-D'OISE,25,VERSAILLES,49.02824344450889,2.0799197525415027
0950939E,Collège Léon Blum,public,REP,71.5,88.8,0.0,conforme,91.6,0.0,conforme,95680,VILLIERS LE BEL,95,VAL-D'OISE,25,VERSAILLES,49.00420536347406,2.412101611968913
0950941G,Collège Jean Bullant,public,hors EP,105.6,88.8,0.0,conforme,91.6,0.0,conforme,95205,ECOUEN,95,VAL-D'OISE,25,VERSAILLES,49.02825801670115,2.369829998136058
0950943J,Collège Chantereine,public,REP+,70.9,88.8,0.0,conforme,91.6,0.0,conforme,95585,SARCELLES,95,VAL-D'OISE,25,VERSAILLES,48.984492151035965,2.3760840596044286
0950945L,Collège Le Carré Sainte-Honorine,public,hors EP,106.4,88.8,0.0,conforme,91.6,0.0,conforme,95607,TAVERNY,95,VAL-D'OISE,25,VERSAILLES,49.01080168845365,2.205176327072565
0951050A,Collège Pierre Curie,public,hors EP,85.8,88.8,3.0,oublie,91.6,5.799999999999997,oublie,95280,GOUSSAINVILLE,95,VAL-D'OISE,25,VERSAILLES,49.03827135464313,2.47878315488808
0951051B,Collège Marcel Pagnol,public,hors EP,120.8,88.8,0.0,conforme,91.6,0.0,conforme,95430,MONTSOULT,95,VAL-D'OISE,25,VERSAILLES,49.06708621526797,2.323093476136552
0951052C,Collège Blaise Pascal,public,hors EP,115.8,88.8,0.0,conforme,91.6,0.0,conforme,95652,VIARMES,95,VAL-D'OISE,25,VERSAILLES,49.12528637033165,2.366832171150966
0951094Y,Collège Paul Vaillant-Couturier,public,REP,85.7,88.8,0.0,conforme,91.6,0.0,conforme,95018,ARGENTEUIL,95,VAL-D'OISE,25,VERSAILLES,48.94340927016017,2.2463151799791348
0951098C,Collège Pablo Picasso,public,REP,76.9,88.8,0.0,conforme,91.6,0.0,conforme,95268,GARGES LES GONESSE,95,VAL-D'OISE,25,VERSAILLES,48.97262225484858,2.4170511837127484
0951099D,Collège Jacques Daguerre,public,hors EP,121.8,88.8,0.0,conforme,91.6,0.0,conforme,95176,CORMEILLES EN PARISIS,95,VAL-D'OISE,25,VERSAILLES,48.97267277279097,2.2042827078151164
0951100E,Collège Épine Guyon,public,hors EP,107.5,88.8,0.0,conforme,91.6,0.0,conforme,95252,FRANCONVILLE,95,VAL-D'OISE,25,VERSAILLES,48.99048967221762,2.2162752653131657
0951102G,Collège Claude Monet,public,hors EP,109.4,88.8,0.0,conforme,91.6,0.0,conforme,95355,MAGNY EN VEXIN,95,VAL-D'OISE,25,VERSAILLES,49.15317436008918,1.7898966945546084
0951138W,Collège Jean-Jacques Rousseau,public,REP,83.8,88.8,0.0,conforme,91.6,0.0,conforme,95018,ARGENTEUIL,95,VAL-D'OISE,25,VERSAILLES,48.936611594468815,2.225034327264089
0951139X,Collège Albert Camus,public,REP,90.9,88.8,2.1000000000000085,sur-inclus,91.6,0.0,conforme,95018,ARGENTEUIL,95,VAL-D'OISE,25,VERSAILLES,48.9412080164294,2.213729140235188
0951141Z,Collège Nicolas Copernic,public,hors EP,97.1,88.8,0.0,conforme,91.6,0.0,conforme,95427,MONTMAGNY,95,VAL-D'OISE,25,VERSAILLES,48.9768824577671,2.351615957157491
0951142A,Collège Robert Doisneau,public,REP,86.8,88.8,0.0,conforme,91.6,0.0,conforme,95277,GONESSE,95,VAL-D'OISE,25,VERSAILLES,48.98981386857761,2.42711190676903
0951143B,Collège Jean Moulin,public,hors EP,86.5,88.8,2.299999999999997,oublie,91.6,5.099999999999994,oublie,95019,ARNOUVILLE,95,VAL-D'OISE,25,VERSAILLES,48.978810141622574,2.4239736169640502
0951154N,Collège Camille Claudel,public,hors EP,103.5,88.8,0.0,conforme,91.6,0.0,conforme,95424,MONTIGNY LES CORMEILLES,95,VAL-D'OISE,25,VERSAILLES,48.98946143615587,2.189550922617225
0951190C,Collège Langevin-Wallon,public,hors EP,105.8,88.8,0.0,conforme,91.6,0.0,conforme,95555,SAINT GRATIEN,95,VAL-D'OISE,25,VERSAILLES,48.96825288604703,2.27954725665964
0951194G,Collège Pablo Picasso,public,hors EP,103.0,88.8,0.0,conforme,91.6,0.0,conforme,95218,ERAGNY,95,VAL-D'OISE,25,VERSAILLES,49.02261194741355,2.0977524741409
0951195H,Collège Marcel Pagnol,public,REP,93.2,88.8,4.400000000000006,sur-inclus,91.6,1.6000000000000085,sur-inclus,95572,SAINT OUEN L AUMONE,95,VAL-D'OISE,25,VERSAILLES,49.034156074185695,2.115240822356974
0951196J,Collège Voltaire,public,REP,78.9,88.8,0.0,conforme,91.6,0.0,conforme,95585,SARCELLES,95,VAL-D'OISE,25,VERSAILLES,48.99692982386705,2.37200706907307
0951197K,Collège Georges Brassens,public,hors EP,105.3,88.8,0.0,conforme,91.6,0.0,conforme,95607,TAVERNY,95,VAL-D'OISE,25,VERSAILLES,49.01497196421453,2.2122119060508454
0951230W,Collège Eugénie Cotton,public,REP,82.8,88.8,0.0,conforme,91.6,0.0,conforme,95018,ARGENTEUIL,95,VAL-D'OISE,25,VERSAILLES,48.94644245498279,2.230163379487808
0951232Y,Collège Marie Sklodowska-Curie,public,hors EP,121.3,88.8,0.0,conforme,91.6,0.0,conforme,95491,LE PLESSIS BOUCHARD,95,VAL-D'OISE,25,VERSAILLES,48.99669236679856,2.237153934918163
0951233Z,Collège Frania Eisenbach-Haverland,public,hors EP,122.2,88.8,0.0,conforme,91.6,0.0,conforme,95388,MENUCOURT,95,VAL-D'OISE,25,VERSAILLES,49.02854276191008,1.9782571190658704
0951279Z,Collège Les Coutures,public,hors EP,123.1,88.8,0.0,conforme,91.6,0.0,conforme,95480,PARMAIN,95,VAL-D'OISE,25,VERSAILLES,49.09609265571461,2.2020410255936245
0951352D,Collège Albert Schweitzer,public,hors EP,100.3,88.8,0.0,conforme,91.6,0.0,conforme,95598,SOISY SOUS MONTMORENCY,95,VAL-D'OISE,25,VERSAILLES,48.9948854339396,2.3014844558866723
0951354F,Collège André Malraux,public,hors EP,100.4,88.8,0.0,conforme,91.6,0.0,conforme,95351,LOUVRES,95,VAL-D'OISE,25,VERSAILLES,49.05148781694682,2.509160245944421
0951356H,Collège Lucie Aubrac,public,REP,82.6,88.8,0.0,conforme,91.6,0.0,conforme,95018,ARGENTEUIL,95,VAL-D'OISE,25,VERSAILLES,48.95228380883669,2.23037867176717
0951357J,Collège Anna de Noailles,public,hors EP,113.6,88.8,0.0,conforme,91.6,0.0,conforme,95352,LUZARCHES,95,VAL-D'OISE,25,VERSAILLES,49.10864660341667,2.423410244344618
0951400F,Collège Maubuisson,public,hors EP,110.6,88.8,0.0,conforme,91.6,0.0,conforme,95060,BESSANCOURT,95,VAL-D'OISE,25,VERSAILLES,49.04220104638552,2.2037175481992275
0951401G,Collège La Justice,public,REP,83.7,88.8,0.0,conforme,91.6,0.0,conforme,95127,CERGY,95,VAL-D'OISE,25,VERSAILLES,49.04611545203748,2.0711298311356345
0951403J,Collège La Bruyère,public,hors EP,100.4,88.8,0.0,conforme,91.6,0.0,conforme,95476,OSNY,95,VAL-D'OISE,25,VERSAILLES,49.05897624594165,2.045904928129974
0951527U,Collège Henri Guillaumet,public,hors EP,116.3,88.8,0.0,conforme,91.6,0.0,conforme,95323,JOUY LE MOUTIER,95,VAL-D'OISE,25,VERSAILLES,49.00847322985104,2.04251980787915
0951617S,Collège Gérard Philipe,public,REP,83.7,88.8,0.0,conforme,91.6,0.0,conforme,95127,CERGY,95,VAL-D'OISE,25,VERSAILLES,49.046729051389576,2.043556896629001
0951636M,Collège des Toupets,public,hors EP,104.6,88.8,0.0,conforme,91.6,0.0,conforme,95637,VAUREAL,95,VAL-D'OISE,25,VERSAILLES,49.02091533444707,2.0306423816900376
0951672B,Collège Léonard de Vinci,public,hors EP,108.2,88.8,0.0,conforme,91.6,0.0,conforme,95218,ERAGNY,95,VAL-D'OISE,25,VERSAILLES,49.02232748572462,2.1106075125748056
0951696C,Collège Georges Duhamel,public,hors EP,116.6,88.8,0.0,conforme,91.6,0.0,conforme,95306,HERBLAY SUR SEINE,95,VAL-D'OISE,25,VERSAILLES,48.99964231311272,2.147179799054651
0951697D,Collège Le Moulin à Vent,public,REP,92.9,88.8,4.1000000000000085,sur-inclus,91.6,1.3000000000000114,sur-inclus,95127,CERGY,95,VAL-D'OISE,25,VERSAILLES,49.04770944853642,2.016635619754739
0951705M,Collège La Bussie,public,hors EP,118.8,88.8,0.0,conforme,91.6,0.0,conforme,95637,VAUREAL,95,VAL-D'OISE,25,VERSAILLES,49.03249195242571,2.0198614762646616
0951724H,Collège Sainte-Apolline,public,hors EP,117.0,88.8,0.0,conforme,91.6,0.0,conforme,95183,COURDIMANCHE,95,VAL-D'OISE,25,VERSAILLES,49.04633926791752,2.0029216440213102
0951725J,Collège Jacques-Yves Cousteau,public,hors EP,107.3,88.8,0.0,conforme,91.6,0.0,conforme,95394,MERY SUR OISE,95,VAL-D'OISE,25,VERSAILLES,49.06508278898564,2.182259676004026
0951726K,Collège Le Petit Bois,public,hors EP,98.2,88.8,0.0,conforme,91.6,0.0,conforme,95488,PIERRELAYE,95,VAL-D'OISE,25,VERSAILLES,49.018771798495806,2.161579677149714
0951754R,Collège Voltaire,public,hors EP,117.1,88.8,0.0,conforme,91.6,0.0,conforme,95582,SANNOIS,95,VAL-D'OISE,25,VERSAILLES,48.97566614276767,2.259859223852634
0951799P,Collège Charles Le Brun,public,hors EP,128.8,88.8,0.0,conforme,91.6,0.0,conforme,95428,MONTMORENCY,95,VAL-D'OISE,25,VERSAILLES,48.987737690978605,2.3233564717289124
0951800R,Collège Louis Aragon,public,REP,92.3,88.8,3.5,sur-inclus,91.6,0.7000000000000028,sur-inclus,95424,MONTIGNY LES CORMEILLES,95,VAL-D'OISE,25,VERSAILLES,48.994514690921534,2.2034330147754093
0951801S,Collège des Merisiers,public,hors EP,104.0,88.8,0.0,conforme,91.6,0.0,conforme,95323,JOUY LE MOUTIER,95,VAL-D'OISE,25,VERSAILLES,49.01254830925082,2.0244935647774085
0951822P,Collège Léonard de Vinci,public,hors EP,115.7,88.8,0.0,conforme,91.6,0.0,conforme,95091,BOUFFEMONT,95,VAL-D'OISE,25,VERSAILLES,49.0410179490986,2.311406540649288
0951823R,Collège Charles François Daubigny,public,hors EP,123.3,88.8,0.0,conforme,91.6,0.0,conforme,95039,AUVERS SUR OISE,95,VAL-D'OISE,25,VERSAILLES,49.076280380106645,2.161249687523202
0951909J,Collège Maurice Utrillo,public,hors EP,100.1,88.8,0.0,conforme,91.6,0.0,conforme,95427,MONTMAGNY,95,VAL-D'OISE,25,VERSAILLES,48.96445296387383,2.338939659700138
0951919V,Collège Françoise Dolto,public,hors EP,114.3,88.8,0.0,conforme,91.6,0.0,conforme,95371,MARLY LA VILLE,95,VAL-D'OISE,25,VERSAILLES,49.08679064685195,2.505217557250631
0951920W,Collège François Truffaut,public,REP,78.4,88.8,0.0,conforme,91.6,0.0,conforme,95277,GONESSE,95,VAL-D'OISE,25,VERSAILLES,49.00437744378741,2.423851403429152
0951921X,Collège Montaigne,public,REP,85.1,88.8,0.0,conforme,91.6,0.0,conforme,95280,GOUSSAINVILLE,95,VAL-D'OISE,25,VERSAILLES,49.028503012633486,2.4544001438474075
0951945Y,Collège Victor Hugo,public,REP,83.6,88.8,0.0,conforme,91.6,0.0,conforme,95585,SARCELLES,95,VAL-D'OISE,25,VERSAILLES,48.997227791444985,2.3819415024284494
0951964U,Collège Les Explorateurs,public,hors EP,94.8,88.8,0.0,conforme,91.6,0.0,conforme,95127,CERGY,95,VAL-D'OISE,25,VERSAILLES,49.05207281696845,2.0073796622322333
0951991Y,Collège Cécile Sorel,public,hors EP,121.8,88.8,0.0,conforme,91.6,0.0,conforme,95392,MERIEL,95,VAL-D'OISE,25,VERSAILLES,49.07058719289036,2.2175793543112867
0951992Z,Collège Louis Augustin Bosc,public,hors EP,127.0,88.8,0.0,conforme,91.6,0.0,conforme,95574,SAINT PRIX,95,VAL-D'OISE,25,VERSAILLES,49.00832991693835,2.2693149550999383
0951993A,Collège Martin Luther King,public,REP+,68.4,88.8,0.0,conforme,91.6,0.0,conforme,95680,VILLIERS LE BEL,95,VAL-D'OISE,25,VERSAILLES,49.00527386757813,2.3862797602839376
0952036X,Collège Henri Matisse,public,REP,77.4,88.8,0.0,conforme,91.6,0.0,conforme,95268,GARGES LES GONESSE,95,VAL-D'OISE,25,VERSAILLES,48.9690266284633,2.3985716588527346
0952045G,Collège Louis Hayet,public,hors EP,116.7,88.8,0.0,conforme,91.6,0.0,conforme,95176,CORMEILLES EN PARISIS,95,VAL-D'OISE,25,VERSAILLES,48.95928199584622,2.1918294545514514
0952079U,Collège Rosa Bonheur,public,hors EP,113.2,88.8,0.0,conforme,91.6,0.0,conforme,95101,BRAY ET LU,95,VAL-D'OISE,25,VERSAILLES,49.14079423445766,1.660913881060739
0952080V,Collège Roland Vasseur,public,hors EP,127.4,88.8,0.0,conforme,91.6,0.0,conforme,95658,VIGNY,95,VAL-D'OISE,25,VERSAILLES,49.08770242061891,1.922283238904661
0952086B,Collège Montesquieu,public,hors EP,113.9,88.8,0.0,conforme,91.6,0.0,conforme,95051,BEAUCHAMP,95,VAL-D'OISE,25,VERSAILLES,49.01430261816127,2.182444021332598
0952087C,Collège Pierre Perret,public,hors EP,100.5,88.8,0.0,conforme,91.6,0.0,conforme,95058,BERNES SUR OISE,95,VAL-D'OISE,25,VERSAILLES,49.16048421881432,2.3045207631567903
0952088D,Collège Jean-François Clervoy,public,hors EP,99.0,88.8,0.0,conforme,91.6,0.0,conforme,95252,FRANCONVILLE,95,VAL-D'OISE,25,VERSAILLES,48.988505052912565,2.2205602024336
0952114G,Collège Ariane,public,hors EP,92.6,88.8,0.0,conforme,91.6,0.0,conforme,95018,ARGENTEUIL,95,VAL-D'OISE,25,VERSAILLES,48.96075213477528,2.256283144374936
0952127W,Collège Aimé Césaire,public,hors EP,107.8,88.8,0.0,conforme,91.6,0.0,conforme,95229,EZANVILLE,95,VAL-D'OISE,25,VERSAILLES,49.0337972518097,2.3654165936259046
0952128X,Collège Georges Charpak,public,REP,77.7,88.8,0.0,conforme,91.6,0.0,conforme,95280,GOUSSAINVILLE,95,VAL-D'OISE,25,VERSAILLES,49.02629898419496,2.462354054890572
0952140K,Collège Émilie du Châtelet,public,hors EP,99.2,88.8,0.0,conforme,91.6,0.0,conforme,95197,DEUIL LA BARRE,95,VAL-D'OISE,25,VERSAILLES,48.96928162821508,2.327710757074512
0952205F,Collège Isabelle Autissier,public,hors EP,112.1,88.8,0.0,conforme,91.6,0.0,conforme,95306,HERBLAY SUR SEINE,95,VAL-D'OISE,25,VERSAILLES,49.000878488447,2.1389521699896146
0952236P,Collège Louise Weiss,public,hors EP,122.5,88.8,0.0,conforme,91.6,0.0,conforme,95176,CORMEILLES EN PARISIS,95,VAL-D'OISE,25,VERSAILLES,48.95606436495976,2.18929991344718
0952282P,Collège Caroline Aigle,public,hors EP,93.3,88.8,0.0,conforme,91.6,0.0,conforme,95127,CERGY,95,VAL-D'OISE,25,VERSAILLES,49.05159793053867,2.048826034706841
0952325L,Collège Suzanne Lenglen,public,REP,86.4,88.8,0.0,conforme,91.6,0.0,conforme,95487,PERSAN,95,VAL-D'OISE,25,VERSAILLES,49.14470164473073,2.27188267335214
0952326M,Collège Marie-José Perec,public,hors EP,113.4,88.8,0.0,conforme,91.6,0.0,conforme,95476,OSNY,95,VAL-D'OISE,25,VERSAILLES,49.06880199130601,2.0681425556158275
6200006M,Collège Arthur Giovoni,public,REP,84.2,88.8,0.0,conforme,96.5,0.0,conforme,2A004,AJACCIO,2A,CORSE-DU-SUD,27,CORSE,41.94145744400021,8.74855512535525
6200010S,Collège Fesch,public,hors EP,127.2,88.8,0.0,conforme,96.5,0.0,conforme,2A004,AJACCIO,2A,CORSE-DU-SUD,27,CORSE,41.9159378212722,8.73085743504754
6200011T,Collège Laetitia Bonaparte,public,REP,107.1,88.8,18.299999999999997,sur-inclus,96.5,10.599999999999994,sur-inclus,2A004,AJACCIO,2A,CORSE-DU-SUD,27,CORSE,41.92628305932155,8.734748563149186
6200015X,Collège de Bonifacio,public,hors EP,97.9,88.8,0.0,conforme,96.5,0.0,conforme,2A041,BONIFACIO,2A,CORSE-DU-SUD,27,CORSE,41.4001284254356,9.16289969569105
6200026J,Collège Jacques de Rocca Serra,public,hors EP,95.9,88.8,0.0,conforme,96.5,0.5999999999999943,oublie,2A142,LEVIE,2A,CORSE-DU-SUD,27,CORSE,41.69948144185874,9.12425965327129
6200040Z,Collège Léon Boujot,public,REP,96.0,88.8,7.200000000000003,sur-inclus,96.5,0.0,conforme,2A247,PORTO VECCHIO,2A,CORSE-DU-SUD,27,CORSE,41.59000247913734,9.279163568037063
6200041A,Collège Jean Nicoli,public,REP,98.6,88.8,9.799999999999997,sur-inclus,96.5,2.0999999999999943,sur-inclus,2A249,PROPRIANO,2A,CORSE-DU-SUD,27,CORSE,41.67456824685333,8.901121308670726
6200045E,Collège du Taravo (site André Giusti),public,hors EP,98.9,88.8,0.0,conforme,96.5,0.0,conforme,2A312,SANTA MARIA SICHE,2A,CORSE-DU-SUD,27,CORSE,41.87794842456822,8.981130471472511
6200048H,Collège Camille Borossi,public,hors EP,99.2,88.8,0.0,conforme,96.5,0.0,conforme,2A348,VICO,2A,CORSE-DU-SUD,27,CORSE,42.16603390614203,8.796040301484439
6200055R,Collège Georges Clemenceau,public,hors EP,100.9,88.8,0.0,conforme,96.5,0.0,conforme,2A272,SARTENE,2A,CORSE-DU-SUD,27,CORSE,41.62124831344367,8.975087578822121
6200080T,Collège de Porticcio,public,hors EP,112.3,88.8,0.0,conforme,96.5,0.0,conforme,2A130,GROSSETO PRUGNA,2A,CORSE-DU-SUD,27,CORSE,41.88079996060342,8.797645763036355
6200084X,Collège du Stilettu,public,REP,106.1,88.8,17.299999999999997,sur-inclus,96.5,9.599999999999994,sur-inclus,2A004,AJACCIO,2A,CORSE-DU-SUD,27,CORSE,41.94500358104066,8.775446258416242
6200191N,Collège Baleone,public,hors EP,106.5,88.8,0.0,conforme,96.5,0.0,conforme,2A271,SARROLA CARCOPINO,2A,CORSE-DU-SUD,27,CORSE,41.96659770744656,8.814732933473508
6200697N,Collège Maria de Peretti,public,REP,96.3,88.8,7.5,sur-inclus,96.5,0.0,conforme,2A247,PORTO VECCHIO,2A,CORSE-DU-SUD,27,CORSE,41.57767404890518,9.266768799318289
7200004S,Collège Pascal Paoli,public,hors EP,105.7,88.8,0.0,conforme,96.5,0.0,conforme,2B096,CORTE,2B,HAUTE-CORSE,27,CORSE,42.304579321824605,9.151946616852925
7200012A,Collège Saint-Joseph,public,REP+,61.9,88.8,0.0,conforme,96.5,0.0,conforme,2B033,BASTIA,2B,HAUTE-CORSE,27,CORSE,42.69051320906186,9.447592957238072
7200013B,Collège Montesoro,public,REP,91.5,88.8,2.700000000000003,sur-inclus,96.5,0.0,conforme,2B033,BASTIA,2B,HAUTE-CORSE,27,CORSE,42.67229274467902,9.428744037033026
7200017F,Collège Jean Orabona,public,hors EP,96.5,88.8,0.0,conforme,96.5,0.0,au seuil,2B050,CALVI,2B,HAUTE-CORSE,27,CORSE,42.56082928491857,8.751610482297439
7200020J,Collège P Pescetti,public,hors EP,95.1,88.8,0.0,conforme,96.5,1.4000000000000057,oublie,2B087,CERVIONE,2B,HAUTE-CORSE,27,CORSE,42.327336402236746,9.491399253354423
7200025P,Collège Pascal Paoli,public,hors EP,99.9,88.8,0.0,conforme,96.5,0.0,conforme,2B134,L ILE ROUSSE,2B,HAUTE-CORSE,27,CORSE,42.63239712920311,8.936620347425134
7200027S,Collège de Luri,public,REP,96.6,88.8,7.799999999999997,sur-inclus,96.5,0.09999999999999432,sur-inclus,2B152,LURI,2B,HAUTE-CORSE,27,CORSE,42.89676965026008,9.405049818626775
7200028T,Collège de Moltifao,public,hors EP,94.8,88.8,0.0,conforme,96.5,1.7000000000000028,oublie,2B162,MOLTIFAO,2B,HAUTE-CORSE,27,CORSE,42.48885511029318,9.115960569229948
7200044K,Collège Maria Ghjentile,public,hors EP,103.0,88.8,0.0,conforme,96.5,0.0,conforme,2B298,SAINT FLORENT,2B,HAUTE-CORSE,27,CORSE,42.68221102258079,9.300765625060995
7200053V,Collège de Lucciana-Mariana,public,hors EP,98.9,88.8,0.0,conforme,96.5,0.0,conforme,2B148,LUCCIANA,2B,HAUTE-CORSE,27,CORSE,42.5494752234427,9.458181166324785
7200086F,Collège du Fiumorbo,public,REP,89.0,88.8,0.20000000000000284,sur-inclus,96.5,0.0,conforme,2B251,PRUNELLI DI FIUMORBO,2B,HAUTE-CORSE,27,CORSE,41.99588261716607,9.405189790103693
7200160L,Collège Henri Tomasi Penta di Casinca,public,REP,93.0,88.8,4.200000000000003,sur-inclus,96.5,0.0,conforme,2B207,PENTA DI CASINCA,2B,HAUTE-CORSE,27,CORSE,42.45178925697593,9.505674437286494
7200612C,Collège Giraud,public,hors EP,116.0,88.8,0.0,conforme,96.5,0.0,conforme,2B033,BASTIA,2B,HAUTE-CORSE,27,CORSE,42.697546140832365,9.446977797288763
7200624R,Collège Simon Vinciguerra,public,hors EP,113.9,88.8,0.0,conforme,96.5,0.0,conforme,2B033,BASTIA,2B,HAUTE-CORSE,27,CORSE,42.69617113623772,9.447563935883256
7200727C,Collège de Biguglia,public,hors EP,105.4,88.8,0.0,conforme,96.5,0.0,conforme,2B037,BIGUGLIA,2B,HAUTE-CORSE,27,CORSE,42.59655699084601,9.438629520294686
9710015P,Collège Général De Gaulle,public,hors EP,89.4,88.8,0.0,conforme,89.2,0.0,conforme,97117,LE MOULE,971,GUADELOUPE,32,GUADELOUPE,16.332028081035617,-61.34962529479824
9710016R,Collège Félix Éboué,public,hors EP,98.3,88.8,0.0,conforme,89.2,0.0,conforme,97118,PETIT BOURG,971,GUADELOUPE,32,GUADELOUPE,16.197111570559088,-61.59485031764181
9710021W,Collège Eugène Yssap,public,hors EP,97.4,88.8,0.0,conforme,89.2,0.0,conforme,97128,SAINTE ANNE,971,GUADELOUPE,32,GUADELOUPE,16.22830132437474,-61.37808021973987
9710022X,Collège du Mont des Accords,public,REP,87.8,88.8,0.0,conforme,89.2,0.0,conforme,97801,SAINT MARTIN,971,GUADELOUPE,32,GUADELOUPE,18.069452218170497,-63.07941986733986
9710023Y,Collège Bébel,public,hors EP,90.6,88.8,0.0,conforme,89.2,0.0,conforme,97129,SAINTE ROSE,971,GUADELOUPE,32,GUADELOUPE,16.324429988614693,-61.68850991138755
9710025A,Collège Fernand Balin,public,REP,92.9,88.8,4.1000000000000085,sur-inclus,89.2,3.700000000000003,sur-inclus,97102,ANSE BERTRAND,971,GUADELOUPE,32,GUADELOUPE,16.476076319044715,-61.5061854346642
9710026B,Collège Fontaines Bouillantes,public,REP,89.3,88.8,0.5,sur-inclus,89.2,0.09999999999999432,sur-inclus,97106,BOUILLANTE,971,GUADELOUPE,32,GUADELOUPE,16.167438757348904,-61.775681401456886
9710028D,Collège Maximilien Vrécord,public,hors EP,91.8,88.8,0.0,conforme,89.2,0.0,conforme,97119,PETIT CANAL,971,GUADELOUPE,32,GUADELOUPE,16.378424186630447,-61.48611117079941
9710029E,Collège Courbaril,public,REP,94.2,88.8,5.400000000000006,sur-inclus,89.2,5.0,sur-inclus,97121,POINTE NOIRE,971,GUADELOUPE,32,GUADELOUPE,16.23133697158094,-61.78695907151965
9710030F,Collège Alexandre Macal,public,hors EP,97.1,88.8,0.0,conforme,89.2,0.0,conforme,97125,SAINT FRANCOIS,971,GUADELOUPE,32,GUADELOUPE,16.25034767437891,-61.29679978103077
9710032H,Collège Nelson Mandela,public,REP,96.3,88.8,7.5,sur-inclus,89.2,7.099999999999994,sur-inclus,97108,CAPESTERRE DE MARIE GALANTE,971,GUADELOUPE,32,GUADELOUPE,15.893765120557136,-61.221080690278725
9710033J,Collège Maryse Condé,public,REP,88.4,88.8,0.0,conforme,89.2,0.0,conforme,97110,LA DESIRADE,971,GUADELOUPE,32,GUADELOUPE,16.304903668455466,-61.06845013988448
9710034K,Collège Richard Samuel,public,hors EP,91.8,88.8,0.0,conforme,89.2,0.0,conforme,97109,GOURBEYRE,971,GUADELOUPE,32,GUADELOUPE,15.993009144950005,-61.686670321403405
9710035L,Lycée Mireille Choisy,public,hors EP,106.4,88.8,0.0,conforme,89.2,0.0,conforme,97701,SAINT BARTHELEMY,971,GUADELOUPE,32,GUADELOUPE,17.898658406466016,-62.84943972424056
9710036M,Collège Rémy Nainsouta,public,hors EP,113.9,88.8,0.0,conforme,89.2,0.0,conforme,97124,SAINT CLAUDE,971,GUADELOUPE,32,GUADELOUPE,16.017889761799623,-61.715760400357055
9710037N,Collège Albert Baclet,public,hors EP,83.3,88.8,5.5,oublie,89.2,5.900000000000006,oublie,97126,SAINT LOUIS,971,GUADELOUPE,32,GUADELOUPE,15.954198991964214,-61.31800337078983
9710039R,Collège Edmond Bambuck,public,hors EP,94.9,88.8,0.0,conforme,89.2,0.0,conforme,97113,LE GOSIER,971,GUADELOUPE,32,GUADELOUPE,16.21178355388639,-61.489249633094616
9710040S,Collège Maurice Satineau,public,hors EP,98.6,88.8,0.0,conforme,89.2,0.0,conforme,97103,BAIE MAHAULT,971,GUADELOUPE,32,GUADELOUPE,16.26096040628739,-61.593023664634885
9710041T,Collège Jean Jaurès,public,REP+,85.1,88.8,0.0,conforme,89.2,0.0,conforme,97104,BAILLIF,971,GUADELOUPE,32,GUADELOUPE,16.01668467617685,-61.74351443944159
9710045X,Collège Suze Angely,public,hors EP,84.9,88.8,3.8999999999999915,oublie,89.2,4.299999999999997,oublie,97134,VIEUX HABITANTS,971,GUADELOUPE,32,GUADELOUPE,16.055245970131896,-61.76672687073747
9710072B,Collège Jules Michelet,public,hors EP,78.6,88.8,10.200000000000003,oublie,89.2,10.600000000000009,oublie,97120,POINTE A PITRE,971,GUADELOUPE,32,GUADELOUPE,16.237373451975248,-61.53550846137415
9710073C,Collège Sadi Carnot,public,REP,90.8,88.8,2.0,sur-inclus,89.2,1.5999999999999943,sur-inclus,97120,POINTE A PITRE,971,GUADELOUPE,32,GUADELOUPE,16.238600422109922,-61.53624311395728
9710086S,Collège Appel du 18 Juin,public,hors EP,92.5,88.8,0.0,conforme,89.2,0.0,conforme,97115,LAMENTIN,971,GUADELOUPE,32,GUADELOUPE,16.274703896274566,-61.62932017398512
9710403L,Collège Florette Morand,public,hors EP,91.0,88.8,0.0,conforme,89.2,0.0,conforme,97116,MORNE A L EAU,971,GUADELOUPE,32,GUADELOUPE,16.339907209665288,-61.45689042330873
9710405N,Collège Raizet,public,hors EP,84.9,88.8,3.8999999999999915,oublie,89.2,4.299999999999997,oublie,97101,LES ABYMES,971,GUADELOUPE,32,GUADELOUPE,16.259647181631955,-61.52929572730958
9710406P,Collège Germain Saint-Ruf,public,REP,87.1,88.8,0.0,conforme,89.2,0.0,conforme,97107,CAPESTERRE BELLE EAU,971,GUADELOUPE,32,GUADELOUPE,16.04362725672896,-61.56454612175841
9710482X,Collège Joseph Pitat,public,hors EP,83.2,88.8,5.599999999999994,oublie,89.2,6.0,oublie,97105,BASSE TERRE,971,GUADELOUPE,32,GUADELOUPE,15.9932956654293,-61.71932540471415
9710584H,Collège de Port-Louis,public,hors EP,92.6,88.8,0.0,conforme,89.2,0.0,conforme,97122,PORT LOUIS,971,GUADELOUPE,32,GUADELOUPE,16.417296430035066,-61.52376290067495
9710643X,Collège Félix Aladin Flémin,public,hors EP,97.7,88.8,0.0,conforme,89.2,0.0,conforme,97111,DESHAIES,971,GUADELOUPE,32,GUADELOUPE,16.307726423559778,-61.7882128605365
9710644Y,Collège Matéliane,public,hors EP,93.4,88.8,0.0,conforme,89.2,0.0,conforme,97114,GOYAVE,971,GUADELOUPE,32,GUADELOUPE,16.132531390496915,-61.574100119857896
9710661S,Collège Nestor de Kermadec,public,REP+,70.2,88.8,0.0,conforme,89.2,0.0,conforme,97120,POINTE A PITRE,971,GUADELOUPE,32,GUADELOUPE,16.234838556811745,-61.53344200129912
9710686U,Collège Front de Mer,public,REP,80.7,88.8,0.0,conforme,89.2,0.0,conforme,97120,POINTE A PITRE,971,GUADELOUPE,32,GUADELOUPE,16.249739340006357,-61.54502892749643
9710687V,Collège Olympe Rame Decorbin,public,hors EP,97.1,88.8,0.0,conforme,89.2,0.0,conforme,97128,SAINTE ANNE,971,GUADELOUPE,32,GUADELOUPE,16.260969482828635,-61.37617230335616
9710707S,Collège les Roches Gravées,public,hors EP,97.4,88.8,0.0,conforme,89.2,0.0,conforme,97132,TROIS RIVIERES,971,GUADELOUPE,32,GUADELOUPE,15.974782763652629,-61.64634536853803
9710710V,Collège Alexandre Isaac,public,REP,84.1,88.8,0.0,conforme,89.2,0.0,conforme,97101,LES ABYMES,971,GUADELOUPE,32,GUADELOUPE,16.278851224125525,-61.50644991429143
9710826W,Collège Saint-John-Perse,public,hors EP,91.6,88.8,0.0,conforme,89.2,0.0,conforme,97101,LES ABYMES,971,GUADELOUPE,32,GUADELOUPE,16.24949786832079,-61.531639967733206
9710926E,Collège Gaston Calmet,public,hors EP,96.0,88.8,0.0,conforme,89.2,0.0,conforme,97112,GRAND BOURG,971,GUADELOUPE,32,GUADELOUPE,15.884454763530726,-61.3153286646456
9710938T,Collège Aurélie Lambourde,public,REP,89.2,88.8,0.4000000000000057,sur-inclus,89.2,0.0,au seuil,97101,LES ABYMES,971,GUADELOUPE,32,GUADELOUPE,16.27198710583062,-61.502345644669006
9711023K,Collège Soualiga,public,hors EP,87.9,88.8,0.8999999999999915,oublie,89.2,1.2999999999999972,oublie,97801,SAINT MARTIN,971,GUADELOUPE,32,GUADELOUPE,18.11088962817617,-63.05246026287724
9711086D,Collège de Gourdeliane,public,hors EP,117.2,88.8,0.0,conforme,89.2,0.0,conforme,97103,BAIE MAHAULT,971,GUADELOUPE,32,GUADELOUPE,16.24767216022556,-61.5950904239608
9711087E,Collège roche gravée de Moho,public,REP+,77.8,88.8,0.0,conforme,89.2,0.0,conforme,97801,SAINT MARTIN,971,GUADELOUPE,32,GUADELOUPE,18.06395184129821,-63.03502027876942
9711155D,Collège Archipel des Saintes,public,hors EP,99.8,88.8,0.0,conforme,89.2,0.0,conforme,97131,TERRE DE HAUT,971,GUADELOUPE,32,GUADELOUPE,15.872143406128044,-61.576859532805
9711181G,Collège Bois Rada,public,REP,93.7,88.8,4.900000000000006,sur-inclus,89.2,4.5,sur-inclus,97129,SAINTE ROSE,971,GUADELOUPE,32,GUADELOUPE,16.280690780790454,-61.67041044710481
9711205H,Cité scolaire d'excellence sportive - lycée,public,hors EP,125.8,88.8,0.0,conforme,89.2,0.0,conforme,97101,LES ABYMES,971,GUADELOUPE,32,GUADELOUPE,16.255613648383896,-61.520854918349386
9711218X,Collège de Guenette,public,hors EP,99.4,88.8,0.0,conforme,89.2,0.0,conforme,97117,LE MOULE,971,GUADELOUPE,32,GUADELOUPE,16.32483141280193,-61.32991401729572
9711231L,Collège Sylviane Telchid,public,hors EP,90.7,88.8,0.0,conforme,89.2,0.0,conforme,97107,CAPESTERRE BELLE EAU,971,GUADELOUPE,32,GUADELOUPE,16.08682964593768,-61.56537484867429
9720006Z,Collège Joseph Lagrosillière,public,hors EP,97.5,88.8,0.0,conforme,91.5,0.0,conforme,97228,SAINTE MARIE,972,MARTINIQUE,31,MARTINIQUE,14.77712537148153,-60.99023935436793
9720007A,Collège Aimé Césaire de Fort de France,public,REP+,71.7,88.8,0.0,conforme,91.5,0.0,conforme,97209,FORT DE FRANCE,972,MARTINIQUE,31,MARTINIQUE,14.611443722729364,-61.07119798782066
9720008B,Collège du Carbet,public,hors EP,99.7,88.8,0.0,conforme,91.5,0.0,conforme,97204,LE CARBET,972,MARTINIQUE,31,MARTINIQUE,14.711968149557345,-61.18352694212467
9720010D,Collège François Auguste Perrinon,public,hors EP,106.2,88.8,0.0,conforme,91.5,0.0,conforme,97209,FORT DE FRANCE,972,MARTINIQUE,31,MARTINIQUE,14.611714078801477,-61.082610695469135
9720012F,Collège Euzhan Palcy,public,REP,92.2,88.8,3.4000000000000057,sur-inclus,91.5,0.7000000000000028,sur-inclus,97212,GROS MORNE,972,MARTINIQUE,31,MARTINIQUE,14.71217926248664,-60.996560055649766
9720016K,Collège Christiane Eda-Pierre,public,REP,88.5,88.8,0.0,conforme,91.5,0.0,conforme,97218,LE MORNE ROUGE,972,MARTINIQUE,31,MARTINIQUE,14.76829424199991,-61.13816287818186
9720017L,Collège Jacques Roumain,public,hors EP,90.6,88.8,0.0,conforme,91.5,0.9000000000000057,oublie,97220,RIVIERE PILOTE,972,MARTINIQUE,31,MARTINIQUE,14.485871827415718,-60.90405571558029
9720019N,Collège Paul Symphor,public,REP,93.5,88.8,4.700000000000003,sur-inclus,91.5,2.0,sur-inclus,97222,LE ROBERT,972,MARTINIQUE,31,MARTINIQUE,14.68051029284604,-60.94006428124379
9720020P,Collège Edmond Lucien Valard,public,hors EP,99.9,88.8,0.0,conforme,91.5,0.0,conforme,97223,SAINT ESPRIT,972,MARTINIQUE,31,MARTINIQUE,14.55791869112265,-60.9440402865398
9720021R,Collège Belle étoile,public,REP,96.9,88.8,8.100000000000009,sur-inclus,91.5,5.400000000000006,sur-inclus,97224,SAINT JOSEPH,972,MARTINIQUE,31,MARTINIQUE,14.676934247872456,-61.035970173931496
9720025V,Collège Rose Saint-Just,public,hors EP,108.7,88.8,0.0,conforme,91.5,0.0,conforme,97230,LA TRINITE,972,MARTINIQUE,31,MARTINIQUE,14.738156788949365,-60.96396026771915
9720028Y,Collège Eugène Mona,public,REP,88.5,88.8,0.0,conforme,91.5,0.0,conforme,97216,LE MARIGOT,972,MARTINIQUE,31,MARTINIQUE,14.822176085558365,-61.02806017571088
9720031B,Collège du Vauclin,public,REP+,95.0,88.8,6.200000000000003,sur-inclus,91.5,3.5,sur-inclus,97232,LE VAUCLIN,972,MARTINIQUE,31,MARTINIQUE,14.544374146057097,-60.8377396567457
9720035F,Collège Jane Nardal (ex Collège du Diamant),public,hors EP,115.8,88.8,0.0,conforme,91.5,0.0,conforme,97206,LE DIAMANT,972,MARTINIQUE,31,MARTINIQUE,14.488211937968208,-61.02728035893423
9720043P,Collège Constant Le Ray,public,hors EP,105.5,88.8,0.0,conforme,91.5,0.0,conforme,97222,LE ROBERT,972,MARTINIQUE,31,MARTINIQUE,14.693217851852443,-60.97409974946543
9720052Z,Collège Julia Nicolas,public,hors EP,75.4,88.8,13.399999999999991,oublie,91.5,16.099999999999994,oublie,97209,FORT DE FRANCE,972,MARTINIQUE,31,MARTINIQUE,14.605006324249858,-61.06635696326365
9720083H,Collège Petit Manoir,public,REP,79.2,88.8,0.0,conforme,91.5,0.0,conforme,97213,LE LAMENTIN,972,MARTINIQUE,31,MARTINIQUE,14.612497731208448,-60.99675468258563
9720084J,Collège Jacqueline Julius,public,REP+,81.9,88.8,0.0,conforme,91.5,0.0,conforme,97209,FORT DE FRANCE,972,MARTINIQUE,31,MARTINIQUE,14.634087618195736,-61.06932310722952
9720349X,Collège Roger Castendet,public,hors EP,102.0,88.8,0.0,conforme,91.5,0.0,conforme,97209,FORT DE FRANCE,972,MARTINIQUE,31,MARTINIQUE,14.62258438837267,-61.055519920318645
9720351Z,Collège Beauséjour,public,REP,87.0,88.8,0.0,conforme,91.5,0.0,conforme,97230,LA TRINITE,972,MARTINIQUE,31,MARTINIQUE,14.74566128170332,-60.94992030130677
9720411P,Collège Tartenson,public,hors EP,118.3,88.8,0.0,conforme,91.5,0.0,conforme,97209,FORT DE FRANCE,972,MARTINIQUE,31,MARTINIQUE,14.606310909378866,-61.078999239093775
9720412R,Collège Fernand Donatien,public,REP,79.2,88.8,0.0,conforme,91.5,0.0,conforme,97209,FORT DE FRANCE,972,MARTINIQUE,31,MARTINIQUE,14.607765645215366,-61.045149684748765
9720428H,Collège Jeanne et Émile Adenet (la Jetée),public,hors EP,90.5,88.8,0.0,conforme,91.5,1.0,oublie,97210,LE FRANCOIS,972,MARTINIQUE,31,MARTINIQUE,14.617603786523704,-60.89838985635038
9720445B,Collège Hubert Nero,public,REP+,81.9,88.8,0.0,conforme,91.5,0.0,conforme,97214,LE LORRAIN,972,MARTINIQUE,31,MARTINIQUE,14.831602137446968,-61.055538259790026
9720446C,Collège Louis Delgrès,public,REP+,82.5,88.8,0.0,conforme,91.5,0.0,conforme,97225,SAINT PIERRE,972,MARTINIQUE,31,MARTINIQUE,14.748124212266209,-61.17696990493695
9720447D,Collège Gérard Café,public,REP,91.2,88.8,2.4000000000000057,sur-inclus,91.5,0.0,conforme,97217,LE MARIN,972,MARTINIQUE,31,MARTINIQUE,14.471266306754242,-60.862970368613645
9720448E,Collège Georges Elisabeth,public,hors EP,91.5,88.8,0.0,conforme,91.5,0.0,au seuil,97221,RIVIERE SALEE,972,MARTINIQUE,31,MARTINIQUE,14.524896936151398,-60.97437235689317
9720449F,Collège de Sainte-Luce,public,hors EP,101.9,88.8,0.0,conforme,91.5,0.0,conforme,97227,SAINTE LUCE,972,MARTINIQUE,31,MARTINIQUE,14.468265739007876,-60.91965991465103
9720455M,Collège Vincent Placoly,public,hors EP,114.6,88.8,0.0,conforme,91.5,0.0,conforme,97229,SCHOELCHER,972,MARTINIQUE,31,MARTINIQUE,14.622285050745225,-61.09631339729242
9720469C,Collège Asselin de Beauville,public,hors EP,106.9,88.8,0.0,conforme,91.5,0.0,conforme,97207,DUCOS,972,MARTINIQUE,31,MARTINIQUE,14.573104302621031,-60.97570011514783
9720470D,Collège Édouard Glissant,public,hors EP,100.3,88.8,0.0,conforme,91.5,0.0,conforme,97213,LE LAMENTIN,972,MARTINIQUE,31,MARTINIQUE,14.615708189706073,-60.99031939294
9720472F,Collège Aimé Césaire - Basse Pointe,public,REP+,80.4,88.8,0.0,conforme,91.5,0.0,conforme,97203,BASSE POINTE,972,MARTINIQUE,31,MARTINIQUE,14.867990418391756,-61.120049563469145
9720495F,Collège Trianon,public,REP+,89.3,88.8,0.5,sur-inclus,91.5,0.0,conforme,97210,LE FRANCOIS,972,MARTINIQUE,31,MARTINIQUE,14.6205289328091,-60.91157033423824
9720498J,Collège Suzanne Roussi-Césaire,public,hors EP,101.1,88.8,0.0,conforme,91.5,0.0,conforme,97231,LES TROIS ILETS,972,MARTINIQUE,31,MARTINIQUE,14.53798590900143,-61.04178029670098
9720513A,Collège Emmanuel Saldès,public,REP+,80.3,88.8,0.0,conforme,91.5,0.0,conforme,97228,SAINTE MARIE,972,MARTINIQUE,31,MARTINIQUE,14.785477110407468,-60.99899027082465
9720514B,Collège Isidore Pelage,public,hors EP,96.7,88.8,0.0,conforme,91.5,0.0,conforme,97226,SAINTE ANNE,972,MARTINIQUE,31,MARTINIQUE,14.432909553137735,-60.87975583066186
9720565G,Collège Alexandre Stellio,public,hors EP,90.8,88.8,0.0,conforme,91.5,0.7000000000000028,oublie,97202,LES ANSES D ARLET,972,MARTINIQUE,31,MARTINIQUE,14.491910103994693,-61.07723003514199
9720682J,Collège Cassien Sainte-Claire,public,REP,85.4,88.8,0.0,conforme,91.5,0.0,conforme,97209,FORT DE FRANCE,972,MARTINIQUE,31,MARTINIQUE,14.636299622964131,-61.03902018602863
9720684L,Collège de Terreville,public,hors EP,115.0,88.8,0.0,conforme,91.5,0.0,conforme,97229,SCHOELCHER,972,MARTINIQUE,31,MARTINIQUE,14.630232964512178,-61.10071017994075
9720708M,Collège Jenny Alpha  (Ex Dillon 2),public,REP+,76.6,88.8,0.0,conforme,91.5,0.0,conforme,97209,FORT DE FRANCE,972,MARTINIQUE,31,MARTINIQUE,14.608342157568362,-61.04298971619976
9720842H,Collège de Morne des Esses,public,REP,86.7,88.8,0.0,conforme,91.5,0.0,conforme,97228,SAINTE MARIE,972,MARTINIQUE,31,MARTINIQUE,14.74474961849002,-61.01613034514083
9720848P,Collège Mandy François-Elie (ex - Place d'Armes 2),public,REP,97.7,88.8,8.900000000000006,sur-inclus,91.5,6.200000000000003,sur-inclus,97213,LE LAMENTIN,972,MARTINIQUE,31,MARTINIQUE,14.615708189706073,-60.99031939294
9720861D,Collège Robert 3,public,REP,89.2,88.8,0.4000000000000057,sur-inclus,91.5,0.0,conforme,97222,LE ROBERT,972,MARTINIQUE,31,MARTINIQUE,14.67003560334826,-60.94447954133231
9730020J,Collège Auxence Contout,public,REP+,73.2,88.8,0.0,conforme,96.8,0.0,conforme,97302,CAYENNE,973,GUYANE,33,GUYANE,4.937997093332722,-52.32393839584209
9730083C,Collège Gérard Holder,public,REP+,89.5,88.8,0.7000000000000028,sur-inclus,96.8,0.0,conforme,97302,CAYENNE,973,GUYANE,33,GUYANE,4.929788994800419,-52.31596507060845
9730091L,Collège Paul Kapel,public,REP+,81.6,88.8,0.0,conforme,96.8,0.0,conforme,97302,CAYENNE,973,GUYANE,33,GUYANE,4.928757212494947,-52.3231698305509
9730110G,Collège Eugénie Tell-Eboué (Saint-Laurent I),public,REP+,83.6,88.8,0.0,conforme,96.8,0.0,conforme,97311,SAINT LAURENT DU MARONI,973,GUYANE,33,GUYANE,5.503966415464399,-54.027881321610295
9730125Y,Collège Henri Agarande (Kourou I),public,REP+,81.9,88.8,0.0,conforme,96.8,0.0,conforme,97304,KOUROU,973,GUYANE,33,GUYANE,5.16503496121208,-52.6434566655344
9730130D,Collège Eugène Nonnon,public,REP+,76.2,88.8,0.0,conforme,96.8,0.0,conforme,97302,CAYENNE,973,GUYANE,33,GUYANE,4.941425734458686,-52.33163274323312
9730145V,Collège Élie Castor,public,REP+,77.9,88.8,0.0,conforme,96.8,0.0,conforme,97312,SINNAMARY,973,GUYANE,33,GUYANE,5.381882938020907,-52.9548402375789
9730173A,Collège Chlore Constant,public,REP+,69.4,88.8,0.0,conforme,96.8,0.0,conforme,97308,SAINT GEORGES,973,GUYANE,33,GUYANE,3.89075405524206,-51.80158020383675
9730179G,Collège Auguste Dédé,public,hors EP,113.0,88.8,0.0,conforme,96.8,0.0,conforme,97309,REMIRE MONTJOLY,973,GUYANE,33,GUYANE,4.907017272508402,-52.27780064715585
9730182K,Collège La Canopée -Matoury I,public,REP+,85.5,88.8,0.0,conforme,96.8,0.0,conforme,97307,MATOURY,973,GUYANE,33,GUYANE,4.842455625029976,-52.329340866552606
9730192W,Collège Léo Othily,public,REP+,72.1,88.8,0.0,conforme,96.8,0.0,conforme,97306,MANA,973,GUYANE,33,GUYANE,5.671095321792683,-53.7793200392691
9730193X,Collège Gran Man Difou,public,REP+,72.1,88.8,0.0,conforme,96.8,0.0,conforme,97353,MARIPASOULA,973,GUYANE,33,GUYANE,3.64403238602736,-54.03408756654566
9730206L,Collège Just Hyasine,public,REP+,80.0,88.8,0.0,conforme,96.8,0.0,conforme,97305,MACOURIA,973,GUYANE,33,GUYANE,5.013046631785412,-52.47815966770506
9730218Z,Collège Lise Ophion (Matoury II),public,REP+,73.0,88.8,0.0,conforme,96.8,0.0,conforme,97307,MATOURY,973,GUYANE,33,GUYANE,4.889986958705637,-52.34283961232714
9730219A,Collège Ferdinand Madeleine,public,REP+,77.8,88.8,0.0,conforme,96.8,0.0,conforme,97303,IRACOUBO,973,GUYANE,33,GUYANE,5.475934800608943,-53.21192262991041
9730237V,Collège Victor Schoelcher (Kourou II),public,REP+,83.5,88.8,0.0,conforme,96.8,0.0,conforme,97304,KOUROU,973,GUYANE,33,GUYANE,5.155554172459006,-52.66853741637755
9730247F,Collège Justin Catayée (Cayenne V),public,REP+,68.6,88.8,0.0,conforme,96.8,0.0,conforme,97302,CAYENNE,973,GUYANE,33,GUYANE,4.9176399313382335,-52.30855955893174
9730248G,Collège Albert Londres - Saint-Laurent II,public,REP+,70.4,88.8,0.0,conforme,96.8,0.0,conforme,97311,SAINT LAURENT DU MARONI,973,GUYANE,33,GUYANE,5.471970820763775,-54.03107162805494
9730306V,Collège Omeba Tobo (Kourou III),public,REP+,84.7,88.8,0.0,conforme,96.8,0.0,conforme,97304,KOUROU,973,GUYANE,33,GUYANE,5.173465451024606,-52.65014296332478
9730307W,Collège Concorde-Maurice Dumesnil,public,REP+,73.2,88.8,0.0,conforme,96.8,0.0,conforme,97307,MATOURY,973,GUYANE,33,GUYANE,4.835132725327711,-52.35117007411128
9730329V,Collège Paul Jean Louis,public,REP+,66.5,88.8,0.0,conforme,96.8,0.0,conforme,97311,SAINT LAURENT DU MARONI,973,GUYANE,33,GUYANE,5.481067756110026,-54.013070596902814
9730337D,Ma Aiye - Collège d'Apatou,public,REP+,71.2,88.8,0.0,conforme,96.8,0.0,conforme,97360,APATOU,973,GUYANE,33,GUYANE,5.157164756708714,-54.34276907235035
9730348R,Collège Leodate Volmar,public,REP+,67.0,88.8,0.0,conforme,96.8,0.0,conforme,97311,SAINT LAURENT DU MARONI,973,GUYANE,33,GUYANE,5.4883689227103805,-54.03559174238066
9730370P,Collège Réeberg Néron,public,REP+,82.0,88.8,0.0,conforme,96.8,0.0,conforme,97309,REMIRE MONTJOLY,973,GUYANE,33,GUYANE,4.895436364084357,-52.27850182300151
9730373T,Collège Paule Berthelot,public,REP+,70.3,88.8,0.0,conforme,96.8,0.0,conforme,97306,MANA,973,GUYANE,33,GUYANE,5.60451614072497,-53.81686483676857
9730374U,Collège Antoine Sylvère Felix,public,REP+,96.8,88.8,8.0,sur-inclus,96.8,0.0,au seuil,97305,MACOURIA,973,GUYANE,33,GUYANE,4.92306509984753,-52.40721658198856
9730380A,Collège Achmat Kartadinama (Grand-Santi),public,REP+,71.6,88.8,0.0,conforme,96.8,0.0,conforme,97357,GRAND SANTI,973,GUYANE,33,GUYANE,4.276021260911382,-54.38201971453933
9730381B,Collège Capitaine Charles Tafanier (Papaichton),public,REP+,73.7,88.8,0.0,conforme,96.8,0.0,conforme,97362,PAPAICHTON,973,GUYANE,33,GUYANE,3.8129691227780143,-54.14644991383088
9730394R,Collège Arsène Bouyer D'Angoma (Saint-Laurent V),public,REP+,70.9,88.8,0.0,conforme,96.8,0.0,conforme,97311,SAINT LAURENT DU MARONI,973,GUYANE,33,GUYANE,5.483738878440353,-54.03134916195046
9730451C,Collège Paul Suitman,public,REP+,65.5,88.8,0.0,conforme,96.8,0.0,conforme,97356,CAMOPI,973,GUYANE,33,GUYANE,3.164719605873625,-52.33643993938812
9730483M,Collège Joseph Ho Ten You,public,REP+,86.8,88.8,0.0,conforme,96.8,0.0,conforme,97304,KOUROU,973,GUYANE,33,GUYANE,5.171398756618388,-52.65826599004208
9730570G,Collège VI de Saint-Laurent du Maroni,public,REP+,79.4,88.8,0.0,conforme,96.8,0.0,conforme,97311,SAINT LAURENT DU MARONI,973,GUYANE,33,GUYANE,5.476759747730335,-54.03855131639754
9730587A,Collège de Montsinery-Tonnegrande,public,REP+,77.3,88.8,0.0,conforme,96.8,0.0,conforme,97313,MONTSINERY TONNEGRANDE,973,GUYANE,33,GUYANE,4.890272982505106,-52.4947593319341
9740005M,Collège Adrien Cadet,public,hors EP,102.8,88.8,0.0,conforme,83.8,0.0,conforme,97401,LES AVIRONS,974,LA REUNION,28,LA REUNION,-21.24150613288931,55.33123627899116
9740006N,Collège le Dimitile,public,hors EP,96.8,88.8,0.0,conforme,83.8,0.0,conforme,97403,ENTRE DEUX,974,LA REUNION,28,LA REUNION,-21.24953092295139,55.47058785949234
9740011U,Collège Hégésippe Hoarau,public,hors EP,90.6,88.8,0.0,conforme,83.8,0.0,conforme,97414,SAINT LOUIS,974,LA REUNION,28,LA REUNION,-21.260157353842665,55.43711579804383
9740012V,Collège Le Ruisseau,public,hors EP,92.8,88.8,0.0,conforme,83.8,0.0,conforme,97414,SAINT LOUIS,974,LA REUNION,28,LA REUNION,-21.25624705076381,55.43633994252789
9740018B,Collège Harry GRUCHET - La Chaloupe Saint-Leu,public,REP,78.4,88.8,0.0,conforme,83.8,0.0,conforme,97413,SAINT LEU,974,LA REUNION,28,LA REUNION,-21.15149863626656,55.3204181598646
9740022F,Collège Adrien Cerneau,public,REP,81.6,88.8,0.0,conforme,83.8,0.0,conforme,97418,SAINTE MARIE,974,LA REUNION,28,LA REUNION,-20.894983725869047,55.55265817027803
9740027L,Collège de la Ravine des Cabris,public,REP,86.6,88.8,0.0,conforme,83.8,2.799999999999997,sur-inclus,97416,SAINT PIERRE,974,LA REUNION,28,LA REUNION,-21.288499857914907,55.46114754876427
9740035V,Collège Célimène Gaudieux,public,REP+,80.1,88.8,0.0,conforme,83.8,0.0,conforme,97415,SAINT PAUL,974,LA REUNION,28,LA REUNION,-21.088562179504176,55.26780516630669
9740036W,Collège Terrain Fleury,public,hors EP,83.5,88.8,5.299999999999997,oublie,83.8,0.29999999999999716,oublie,97422,LE TAMPON,974,LA REUNION,28,LA REUNION,-21.286095572306166,55.52599094320075
9740037X,Collège Gaston Crochet,public,REP,82.0,88.8,0.0,conforme,83.8,0.0,conforme,97406,LA PLAINE DES PALMISTES,974,LA REUNION,28,LA REUNION,-21.13983002268992,55.62910395737825
9740039Z,Collège Albert Lougnon,public,REP+,81.7,88.8,0.0,conforme,83.8,0.0,conforme,97415,SAINT PAUL,974,LA REUNION,28,LA REUNION,-21.040354032871043,55.29541656597488
9740042C,Collège de la Montagne,public,hors EP,102.7,88.8,0.0,conforme,83.8,0.0,conforme,97411,SAINT DENIS,974,LA REUNION,28,LA REUNION,-20.893340132831486,55.422455336711415
9740044E,Collège Thérésien Cadet,public,REP,78.7,88.8,0.0,conforme,83.8,0.0,conforme,97419,SAINTE ROSE,974,LA REUNION,28,LA REUNION,-21.15428174859496,55.82546413155988
9740046G,Collège Fanny Desjardins,public,hors EP,88.4,88.8,0.3999999999999915,oublie,83.8,0.0,conforme,97402,BRAS PANON,974,LA REUNION,28,LA REUNION,-21.000653155835508,55.6835730754836
9740065C,Collège du Bassin Bleu,public,REP,83.4,88.8,0.0,conforme,83.8,0.0,conforme,97410,SAINT BENOIT,974,LA REUNION,28,LA REUNION,-21.08467589515356,55.74314740552955
9740069G,Collège de l'Étang Saint-Paul,public,REP,90.7,88.8,1.9000000000000057,sur-inclus,83.8,6.900000000000006,sur-inclus,97415,SAINT PAUL,974,LA REUNION,28,LA REUNION,-20.98162557490144,55.28471003195644
9740070H,Collège du 14e km,public,hors EP,85.4,88.8,3.3999999999999915,oublie,83.8,0.0,conforme,97422,LE TAMPON,974,LA REUNION,28,LA REUNION,-21.25071879371023,55.52492671831271
9740080U,Collège Bourbon,public,REP+,74.7,88.8,0.0,conforme,83.8,0.0,conforme,97411,SAINT DENIS,974,LA REUNION,28,LA REUNION,-20.885100424269226,55.45224523322136
9740081V,Collège Juliette Dodu,public,hors EP,97.9,88.8,0.0,conforme,83.8,0.0,conforme,97411,SAINT DENIS,974,LA REUNION,28,LA REUNION,-20.88305306977542,55.45289867751545
9740083X,Collège Amiral Pierre Bouvet,public,REP+,73.0,88.8,0.0,conforme,83.8,0.0,conforme,97410,SAINT BENOIT,974,LA REUNION,28,LA REUNION,-21.04490310971959,55.71872706153563
9740084Y,Collège Raymond Vergès,public,hors EP,100.0,88.8,0.0,conforme,83.8,0.0,conforme,97408,LA POSSESSION,974,LA REUNION,28,LA REUNION,-20.93452339232168,55.33250399078052
9740085Z,Collège Jeanne BARRET - Trois Bassins,public,REP,78.2,88.8,0.0,conforme,83.8,0.0,conforme,97423,LES TROIS BASSINS,974,LA REUNION,28,LA REUNION,-21.10363300877319,55.29652293008688
9740091F,Collège Leconte de Lisle,public,REP,75.6,88.8,0.0,conforme,83.8,0.0,conforme,97414,SAINT LOUIS,974,LA REUNION,28,LA REUNION,-21.274360180227163,55.41464365979838
9740093H,Collège Jules Solesse,public,hors EP,95.7,88.8,0.0,conforme,83.8,0.0,conforme,97415,SAINT PAUL,974,LA REUNION,28,LA REUNION,-20.99722262004752,55.28107881106315
9740094J,Collège Hippolyte Foucque,public,REP,78.6,88.8,0.0,conforme,83.8,0.0,conforme,97420,SAINTE SUZANNE,974,LA REUNION,28,LA REUNION,-20.902041563275315,55.59914376045121
9740096L,Collège Alsace Corré,public,REP,76.9,88.8,0.0,conforme,83.8,0.0,conforme,97424,CILAOS,974,LA REUNION,28,LA REUNION,-21.134242579661176,55.47364462060809
9740468R,Collège Bory de Saint-Vincent,public,hors EP,79.6,88.8,9.200000000000003,oublie,83.8,4.200000000000003,oublie,97417,SAINT PHILIPPE,974,LA REUNION,28,LA REUNION,-21.362268094781665,55.76738453160387
9740546A,Collège Marcel Goulette,public,hors EP,93.8,88.8,0.0,conforme,83.8,0.0,conforme,97413,SAINT LEU,974,LA REUNION,28,LA REUNION,-21.21737393373981,55.30675698325776
9740548C,Collège Edmond Albius,public,REP,80.3,88.8,0.0,conforme,83.8,0.0,conforme,97407,LE PORT,974,LA REUNION,28,LA REUNION,-20.934071796017093,55.30509570148501
9740572D,Collège Les Deux Canons,public,REP+,78.2,88.8,0.0,conforme,83.8,0.0,conforme,97411,SAINT DENIS,974,LA REUNION,28,LA REUNION,-20.89166339918883,55.47650996498801
9740574F,Collège Paul Hermann,public,REP+,72.7,88.8,0.0,conforme,83.8,0.0,conforme,97416,SAINT PIERRE,974,LA REUNION,28,LA REUNION,-21.33566788141962,55.46757447188792
9740576H,Collège les Tamarins,public,REP+,79.5,88.8,0.0,conforme,83.8,0.0,conforme,97416,SAINT PIERRE,974,LA REUNION,28,LA REUNION,-21.3377742060901,55.476299171650176
9740577J,Collège Joseph Hubert,public,REP,78.4,88.8,0.0,conforme,83.8,0.0,conforme,97412,SAINT JOSEPH,974,LA REUNION,28,LA REUNION,-21.374752131696336,55.62721140009432
9740578K,Collège Achille Grondin,public,hors EP,89.1,88.8,0.0,conforme,83.8,0.0,conforme,97412,SAINT JOSEPH,974,LA REUNION,28,LA REUNION,-21.377213797251702,55.6062930234901
9740595D,Collège Jules Reydellet,public,REP,73.8,88.8,0.0,conforme,83.8,0.0,conforme,97411,SAINT DENIS,974,LA REUNION,28,LA REUNION,-20.88378391510981,55.446528109049474
9740596E,Collège Antoine Soubou,public,REP,83.6,88.8,0.0,conforme,83.8,0.0,conforme,97415,SAINT PAUL,974,LA REUNION,28,LA REUNION,-21.0000851782693,55.2808228749891
9740598G,Collège de Mille Roches,public,REP+,74.3,88.8,0.0,conforme,83.8,0.0,conforme,97409,SAINT ANDRE,974,LA REUNION,28,LA REUNION,-20.96943023753149,55.64962365862333
9740599H,Collège Joseph Bédier,public,REP,73.1,88.8,0.0,conforme,83.8,0.0,conforme,97409,SAINT ANDRE,974,LA REUNION,28,LA REUNION,-20.95738158922722,55.64845081999059
9740618D,Collège Boris GAMALEYA Les Alizés,public,REP,77.9,88.8,0.0,conforme,83.8,0.0,conforme,97411,SAINT DENIS,974,LA REUNION,28,LA REUNION,-20.899458351893493,55.48545981655612
9740620F,Collège Michel Debré,public,REP,78.1,88.8,0.0,conforme,83.8,0.0,conforme,97422,LE TAMPON,974,LA REUNION,28,LA REUNION,-21.217926638351067,55.55395842240719
9740645H,Collège Robert J. ARDON - Montgaillard,public,REP+,73.9,88.8,0.0,conforme,83.8,0.0,conforme,97411,SAINT DENIS,974,LA REUNION,28,LA REUNION,-20.900626115234704,55.46870789253393
9740651P,Collège Auguste Lacaussade,public,REP,75.7,88.8,0.0,conforme,83.8,0.0,conforme,97421,SALAZIE,974,LA REUNION,28,LA REUNION,-21.03352194922468,55.532957195619616
9740652R,Collège Trois Mares,public,hors EP,91.4,88.8,0.0,conforme,83.8,0.0,conforme,97422,LE TAMPON,974,LA REUNION,28,LA REUNION,-21.25960775941572,55.50040047446631
9740654T,Collège Joseph Suacot,public,hors EP,91.9,88.8,0.0,conforme,83.8,0.0,conforme,97405,PETITE ILE,974,LA REUNION,28,LA REUNION,-21.34730965540577,55.56241234650612
9740702V,Collège Hubert Delisle,public,REP+,76.4,88.8,0.0,conforme,83.8,0.0,conforme,97410,SAINT BENOIT,974,LA REUNION,28,LA REUNION,-21.03246028758341,55.708168186384896
9740703W,Collège Cambuston - Claude MAHOUDEAUX,public,REP+,76.9,88.8,0.0,conforme,83.8,0.0,conforme,97409,SAINT ANDRE,974,LA REUNION,28,LA REUNION,-20.92863389646492,55.64613866718843
9740734E,Collège François Mahé de la Bourdonnais,public,REP+,72.3,88.8,0.0,conforme,83.8,0.0,conforme,97411,SAINT DENIS,974,LA REUNION,28,LA REUNION,-20.88777310526711,55.49644953313609
9740735F,Collège Jean d'Esme,public,hors EP,89.7,88.8,0.0,conforme,83.8,0.0,conforme,97418,SAINTE MARIE,974,LA REUNION,28,LA REUNION,-20.90274230046585,55.52138537707036
9740784J,Collège le Bernica,public,hors EP,89.4,88.8,0.0,conforme,83.8,0.0,conforme,97415,SAINT PAUL,974,LA REUNION,28,LA REUNION,-21.04760893216392,55.27029517938635
9740811N,Collège Terre Sainte,public,REP+,80.4,88.8,0.0,conforme,83.8,0.0,conforme,97416,SAINT PIERRE,974,LA REUNION,28,LA REUNION,-21.346637433006148,55.48971590341287
9740812P,Collège l'Oasis,public,REP+,70.0,88.8,0.0,conforme,83.8,0.0,conforme,97407,LE PORT,974,LA REUNION,28,LA REUNION,-20.94292439280603,55.29997213425819
9740813R,Collège Simon Lucas,public,hors EP,100.6,88.8,0.0,conforme,83.8,0.0,conforme,97404,L ETANG SALE,974,LA REUNION,28,LA REUNION,-21.265075687120344,55.37130275936843
9740841W,Collège Plateau Goyaves,public,REP+,70.8,88.8,0.0,conforme,83.8,0.0,conforme,97414,SAINT LOUIS,974,LA REUNION,28,LA REUNION,-21.276869616654142,55.42052144373737
9740909V,Collège Jean Albany,public,hors EP,95.0,88.8,0.0,conforme,83.8,0.0,conforme,97408,LA POSSESSION,974,LA REUNION,28,LA REUNION,-20.959882386520377,55.33502041197544
9740932V,Collège les Aigrettes,public,hors EP,108.0,88.8,0.0,conforme,83.8,0.0,conforme,97415,SAINT PAUL,974,LA REUNION,28,LA REUNION,-21.039353273479005,55.22233589077469
9741044S,Collège les Mascareignes,public,hors EP,90.4,88.8,0.0,conforme,83.8,0.0,conforme,97411,SAINT DENIS,974,LA REUNION,28,LA REUNION,-20.91203399802385,55.50373446933995
9741045T,Collège Titan,public,REP+,82.2,88.8,0.0,conforme,83.8,0.0,conforme,97407,LE PORT,974,LA REUNION,28,LA REUNION,-20.94256222376392,55.29129762902777
9741047V,Collège la Marine,public,REP,82.3,88.8,0.0,conforme,83.8,0.0,conforme,97412,SAINT JOSEPH,974,LA REUNION,28,LA REUNION,-21.37601235908683,55.666539906341406
9741048W,Collège Pointe des Châteaux,public,hors EP,98.1,88.8,0.0,conforme,83.8,0.0,conforme,97413,SAINT LEU,974,LA REUNION,28,LA REUNION,-21.146162739646726,55.27600753620432
9741049X,Collège Henri Matisse,public,REP+,73.4,88.8,0.0,conforme,83.8,0.0,conforme,97416,SAINT PIERRE,974,LA REUNION,28,LA REUNION,-21.298704833773687,55.45027490036867
9741188Y,Collège Bois de Nèfles,public,hors EP,99.4,88.8,0.0,conforme,83.8,0.0,conforme,97411,SAINT DENIS,974,LA REUNION,28,LA REUNION,-20.910311930384747,55.478443395587874
9741189Z,Collège Jean Lafosse,public,REP+,71.2,88.8,0.0,conforme,83.8,0.0,conforme,97414,SAINT LOUIS,974,LA REUNION,28,LA REUNION,-21.269996658546088,55.40061992985625
9741190A,Collège de Plateau Caillou,public,REP,84.4,88.8,0.0,conforme,83.8,0.6000000000000085,sur-inclus,97415,SAINT PAUL,974,LA REUNION,28,LA REUNION,-21.021133900516794,55.26730113396791
9741208V,Collège Elie Wiesel du Chaudron,public,REP+,74.0,88.8,0.0,conforme,83.8,0.0,conforme,97411,SAINT DENIS,974,LA REUNION,28,LA REUNION,-20.89304067605612,55.48490997321719
9741235Z,Collège Émilien Adam de Villiers,public,hors EP,102.2,88.8,0.0,conforme,83.8,0.0,conforme,97416,SAINT PIERRE,974,LA REUNION,28,LA REUNION,-21.3399134267558,55.51557684730691
9741236A,Collège Texeira da Motta,public,hors EP,87.8,88.8,1.0,oublie,83.8,0.0,conforme,97408,LA POSSESSION,974,LA REUNION,28,LA REUNION,-20.96205737798711,55.32385660479592
9741237B,Collège de Quartier Français,public,hors EP,91.6,88.8,0.0,conforme,83.8,0.0,conforme,97420,SAINTE SUZANNE,974,LA REUNION,28,LA REUNION,-20.933387095073183,55.63746106676631
9741260B,Collège Émile Hugot,public,hors EP,105.3,88.8,0.0,conforme,83.8,0.0,conforme,97411,SAINT DENIS,974,LA REUNION,28,LA REUNION,-20.906370093886263,55.50271009981495
9741261C,Collège Terrain Fayard,public,REP,74.5,88.8,0.0,conforme,83.8,0.0,conforme,97409,SAINT ANDRE,974,LA REUNION,28,LA REUNION,-20.94767440202813,55.65675445000811
9741262D,Collège la Chatoire,public,hors EP,83.3,88.8,5.5,oublie,83.8,0.5,oublie,97422,LE TAMPON,974,LA REUNION,28,LA REUNION,-21.27756193723708,55.50528402163899
9741313J,Collège Jean le Toullec,public,REP+,72.1,88.8,0.0,conforme,83.8,0.0,conforme,97407,LE PORT,974,LA REUNION,28,LA REUNION,-20.949446190878465,55.30734477345553
9741323V,Collège Beauséjour,public,hors EP,83.8,88.8,5.0,oublie,83.8,0.0,au seuil,97418,SAINTE MARIE,974,LA REUNION,28,LA REUNION,-20.92491442692108,55.52842997669753
9741346V,Collège Ligne des Bambous,public,REP,91.3,88.8,2.5,sur-inclus,83.8,7.5,sur-inclus,97416,SAINT PIERRE,974,LA REUNION,28,LA REUNION,-21.29797491776404,55.494852849027374
9741366S,Collège Guy Môquet,public,REP+,70.0,88.8,0.0,conforme,83.8,0.0,conforme,97410,SAINT BENOIT,974,LA REUNION,28,LA REUNION,-21.053232645145545,55.711358220557344
9741386N,Collège Héva - Chemin Morin,public,REP,77.9,88.8,0.0,conforme,83.8,0.0,conforme,97409,SAINT ANDRE,974,LA REUNION,28,LA REUNION,-20.967961128124884,55.64595319235297
9741387P,Collège Aimé Césaire,public,hors EP,108.3,88.8,0.0,conforme,83.8,0.0,conforme,97404,L ETANG SALE,974,LA REUNION,28,LA REUNION,-21.27271370997857,55.37251870157225
9741581A,Collège du 12e km,public,hors EP,92.8,88.8,0.0,conforme,83.8,0.0,conforme,97422,LE TAMPON,974,LA REUNION,28,LA REUNION,-21.259076057452123,55.52253077478172
9741763Y,Collège Roquefeuil,public,hors EP,113.1,88.8,0.0,conforme,83.8,0.0,conforme,97415,SAINT PAUL,974,LA REUNION,28,LA REUNION,-21.06426614500724,55.229756400849865
9760008E,Collège Bouéni-MTiti,public,REP,71.3,88.8,0.0,conforme,91.8,0.0,conforme,97608,DZAOUDZI,976,MAYOTTE,43,MAYOTTE,-12.785431000006277,45.2804199999927
9760009F,Collège Nelson Mandela de Doujani,public,REP+,56.0,88.8,0.0,conforme,91.8,0.0,conforme,97611,MAMOUDZOU,976,MAYOTTE,43,MAYOTTE,-12.793058000006107,45.21141699999918
9760042S,Collège de Tsimkoura,public,REP,82.8,88.8,0.0,conforme,91.8,0.0,conforme,97606,CHIRONGUI,976,MAYOTTE,43,MAYOTTE,-12.938158000004542,45.14050499999105
9760094Y,Collège Bakari Kusu de Dzoumogné,public,REP,57.2,88.8,0.0,conforme,91.8,0.0,conforme,97602,BANDRABOUA,976,MAYOTTE,43,MAYOTTE,-12.7218540000057,45.1183499999914
9760119A,Collège Ali Halidi de Chiconi,public,REP+,75.8,88.8,0.0,conforme,91.8,0.0,conforme,97605,CHICONI,976,MAYOTTE,43,MAYOTTE,-12.833372000002171,45.12327399999975
9760162X,Collège de Kawéni 1,public,REP+,60.5,88.8,0.0,conforme,91.8,0.0,conforme,97611,MAMOUDZOU,976,MAYOTTE,43,MAYOTTE,-12.769020000002756,45.2235729999944
9760166B,Collège des Ylangs Ylangs,public,REP,78.0,88.8,0.0,conforme,91.8,0.0,conforme,97609,KANI KELI,976,MAYOTTE,43,MAYOTTE,-12.953152000003536,45.109830999995246
9760167C,Collège de M'Tsangamouji,public,REP,78.8,88.8,0.0,conforme,91.8,0.0,conforme,97613,M TSANGAMOUJI,976,MAYOTTE,43,MAYOTTE,-12.758749000001574,45.08038599999231
9760179R,Collège de Bandrelé,public,REP+,77.8,88.8,0.0,conforme,91.8,0.0,conforme,97603,BANDRELE,976,MAYOTTE,43,MAYOTTE,-12.914603000007062,45.19509299999315
9760180S,Collège Mariama Salim de Sada,public,REP,91.8,88.8,3.0,sur-inclus,91.8,0.0,au seuil,97616,SADA,976,MAYOTTE,43,MAYOTTE,-12.84939800000462,45.105549999998544
9760183V,Collège de Zena M'Dere,public,REP,90.4,88.8,1.6000000000000085,sur-inclus,91.8,0.0,conforme,97615,PAMANDZI,976,MAYOTTE,43,MAYOTTE,-12.793608000000953,45.28322999999568
9760219J,Collège Halidi-Selemani de M'Gombani,public,REP,78.2,88.8,0.0,conforme,91.8,0.0,conforme,97611,MAMOUDZOU,976,MAYOTTE,43,MAYOTTE,-12.78276300000284,45.23159299999465
9760230W,Collège de M'Tsamboro,public,REP+,77.6,88.8,0.0,conforme,91.8,0.0,conforme,97612,MTSAMBORO,976,MAYOTTE,43,MAYOTTE,-12.685272000007323,45.075708999991306
9760244L,Collège Frédéric d'Achery,public,REP,62.6,88.8,0.0,conforme,91.8,0.0,conforme,97610,KOUNGOU,976,MAYOTTE,43,MAYOTTE,-12.73505126674018,45.20250756940795
9760245M,Collège Zakia Madi,public,REP+,61.4,88.8,0.0,conforme,91.8,0.0,conforme,97607,DEMBENI,976,MAYOTTE,43,MAYOTTE,-12.84768200000281,45.18993199999647
9760274U,Collège de Tsingoni,public,REP+,68.6,88.8,0.0,conforme,91.8,0.0,conforme,97617,TSINGONI,976,MAYOTTE,43,MAYOTTE,-12.790236667295115,45.125999945751246
9760308F,Collège de Passamaïnty,public,REP,64.8,88.8,0.0,conforme,91.8,0.0,conforme,97611,MAMOUDZOU,976,MAYOTTE,43,MAYOTTE,-12.798964000008814,45.20584299999103
9760314M,Collège de Kawéni 2,public,REP,69.2,88.8,0.0,conforme,91.8,0.0,conforme,97611,MAMOUDZOU,976,MAYOTTE,43,MAYOTTE,-12.767162000002326,45.22391599999222
9760368W,Collège de Kwalé,public,REP,59.9,88.8,0.0,conforme,91.8,0.0,conforme,97611,MAMOUDZOU,976,MAYOTTE,43,MAYOTTE,-12.806340000000963,45.2013799999938
9760369X,Collège de Majicavo,public,REP+,64.6,88.8,0.0,conforme,91.8,0.0,conforme,97610,KOUNGOU,976,MAYOTTE,43,MAYOTTE,-12.75302600000523,45.22682399999569
9760371Z,Collège Musakua de Ouangani,public,REP+,62.9,88.8,0.0,conforme,91.8,0.0,conforme,97614,OUANGANI,976,MAYOTTE,43,MAYOTTE,-12.840685000007651,45.12855299999554
9760379H,Collège de Boueni,public,REP,91.8,88.8,3.0,sur-inclus,91.8,0.0,au seuil,97604,BOUENI,976,MAYOTTE,43,MAYOTTE,-12.922389000002308,45.08941399999247
